TMPDIR is being set to /tmp/genus_temp_8835_mo.ece.pdx.edu_iwyse_N2yDdc
Cadence Genus(TM) Synthesis Solution.
Copyright 2024 Cadence Design Systems, Inc. All rights reserved worldwide.
Cadence and the Cadence logo are registered trademarks and Genus is a trademark
of Cadence Design Systems, Inc. in the United States and other countries.

[16:28:16.427969] Configured Lic search path (23.02-s003): 5280@cadence-lic.cecs.pdx.edu

Version: 23.10-p004_1, built Thu Feb 01 13:43:46 PST 2024
Options: -no_gui -files genus.tcl 
Date:    Thu May 14 16:28:16 2026
Host:    mo.ece.pdx.edu (x86_64 w/Linux 3.10.0-1160.119.1.el7.x86_64) (1core*32cpus*32physical cpus*Intel Xeon Processor (Cascadelake) 16384KB) (125666820KB)
PID:     8835
OS:      CentOS Linux release 7.9.2009 (Core)

Checking out license: Genus_Synthesis
[16:28:16.391985] Periodic Lic check successful
[16:28:16.916313] Feature usage summary:
[16:28:16.916315] Genus_Synthesis



***********************************************************************************************************
***********************************************************************************************************



Finished executable startup (0 seconds elapsed).

Loading tool scripts...
Finished loading tool scripts (15 seconds elapsed).

WARNING: The genus.tcl file in the current directory /home/iwyse/common/Documents/ECE510/project/510Project/project/cadence/systolic_32x32 is no longer loaded at startup.
         You should change the name to genus_startup.tcl if you want it loaded at startup.
#@ Processing -files option
@genus:root: 1> source genus.tcl
#@ Begin verbose source ./genus.tcl
@file(genus.tcl) 37: set script_dir   [file dirname [file normalize [info script]]]
@file(genus.tcl) 38: set asap7_root   [file normalize $script_dir/../asap7/asap7sc7p5t_28]
@file(genus.tcl) 39: set asap7_lib_dir $asap7_root/LIB/NLDM
@file(genus.tcl) 40: set asap7_lef_dir $asap7_root/LEF
@file(genus.tcl) 42: set lib_tt_simple $asap7_lib_dir/asap7sc7p5t_SIMPLE_RVT_TT_nldm_211120.lib
@file(genus.tcl) 43: set lib_tt_invbuf $asap7_lib_dir/asap7sc7p5t_INVBUF_RVT_TT_nldm_220122.lib
@file(genus.tcl) 44: set lib_tt_seq    $asap7_lib_dir/asap7sc7p5t_SEQ_RVT_TT_nldm_220123.lib
@file(genus.tcl) 45: set lib_tt_ao     $asap7_lib_dir/asap7sc7p5t_AO_RVT_TT_nldm_211120.lib
@file(genus.tcl) 46: set lib_tt_oa     $asap7_lib_dir/asap7sc7p5t_OA_RVT_TT_nldm_211120.lib
@file(genus.tcl) 49: set_db init_lib_search_path     $asap7_lib_dir
  Setting attribute of root '/': 'init_lib_search_path' = /home/iwyse/common/Documents/ECE510/project/510Project/project/cadence/asap7/asap7sc7p5t_28/LIB/NLDM
@file(genus.tcl) 50: set_db init_hdl_search_path     ../../HDL_Systolic_32x32
  Setting attribute of root '/': 'init_hdl_search_path' = ../../HDL_Systolic_32x32
@file(genus.tcl) 53: set_db syn_generic_effort   medium
  Setting attribute of root '/': 'syn_generic_effort' = medium
@file(genus.tcl) 54: set_db syn_map_effort       medium
  Setting attribute of root '/': 'syn_map_effort' = medium
@file(genus.tcl) 55: set_db syn_opt_effort       medium
  Setting attribute of root '/': 'syn_opt_effort' = medium
@file(genus.tcl) 60: set_db auto_ungroup         none
  Setting attribute of root '/': 'auto_ungroup' = none
@file(genus.tcl) 63: read_libs [list $lib_tt_simple $lib_tt_invbuf $lib_tt_seq $lib_tt_ao $lib_tt_oa]
Info    : Created nominal operating condition. [LBR-412]
        : Operating condition '_nominal_' was created for the PVT values (1.000000, 0.700000, 25.000000) in library 'asap7sc7p5t_SIMPLE_RVT_TT_nldm_211120.lib'.
        : The nominal operating condition is represented, either by the nominal PVT values specified in the library source (via nom_process,nom_voltage and nom_temperature respectively), or by the default PVT values (1.0,1.0,1.0).
Info    : Created nominal operating condition. [LBR-412]
        : Operating condition '_nominal_' was created for the PVT values (1.000000, 0.700000, 25.000000) in library 'asap7sc7p5t_INVBUF_RVT_TT_nldm_220122.lib'.
Info    : Created nominal operating condition. [LBR-412]
        : Operating condition '_nominal_' was created for the PVT values (1.000000, 0.700000, 25.000000) in library 'asap7sc7p5t_SEQ_RVT_TT_nldm_220123.lib'.
Info    : Created nominal operating condition. [LBR-412]
        : Operating condition '_nominal_' was created for the PVT values (1.000000, 0.700000, 25.000000) in library 'asap7sc7p5t_AO_RVT_TT_nldm_211120.lib'.
Info    : Created nominal operating condition. [LBR-412]
        : Operating condition '_nominal_' was created for the PVT values (1.000000, 0.700000, 25.000000) in library 'asap7sc7p5t_OA_RVT_TT_nldm_211120.lib'.
@file(genus.tcl) 67: read_hdl -sv               ../../HDL_Systolic_32x32/bf16_mul.sv
@file(genus.tcl) 68: read_hdl -sv               ../../HDL_Systolic_32x32/bf16_fp32_add.sv
@file(genus.tcl) 69: read_hdl -sv               ../../HDL_Systolic_32x32/bf16_mac_unit.sv
@file(genus.tcl) 72: read_hdl -sv               ../../HDL_Systolic_32x32/pe.sv
@file(genus.tcl) 73: read_hdl -sv               ../../HDL_Systolic_32x32/systolic_16x32.sv
@file(genus.tcl) 76: read_hdl -sv               ../../HDL_Systolic_32x32/weight_sram.sv
@file(genus.tcl) 77: read_hdl -sv               ../../HDL_Systolic_32x32/act_stagger.sv
@file(genus.tcl) 78: read_hdl -sv               ../../HDL_Systolic_32x32/accum_sram.sv
@file(genus.tcl) 79: read_hdl -sv               ../../HDL_Systolic_32x32/bias_sram.sv
@file(genus.tcl) 82: read_hdl -sv               ../../HDL_Systolic_32x32/fp32_recip.sv
@file(genus.tcl) 83: read_hdl -sv               ../../HDL_Systolic_32x32/gelu_unit.sv
@file(genus.tcl) 86: read_hdl -sv               ../../HDL_Systolic_32x32/axi.sv
@file(genus.tcl) 87: read_hdl -sv               ../../HDL_Systolic_32x32/controller.sv
@file(genus.tcl) 88: read_hdl -sv               ../../HDL_Systolic_32x32/axi_readback.sv
@file(genus.tcl) 89: read_hdl -sv               ../../HDL_Systolic_32x32/top.sv
@file(genus.tcl) 92: elaborate sys_top
  Libraries have 167 usable logic and 23 usable sequential lib-cells.
Info    : Elaborating Design. [ELAB-1]
        : Elaborating top-level block 'sys_top' from file './../../HDL_Systolic_32x32/top.sv'.
Warning : Using default parameter value for module elaboration. [CDFG-818]
        : Elaborating block 'sys_top' with default parameters value.
Warning : Removing unused register. [CDFG-508]
        : Removing unused flip-flop register 'stage[0][1]' in module 'act_stagger_ROWS32_ACT_WIDTH16' in file './../../HDL_Systolic_32x32/act_stagger.sv' on line 37.
        : Genus removes the flip-flop or latch inferred for an unused signal or variable. To preserve the flip-flop or latch, set the hdl_preserve_unused_registers attribute to true or use a pragma in the RTL.
Warning : Removing unused register. [CDFG-508]
        : Removing unused flip-flop register 'stage[0][2]' in module 'act_stagger_ROWS32_ACT_WIDTH16' in file './../../HDL_Systolic_32x32/act_stagger.sv' on line 37.
Warning : Removing unused register. [CDFG-508]
        : Removing unused flip-flop register 'stage[0][3]' in module 'act_stagger_ROWS32_ACT_WIDTH16' in file './../../HDL_Systolic_32x32/act_stagger.sv' on line 37.
Warning : Removing unused register. [CDFG-508]
        : Removing unused flip-flop register 'stage[0][4]' in module 'act_stagger_ROWS32_ACT_WIDTH16' in file './../../HDL_Systolic_32x32/act_stagger.sv' on line 37.
Warning : Removing unused register. [CDFG-508]
        : Removing unused flip-flop register 'stage[0][5]' in module 'act_stagger_ROWS32_ACT_WIDTH16' in file './../../HDL_Systolic_32x32/act_stagger.sv' on line 37.
Warning : Removing unused register. [CDFG-508]
        : Removing unused flip-flop register 'stage[0][6]' in module 'act_stagger_ROWS32_ACT_WIDTH16' in file './../../HDL_Systolic_32x32/act_stagger.sv' on line 37.
Warning : Removing unused register. [CDFG-508]
        : Removing unused flip-flop register 'stage[0][7]' in module 'act_stagger_ROWS32_ACT_WIDTH16' in file './../../HDL_Systolic_32x32/act_stagger.sv' on line 37.
Warning : Removing unused register. [CDFG-508]
        : Removing unused flip-flop register 'stage[0][8]' in module 'act_stagger_ROWS32_ACT_WIDTH16' in file './../../HDL_Systolic_32x32/act_stagger.sv' on line 37.
Warning : Removing unused register. [CDFG-508]
        : Removing unused flip-flop register 'stage[0][9]' in module 'act_stagger_ROWS32_ACT_WIDTH16' in file './../../HDL_Systolic_32x32/act_stagger.sv' on line 37.
Warning : Removing unused register. [CDFG-508]
        : Removing unused flip-flop register 'stage[0][10]' in module 'act_stagger_ROWS32_ACT_WIDTH16' in file './../../HDL_Systolic_32x32/act_stagger.sv' on line 37.
Warning : Removing unused register. [CDFG-508]
        : Removing unused flip-flop register 'stage[0][11]' in module 'act_stagger_ROWS32_ACT_WIDTH16' in file './../../HDL_Systolic_32x32/act_stagger.sv' on line 37.
Warning : Removing unused register. [CDFG-508]
        : Removing unused flip-flop register 'stage[0][12]' in module 'act_stagger_ROWS32_ACT_WIDTH16' in file './../../HDL_Systolic_32x32/act_stagger.sv' on line 37.
Warning : Removing unused register. [CDFG-508]
        : Removing unused flip-flop register 'stage[0][13]' in module 'act_stagger_ROWS32_ACT_WIDTH16' in file './../../HDL_Systolic_32x32/act_stagger.sv' on line 37.
Warning : Removing unused register. [CDFG-508]
        : Removing unused flip-flop register 'stage[0][14]' in module 'act_stagger_ROWS32_ACT_WIDTH16' in file './../../HDL_Systolic_32x32/act_stagger.sv' on line 37.
Warning : Removing unused register. [CDFG-508]
        : Removing unused flip-flop register 'stage[0][15]' in module 'act_stagger_ROWS32_ACT_WIDTH16' in file './../../HDL_Systolic_32x32/act_stagger.sv' on line 37.
Warning : Removing unused register. [CDFG-508]
        : Removing unused flip-flop register 'stage[0][16]' in module 'act_stagger_ROWS32_ACT_WIDTH16' in file './../../HDL_Systolic_32x32/act_stagger.sv' on line 37.
Warning : Removing unused register. [CDFG-508]
        : Removing unused flip-flop register 'stage[0][17]' in module 'act_stagger_ROWS32_ACT_WIDTH16' in file './../../HDL_Systolic_32x32/act_stagger.sv' on line 37.
Warning : Removing unused register. [CDFG-508]
        : Removing unused flip-flop register 'stage[0][18]' in module 'act_stagger_ROWS32_ACT_WIDTH16' in file './../../HDL_Systolic_32x32/act_stagger.sv' on line 37.
Warning : Removing unused register. [CDFG-508]
        : Removing unused flip-flop register 'stage[0][19]' in module 'act_stagger_ROWS32_ACT_WIDTH16' in file './../../HDL_Systolic_32x32/act_stagger.sv' on line 37.
Warning : Removing unused register. [CDFG-508]
        : Removing unused flip-flop register 'stage[0][20]' in module 'act_stagger_ROWS32_ACT_WIDTH16' in file './../../HDL_Systolic_32x32/act_stagger.sv' on line 37.
Warning : Maximum message print count reached. [MESG-11]
        : Maximum print count of '20' reached for message 'CDFG-508'.
Warning : Unreachable statements for case item. [CDFG-472]
        : Case item 'default' in module 'controller_ROWS32_COLS32_WT_WIDTH16_PSUM_WIDTH32_M_MAX256_ADDR_WIDTH5_M_ADDR_W9' in file './../../HDL_Systolic_32x32/controller.sv' on line 167.
Info    : Done Elaborating Design. [ELAB-3]
        : Done elaborating 'sys_top'.
Checking for analog nets...
Check completed for analog nets.
Checking for source RTL...
Check completed for source RTL.
Running Unified Mux Engine Tricks...
Completed Unified Mux Engine Tricks

Stage: post_elab
-------------------------------------------------------
| Trick             | Accepts | Rejects | Runtime (s) | 
-------------------------------------------------------
| ume_constant_bmux |       0 |       0 |        0.04 | 
| ume_merge         |       0 |       0 |        0.01 | 
| ume_ssm           |       0 |       0 |        0.03 | 
| ume_cse           |       1 |       0 |        3.27 | 
| ume_shrink        |       0 |       0 |        0.04 | 
| ume_sweep         |       0 |       0 |        0.03 | 
| ume_constant_bmux |       0 |       0 |        0.04 | 
| ume_merge         |       0 |       0 |        0.01 | 
| ume_ssm           |       0 |       0 |        0.03 | 
| ume_cse           |       0 |       0 |        3.01 | 
| ume_shrink        |       0 |       0 |        0.04 | 
| ume_sweep         |       0 |       0 |        0.03 | 
-------------------------------------------------------
Starting optimize datapath shifters [v1.0] (stage: post_elab, startdef: sys_top, recur: true)
Completed optimize datapath shifters (accepts: 0, rejects: 0, runtime: 0.008s)
Starting clip mux common data inputs [v1.0] (stage: post_elab, startdef: sys_top, recur: true)
Completed clip mux common data inputs (accepts: 0, rejects: 0, runtime: 0.035s)
Starting clip the non-user hierarchies [v2.0] (stage: post_elab, startdef: sys_top, recur: true)
Completed clip the non-user hierarchies (accepts: 1, rejects: 0, runtime: 1.380s)
Starting basic netlist cleanup [v1.0] (stage: post_elab, startdef: sys_top, recur: true)
Completed basic netlist cleanup (accepts: 0, rejects: 0, runtime: 0.013s)

Stage: post_elab
--------------------------------------------------------------------
| Transform                      | Accepts | Rejects | Runtime (s) | 
--------------------------------------------------------------------
| hlo_optimize_datapath_shifters |       0 |       0 |        0.01 | 
| hlo_clip_mux_input             |       0 |       0 |        0.04 | 
| hlo_clip                       |       1 |       0 |        1.38 | 
| hlo_cleanup                    |       0 |       0 |        0.01 | 
--------------------------------------------------------------------
UM:   flow.cputime  flow.realtime  timing.setup.tns  timing.setup.wns  snapshot
UM:*                                                                   elaborate
@file(genus.tcl) 93: check_design -unresolved


 	 Check Design Report (c)
	 ------------------- 

  Unresolved References & Empty Modules
  ------------------------------------- 
No unresolved references in design 'sys_top'

No empty modules in design 'sys_top'

  Done Checking the design.
@file(genus.tcl) 99: read_sdc constraints.sdc
Warning : Unsupported SDC command. [SDC-200] [set_propagated_clock]
        : The 'set_propagated_clock' command on line '10' of the SDC file 'constraints.sdc' is not supported.
        : The current version of Genus does not support this SDC command and ignores it. However, future versions may be enhanced to support this command. This SDC command will be added to the Tcl variable $::dc::sdc_unsupported_commands_write_sdc. The contents of this variable will be written out during write_sdc.
Statistics for commands executed by read_sdc:
 "all_clocks"               - successful      1 , failed      0 (runtime  0.00)
 "all_inputs"               - successful      1 , failed      0 (runtime  0.00)
 "all_outputs"              - successful      1 , failed      0 (runtime  0.00)
 "create_clock"             - successful      1 , failed      0 (runtime  0.00)
 "get_ports"                - successful      6 , failed      0 (runtime  0.01)
 "set_driving_cell"         - successful      1 , failed      0 (runtime  0.01)
 "set_false_path"           - successful      1 , failed      0 (runtime  0.00)
 "set_input_delay"          - successful      4 , failed      0 (runtime  0.01)
 "set_load"                 - successful      1 , failed      0 (runtime  0.00)
 "set_output_delay"         - successful      4 , failed      0 (runtime  0.00)
 "set_propagated_clock"     - successful      1 , failed      0 (runtime  0.00)
read_sdc completed in 00:00:01 (hh:mm:ss)
@file(genus.tcl) 102: syn_generic

Stage: pre_early_cg
-----------------------------------------------
| Transform | Accepts | Rejects | Runtime (s) | 
-----------------------------------------------
-----------------------------------------------
Mapping ChipWare ICG instances in sys_top
Found 0 unmapped ChipWare ICG instances
Mapped 0 of 0 ChipWare ICG instances
##Generic Timing Info for library domain: _default_ typical gate delay: 20.9 ps std_slew: 4.2 ps std_load: 0.8 fF
Starting mux data reorder optimization [v1.0] (stage: pre_to_gen_setup, startdef: sys_top, recur: true)
Completed mux data reorder optimization (accepts: 0, rejects: 0, runtime: 0.013s)

Stage: pre_to_gen_setup
-----------------------------------------------------
| Transform       | Accepts | Rejects | Runtime (s) | 
-----------------------------------------------------
| hlo_mux_reorder |       0 |       0 |        0.01 | 
-----------------------------------------------------
Info    : Deleting instances not driving any primary outputs. [GLO-34]
        : Deleting 17920 sequential instances.
        : Optimizations such as constant propagation or redundancy removal could change the connections so a hierarchical instance does not drive any primary outputs anymore. To see the list of deleted hierarchical instances, set the 'information_level' attribute to 2 or above. If the message is truncated set the message attribute 'truncate' to false to see the complete list. To prevent this optimization, set the 'delete_unloaded_insts' root/subdesign attribute to 'false' or 'preserve' instance attribute to 'true'.
Running DP early constant propagation (netlist sys_top)...
Running DP early redundancy removal
Completed DP early redundancy removal on sys_top (runtime = 13.4s)
Info    : Replacing a flip-flop with a logic constant 0. [GLO-12]
        : The instance is 'u_rb/g_postproc[31].u_gelu/r4_tanh_raw_reg[0]'.
        : To prevent this optimization, set the 'optimize_constant_0_flops' root attribute to 'false' or 'optimize_constant_0_seq' instance attribute to 'false'. You can also see the complete list of deleted sequential with command "report sequential -deleted" (on Reason "constant0").
Info    : Replacing a flip-flop with a logic constant 0. [GLO-12]
        : The instance is 'u_rb/g_postproc[30].u_gelu/r4_tanh_raw_reg[0]'.
Info    : Replacing a flip-flop with a logic constant 0. [GLO-12]
        : The instance is 'u_rb/g_postproc[29].u_gelu/r4_tanh_raw_reg[0]'.
Info    : Replacing a flip-flop with a logic constant 0. [GLO-12]
        : The instance is 'u_rb/g_postproc[28].u_gelu/r4_tanh_raw_reg[0]'.
Info    : Replacing a flip-flop with a logic constant 0. [GLO-12]
        : The instance is 'u_rb/g_postproc[27].u_gelu/r4_tanh_raw_reg[0]'.
Info    : Replacing a flip-flop with a logic constant 0. [GLO-12]
        : The instance is 'u_rb/g_postproc[26].u_gelu/r4_tanh_raw_reg[0]'.
Info    : Replacing a flip-flop with a logic constant 0. [GLO-12]
        : The instance is 'u_rb/g_postproc[25].u_gelu/r4_tanh_raw_reg[0]'.
Info    : Replacing a flip-flop with a logic constant 0. [GLO-12]
        : The instance is 'u_rb/g_postproc[24].u_gelu/r4_tanh_raw_reg[0]'.
Info    : Replacing a flip-flop with a logic constant 0. [GLO-12]
        : The instance is 'u_rb/g_postproc[23].u_gelu/r4_tanh_raw_reg[0]'.
Info    : Replacing a flip-flop with a logic constant 0. [GLO-12]
        : The instance is 'u_rb/g_postproc[22].u_gelu/r4_tanh_raw_reg[0]'.
Info    : Replacing a flip-flop with a logic constant 0. [GLO-12]
        : The instance is 'u_rb/g_postproc[21].u_gelu/r4_tanh_raw_reg[0]'.
Info    : Replacing a flip-flop with a logic constant 0. [GLO-12]
        : The instance is 'u_rb/g_postproc[20].u_gelu/r4_tanh_raw_reg[0]'.
Info    : Replacing a flip-flop with a logic constant 0. [GLO-12]
        : The instance is 'u_rb/g_postproc[19].u_gelu/r4_tanh_raw_reg[0]'.
Info    : Replacing a flip-flop with a logic constant 0. [GLO-12]
        : The instance is 'u_rb/g_postproc[18].u_gelu/r4_tanh_raw_reg[0]'.
Info    : Replacing a flip-flop with a logic constant 0. [GLO-12]
        : The instance is 'u_rb/g_postproc[17].u_gelu/r4_tanh_raw_reg[0]'.
Info    : Replacing a flip-flop with a logic constant 0. [GLO-12]
        : The instance is 'u_rb/g_postproc[16].u_gelu/r4_tanh_raw_reg[0]'.
Info    : Replacing a flip-flop with a logic constant 0. [GLO-12]
        : The instance is 'u_rb/g_postproc[15].u_gelu/r4_tanh_raw_reg[0]'.
Info    : Replacing a flip-flop with a logic constant 0. [GLO-12]
        : The instance is 'u_rb/g_postproc[14].u_gelu/r4_tanh_raw_reg[0]'.
Info    : Replacing a flip-flop with a logic constant 0. [GLO-12]
        : The instance is 'u_rb/g_postproc[13].u_gelu/r4_tanh_raw_reg[0]'.
Info    : Replacing a flip-flop with a logic constant 0. [GLO-12]
        : The instance is 'u_rb/g_postproc[12].u_gelu/r4_tanh_raw_reg[0]'.
Info    : Replacing a flip-flop with a logic constant 0. [GLO-12]
        : The instance is 'u_rb/g_postproc[11].u_gelu/r4_tanh_raw_reg[0]'.
Info    : Replacing a flip-flop with a logic constant 0. [GLO-12]
        : The instance is 'u_rb/g_postproc[10].u_gelu/r4_tanh_raw_reg[0]'.
Info    : Replacing a flip-flop with a logic constant 0. [GLO-12]
        : The instance is 'u_rb/g_postproc[9].u_gelu/r4_tanh_raw_reg[0]'.
Info    : Replacing a flip-flop with a logic constant 0. [GLO-12]
        : The instance is 'u_rb/g_postproc[8].u_gelu/r4_tanh_raw_reg[0]'.
Info    : Replacing a flip-flop with a logic constant 0. [GLO-12]
        : The instance is 'u_rb/g_postproc[7].u_gelu/r4_tanh_raw_reg[0]'.
Info    : Replacing a flip-flop with a logic constant 0. [GLO-12]
        : The instance is 'u_rb/g_postproc[6].u_gelu/r4_tanh_raw_reg[0]'.
Info    : Replacing a flip-flop with a logic constant 0. [GLO-12]
        : The instance is 'u_rb/g_postproc[5].u_gelu/r4_tanh_raw_reg[0]'.
Info    : Replacing a flip-flop with a logic constant 0. [GLO-12]
        : The instance is 'u_rb/g_postproc[4].u_gelu/r4_tanh_raw_reg[0]'.
Info    : Replacing a flip-flop with a logic constant 0. [GLO-12]
        : The instance is 'u_rb/g_postproc[3].u_gelu/r4_tanh_raw_reg[0]'.
Info    : Replacing a flip-flop with a logic constant 0. [GLO-12]
        : The instance is 'u_rb/g_postproc[2].u_gelu/r4_tanh_raw_reg[0]'.
Info    : Replacing a flip-flop with a logic constant 0. [GLO-12]
        : The instance is 'u_rb/g_postproc[1].u_gelu/r4_tanh_raw_reg[0]'.
Info    : Replacing a flip-flop with a logic constant 0. [GLO-12]
        : The instance is 'u_rb/g_postproc[0].u_gelu/r4_tanh_raw_reg[0]'.
Info    : Replacing a flip-flop with a logic constant 0. [GLO-12]
        : The instance is 'u_rb/g_postproc[31].u_gelu/r4_tanh_raw_reg[1]'.
Info    : Replacing a flip-flop with a logic constant 0. [GLO-12]
        : The instance is 'u_rb/g_postproc[30].u_gelu/r4_tanh_raw_reg[1]'.
Info    : Replacing a flip-flop with a logic constant 0. [GLO-12]
        : The instance is 'u_rb/g_postproc[29].u_gelu/r4_tanh_raw_reg[1]'.
Info    : Replacing a flip-flop with a logic constant 0. [GLO-12]
        : The instance is 'u_rb/g_postproc[28].u_gelu/r4_tanh_raw_reg[1]'.
Info    : Replacing a flip-flop with a logic constant 0. [GLO-12]
        : The instance is 'u_rb/g_postproc[27].u_gelu/r4_tanh_raw_reg[1]'.
Info    : Replacing a flip-flop with a logic constant 0. [GLO-12]
        : The instance is 'u_rb/g_postproc[26].u_gelu/r4_tanh_raw_reg[1]'.
Info    : Replacing a flip-flop with a logic constant 0. [GLO-12]
        : The instance is 'u_rb/g_postproc[25].u_gelu/r4_tanh_raw_reg[1]'.
Info    : Replacing a flip-flop with a logic constant 0. [GLO-12]
        : The instance is 'u_rb/g_postproc[24].u_gelu/r4_tanh_raw_reg[1]'.
Info    : Replacing a flip-flop with a logic constant 0. [GLO-12]
        : The instance is 'u_rb/g_postproc[23].u_gelu/r4_tanh_raw_reg[1]'.
Info    : Replacing a flip-flop with a logic constant 0. [GLO-12]
        : The instance is 'u_rb/g_postproc[22].u_gelu/r4_tanh_raw_reg[1]'.
Info    : Replacing a flip-flop with a logic constant 0. [GLO-12]
        : The instance is 'u_rb/g_postproc[21].u_gelu/r4_tanh_raw_reg[1]'.
Info    : Replacing a flip-flop with a logic constant 0. [GLO-12]
        : The instance is 'u_rb/g_postproc[20].u_gelu/r4_tanh_raw_reg[1]'.
Info    : Replacing a flip-flop with a logic constant 0. [GLO-12]
        : The instance is 'u_rb/g_postproc[19].u_gelu/r4_tanh_raw_reg[1]'.
Info    : Replacing a flip-flop with a logic constant 0. [GLO-12]
        : The instance is 'u_rb/g_postproc[18].u_gelu/r4_tanh_raw_reg[1]'.
Info    : Replacing a flip-flop with a logic constant 0. [GLO-12]
        : The instance is 'u_rb/g_postproc[17].u_gelu/r4_tanh_raw_reg[1]'.
Info    : Replacing a flip-flop with a logic constant 0. [GLO-12]
        : The instance is 'u_rb/g_postproc[16].u_gelu/r4_tanh_raw_reg[1]'.
Info    : Replacing a flip-flop with a logic constant 0. [GLO-12]
        : The instance is 'u_rb/g_postproc[15].u_gelu/r4_tanh_raw_reg[1]'.
Info    : Replacing a flip-flop with a logic constant 0. [GLO-12]
        : The instance is 'u_rb/g_postproc[14].u_gelu/r4_tanh_raw_reg[1]'.
Info    : Replacing a flip-flop with a logic constant 0. [GLO-12]
        : The instance is 'u_rb/g_postproc[13].u_gelu/r4_tanh_raw_reg[1]'.
Info    : Replacing a flip-flop with a logic constant 0. [GLO-12]
        : The instance is 'u_rb/g_postproc[12].u_gelu/r4_tanh_raw_reg[1]'.
Info    : Replacing a flip-flop with a logic constant 0. [GLO-12]
        : The instance is 'u_rb/g_postproc[11].u_gelu/r4_tanh_raw_reg[1]'.
Info    : Replacing a flip-flop with a logic constant 0. [GLO-12]
        : The instance is 'u_rb/g_postproc[10].u_gelu/r4_tanh_raw_reg[1]'.
Info    : Replacing a flip-flop with a logic constant 0. [GLO-12]
        : The instance is 'u_rb/g_postproc[9].u_gelu/r4_tanh_raw_reg[1]'.
Info    : Replacing a flip-flop with a logic constant 0. [GLO-12]
        : The instance is 'u_rb/g_postproc[8].u_gelu/r4_tanh_raw_reg[1]'.
Info    : Replacing a flip-flop with a logic constant 0. [GLO-12]
        : The instance is 'u_rb/g_postproc[7].u_gelu/r4_tanh_raw_reg[1]'.
Info    : Replacing a flip-flop with a logic constant 0. [GLO-12]
        : The instance is 'u_rb/g_postproc[6].u_gelu/r4_tanh_raw_reg[1]'.
Info    : Replacing a flip-flop with a logic constant 0. [GLO-12]
        : The instance is 'u_rb/g_postproc[5].u_gelu/r4_tanh_raw_reg[1]'.
Info    : Replacing a flip-flop with a logic constant 0. [GLO-12]
        : The instance is 'u_rb/g_postproc[4].u_gelu/r4_tanh_raw_reg[1]'.
Info    : Replacing a flip-flop with a logic constant 0. [GLO-12]
        : The instance is 'u_rb/g_postproc[3].u_gelu/r4_tanh_raw_reg[1]'.
Info    : Replacing a flip-flop with a logic constant 0. [GLO-12]
        : The instance is 'u_rb/g_postproc[2].u_gelu/r4_tanh_raw_reg[1]'.
Info    : Replacing a flip-flop with a logic constant 0. [GLO-12]
        : The instance is 'u_rb/g_postproc[1].u_gelu/r4_tanh_raw_reg[1]'.
Info    : Replacing a flip-flop with a logic constant 0. [GLO-12]
        : The instance is 'u_rb/g_postproc[0].u_gelu/r4_tanh_raw_reg[1]'.
Info    : Replacing a flip-flop with a logic constant 0. [GLO-12]
        : The instance is 'u_rb/g_postproc[31].u_gelu/r4_tanh_raw_reg[2]'.
Info    : Replacing a flip-flop with a logic constant 0. [GLO-12]
        : The instance is 'u_rb/g_postproc[30].u_gelu/r4_tanh_raw_reg[2]'.
Info    : Replacing a flip-flop with a logic constant 0. [GLO-12]
        : The instance is 'u_rb/g_postproc[29].u_gelu/r4_tanh_raw_reg[2]'.
Info    : Replacing a flip-flop with a logic constant 0. [GLO-12]
        : The instance is 'u_rb/g_postproc[28].u_gelu/r4_tanh_raw_reg[2]'.
Info    : Replacing a flip-flop with a logic constant 0. [GLO-12]
        : The instance is 'u_rb/g_postproc[27].u_gelu/r4_tanh_raw_reg[2]'.
Info    : Replacing a flip-flop with a logic constant 0. [GLO-12]
        : The instance is 'u_rb/g_postproc[26].u_gelu/r4_tanh_raw_reg[2]'.
Info    : Replacing a flip-flop with a logic constant 0. [GLO-12]
        : The instance is 'u_rb/g_postproc[25].u_gelu/r4_tanh_raw_reg[2]'.
Info    : Replacing a flip-flop with a logic constant 0. [GLO-12]
        : The instance is 'u_rb/g_postproc[24].u_gelu/r4_tanh_raw_reg[2]'.
Info    : Replacing a flip-flop with a logic constant 0. [GLO-12]
        : The instance is 'u_rb/g_postproc[23].u_gelu/r4_tanh_raw_reg[2]'.
Info    : Replacing a flip-flop with a logic constant 0. [GLO-12]
        : The instance is 'u_rb/g_postproc[22].u_gelu/r4_tanh_raw_reg[2]'.
Info    : Replacing a flip-flop with a logic constant 0. [GLO-12]
        : The instance is 'u_rb/g_postproc[21].u_gelu/r4_tanh_raw_reg[2]'.
Info    : Replacing a flip-flop with a logic constant 0. [GLO-12]
        : The instance is 'u_rb/g_postproc[20].u_gelu/r4_tanh_raw_reg[2]'.
Info    : Replacing a flip-flop with a logic constant 0. [GLO-12]
        : The instance is 'u_rb/g_postproc[19].u_gelu/r4_tanh_raw_reg[2]'.
Info    : Replacing a flip-flop with a logic constant 0. [GLO-12]
        : The instance is 'u_rb/g_postproc[18].u_gelu/r4_tanh_raw_reg[2]'.
Info    : Replacing a flip-flop with a logic constant 0. [GLO-12]
        : The instance is 'u_rb/g_postproc[17].u_gelu/r4_tanh_raw_reg[2]'.
Info    : Replacing a flip-flop with a logic constant 0. [GLO-12]
        : The instance is 'u_rb/g_postproc[16].u_gelu/r4_tanh_raw_reg[2]'.
Info    : Replacing a flip-flop with a logic constant 0. [GLO-12]
        : The instance is 'u_rb/g_postproc[15].u_gelu/r4_tanh_raw_reg[2]'.
Info    : Replacing a flip-flop with a logic constant 0. [GLO-12]
        : The instance is 'u_rb/g_postproc[14].u_gelu/r4_tanh_raw_reg[2]'.
Info    : Replacing a flip-flop with a logic constant 0. [GLO-12]
        : The instance is 'u_rb/g_postproc[13].u_gelu/r4_tanh_raw_reg[2]'.
Info    : Replacing a flip-flop with a logic constant 0. [GLO-12]
        : The instance is 'u_rb/g_postproc[12].u_gelu/r4_tanh_raw_reg[2]'.
Info    : Replacing a flip-flop with a logic constant 0. [GLO-12]
        : The instance is 'u_rb/g_postproc[11].u_gelu/r4_tanh_raw_reg[2]'.
Info    : Replacing a flip-flop with a logic constant 0. [GLO-12]
        : The instance is 'u_rb/g_postproc[10].u_gelu/r4_tanh_raw_reg[2]'.
Info    : Replacing a flip-flop with a logic constant 0. [GLO-12]
        : The instance is 'u_rb/g_postproc[9].u_gelu/r4_tanh_raw_reg[2]'.
Info    : Replacing a flip-flop with a logic constant 0. [GLO-12]
        : The instance is 'u_rb/g_postproc[8].u_gelu/r4_tanh_raw_reg[2]'.
Info    : Replacing a flip-flop with a logic constant 0. [GLO-12]
        : The instance is 'u_rb/g_postproc[7].u_gelu/r4_tanh_raw_reg[2]'.
Info    : Replacing a flip-flop with a logic constant 0. [GLO-12]
        : The instance is 'u_rb/g_postproc[6].u_gelu/r4_tanh_raw_reg[2]'.
Info    : Replacing a flip-flop with a logic constant 0. [GLO-12]
        : The instance is 'u_rb/g_postproc[5].u_gelu/r4_tanh_raw_reg[2]'.
Info    : Replacing a flip-flop with a logic constant 0. [GLO-12]
        : The instance is 'u_rb/g_postproc[4].u_gelu/r4_tanh_raw_reg[2]'.
Info    : Replacing a flip-flop with a logic constant 0. [GLO-12]
        : The instance is 'u_rb/g_postproc[3].u_gelu/r4_tanh_raw_reg[2]'.
Info    : Replacing a flip-flop with a logic constant 0. [GLO-12]
        : The instance is 'u_rb/g_postproc[2].u_gelu/r4_tanh_raw_reg[2]'.
Info    : Replacing a flip-flop with a logic constant 0. [GLO-12]
        : The instance is 'u_rb/g_postproc[1].u_gelu/r4_tanh_raw_reg[2]'.
Info    : Replacing a flip-flop with a logic constant 0. [GLO-12]
        : The instance is 'u_rb/g_postproc[0].u_gelu/r4_tanh_raw_reg[2]'.
Info    : Replacing a flip-flop with a logic constant 0. [GLO-12]
        : The instance is 'u_rb/g_postproc[31].u_gelu/r4_tanh_raw_reg[3]'.
Info    : Replacing a flip-flop with a logic constant 0. [GLO-12]
        : The instance is 'u_rb/g_postproc[30].u_gelu/r4_tanh_raw_reg[3]'.
Info    : Replacing a flip-flop with a logic constant 0. [GLO-12]
        : The instance is 'u_rb/g_postproc[29].u_gelu/r4_tanh_raw_reg[3]'.
Info    : Replacing a flip-flop with a logic constant 0. [GLO-12]
        : The instance is 'u_rb/g_postproc[28].u_gelu/r4_tanh_raw_reg[3]'.
Info    : Replacing a flip-flop with a logic constant 0. [GLO-12]
        : The instance is 'u_rb/g_postproc[27].u_gelu/r4_tanh_raw_reg[3]'.
Info    : Replacing a flip-flop with a logic constant 0. [GLO-12]
        : The instance is 'u_rb/g_postproc[26].u_gelu/r4_tanh_raw_reg[3]'.
Info    : Replacing a flip-flop with a logic constant 0. [GLO-12]
        : The instance is 'u_rb/g_postproc[25].u_gelu/r4_tanh_raw_reg[3]'.
Info    : Replacing a flip-flop with a logic constant 0. [GLO-12]
        : The instance is 'u_rb/g_postproc[24].u_gelu/r4_tanh_raw_reg[3]'.
Info    : Replacing a flip-flop with a logic constant 0. [GLO-12]
        : The instance is 'u_rb/g_postproc[23].u_gelu/r4_tanh_raw_reg[3]'.
Info    : Replacing a flip-flop with a logic constant 0. [GLO-12]
        : The instance is 'u_rb/g_postproc[22].u_gelu/r4_tanh_raw_reg[3]'.
Info    : Replacing a flip-flop with a logic constant 0. [GLO-12]
        : The instance is 'u_rb/g_postproc[21].u_gelu/r4_tanh_raw_reg[3]'.
Info    : Replacing a flip-flop with a logic constant 0. [GLO-12]
        : The instance is 'u_rb/g_postproc[20].u_gelu/r4_tanh_raw_reg[3]'.
Info    : Replacing a flip-flop with a logic constant 0. [GLO-12]
        : The instance is 'u_rb/g_postproc[19].u_gelu/r4_tanh_raw_reg[3]'.
Info    : Replacing a flip-flop with a logic constant 0. [GLO-12]
        : The instance is 'u_rb/g_postproc[18].u_gelu/r4_tanh_raw_reg[3]'.
Info    : Replacing a flip-flop with a logic constant 0. [GLO-12]
        : The instance is 'u_rb/g_postproc[17].u_gelu/r4_tanh_raw_reg[3]'.
Info    : Replacing a flip-flop with a logic constant 0. [GLO-12]
        : The instance is 'u_rb/g_postproc[16].u_gelu/r4_tanh_raw_reg[3]'.
Info    : Replacing a flip-flop with a logic constant 0. [GLO-12]
        : The instance is 'u_rb/g_postproc[15].u_gelu/r4_tanh_raw_reg[3]'.
Info    : Replacing a flip-flop with a logic constant 0. [GLO-12]
        : The instance is 'u_rb/g_postproc[14].u_gelu/r4_tanh_raw_reg[3]'.
Info    : Replacing a flip-flop with a logic constant 0. [GLO-12]
        : The instance is 'u_rb/g_postproc[13].u_gelu/r4_tanh_raw_reg[3]'.
Info    : Replacing a flip-flop with a logic constant 0. [GLO-12]
        : The instance is 'u_rb/g_postproc[12].u_gelu/r4_tanh_raw_reg[3]'.
Info    : Replacing a flip-flop with a logic constant 0. [GLO-12]
        : The instance is 'u_rb/g_postproc[11].u_gelu/r4_tanh_raw_reg[3]'.
Info    : Replacing a flip-flop with a logic constant 0. [GLO-12]
        : The instance is 'u_rb/g_postproc[10].u_gelu/r4_tanh_raw_reg[3]'.
Info    : Replacing a flip-flop with a logic constant 0. [GLO-12]
        : The instance is 'u_rb/g_postproc[9].u_gelu/r4_tanh_raw_reg[3]'.
Info    : Replacing a flip-flop with a logic constant 0. [GLO-12]
        : The instance is 'u_rb/g_postproc[8].u_gelu/r4_tanh_raw_reg[3]'.
Info    : Replacing a flip-flop with a logic constant 0. [GLO-12]
        : The instance is 'u_rb/g_postproc[7].u_gelu/r4_tanh_raw_reg[3]'.
Info    : Replacing a flip-flop with a logic constant 0. [GLO-12]
        : The instance is 'u_rb/g_postproc[6].u_gelu/r4_tanh_raw_reg[3]'.
Info    : Replacing a flip-flop with a logic constant 0. [GLO-12]
        : The instance is 'u_rb/g_postproc[5].u_gelu/r4_tanh_raw_reg[3]'.
Info    : Replacing a flip-flop with a logic constant 0. [GLO-12]
        : The instance is 'u_rb/g_postproc[4].u_gelu/r4_tanh_raw_reg[3]'.
Info    : Replacing a flip-flop with a logic constant 0. [GLO-12]
        : The instance is 'u_rb/g_postproc[3].u_gelu/r4_tanh_raw_reg[3]'.
Info    : Replacing a flip-flop with a logic constant 0. [GLO-12]
        : The instance is 'u_rb/g_postproc[2].u_gelu/r4_tanh_raw_reg[3]'.
Info    : Replacing a flip-flop with a logic constant 0. [GLO-12]
        : The instance is 'u_rb/g_postproc[1].u_gelu/r4_tanh_raw_reg[3]'.
Info    : Replacing a flip-flop with a logic constant 0. [GLO-12]
        : The instance is 'u_rb/g_postproc[0].u_gelu/r4_tanh_raw_reg[3]'.
Info    : Replacing a flip-flop with a logic constant 0. [GLO-12]
        : The instance is 'u_rb/g_postproc[31].u_gelu/r4_tanh_raw_reg[4]'.
Info    : Replacing a flip-flop with a logic constant 0. [GLO-12]
        : The instance is 'u_rb/g_postproc[30].u_gelu/r4_tanh_raw_reg[4]'.
Info    : Replacing a flip-flop with a logic constant 0. [GLO-12]
        : The instance is 'u_rb/g_postproc[29].u_gelu/r4_tanh_raw_reg[4]'.
Info    : Replacing a flip-flop with a logic constant 0. [GLO-12]
        : The instance is 'u_rb/g_postproc[28].u_gelu/r4_tanh_raw_reg[4]'.
Info    : Replacing a flip-flop with a logic constant 0. [GLO-12]
        : The instance is 'u_rb/g_postproc[27].u_gelu/r4_tanh_raw_reg[4]'.
Info    : Replacing a flip-flop with a logic constant 0. [GLO-12]
        : The instance is 'u_rb/g_postproc[26].u_gelu/r4_tanh_raw_reg[4]'.
Info    : Replacing a flip-flop with a logic constant 0. [GLO-12]
        : The instance is 'u_rb/g_postproc[25].u_gelu/r4_tanh_raw_reg[4]'.
Info    : Replacing a flip-flop with a logic constant 0. [GLO-12]
        : The instance is 'u_rb/g_postproc[24].u_gelu/r4_tanh_raw_reg[4]'.
Info    : Replacing a flip-flop with a logic constant 0. [GLO-12]
        : The instance is 'u_rb/g_postproc[23].u_gelu/r4_tanh_raw_reg[4]'.
Info    : Replacing a flip-flop with a logic constant 0. [GLO-12]
        : The instance is 'u_rb/g_postproc[22].u_gelu/r4_tanh_raw_reg[4]'.
Info    : Replacing a flip-flop with a logic constant 0. [GLO-12]
        : The instance is 'u_rb/g_postproc[21].u_gelu/r4_tanh_raw_reg[4]'.
Info    : Replacing a flip-flop with a logic constant 0. [GLO-12]
        : The instance is 'u_rb/g_postproc[20].u_gelu/r4_tanh_raw_reg[4]'.
Info    : Replacing a flip-flop with a logic constant 0. [GLO-12]
        : The instance is 'u_rb/g_postproc[19].u_gelu/r4_tanh_raw_reg[4]'.
Info    : Replacing a flip-flop with a logic constant 0. [GLO-12]
        : The instance is 'u_rb/g_postproc[18].u_gelu/r4_tanh_raw_reg[4]'.
Info    : Replacing a flip-flop with a logic constant 0. [GLO-12]
        : The instance is 'u_rb/g_postproc[17].u_gelu/r4_tanh_raw_reg[4]'.
Info    : Replacing a flip-flop with a logic constant 0. [GLO-12]
        : The instance is 'u_rb/g_postproc[16].u_gelu/r4_tanh_raw_reg[4]'.
Info    : Replacing a flip-flop with a logic constant 0. [GLO-12]
        : The instance is 'u_rb/g_postproc[15].u_gelu/r4_tanh_raw_reg[4]'.
Info    : Replacing a flip-flop with a logic constant 0. [GLO-12]
        : The instance is 'u_rb/g_postproc[14].u_gelu/r4_tanh_raw_reg[4]'.
Info    : Replacing a flip-flop with a logic constant 0. [GLO-12]
        : The instance is 'u_rb/g_postproc[13].u_gelu/r4_tanh_raw_reg[4]'.
Info    : Replacing a flip-flop with a logic constant 0. [GLO-12]
        : The instance is 'u_rb/g_postproc[12].u_gelu/r4_tanh_raw_reg[4]'.
Info    : Replacing a flip-flop with a logic constant 0. [GLO-12]
        : The instance is 'u_rb/g_postproc[11].u_gelu/r4_tanh_raw_reg[4]'.
Info    : Replacing a flip-flop with a logic constant 0. [GLO-12]
        : The instance is 'u_rb/g_postproc[10].u_gelu/r4_tanh_raw_reg[4]'.
Info    : Replacing a flip-flop with a logic constant 0. [GLO-12]
        : The instance is 'u_rb/g_postproc[9].u_gelu/r4_tanh_raw_reg[4]'.
Info    : Replacing a flip-flop with a logic constant 0. [GLO-12]
        : The instance is 'u_rb/g_postproc[8].u_gelu/r4_tanh_raw_reg[4]'.
Info    : Replacing a flip-flop with a logic constant 0. [GLO-12]
        : The instance is 'u_rb/g_postproc[7].u_gelu/r4_tanh_raw_reg[4]'.
Info    : Replacing a flip-flop with a logic constant 0. [GLO-12]
        : The instance is 'u_rb/g_postproc[6].u_gelu/r4_tanh_raw_reg[4]'.
Info    : Replacing a flip-flop with a logic constant 0. [GLO-12]
        : The instance is 'u_rb/g_postproc[5].u_gelu/r4_tanh_raw_reg[4]'.
Info    : Replacing a flip-flop with a logic constant 0. [GLO-12]
        : The instance is 'u_rb/g_postproc[4].u_gelu/r4_tanh_raw_reg[4]'.
Info    : Replacing a flip-flop with a logic constant 0. [GLO-12]
        : The instance is 'u_rb/g_postproc[3].u_gelu/r4_tanh_raw_reg[4]'.
Info    : Replacing a flip-flop with a logic constant 0. [GLO-12]
        : The instance is 'u_rb/g_postproc[2].u_gelu/r4_tanh_raw_reg[4]'.
Info    : Replacing a flip-flop with a logic constant 0. [GLO-12]
        : The instance is 'u_rb/g_postproc[1].u_gelu/r4_tanh_raw_reg[4]'.
Info    : Replacing a flip-flop with a logic constant 0. [GLO-12]
        : The instance is 'u_rb/g_postproc[0].u_gelu/r4_tanh_raw_reg[4]'.
Info    : Replacing a flip-flop with a logic constant 0. [GLO-12]
        : The instance is 'u_rb/g_postproc[31].u_gelu/r4_tanh_raw_reg[5]'.
Info    : Replacing a flip-flop with a logic constant 0. [GLO-12]
        : The instance is 'u_rb/g_postproc[30].u_gelu/r4_tanh_raw_reg[5]'.
Info    : Replacing a flip-flop with a logic constant 0. [GLO-12]
        : The instance is 'u_rb/g_postproc[29].u_gelu/r4_tanh_raw_reg[5]'.
Info    : Replacing a flip-flop with a logic constant 0. [GLO-12]
        : The instance is 'u_rb/g_postproc[28].u_gelu/r4_tanh_raw_reg[5]'.
Info    : Replacing a flip-flop with a logic constant 0. [GLO-12]
        : The instance is 'u_rb/g_postproc[27].u_gelu/r4_tanh_raw_reg[5]'.
Info    : Replacing a flip-flop with a logic constant 0. [GLO-12]
        : The instance is 'u_rb/g_postproc[26].u_gelu/r4_tanh_raw_reg[5]'.
Info    : Replacing a flip-flop with a logic constant 0. [GLO-12]
        : The instance is 'u_rb/g_postproc[25].u_gelu/r4_tanh_raw_reg[5]'.
Info    : Replacing a flip-flop with a logic constant 0. [GLO-12]
        : The instance is 'u_rb/g_postproc[24].u_gelu/r4_tanh_raw_reg[5]'.
Info    : Replacing a flip-flop with a logic constant 0. [GLO-12]
        : The instance is 'u_rb/g_postproc[23].u_gelu/r4_tanh_raw_reg[5]'.
Info    : Replacing a flip-flop with a logic constant 0. [GLO-12]
        : The instance is 'u_rb/g_postproc[22].u_gelu/r4_tanh_raw_reg[5]'.
Info    : Replacing a flip-flop with a logic constant 0. [GLO-12]
        : The instance is 'u_rb/g_postproc[21].u_gelu/r4_tanh_raw_reg[5]'.
Info    : Replacing a flip-flop with a logic constant 0. [GLO-12]
        : The instance is 'u_rb/g_postproc[20].u_gelu/r4_tanh_raw_reg[5]'.
Info    : Replacing a flip-flop with a logic constant 0. [GLO-12]
        : The instance is 'u_rb/g_postproc[19].u_gelu/r4_tanh_raw_reg[5]'.
Info    : Replacing a flip-flop with a logic constant 0. [GLO-12]
        : The instance is 'u_rb/g_postproc[18].u_gelu/r4_tanh_raw_reg[5]'.
Info    : Replacing a flip-flop with a logic constant 0. [GLO-12]
        : The instance is 'u_rb/g_postproc[17].u_gelu/r4_tanh_raw_reg[5]'.
Info    : Replacing a flip-flop with a logic constant 0. [GLO-12]
        : The instance is 'u_rb/g_postproc[16].u_gelu/r4_tanh_raw_reg[5]'.
Info    : Replacing a flip-flop with a logic constant 0. [GLO-12]
        : The instance is 'u_rb/g_postproc[15].u_gelu/r4_tanh_raw_reg[5]'.
Info    : Replacing a flip-flop with a logic constant 0. [GLO-12]
        : The instance is 'u_rb/g_postproc[14].u_gelu/r4_tanh_raw_reg[5]'.
Info    : Replacing a flip-flop with a logic constant 0. [GLO-12]
        : The instance is 'u_rb/g_postproc[13].u_gelu/r4_tanh_raw_reg[5]'.
Info    : Replacing a flip-flop with a logic constant 0. [GLO-12]
        : The instance is 'u_rb/g_postproc[12].u_gelu/r4_tanh_raw_reg[5]'.
Info    : Replacing a flip-flop with a logic constant 0. [GLO-12]
        : The instance is 'u_rb/g_postproc[11].u_gelu/r4_tanh_raw_reg[5]'.
Info    : Replacing a flip-flop with a logic constant 0. [GLO-12]
        : The instance is 'u_rb/g_postproc[10].u_gelu/r4_tanh_raw_reg[5]'.
Info    : Replacing a flip-flop with a logic constant 0. [GLO-12]
        : The instance is 'u_rb/g_postproc[9].u_gelu/r4_tanh_raw_reg[5]'.
Info    : Replacing a flip-flop with a logic constant 0. [GLO-12]
        : The instance is 'u_rb/g_postproc[8].u_gelu/r4_tanh_raw_reg[5]'.
Info    : Replacing a flip-flop with a logic constant 0. [GLO-12]
        : The instance is 'u_rb/g_postproc[7].u_gelu/r4_tanh_raw_reg[5]'.
Info    : Replacing a flip-flop with a logic constant 0. [GLO-12]
        : The instance is 'u_rb/g_postproc[6].u_gelu/r4_tanh_raw_reg[5]'.
Info    : Replacing a flip-flop with a logic constant 0. [GLO-12]
        : The instance is 'u_rb/g_postproc[5].u_gelu/r4_tanh_raw_reg[5]'.
Info    : Replacing a flip-flop with a logic constant 0. [GLO-12]
        : The instance is 'u_rb/g_postproc[4].u_gelu/r4_tanh_raw_reg[5]'.
Info    : Replacing a flip-flop with a logic constant 0. [GLO-12]
        : The instance is 'u_rb/g_postproc[3].u_gelu/r4_tanh_raw_reg[5]'.
Info    : Replacing a flip-flop with a logic constant 0. [GLO-12]
        : The instance is 'u_rb/g_postproc[2].u_gelu/r4_tanh_raw_reg[5]'.
Info    : Replacing a flip-flop with a logic constant 0. [GLO-12]
        : The instance is 'u_rb/g_postproc[1].u_gelu/r4_tanh_raw_reg[5]'.
Info    : Replacing a flip-flop with a logic constant 0. [GLO-12]
        : The instance is 'u_rb/g_postproc[0].u_gelu/r4_tanh_raw_reg[5]'.
Info    : Replacing a flip-flop with a logic constant 0. [GLO-12]
        : The instance is 'u_rb/g_postproc[31].u_gelu/r4_tanh_raw_reg[6]'.
Info    : Replacing a flip-flop with a logic constant 0. [GLO-12]
        : The instance is 'u_rb/g_postproc[30].u_gelu/r4_tanh_raw_reg[6]'.
Info    : Replacing a flip-flop with a logic constant 0. [GLO-12]
        : The instance is 'u_rb/g_postproc[29].u_gelu/r4_tanh_raw_reg[6]'.
Info    : Replacing a flip-flop with a logic constant 0. [GLO-12]
        : The instance is 'u_rb/g_postproc[28].u_gelu/r4_tanh_raw_reg[6]'.
Info    : Replacing a flip-flop with a logic constant 0. [GLO-12]
        : The instance is 'u_rb/g_postproc[27].u_gelu/r4_tanh_raw_reg[6]'.
Info    : Replacing a flip-flop with a logic constant 0. [GLO-12]
        : The instance is 'u_rb/g_postproc[26].u_gelu/r4_tanh_raw_reg[6]'.
Info    : Replacing a flip-flop with a logic constant 0. [GLO-12]
        : The instance is 'u_rb/g_postproc[25].u_gelu/r4_tanh_raw_reg[6]'.
Info    : Replacing a flip-flop with a logic constant 0. [GLO-12]
        : The instance is 'u_rb/g_postproc[24].u_gelu/r4_tanh_raw_reg[6]'.
Info    : Replacing a flip-flop with a logic constant 0. [GLO-12]
        : The instance is 'u_rb/g_postproc[23].u_gelu/r4_tanh_raw_reg[6]'.
Info    : Replacing a flip-flop with a logic constant 0. [GLO-12]
        : The instance is 'u_rb/g_postproc[22].u_gelu/r4_tanh_raw_reg[6]'.
Info    : Replacing a flip-flop with a logic constant 0. [GLO-12]
        : The instance is 'u_rb/g_postproc[21].u_gelu/r4_tanh_raw_reg[6]'.
Info    : Replacing a flip-flop with a logic constant 0. [GLO-12]
        : The instance is 'u_rb/g_postproc[20].u_gelu/r4_tanh_raw_reg[6]'.
Info    : Replacing a flip-flop with a logic constant 0. [GLO-12]
        : The instance is 'u_rb/g_postproc[19].u_gelu/r4_tanh_raw_reg[6]'.
Info    : Replacing a flip-flop with a logic constant 0. [GLO-12]
        : The instance is 'u_rb/g_postproc[18].u_gelu/r4_tanh_raw_reg[6]'.
Info    : Replacing a flip-flop with a logic constant 0. [GLO-12]
        : The instance is 'u_rb/g_postproc[17].u_gelu/r4_tanh_raw_reg[6]'.
Info    : Replacing a flip-flop with a logic constant 0. [GLO-12]
        : The instance is 'u_rb/g_postproc[16].u_gelu/r4_tanh_raw_reg[6]'.
Info    : Replacing a flip-flop with a logic constant 0. [GLO-12]
        : The instance is 'u_rb/g_postproc[15].u_gelu/r4_tanh_raw_reg[6]'.
Info    : Replacing a flip-flop with a logic constant 0. [GLO-12]
        : The instance is 'u_rb/g_postproc[14].u_gelu/r4_tanh_raw_reg[6]'.
Info    : Replacing a flip-flop with a logic constant 0. [GLO-12]
        : The instance is 'u_rb/g_postproc[13].u_gelu/r4_tanh_raw_reg[6]'.
Info    : Replacing a flip-flop with a logic constant 0. [GLO-12]
        : The instance is 'u_rb/g_postproc[12].u_gelu/r4_tanh_raw_reg[6]'.
Info    : Replacing a flip-flop with a logic constant 0. [GLO-12]
        : The instance is 'u_rb/g_postproc[11].u_gelu/r4_tanh_raw_reg[6]'.
Info    : Replacing a flip-flop with a logic constant 0. [GLO-12]
        : The instance is 'u_rb/g_postproc[10].u_gelu/r4_tanh_raw_reg[6]'.
Info    : Replacing a flip-flop with a logic constant 0. [GLO-12]
        : The instance is 'u_rb/g_postproc[9].u_gelu/r4_tanh_raw_reg[6]'.
Info    : Replacing a flip-flop with a logic constant 0. [GLO-12]
        : The instance is 'u_rb/g_postproc[8].u_gelu/r4_tanh_raw_reg[6]'.
Info    : Replacing a flip-flop with a logic constant 0. [GLO-12]
        : The instance is 'u_rb/g_postproc[7].u_gelu/r4_tanh_raw_reg[6]'.
Info    : Replacing a flip-flop with a logic constant 0. [GLO-12]
        : The instance is 'u_rb/g_postproc[6].u_gelu/r4_tanh_raw_reg[6]'.
Info    : Replacing a flip-flop with a logic constant 0. [GLO-12]
        : The instance is 'u_rb/g_postproc[5].u_gelu/r4_tanh_raw_reg[6]'.
Info    : Replacing a flip-flop with a logic constant 0. [GLO-12]
        : The instance is 'u_rb/g_postproc[4].u_gelu/r4_tanh_raw_reg[6]'.
Info    : Replacing a flip-flop with a logic constant 0. [GLO-12]
        : The instance is 'u_rb/g_postproc[3].u_gelu/r4_tanh_raw_reg[6]'.
Info    : Replacing a flip-flop with a logic constant 0. [GLO-12]
        : The instance is 'u_rb/g_postproc[2].u_gelu/r4_tanh_raw_reg[6]'.
Info    : Replacing a flip-flop with a logic constant 0. [GLO-12]
        : The instance is 'u_rb/g_postproc[1].u_gelu/r4_tanh_raw_reg[6]'.
Info    : Replacing a flip-flop with a logic constant 0. [GLO-12]
        : The instance is 'u_rb/g_postproc[0].u_gelu/r4_tanh_raw_reg[6]'.
Info    : Replacing a flip-flop with a logic constant 0. [GLO-12]
        : The instance is 'u_rb/g_postproc[31].u_gelu/r4_tanh_raw_reg[7]'.
Info    : Replacing a flip-flop with a logic constant 0. [GLO-12]
        : The instance is 'u_rb/g_postproc[30].u_gelu/r4_tanh_raw_reg[7]'.
Info    : Replacing a flip-flop with a logic constant 0. [GLO-12]
        : The instance is 'u_rb/g_postproc[29].u_gelu/r4_tanh_raw_reg[7]'.
Info    : Replacing a flip-flop with a logic constant 0. [GLO-12]
        : The instance is 'u_rb/g_postproc[28].u_gelu/r4_tanh_raw_reg[7]'.
Info    : Replacing a flip-flop with a logic constant 0. [GLO-12]
        : The instance is 'u_rb/g_postproc[27].u_gelu/r4_tanh_raw_reg[7]'.
Info    : Replacing a flip-flop with a logic constant 0. [GLO-12]
        : The instance is 'u_rb/g_postproc[26].u_gelu/r4_tanh_raw_reg[7]'.
Info    : Replacing a flip-flop with a logic constant 0. [GLO-12]
        : The instance is 'u_rb/g_postproc[25].u_gelu/r4_tanh_raw_reg[7]'.
Info    : Replacing a flip-flop with a logic constant 0. [GLO-12]
        : The instance is 'u_rb/g_postproc[24].u_gelu/r4_tanh_raw_reg[7]'.
Info    : Replacing a flip-flop with a logic constant 0. [GLO-12]
        : The instance is 'u_rb/g_postproc[23].u_gelu/r4_tanh_raw_reg[7]'.
Info    : Replacing a flip-flop with a logic constant 0. [GLO-12]
        : The instance is 'u_rb/g_postproc[22].u_gelu/r4_tanh_raw_reg[7]'.
Info    : Replacing a flip-flop with a logic constant 0. [GLO-12]
        : The instance is 'u_rb/g_postproc[21].u_gelu/r4_tanh_raw_reg[7]'.
Info    : Replacing a flip-flop with a logic constant 0. [GLO-12]
        : The instance is 'u_rb/g_postproc[20].u_gelu/r4_tanh_raw_reg[7]'.
Info    : Replacing a flip-flop with a logic constant 0. [GLO-12]
        : The instance is 'u_rb/g_postproc[19].u_gelu/r4_tanh_raw_reg[7]'.
Info    : Replacing a flip-flop with a logic constant 0. [GLO-12]
        : The instance is 'u_rb/g_postproc[18].u_gelu/r4_tanh_raw_reg[7]'.
Info    : Replacing a flip-flop with a logic constant 0. [GLO-12]
        : The instance is 'u_rb/g_postproc[17].u_gelu/r4_tanh_raw_reg[7]'.
Info    : Replacing a flip-flop with a logic constant 0. [GLO-12]
        : The instance is 'u_rb/g_postproc[16].u_gelu/r4_tanh_raw_reg[7]'.
Info    : Replacing a flip-flop with a logic constant 0. [GLO-12]
        : The instance is 'u_rb/g_postproc[15].u_gelu/r4_tanh_raw_reg[7]'.
Info    : Replacing a flip-flop with a logic constant 0. [GLO-12]
        : The instance is 'u_rb/g_postproc[14].u_gelu/r4_tanh_raw_reg[7]'.
Info    : Replacing a flip-flop with a logic constant 0. [GLO-12]
        : The instance is 'u_rb/g_postproc[13].u_gelu/r4_tanh_raw_reg[7]'.
Info    : Replacing a flip-flop with a logic constant 0. [GLO-12]
        : The instance is 'u_rb/g_postproc[12].u_gelu/r4_tanh_raw_reg[7]'.
Info    : Replacing a flip-flop with a logic constant 0. [GLO-12]
        : The instance is 'u_rb/g_postproc[11].u_gelu/r4_tanh_raw_reg[7]'.
Info    : Replacing a flip-flop with a logic constant 0. [GLO-12]
        : The instance is 'u_rb/g_postproc[10].u_gelu/r4_tanh_raw_reg[7]'.
Info    : Replacing a flip-flop with a logic constant 0. [GLO-12]
        : The instance is 'u_rb/g_postproc[9].u_gelu/r4_tanh_raw_reg[7]'.
Info    : Replacing a flip-flop with a logic constant 0. [GLO-12]
        : The instance is 'u_rb/g_postproc[8].u_gelu/r4_tanh_raw_reg[7]'.
Info    : Replacing a flip-flop with a logic constant 0. [GLO-12]
        : The instance is 'u_rb/g_postproc[7].u_gelu/r4_tanh_raw_reg[7]'.
Info    : Replacing a flip-flop with a logic constant 0. [GLO-12]
        : The instance is 'u_rb/g_postproc[6].u_gelu/r4_tanh_raw_reg[7]'.
Info    : Replacing a flip-flop with a logic constant 0. [GLO-12]
        : The instance is 'u_rb/g_postproc[5].u_gelu/r4_tanh_raw_reg[7]'.
Info    : Replacing a flip-flop with a logic constant 0. [GLO-12]
        : The instance is 'u_rb/g_postproc[4].u_gelu/r4_tanh_raw_reg[7]'.
Info    : Replacing a flip-flop with a logic constant 0. [GLO-12]
        : The instance is 'u_rb/g_postproc[3].u_gelu/r4_tanh_raw_reg[7]'.
Info    : Replacing a flip-flop with a logic constant 0. [GLO-12]
        : The instance is 'u_rb/g_postproc[2].u_gelu/r4_tanh_raw_reg[7]'.
Info    : Replacing a flip-flop with a logic constant 0. [GLO-12]
        : The instance is 'u_rb/g_postproc[1].u_gelu/r4_tanh_raw_reg[7]'.
Info    : Replacing a flip-flop with a logic constant 0. [GLO-12]
        : The instance is 'u_rb/g_postproc[0].u_gelu/r4_tanh_raw_reg[7]'.
Info    : Replacing a flip-flop with a logic constant 0. [GLO-12]
        : The instance is 'u_rb/g_postproc[31].u_gelu/r0b_arg_reg[0]'.
Info    : Replacing a flip-flop with a logic constant 0. [GLO-12]
        : The instance is 'u_rb/g_postproc[30].u_gelu/r0b_arg_reg[0]'.
Info    : Replacing a flip-flop with a logic constant 0. [GLO-12]
        : The instance is 'u_rb/g_postproc[29].u_gelu/r0b_arg_reg[0]'.
Info    : Replacing a flip-flop with a logic constant 0. [GLO-12]
        : The instance is 'u_rb/g_postproc[28].u_gelu/r0b_arg_reg[0]'.
Info    : Replacing a flip-flop with a logic constant 0. [GLO-12]
        : The instance is 'u_rb/g_postproc[27].u_gelu/r0b_arg_reg[0]'.
Info    : Replacing a flip-flop with a logic constant 0. [GLO-12]
        : The instance is 'u_rb/g_postproc[26].u_gelu/r0b_arg_reg[0]'.
Info    : Replacing a flip-flop with a logic constant 0. [GLO-12]
        : The instance is 'u_rb/g_postproc[25].u_gelu/r0b_arg_reg[0]'.
Info    : Replacing a flip-flop with a logic constant 0. [GLO-12]
        : The instance is 'u_rb/g_postproc[24].u_gelu/r0b_arg_reg[0]'.
Info    : Replacing a flip-flop with a logic constant 0. [GLO-12]
        : The instance is 'u_rb/g_postproc[23].u_gelu/r0b_arg_reg[0]'.
Info    : Replacing a flip-flop with a logic constant 0. [GLO-12]
        : The instance is 'u_rb/g_postproc[22].u_gelu/r0b_arg_reg[0]'.
Info    : Replacing a flip-flop with a logic constant 0. [GLO-12]
        : The instance is 'u_rb/g_postproc[21].u_gelu/r0b_arg_reg[0]'.
Info    : Replacing a flip-flop with a logic constant 0. [GLO-12]
        : The instance is 'u_rb/g_postproc[20].u_gelu/r0b_arg_reg[0]'.
Info    : Replacing a flip-flop with a logic constant 0. [GLO-12]
        : The instance is 'u_rb/g_postproc[19].u_gelu/r0b_arg_reg[0]'.
Info    : Replacing a flip-flop with a logic constant 0. [GLO-12]
        : The instance is 'u_rb/g_postproc[18].u_gelu/r0b_arg_reg[0]'.
Info    : Replacing a flip-flop with a logic constant 0. [GLO-12]
        : The instance is 'u_rb/g_postproc[17].u_gelu/r0b_arg_reg[0]'.
Info    : Replacing a flip-flop with a logic constant 0. [GLO-12]
        : The instance is 'u_rb/g_postproc[16].u_gelu/r0b_arg_reg[0]'.
Info    : Replacing a flip-flop with a logic constant 0. [GLO-12]
        : The instance is 'u_rb/g_postproc[15].u_gelu/r0b_arg_reg[0]'.
Info    : Replacing a flip-flop with a logic constant 0. [GLO-12]
        : The instance is 'u_rb/g_postproc[14].u_gelu/r0b_arg_reg[0]'.
Info    : Replacing a flip-flop with a logic constant 0. [GLO-12]
        : The instance is 'u_rb/g_postproc[13].u_gelu/r0b_arg_reg[0]'.
Info    : Replacing a flip-flop with a logic constant 0. [GLO-12]
        : The instance is 'u_rb/g_postproc[12].u_gelu/r0b_arg_reg[0]'.
Info    : Replacing a flip-flop with a logic constant 0. [GLO-12]
        : The instance is 'u_rb/g_postproc[11].u_gelu/r0b_arg_reg[0]'.
Info    : Replacing a flip-flop with a logic constant 0. [GLO-12]
        : The instance is 'u_rb/g_postproc[10].u_gelu/r0b_arg_reg[0]'.
Info    : Replacing a flip-flop with a logic constant 0. [GLO-12]
        : The instance is 'u_rb/g_postproc[9].u_gelu/r0b_arg_reg[0]'.
Info    : Replacing a flip-flop with a logic constant 0. [GLO-12]
        : The instance is 'u_rb/g_postproc[8].u_gelu/r0b_arg_reg[0]'.
Info    : Replacing a flip-flop with a logic constant 0. [GLO-12]
        : The instance is 'u_rb/g_postproc[7].u_gelu/r0b_arg_reg[0]'.
Info    : Replacing a flip-flop with a logic constant 0. [GLO-12]
        : The instance is 'u_rb/g_postproc[6].u_gelu/r0b_arg_reg[0]'.
Info    : Replacing a flip-flop with a logic constant 0. [GLO-12]
        : The instance is 'u_rb/g_postproc[5].u_gelu/r0b_arg_reg[0]'.
Info    : Replacing a flip-flop with a logic constant 0. [GLO-12]
        : The instance is 'u_rb/g_postproc[4].u_gelu/r0b_arg_reg[0]'.
Info    : Replacing a flip-flop with a logic constant 0. [GLO-12]
        : The instance is 'u_rb/g_postproc[3].u_gelu/r0b_arg_reg[0]'.
Info    : Replacing a flip-flop with a logic constant 0. [GLO-12]
        : The instance is 'u_rb/g_postproc[2].u_gelu/r0b_arg_reg[0]'.
Info    : Replacing a flip-flop with a logic constant 0. [GLO-12]
        : The instance is 'u_rb/g_postproc[1].u_gelu/r0b_arg_reg[0]'.
Info    : Replacing a flip-flop with a logic constant 0. [GLO-12]
        : The instance is 'u_rb/g_postproc[0].u_gelu/r0b_arg_reg[0]'.
Info    : Replacing a flip-flop with a logic constant 0. [GLO-12]
        : The instance is 'u_rb/g_postproc[31].u_gelu/r0b_arg_reg[1]'.
Info    : Replacing a flip-flop with a logic constant 0. [GLO-12]
        : The instance is 'u_rb/g_postproc[30].u_gelu/r0b_arg_reg[1]'.
Info    : Replacing a flip-flop with a logic constant 0. [GLO-12]
        : The instance is 'u_rb/g_postproc[29].u_gelu/r0b_arg_reg[1]'.
Info    : Replacing a flip-flop with a logic constant 0. [GLO-12]
        : The instance is 'u_rb/g_postproc[28].u_gelu/r0b_arg_reg[1]'.
Info    : Replacing a flip-flop with a logic constant 0. [GLO-12]
        : The instance is 'u_rb/g_postproc[27].u_gelu/r0b_arg_reg[1]'.
Info    : Replacing a flip-flop with a logic constant 0. [GLO-12]
        : The instance is 'u_rb/g_postproc[26].u_gelu/r0b_arg_reg[1]'.
Info    : Replacing a flip-flop with a logic constant 0. [GLO-12]
        : The instance is 'u_rb/g_postproc[25].u_gelu/r0b_arg_reg[1]'.
Info    : Replacing a flip-flop with a logic constant 0. [GLO-12]
        : The instance is 'u_rb/g_postproc[24].u_gelu/r0b_arg_reg[1]'.
Info    : Replacing a flip-flop with a logic constant 0. [GLO-12]
        : The instance is 'u_rb/g_postproc[23].u_gelu/r0b_arg_reg[1]'.
Info    : Replacing a flip-flop with a logic constant 0. [GLO-12]
        : The instance is 'u_rb/g_postproc[22].u_gelu/r0b_arg_reg[1]'.
Info    : Replacing a flip-flop with a logic constant 0. [GLO-12]
        : The instance is 'u_rb/g_postproc[21].u_gelu/r0b_arg_reg[1]'.
Info    : Replacing a flip-flop with a logic constant 0. [GLO-12]
        : The instance is 'u_rb/g_postproc[20].u_gelu/r0b_arg_reg[1]'.
Info    : Replacing a flip-flop with a logic constant 0. [GLO-12]
        : The instance is 'u_rb/g_postproc[19].u_gelu/r0b_arg_reg[1]'.
Info    : Replacing a flip-flop with a logic constant 0. [GLO-12]
        : The instance is 'u_rb/g_postproc[18].u_gelu/r0b_arg_reg[1]'.
Info    : Replacing a flip-flop with a logic constant 0. [GLO-12]
        : The instance is 'u_rb/g_postproc[17].u_gelu/r0b_arg_reg[1]'.
Info    : Replacing a flip-flop with a logic constant 0. [GLO-12]
        : The instance is 'u_rb/g_postproc[16].u_gelu/r0b_arg_reg[1]'.
Info    : Replacing a flip-flop with a logic constant 0. [GLO-12]
        : The instance is 'u_rb/g_postproc[15].u_gelu/r0b_arg_reg[1]'.
Info    : Replacing a flip-flop with a logic constant 0. [GLO-12]
        : The instance is 'u_rb/g_postproc[14].u_gelu/r0b_arg_reg[1]'.
Info    : Replacing a flip-flop with a logic constant 0. [GLO-12]
        : The instance is 'u_rb/g_postproc[13].u_gelu/r0b_arg_reg[1]'.
Info    : Replacing a flip-flop with a logic constant 0. [GLO-12]
        : The instance is 'u_rb/g_postproc[12].u_gelu/r0b_arg_reg[1]'.
Info    : Replacing a flip-flop with a logic constant 0. [GLO-12]
        : The instance is 'u_rb/g_postproc[11].u_gelu/r0b_arg_reg[1]'.
Info    : Replacing a flip-flop with a logic constant 0. [GLO-12]
        : The instance is 'u_rb/g_postproc[10].u_gelu/r0b_arg_reg[1]'.
Info    : Replacing a flip-flop with a logic constant 0. [GLO-12]
        : The instance is 'u_rb/g_postproc[9].u_gelu/r0b_arg_reg[1]'.
Info    : Replacing a flip-flop with a logic constant 0. [GLO-12]
        : The instance is 'u_rb/g_postproc[8].u_gelu/r0b_arg_reg[1]'.
Info    : Replacing a flip-flop with a logic constant 0. [GLO-12]
        : The instance is 'u_rb/g_postproc[7].u_gelu/r0b_arg_reg[1]'.
Info    : Replacing a flip-flop with a logic constant 0. [GLO-12]
        : The instance is 'u_rb/g_postproc[6].u_gelu/r0b_arg_reg[1]'.
Info    : Replacing a flip-flop with a logic constant 0. [GLO-12]
        : The instance is 'u_rb/g_postproc[5].u_gelu/r0b_arg_reg[1]'.
Info    : Replacing a flip-flop with a logic constant 0. [GLO-12]
        : The instance is 'u_rb/g_postproc[4].u_gelu/r0b_arg_reg[1]'.
Info    : Replacing a flip-flop with a logic constant 0. [GLO-12]
        : The instance is 'u_rb/g_postproc[3].u_gelu/r0b_arg_reg[1]'.
Info    : Replacing a flip-flop with a logic constant 0. [GLO-12]
        : The instance is 'u_rb/g_postproc[2].u_gelu/r0b_arg_reg[1]'.
Info    : Replacing a flip-flop with a logic constant 0. [GLO-12]
        : The instance is 'u_rb/g_postproc[1].u_gelu/r0b_arg_reg[1]'.
Info    : Replacing a flip-flop with a logic constant 0. [GLO-12]
        : The instance is 'u_rb/g_postproc[0].u_gelu/r0b_arg_reg[1]'.
Info    : Replacing a flip-flop with a logic constant 0. [GLO-12]
        : The instance is 'u_rb/g_postproc[31].u_gelu/r0b_arg_reg[2]'.
Info    : Replacing a flip-flop with a logic constant 0. [GLO-12]
        : The instance is 'u_rb/g_postproc[30].u_gelu/r0b_arg_reg[2]'.
Info    : Replacing a flip-flop with a logic constant 0. [GLO-12]
        : The instance is 'u_rb/g_postproc[29].u_gelu/r0b_arg_reg[2]'.
Info    : Replacing a flip-flop with a logic constant 0. [GLO-12]
        : The instance is 'u_rb/g_postproc[28].u_gelu/r0b_arg_reg[2]'.
Info    : Replacing a flip-flop with a logic constant 0. [GLO-12]
        : The instance is 'u_rb/g_postproc[27].u_gelu/r0b_arg_reg[2]'.
Info    : Replacing a flip-flop with a logic constant 0. [GLO-12]
        : The instance is 'u_rb/g_postproc[26].u_gelu/r0b_arg_reg[2]'.
Info    : Replacing a flip-flop with a logic constant 0. [GLO-12]
        : The instance is 'u_rb/g_postproc[25].u_gelu/r0b_arg_reg[2]'.
Info    : Replacing a flip-flop with a logic constant 0. [GLO-12]
        : The instance is 'u_rb/g_postproc[24].u_gelu/r0b_arg_reg[2]'.
Info    : Replacing a flip-flop with a logic constant 0. [GLO-12]
        : The instance is 'u_rb/g_postproc[23].u_gelu/r0b_arg_reg[2]'.
Info    : Replacing a flip-flop with a logic constant 0. [GLO-12]
        : The instance is 'u_rb/g_postproc[22].u_gelu/r0b_arg_reg[2]'.
Info    : Replacing a flip-flop with a logic constant 0. [GLO-12]
        : The instance is 'u_rb/g_postproc[21].u_gelu/r0b_arg_reg[2]'.
Info    : Replacing a flip-flop with a logic constant 0. [GLO-12]
        : The instance is 'u_rb/g_postproc[20].u_gelu/r0b_arg_reg[2]'.
Info    : Replacing a flip-flop with a logic constant 0. [GLO-12]
        : The instance is 'u_rb/g_postproc[19].u_gelu/r0b_arg_reg[2]'.
Info    : Replacing a flip-flop with a logic constant 0. [GLO-12]
        : The instance is 'u_rb/g_postproc[18].u_gelu/r0b_arg_reg[2]'.
Info    : Replacing a flip-flop with a logic constant 0. [GLO-12]
        : The instance is 'u_rb/g_postproc[17].u_gelu/r0b_arg_reg[2]'.
Info    : Replacing a flip-flop with a logic constant 0. [GLO-12]
        : The instance is 'u_rb/g_postproc[16].u_gelu/r0b_arg_reg[2]'.
Info    : Replacing a flip-flop with a logic constant 0. [GLO-12]
        : The instance is 'u_rb/g_postproc[15].u_gelu/r0b_arg_reg[2]'.
Info    : Replacing a flip-flop with a logic constant 0. [GLO-12]
        : The instance is 'u_rb/g_postproc[14].u_gelu/r0b_arg_reg[2]'.
Info    : Replacing a flip-flop with a logic constant 0. [GLO-12]
        : The instance is 'u_rb/g_postproc[13].u_gelu/r0b_arg_reg[2]'.
Info    : Replacing a flip-flop with a logic constant 0. [GLO-12]
        : The instance is 'u_rb/g_postproc[12].u_gelu/r0b_arg_reg[2]'.
Info    : Replacing a flip-flop with a logic constant 0. [GLO-12]
        : The instance is 'u_rb/g_postproc[11].u_gelu/r0b_arg_reg[2]'.
Info    : Replacing a flip-flop with a logic constant 0. [GLO-12]
        : The instance is 'u_rb/g_postproc[10].u_gelu/r0b_arg_reg[2]'.
Info    : Replacing a flip-flop with a logic constant 0. [GLO-12]
        : The instance is 'u_rb/g_postproc[9].u_gelu/r0b_arg_reg[2]'.
Info    : Replacing a flip-flop with a logic constant 0. [GLO-12]
        : The instance is 'u_rb/g_postproc[8].u_gelu/r0b_arg_reg[2]'.
Info    : Replacing a flip-flop with a logic constant 0. [GLO-12]
        : The instance is 'u_rb/g_postproc[7].u_gelu/r0b_arg_reg[2]'.
Info    : Replacing a flip-flop with a logic constant 0. [GLO-12]
        : The instance is 'u_rb/g_postproc[6].u_gelu/r0b_arg_reg[2]'.
Info    : Replacing a flip-flop with a logic constant 0. [GLO-12]
        : The instance is 'u_rb/g_postproc[5].u_gelu/r0b_arg_reg[2]'.
Info    : Replacing a flip-flop with a logic constant 0. [GLO-12]
        : The instance is 'u_rb/g_postproc[4].u_gelu/r0b_arg_reg[2]'.
Info    : Replacing a flip-flop with a logic constant 0. [GLO-12]
        : The instance is 'u_rb/g_postproc[3].u_gelu/r0b_arg_reg[2]'.
Info    : Replacing a flip-flop with a logic constant 0. [GLO-12]
        : The instance is 'u_rb/g_postproc[2].u_gelu/r0b_arg_reg[2]'.
Info    : Replacing a flip-flop with a logic constant 0. [GLO-12]
        : The instance is 'u_rb/g_postproc[1].u_gelu/r0b_arg_reg[2]'.
Info    : Replacing a flip-flop with a logic constant 0. [GLO-12]
        : The instance is 'u_rb/g_postproc[0].u_gelu/r0b_arg_reg[2]'.
Info    : Replacing a flip-flop with a logic constant 0. [GLO-12]
        : The instance is 'u_rb/g_postproc[31].u_gelu/r0b_arg_reg[3]'.
Info    : Replacing a flip-flop with a logic constant 0. [GLO-12]
        : The instance is 'u_rb/g_postproc[30].u_gelu/r0b_arg_reg[3]'.
Info    : Replacing a flip-flop with a logic constant 0. [GLO-12]
        : The instance is 'u_rb/g_postproc[29].u_gelu/r0b_arg_reg[3]'.
Info    : Replacing a flip-flop with a logic constant 0. [GLO-12]
        : The instance is 'u_rb/g_postproc[28].u_gelu/r0b_arg_reg[3]'.
Info    : Replacing a flip-flop with a logic constant 0. [GLO-12]
        : The instance is 'u_rb/g_postproc[27].u_gelu/r0b_arg_reg[3]'.
Info    : Replacing a flip-flop with a logic constant 0. [GLO-12]
        : The instance is 'u_rb/g_postproc[26].u_gelu/r0b_arg_reg[3]'.
Info    : Replacing a flip-flop with a logic constant 0. [GLO-12]
        : The instance is 'u_rb/g_postproc[25].u_gelu/r0b_arg_reg[3]'.
Info    : Replacing a flip-flop with a logic constant 0. [GLO-12]
        : The instance is 'u_rb/g_postproc[24].u_gelu/r0b_arg_reg[3]'.
Info    : Replacing a flip-flop with a logic constant 0. [GLO-12]
        : The instance is 'u_rb/g_postproc[23].u_gelu/r0b_arg_reg[3]'.
Info    : Replacing a flip-flop with a logic constant 0. [GLO-12]
        : The instance is 'u_rb/g_postproc[22].u_gelu/r0b_arg_reg[3]'.
Info    : Replacing a flip-flop with a logic constant 0. [GLO-12]
        : The instance is 'u_rb/g_postproc[21].u_gelu/r0b_arg_reg[3]'.
Info    : Replacing a flip-flop with a logic constant 0. [GLO-12]
        : The instance is 'u_rb/g_postproc[20].u_gelu/r0b_arg_reg[3]'.
Info    : Replacing a flip-flop with a logic constant 0. [GLO-12]
        : The instance is 'u_rb/g_postproc[19].u_gelu/r0b_arg_reg[3]'.
Info    : Replacing a flip-flop with a logic constant 0. [GLO-12]
        : The instance is 'u_rb/g_postproc[18].u_gelu/r0b_arg_reg[3]'.
Info    : Replacing a flip-flop with a logic constant 0. [GLO-12]
        : The instance is 'u_rb/g_postproc[17].u_gelu/r0b_arg_reg[3]'.
Info    : Replacing a flip-flop with a logic constant 0. [GLO-12]
        : The instance is 'u_rb/g_postproc[16].u_gelu/r0b_arg_reg[3]'.
Info    : Replacing a flip-flop with a logic constant 0. [GLO-12]
        : The instance is 'u_rb/g_postproc[15].u_gelu/r0b_arg_reg[3]'.
Info    : Replacing a flip-flop with a logic constant 0. [GLO-12]
        : The instance is 'u_rb/g_postproc[14].u_gelu/r0b_arg_reg[3]'.
Info    : Replacing a flip-flop with a logic constant 0. [GLO-12]
        : The instance is 'u_rb/g_postproc[13].u_gelu/r0b_arg_reg[3]'.
Info    : Replacing a flip-flop with a logic constant 0. [GLO-12]
        : The instance is 'u_rb/g_postproc[12].u_gelu/r0b_arg_reg[3]'.
Info    : Replacing a flip-flop with a logic constant 0. [GLO-12]
        : The instance is 'u_rb/g_postproc[11].u_gelu/r0b_arg_reg[3]'.
Info    : Replacing a flip-flop with a logic constant 0. [GLO-12]
        : The instance is 'u_rb/g_postproc[10].u_gelu/r0b_arg_reg[3]'.
Info    : Replacing a flip-flop with a logic constant 0. [GLO-12]
        : The instance is 'u_rb/g_postproc[9].u_gelu/r0b_arg_reg[3]'.
Info    : Replacing a flip-flop with a logic constant 0. [GLO-12]
        : The instance is 'u_rb/g_postproc[8].u_gelu/r0b_arg_reg[3]'.
Info    : Replacing a flip-flop with a logic constant 0. [GLO-12]
        : The instance is 'u_rb/g_postproc[7].u_gelu/r0b_arg_reg[3]'.
Info    : Replacing a flip-flop with a logic constant 0. [GLO-12]
        : The instance is 'u_rb/g_postproc[6].u_gelu/r0b_arg_reg[3]'.
Info    : Replacing a flip-flop with a logic constant 0. [GLO-12]
        : The instance is 'u_rb/g_postproc[5].u_gelu/r0b_arg_reg[3]'.
Info    : Replacing a flip-flop with a logic constant 0. [GLO-12]
        : The instance is 'u_rb/g_postproc[4].u_gelu/r0b_arg_reg[3]'.
Info    : Replacing a flip-flop with a logic constant 0. [GLO-12]
        : The instance is 'u_rb/g_postproc[3].u_gelu/r0b_arg_reg[3]'.
Info    : Replacing a flip-flop with a logic constant 0. [GLO-12]
        : The instance is 'u_rb/g_postproc[2].u_gelu/r0b_arg_reg[3]'.
Info    : Replacing a flip-flop with a logic constant 0. [GLO-12]
        : The instance is 'u_rb/g_postproc[1].u_gelu/r0b_arg_reg[3]'.
Info    : Replacing a flip-flop with a logic constant 0. [GLO-12]
        : The instance is 'u_rb/g_postproc[0].u_gelu/r0b_arg_reg[3]'.
Info    : Replacing a flip-flop with a logic constant 0. [GLO-12]
        : The instance is 'u_rb/g_postproc[31].u_gelu/r0b_arg_reg[4]'.
Info    : Replacing a flip-flop with a logic constant 0. [GLO-12]
        : The instance is 'u_rb/g_postproc[30].u_gelu/r0b_arg_reg[4]'.
Info    : Replacing a flip-flop with a logic constant 0. [GLO-12]
        : The instance is 'u_rb/g_postproc[29].u_gelu/r0b_arg_reg[4]'.
Info    : Replacing a flip-flop with a logic constant 0. [GLO-12]
        : The instance is 'u_rb/g_postproc[28].u_gelu/r0b_arg_reg[4]'.
Info    : Replacing a flip-flop with a logic constant 0. [GLO-12]
        : The instance is 'u_rb/g_postproc[27].u_gelu/r0b_arg_reg[4]'.
Info    : Replacing a flip-flop with a logic constant 0. [GLO-12]
        : The instance is 'u_rb/g_postproc[26].u_gelu/r0b_arg_reg[4]'.
Info    : Replacing a flip-flop with a logic constant 0. [GLO-12]
        : The instance is 'u_rb/g_postproc[25].u_gelu/r0b_arg_reg[4]'.
Info    : Replacing a flip-flop with a logic constant 0. [GLO-12]
        : The instance is 'u_rb/g_postproc[24].u_gelu/r0b_arg_reg[4]'.
Info    : Replacing a flip-flop with a logic constant 0. [GLO-12]
        : The instance is 'u_rb/g_postproc[23].u_gelu/r0b_arg_reg[4]'.
Info    : Replacing a flip-flop with a logic constant 0. [GLO-12]
        : The instance is 'u_rb/g_postproc[22].u_gelu/r0b_arg_reg[4]'.
Info    : Replacing a flip-flop with a logic constant 0. [GLO-12]
        : The instance is 'u_rb/g_postproc[21].u_gelu/r0b_arg_reg[4]'.
Info    : Replacing a flip-flop with a logic constant 0. [GLO-12]
        : The instance is 'u_rb/g_postproc[20].u_gelu/r0b_arg_reg[4]'.
Info    : Replacing a flip-flop with a logic constant 0. [GLO-12]
        : The instance is 'u_rb/g_postproc[19].u_gelu/r0b_arg_reg[4]'.
Info    : Replacing a flip-flop with a logic constant 0. [GLO-12]
        : The instance is 'u_rb/g_postproc[18].u_gelu/r0b_arg_reg[4]'.
Info    : Replacing a flip-flop with a logic constant 0. [GLO-12]
        : The instance is 'u_rb/g_postproc[17].u_gelu/r0b_arg_reg[4]'.
Info    : Replacing a flip-flop with a logic constant 0. [GLO-12]
        : The instance is 'u_rb/g_postproc[16].u_gelu/r0b_arg_reg[4]'.
Info    : Replacing a flip-flop with a logic constant 0. [GLO-12]
        : The instance is 'u_rb/g_postproc[15].u_gelu/r0b_arg_reg[4]'.
Info    : Replacing a flip-flop with a logic constant 0. [GLO-12]
        : The instance is 'u_rb/g_postproc[14].u_gelu/r0b_arg_reg[4]'.
Info    : Replacing a flip-flop with a logic constant 0. [GLO-12]
        : The instance is 'u_rb/g_postproc[13].u_gelu/r0b_arg_reg[4]'.
Info    : Replacing a flip-flop with a logic constant 0. [GLO-12]
        : The instance is 'u_rb/g_postproc[12].u_gelu/r0b_arg_reg[4]'.
Info    : Replacing a flip-flop with a logic constant 0. [GLO-12]
        : The instance is 'u_rb/g_postproc[11].u_gelu/r0b_arg_reg[4]'.
Info    : Replacing a flip-flop with a logic constant 0. [GLO-12]
        : The instance is 'u_rb/g_postproc[10].u_gelu/r0b_arg_reg[4]'.
Info    : Replacing a flip-flop with a logic constant 0. [GLO-12]
        : The instance is 'u_rb/g_postproc[9].u_gelu/r0b_arg_reg[4]'.
Info    : Replacing a flip-flop with a logic constant 0. [GLO-12]
        : The instance is 'u_rb/g_postproc[8].u_gelu/r0b_arg_reg[4]'.
Info    : Replacing a flip-flop with a logic constant 0. [GLO-12]
        : The instance is 'u_rb/g_postproc[7].u_gelu/r0b_arg_reg[4]'.
Info    : Replacing a flip-flop with a logic constant 0. [GLO-12]
        : The instance is 'u_rb/g_postproc[6].u_gelu/r0b_arg_reg[4]'.
Info    : Replacing a flip-flop with a logic constant 0. [GLO-12]
        : The instance is 'u_rb/g_postproc[5].u_gelu/r0b_arg_reg[4]'.
Info    : Replacing a flip-flop with a logic constant 0. [GLO-12]
        : The instance is 'u_rb/g_postproc[4].u_gelu/r0b_arg_reg[4]'.
Info    : Replacing a flip-flop with a logic constant 0. [GLO-12]
        : The instance is 'u_rb/g_postproc[3].u_gelu/r0b_arg_reg[4]'.
Info    : Replacing a flip-flop with a logic constant 0. [GLO-12]
        : The instance is 'u_rb/g_postproc[2].u_gelu/r0b_arg_reg[4]'.
Info    : Replacing a flip-flop with a logic constant 0. [GLO-12]
        : The instance is 'u_rb/g_postproc[1].u_gelu/r0b_arg_reg[4]'.
Info    : Replacing a flip-flop with a logic constant 0. [GLO-12]
        : The instance is 'u_rb/g_postproc[0].u_gelu/r0b_arg_reg[4]'.
Info    : Replacing a flip-flop with a logic constant 0. [GLO-12]
        : The instance is 'u_rb/g_postproc[31].u_gelu/r0b_arg_reg[5]'.
Info    : Replacing a flip-flop with a logic constant 0. [GLO-12]
        : The instance is 'u_rb/g_postproc[30].u_gelu/r0b_arg_reg[5]'.
Info    : Replacing a flip-flop with a logic constant 0. [GLO-12]
        : The instance is 'u_rb/g_postproc[29].u_gelu/r0b_arg_reg[5]'.
Info    : Replacing a flip-flop with a logic constant 0. [GLO-12]
        : The instance is 'u_rb/g_postproc[28].u_gelu/r0b_arg_reg[5]'.
Info    : Replacing a flip-flop with a logic constant 0. [GLO-12]
        : The instance is 'u_rb/g_postproc[27].u_gelu/r0b_arg_reg[5]'.
Info    : Replacing a flip-flop with a logic constant 0. [GLO-12]
        : The instance is 'u_rb/g_postproc[26].u_gelu/r0b_arg_reg[5]'.
Info    : Replacing a flip-flop with a logic constant 0. [GLO-12]
        : The instance is 'u_rb/g_postproc[25].u_gelu/r0b_arg_reg[5]'.
Info    : Replacing a flip-flop with a logic constant 0. [GLO-12]
        : The instance is 'u_rb/g_postproc[24].u_gelu/r0b_arg_reg[5]'.
Info    : Replacing a flip-flop with a logic constant 0. [GLO-12]
        : The instance is 'u_rb/g_postproc[23].u_gelu/r0b_arg_reg[5]'.
Info    : Replacing a flip-flop with a logic constant 0. [GLO-12]
        : The instance is 'u_rb/g_postproc[22].u_gelu/r0b_arg_reg[5]'.
Info    : Replacing a flip-flop with a logic constant 0. [GLO-12]
        : The instance is 'u_rb/g_postproc[21].u_gelu/r0b_arg_reg[5]'.
Info    : Replacing a flip-flop with a logic constant 0. [GLO-12]
        : The instance is 'u_rb/g_postproc[20].u_gelu/r0b_arg_reg[5]'.
Info    : Replacing a flip-flop with a logic constant 0. [GLO-12]
        : The instance is 'u_rb/g_postproc[19].u_gelu/r0b_arg_reg[5]'.
Info    : Replacing a flip-flop with a logic constant 0. [GLO-12]
        : The instance is 'u_rb/g_postproc[18].u_gelu/r0b_arg_reg[5]'.
Info    : Replacing a flip-flop with a logic constant 0. [GLO-12]
        : The instance is 'u_rb/g_postproc[17].u_gelu/r0b_arg_reg[5]'.
Info    : Replacing a flip-flop with a logic constant 0. [GLO-12]
        : The instance is 'u_rb/g_postproc[16].u_gelu/r0b_arg_reg[5]'.
Info    : Replacing a flip-flop with a logic constant 0. [GLO-12]
        : The instance is 'u_rb/g_postproc[15].u_gelu/r0b_arg_reg[5]'.
Info    : Replacing a flip-flop with a logic constant 0. [GLO-12]
        : The instance is 'u_rb/g_postproc[14].u_gelu/r0b_arg_reg[5]'.
Info    : Replacing a flip-flop with a logic constant 0. [GLO-12]
        : The instance is 'u_rb/g_postproc[13].u_gelu/r0b_arg_reg[5]'.
Info    : Replacing a flip-flop with a logic constant 0. [GLO-12]
        : The instance is 'u_rb/g_postproc[12].u_gelu/r0b_arg_reg[5]'.
Info    : Replacing a flip-flop with a logic constant 0. [GLO-12]
        : The instance is 'u_rb/g_postproc[11].u_gelu/r0b_arg_reg[5]'.
Info    : Replacing a flip-flop with a logic constant 0. [GLO-12]
        : The instance is 'u_rb/g_postproc[10].u_gelu/r0b_arg_reg[5]'.
Info    : Replacing a flip-flop with a logic constant 0. [GLO-12]
        : The instance is 'u_rb/g_postproc[9].u_gelu/r0b_arg_reg[5]'.
Info    : Replacing a flip-flop with a logic constant 0. [GLO-12]
        : The instance is 'u_rb/g_postproc[8].u_gelu/r0b_arg_reg[5]'.
Info    : Replacing a flip-flop with a logic constant 0. [GLO-12]
        : The instance is 'u_rb/g_postproc[7].u_gelu/r0b_arg_reg[5]'.
Info    : Replacing a flip-flop with a logic constant 0. [GLO-12]
        : The instance is 'u_rb/g_postproc[6].u_gelu/r0b_arg_reg[5]'.
Info    : Replacing a flip-flop with a logic constant 0. [GLO-12]
        : The instance is 'u_rb/g_postproc[5].u_gelu/r0b_arg_reg[5]'.
Info    : Replacing a flip-flop with a logic constant 0. [GLO-12]
        : The instance is 'u_rb/g_postproc[4].u_gelu/r0b_arg_reg[5]'.
Info    : Replacing a flip-flop with a logic constant 0. [GLO-12]
        : The instance is 'u_rb/g_postproc[3].u_gelu/r0b_arg_reg[5]'.
Info    : Replacing a flip-flop with a logic constant 0. [GLO-12]
        : The instance is 'u_rb/g_postproc[2].u_gelu/r0b_arg_reg[5]'.
Info    : Replacing a flip-flop with a logic constant 0. [GLO-12]
        : The instance is 'u_rb/g_postproc[1].u_gelu/r0b_arg_reg[5]'.
Info    : Replacing a flip-flop with a logic constant 0. [GLO-12]
        : The instance is 'u_rb/g_postproc[0].u_gelu/r0b_arg_reg[5]'.
Info    : Replacing a flip-flop with a logic constant 0. [GLO-12]
        : The instance is 'u_rb/g_postproc[31].u_gelu/r0b_arg_reg[6]'.
Info    : Replacing a flip-flop with a logic constant 0. [GLO-12]
        : The instance is 'u_rb/g_postproc[30].u_gelu/r0b_arg_reg[6]'.
Info    : Replacing a flip-flop with a logic constant 0. [GLO-12]
        : The instance is 'u_rb/g_postproc[29].u_gelu/r0b_arg_reg[6]'.
Info    : Replacing a flip-flop with a logic constant 0. [GLO-12]
        : The instance is 'u_rb/g_postproc[28].u_gelu/r0b_arg_reg[6]'.
Info    : Replacing a flip-flop with a logic constant 0. [GLO-12]
        : The instance is 'u_rb/g_postproc[27].u_gelu/r0b_arg_reg[6]'.
Info    : Replacing a flip-flop with a logic constant 0. [GLO-12]
        : The instance is 'u_rb/g_postproc[26].u_gelu/r0b_arg_reg[6]'.
Info    : Replacing a flip-flop with a logic constant 0. [GLO-12]
        : The instance is 'u_rb/g_postproc[25].u_gelu/r0b_arg_reg[6]'.
Info    : Replacing a flip-flop with a logic constant 0. [GLO-12]
        : The instance is 'u_rb/g_postproc[24].u_gelu/r0b_arg_reg[6]'.
Info    : Replacing a flip-flop with a logic constant 0. [GLO-12]
        : The instance is 'u_rb/g_postproc[23].u_gelu/r0b_arg_reg[6]'.
Info    : Replacing a flip-flop with a logic constant 0. [GLO-12]
        : The instance is 'u_rb/g_postproc[22].u_gelu/r0b_arg_reg[6]'.
Info    : Replacing a flip-flop with a logic constant 0. [GLO-12]
        : The instance is 'u_rb/g_postproc[21].u_gelu/r0b_arg_reg[6]'.
Info    : Replacing a flip-flop with a logic constant 0. [GLO-12]
        : The instance is 'u_rb/g_postproc[20].u_gelu/r0b_arg_reg[6]'.
Info    : Replacing a flip-flop with a logic constant 0. [GLO-12]
        : The instance is 'u_rb/g_postproc[19].u_gelu/r0b_arg_reg[6]'.
Info    : Replacing a flip-flop with a logic constant 0. [GLO-12]
        : The instance is 'u_rb/g_postproc[18].u_gelu/r0b_arg_reg[6]'.
Info    : Replacing a flip-flop with a logic constant 0. [GLO-12]
        : The instance is 'u_rb/g_postproc[17].u_gelu/r0b_arg_reg[6]'.
Info    : Replacing a flip-flop with a logic constant 0. [GLO-12]
        : The instance is 'u_rb/g_postproc[16].u_gelu/r0b_arg_reg[6]'.
Info    : Replacing a flip-flop with a logic constant 0. [GLO-12]
        : The instance is 'u_rb/g_postproc[15].u_gelu/r0b_arg_reg[6]'.
Info    : Replacing a flip-flop with a logic constant 0. [GLO-12]
        : The instance is 'u_rb/g_postproc[14].u_gelu/r0b_arg_reg[6]'.
Info    : Replacing a flip-flop with a logic constant 0. [GLO-12]
        : The instance is 'u_rb/g_postproc[13].u_gelu/r0b_arg_reg[6]'.
Info    : Replacing a flip-flop with a logic constant 0. [GLO-12]
        : The instance is 'u_rb/g_postproc[12].u_gelu/r0b_arg_reg[6]'.
Info    : Replacing a flip-flop with a logic constant 0. [GLO-12]
        : The instance is 'u_rb/g_postproc[11].u_gelu/r0b_arg_reg[6]'.
Info    : Replacing a flip-flop with a logic constant 0. [GLO-12]
        : The instance is 'u_rb/g_postproc[10].u_gelu/r0b_arg_reg[6]'.
Info    : Replacing a flip-flop with a logic constant 0. [GLO-12]
        : The instance is 'u_rb/g_postproc[9].u_gelu/r0b_arg_reg[6]'.
Info    : Replacing a flip-flop with a logic constant 0. [GLO-12]
        : The instance is 'u_rb/g_postproc[8].u_gelu/r0b_arg_reg[6]'.
Info    : Replacing a flip-flop with a logic constant 0. [GLO-12]
        : The instance is 'u_rb/g_postproc[7].u_gelu/r0b_arg_reg[6]'.
Info    : Replacing a flip-flop with a logic constant 0. [GLO-12]
        : The instance is 'u_rb/g_postproc[6].u_gelu/r0b_arg_reg[6]'.
Info    : Replacing a flip-flop with a logic constant 0. [GLO-12]
        : The instance is 'u_rb/g_postproc[5].u_gelu/r0b_arg_reg[6]'.
Info    : Replacing a flip-flop with a logic constant 0. [GLO-12]
        : The instance is 'u_rb/g_postproc[4].u_gelu/r0b_arg_reg[6]'.
Info    : Replacing a flip-flop with a logic constant 0. [GLO-12]
        : The instance is 'u_rb/g_postproc[3].u_gelu/r0b_arg_reg[6]'.
Info    : Replacing a flip-flop with a logic constant 0. [GLO-12]
        : The instance is 'u_rb/g_postproc[2].u_gelu/r0b_arg_reg[6]'.
Info    : Replacing a flip-flop with a logic constant 0. [GLO-12]
        : The instance is 'u_rb/g_postproc[1].u_gelu/r0b_arg_reg[6]'.
Info    : Replacing a flip-flop with a logic constant 0. [GLO-12]
        : The instance is 'u_rb/g_postproc[0].u_gelu/r0b_arg_reg[6]'.
Info    : Replacing a flip-flop with a logic constant 0. [GLO-12]
        : The instance is 'u_rb/g_postproc[31].u_gelu/r0b_arg_reg[7]'.
Info    : Replacing a flip-flop with a logic constant 0. [GLO-12]
        : The instance is 'u_rb/g_postproc[30].u_gelu/r0b_arg_reg[7]'.
Info    : Replacing a flip-flop with a logic constant 0. [GLO-12]
        : The instance is 'u_rb/g_postproc[29].u_gelu/r0b_arg_reg[7]'.
Info    : Replacing a flip-flop with a logic constant 0. [GLO-12]
        : The instance is 'u_rb/g_postproc[28].u_gelu/r0b_arg_reg[7]'.
Info    : Replacing a flip-flop with a logic constant 0. [GLO-12]
        : The instance is 'u_rb/g_postproc[27].u_gelu/r0b_arg_reg[7]'.
Info    : Replacing a flip-flop with a logic constant 0. [GLO-12]
        : The instance is 'u_rb/g_postproc[26].u_gelu/r0b_arg_reg[7]'.
Info    : Replacing a flip-flop with a logic constant 0. [GLO-12]
        : The instance is 'u_rb/g_postproc[25].u_gelu/r0b_arg_reg[7]'.
Info    : Replacing a flip-flop with a logic constant 0. [GLO-12]
        : The instance is 'u_rb/g_postproc[24].u_gelu/r0b_arg_reg[7]'.
Info    : Replacing a flip-flop with a logic constant 0. [GLO-12]
        : The instance is 'u_rb/g_postproc[23].u_gelu/r0b_arg_reg[7]'.
Info    : Replacing a flip-flop with a logic constant 0. [GLO-12]
        : The instance is 'u_rb/g_postproc[22].u_gelu/r0b_arg_reg[7]'.
Info    : Replacing a flip-flop with a logic constant 0. [GLO-12]
        : The instance is 'u_rb/g_postproc[21].u_gelu/r0b_arg_reg[7]'.
Info    : Replacing a flip-flop with a logic constant 0. [GLO-12]
        : The instance is 'u_rb/g_postproc[20].u_gelu/r0b_arg_reg[7]'.
Info    : Replacing a flip-flop with a logic constant 0. [GLO-12]
        : The instance is 'u_rb/g_postproc[19].u_gelu/r0b_arg_reg[7]'.
Info    : Replacing a flip-flop with a logic constant 0. [GLO-12]
        : The instance is 'u_rb/g_postproc[18].u_gelu/r0b_arg_reg[7]'.
Info    : Replacing a flip-flop with a logic constant 0. [GLO-12]
        : The instance is 'u_rb/g_postproc[17].u_gelu/r0b_arg_reg[7]'.
Info    : Replacing a flip-flop with a logic constant 0. [GLO-12]
        : The instance is 'u_rb/g_postproc[16].u_gelu/r0b_arg_reg[7]'.
Info    : Replacing a flip-flop with a logic constant 0. [GLO-12]
        : The instance is 'u_rb/g_postproc[15].u_gelu/r0b_arg_reg[7]'.
Info    : Replacing a flip-flop with a logic constant 0. [GLO-12]
        : The instance is 'u_rb/g_postproc[14].u_gelu/r0b_arg_reg[7]'.
Info    : Replacing a flip-flop with a logic constant 0. [GLO-12]
        : The instance is 'u_rb/g_postproc[13].u_gelu/r0b_arg_reg[7]'.
Info    : Replacing a flip-flop with a logic constant 0. [GLO-12]
        : The instance is 'u_rb/g_postproc[12].u_gelu/r0b_arg_reg[7]'.
Info    : Replacing a flip-flop with a logic constant 0. [GLO-12]
        : The instance is 'u_rb/g_postproc[11].u_gelu/r0b_arg_reg[7]'.
Info    : Replacing a flip-flop with a logic constant 0. [GLO-12]
        : The instance is 'u_rb/g_postproc[10].u_gelu/r0b_arg_reg[7]'.
Info    : Replacing a flip-flop with a logic constant 0. [GLO-12]
        : The instance is 'u_rb/g_postproc[9].u_gelu/r0b_arg_reg[7]'.
Info    : Replacing a flip-flop with a logic constant 0. [GLO-12]
        : The instance is 'u_rb/g_postproc[8].u_gelu/r0b_arg_reg[7]'.
Info    : Replacing a flip-flop with a logic constant 0. [GLO-12]
        : The instance is 'u_rb/g_postproc[7].u_gelu/r0b_arg_reg[7]'.
Info    : Replacing a flip-flop with a logic constant 0. [GLO-12]
        : The instance is 'u_rb/g_postproc[6].u_gelu/r0b_arg_reg[7]'.
Info    : Replacing a flip-flop with a logic constant 0. [GLO-12]
        : The instance is 'u_rb/g_postproc[5].u_gelu/r0b_arg_reg[7]'.
Info    : Replacing a flip-flop with a logic constant 0. [GLO-12]
        : The instance is 'u_rb/g_postproc[4].u_gelu/r0b_arg_reg[7]'.
Info    : Replacing a flip-flop with a logic constant 0. [GLO-12]
        : The instance is 'u_rb/g_postproc[3].u_gelu/r0b_arg_reg[7]'.
Info    : Replacing a flip-flop with a logic constant 0. [GLO-12]
        : The instance is 'u_rb/g_postproc[2].u_gelu/r0b_arg_reg[7]'.
Info    : Replacing a flip-flop with a logic constant 0. [GLO-12]
        : The instance is 'u_rb/g_postproc[1].u_gelu/r0b_arg_reg[7]'.
Info    : Replacing a flip-flop with a logic constant 0. [GLO-12]
        : The instance is 'u_rb/g_postproc[0].u_gelu/r0b_arg_reg[7]'.
Info    : Replacing a flip-flop with a logic constant 0. [GLO-12]
        : The instance is 'u_rb/g_postproc[31].u_gelu/r1_arg2_reg[31]'.
Info    : Replacing a flip-flop with a logic constant 0. [GLO-12]
        : The instance is 'u_rb/g_postproc[30].u_gelu/r1_arg2_reg[31]'.
Info    : Replacing a flip-flop with a logic constant 0. [GLO-12]
        : The instance is 'u_rb/g_postproc[29].u_gelu/r1_arg2_reg[31]'.
Info    : Replacing a flip-flop with a logic constant 0. [GLO-12]
        : The instance is 'u_rb/g_postproc[28].u_gelu/r1_arg2_reg[31]'.
Info    : Replacing a flip-flop with a logic constant 0. [GLO-12]
        : The instance is 'u_rb/g_postproc[27].u_gelu/r1_arg2_reg[31]'.
Info    : Replacing a flip-flop with a logic constant 0. [GLO-12]
        : The instance is 'u_rb/g_postproc[26].u_gelu/r1_arg2_reg[31]'.
Info    : Replacing a flip-flop with a logic constant 0. [GLO-12]
        : The instance is 'u_rb/g_postproc[25].u_gelu/r1_arg2_reg[31]'.
Info    : Replacing a flip-flop with a logic constant 0. [GLO-12]
        : The instance is 'u_rb/g_postproc[24].u_gelu/r1_arg2_reg[31]'.
Info    : Replacing a flip-flop with a logic constant 0. [GLO-12]
        : The instance is 'u_rb/g_postproc[23].u_gelu/r1_arg2_reg[31]'.
Info    : Replacing a flip-flop with a logic constant 0. [GLO-12]
        : The instance is 'u_rb/g_postproc[22].u_gelu/r1_arg2_reg[31]'.
Info    : Replacing a flip-flop with a logic constant 0. [GLO-12]
        : The instance is 'u_rb/g_postproc[21].u_gelu/r1_arg2_reg[31]'.
Info    : Replacing a flip-flop with a logic constant 0. [GLO-12]
        : The instance is 'u_rb/g_postproc[20].u_gelu/r1_arg2_reg[31]'.
Info    : Replacing a flip-flop with a logic constant 0. [GLO-12]
        : The instance is 'u_rb/g_postproc[19].u_gelu/r1_arg2_reg[31]'.
Info    : Replacing a flip-flop with a logic constant 0. [GLO-12]
        : The instance is 'u_rb/g_postproc[18].u_gelu/r1_arg2_reg[31]'.
Info    : Replacing a flip-flop with a logic constant 0. [GLO-12]
        : The instance is 'u_rb/g_postproc[17].u_gelu/r1_arg2_reg[31]'.
Info    : Replacing a flip-flop with a logic constant 0. [GLO-12]
        : The instance is 'u_rb/g_postproc[16].u_gelu/r1_arg2_reg[31]'.
Info    : Replacing a flip-flop with a logic constant 0. [GLO-12]
        : The instance is 'u_rb/g_postproc[15].u_gelu/r1_arg2_reg[31]'.
Info    : Replacing a flip-flop with a logic constant 0. [GLO-12]
        : The instance is 'u_rb/g_postproc[14].u_gelu/r1_arg2_reg[31]'.
Info    : Replacing a flip-flop with a logic constant 0. [GLO-12]
        : The instance is 'u_rb/g_postproc[13].u_gelu/r1_arg2_reg[31]'.
Info    : Replacing a flip-flop with a logic constant 0. [GLO-12]
        : The instance is 'u_rb/g_postproc[12].u_gelu/r1_arg2_reg[31]'.
Info    : Replacing a flip-flop with a logic constant 0. [GLO-12]
        : The instance is 'u_rb/g_postproc[11].u_gelu/r1_arg2_reg[31]'.
Info    : Replacing a flip-flop with a logic constant 0. [GLO-12]
        : The instance is 'u_rb/g_postproc[10].u_gelu/r1_arg2_reg[31]'.
Info    : Replacing a flip-flop with a logic constant 0. [GLO-12]
        : The instance is 'u_rb/g_postproc[9].u_gelu/r1_arg2_reg[31]'.
Info    : Replacing a flip-flop with a logic constant 0. [GLO-12]
        : The instance is 'u_rb/g_postproc[8].u_gelu/r1_arg2_reg[31]'.
Info    : Replacing a flip-flop with a logic constant 0. [GLO-12]
        : The instance is 'u_rb/g_postproc[7].u_gelu/r1_arg2_reg[31]'.
Info    : Replacing a flip-flop with a logic constant 0. [GLO-12]
        : The instance is 'u_rb/g_postproc[6].u_gelu/r1_arg2_reg[31]'.
Info    : Replacing a flip-flop with a logic constant 0. [GLO-12]
        : The instance is 'u_rb/g_postproc[5].u_gelu/r1_arg2_reg[31]'.
Info    : Replacing a flip-flop with a logic constant 0. [GLO-12]
        : The instance is 'u_rb/g_postproc[4].u_gelu/r1_arg2_reg[31]'.
Info    : Replacing a flip-flop with a logic constant 0. [GLO-12]
        : The instance is 'u_rb/g_postproc[3].u_gelu/r1_arg2_reg[31]'.
Info    : Replacing a flip-flop with a logic constant 0. [GLO-12]
        : The instance is 'u_rb/g_postproc[2].u_gelu/r1_arg2_reg[31]'.
Info    : Replacing a flip-flop with a logic constant 0. [GLO-12]
        : The instance is 'u_rb/g_postproc[1].u_gelu/r1_arg2_reg[31]'.
Info    : Replacing a flip-flop with a logic constant 0. [GLO-12]
        : The instance is 'u_rb/g_postproc[0].u_gelu/r1_arg2_reg[31]'.
Info    : Replacing a flip-flop with a logic constant 0. [GLO-12]
        : The instance is 'u_rb/g_postproc[31].u_gelu/r1b_arg4_reg[31]'.
Info    : Replacing a flip-flop with a logic constant 0. [GLO-12]
        : The instance is 'u_rb/g_postproc[30].u_gelu/r1b_arg4_reg[31]'.
Info    : Replacing a flip-flop with a logic constant 0. [GLO-12]
        : The instance is 'u_rb/g_postproc[29].u_gelu/r1b_arg4_reg[31]'.
Info    : Replacing a flip-flop with a logic constant 0. [GLO-12]
        : The instance is 'u_rb/g_postproc[28].u_gelu/r1b_arg4_reg[31]'.
Info    : Replacing a flip-flop with a logic constant 0. [GLO-12]
        : The instance is 'u_rb/g_postproc[27].u_gelu/r1b_arg4_reg[31]'.
Info    : Replacing a flip-flop with a logic constant 0. [GLO-12]
        : The instance is 'u_rb/g_postproc[26].u_gelu/r1b_arg4_reg[31]'.
Info    : Replacing a flip-flop with a logic constant 0. [GLO-12]
        : The instance is 'u_rb/g_postproc[25].u_gelu/r1b_arg4_reg[31]'.
Info    : Replacing a flip-flop with a logic constant 0. [GLO-12]
        : The instance is 'u_rb/g_postproc[24].u_gelu/r1b_arg4_reg[31]'.
Info    : Replacing a flip-flop with a logic constant 0. [GLO-12]
        : The instance is 'u_rb/g_postproc[23].u_gelu/r1b_arg4_reg[31]'.
Info    : Replacing a flip-flop with a logic constant 0. [GLO-12]
        : The instance is 'u_rb/g_postproc[22].u_gelu/r1b_arg4_reg[31]'.
Info    : Replacing a flip-flop with a logic constant 0. [GLO-12]
        : The instance is 'u_rb/g_postproc[21].u_gelu/r1b_arg4_reg[31]'.
Info    : Replacing a flip-flop with a logic constant 0. [GLO-12]
        : The instance is 'u_rb/g_postproc[20].u_gelu/r1b_arg4_reg[31]'.
Info    : Replacing a flip-flop with a logic constant 0. [GLO-12]
        : The instance is 'u_rb/g_postproc[19].u_gelu/r1b_arg4_reg[31]'.
Info    : Replacing a flip-flop with a logic constant 0. [GLO-12]
        : The instance is 'u_rb/g_postproc[18].u_gelu/r1b_arg4_reg[31]'.
Info    : Replacing a flip-flop with a logic constant 0. [GLO-12]
        : The instance is 'u_rb/g_postproc[17].u_gelu/r1b_arg4_reg[31]'.
Info    : Replacing a flip-flop with a logic constant 0. [GLO-12]
        : The instance is 'u_rb/g_postproc[16].u_gelu/r1b_arg4_reg[31]'.
Info    : Replacing a flip-flop with a logic constant 0. [GLO-12]
        : The instance is 'u_rb/g_postproc[15].u_gelu/r1b_arg4_reg[31]'.
Info    : Replacing a flip-flop with a logic constant 0. [GLO-12]
        : The instance is 'u_rb/g_postproc[14].u_gelu/r1b_arg4_reg[31]'.
Info    : Replacing a flip-flop with a logic constant 0. [GLO-12]
        : The instance is 'u_rb/g_postproc[13].u_gelu/r1b_arg4_reg[31]'.
Info    : Replacing a flip-flop with a logic constant 0. [GLO-12]
        : The instance is 'u_rb/g_postproc[12].u_gelu/r1b_arg4_reg[31]'.
Info    : Replacing a flip-flop with a logic constant 0. [GLO-12]
        : The instance is 'u_rb/g_postproc[11].u_gelu/r1b_arg4_reg[31]'.
Info    : Replacing a flip-flop with a logic constant 0. [GLO-12]
        : The instance is 'u_rb/g_postproc[10].u_gelu/r1b_arg4_reg[31]'.
Info    : Replacing a flip-flop with a logic constant 0. [GLO-12]
        : The instance is 'u_rb/g_postproc[9].u_gelu/r1b_arg4_reg[31]'.
Info    : Replacing a flip-flop with a logic constant 0. [GLO-12]
        : The instance is 'u_rb/g_postproc[8].u_gelu/r1b_arg4_reg[31]'.
Info    : Replacing a flip-flop with a logic constant 0. [GLO-12]
        : The instance is 'u_rb/g_postproc[7].u_gelu/r1b_arg4_reg[31]'.
Info    : Replacing a flip-flop with a logic constant 0. [GLO-12]
        : The instance is 'u_rb/g_postproc[6].u_gelu/r1b_arg4_reg[31]'.
Info    : Replacing a flip-flop with a logic constant 0. [GLO-12]
        : The instance is 'u_rb/g_postproc[5].u_gelu/r1b_arg4_reg[31]'.
Info    : Replacing a flip-flop with a logic constant 0. [GLO-12]
        : The instance is 'u_rb/g_postproc[4].u_gelu/r1b_arg4_reg[31]'.
Info    : Replacing a flip-flop with a logic constant 0. [GLO-12]
        : The instance is 'u_rb/g_postproc[3].u_gelu/r1b_arg4_reg[31]'.
Info    : Replacing a flip-flop with a logic constant 0. [GLO-12]
        : The instance is 'u_rb/g_postproc[2].u_gelu/r1b_arg4_reg[31]'.
Info    : Replacing a flip-flop with a logic constant 0. [GLO-12]
        : The instance is 'u_rb/g_postproc[1].u_gelu/r1b_arg4_reg[31]'.
Info    : Replacing a flip-flop with a logic constant 0. [GLO-12]
        : The instance is 'u_rb/g_postproc[0].u_gelu/r1b_arg4_reg[31]'.
Info    : Replacing a flip-flop with a logic constant 0. [GLO-12]
        : The instance is 'u_rb/g_postproc[31].u_gelu/r1b_a171_reg[0]'.
Info    : Replacing a flip-flop with a logic constant 0. [GLO-12]
        : The instance is 'u_rb/g_postproc[30].u_gelu/r1b_a171_reg[0]'.
Info    : Replacing a flip-flop with a logic constant 0. [GLO-12]
        : The instance is 'u_rb/g_postproc[29].u_gelu/r1b_a171_reg[0]'.
Info    : Replacing a flip-flop with a logic constant 0. [GLO-12]
        : The instance is 'u_rb/g_postproc[28].u_gelu/r1b_a171_reg[0]'.
Info    : Replacing a flip-flop with a logic constant 0. [GLO-12]
        : The instance is 'u_rb/g_postproc[27].u_gelu/r1b_a171_reg[0]'.
Info    : Replacing a flip-flop with a logic constant 0. [GLO-12]
        : The instance is 'u_rb/g_postproc[26].u_gelu/r1b_a171_reg[0]'.
Info    : Replacing a flip-flop with a logic constant 0. [GLO-12]
        : The instance is 'u_rb/g_postproc[25].u_gelu/r1b_a171_reg[0]'.
Info    : Replacing a flip-flop with a logic constant 0. [GLO-12]
        : The instance is 'u_rb/g_postproc[24].u_gelu/r1b_a171_reg[0]'.
Info    : Replacing a flip-flop with a logic constant 0. [GLO-12]
        : The instance is 'u_rb/g_postproc[23].u_gelu/r1b_a171_reg[0]'.
Info    : Replacing a flip-flop with a logic constant 0. [GLO-12]
        : The instance is 'u_rb/g_postproc[22].u_gelu/r1b_a171_reg[0]'.
Info    : Replacing a flip-flop with a logic constant 0. [GLO-12]
        : The instance is 'u_rb/g_postproc[21].u_gelu/r1b_a171_reg[0]'.
Info    : Replacing a flip-flop with a logic constant 0. [GLO-12]
        : The instance is 'u_rb/g_postproc[20].u_gelu/r1b_a171_reg[0]'.
Info    : Replacing a flip-flop with a logic constant 0. [GLO-12]
        : The instance is 'u_rb/g_postproc[19].u_gelu/r1b_a171_reg[0]'.
Info    : Replacing a flip-flop with a logic constant 0. [GLO-12]
        : The instance is 'u_rb/g_postproc[18].u_gelu/r1b_a171_reg[0]'.
Info    : Replacing a flip-flop with a logic constant 0. [GLO-12]
        : The instance is 'u_rb/g_postproc[17].u_gelu/r1b_a171_reg[0]'.
Info    : Replacing a flip-flop with a logic constant 0. [GLO-12]
        : The instance is 'u_rb/g_postproc[16].u_gelu/r1b_a171_reg[0]'.
Info    : Replacing a flip-flop with a logic constant 0. [GLO-12]
        : The instance is 'u_rb/g_postproc[15].u_gelu/r1b_a171_reg[0]'.
Info    : Replacing a flip-flop with a logic constant 0. [GLO-12]
        : The instance is 'u_rb/g_postproc[14].u_gelu/r1b_a171_reg[0]'.
Info    : Replacing a flip-flop with a logic constant 0. [GLO-12]
        : The instance is 'u_rb/g_postproc[13].u_gelu/r1b_a171_reg[0]'.
Info    : Replacing a flip-flop with a logic constant 0. [GLO-12]
        : The instance is 'u_rb/g_postproc[12].u_gelu/r1b_a171_reg[0]'.
Info    : Replacing a flip-flop with a logic constant 0. [GLO-12]
        : The instance is 'u_rb/g_postproc[11].u_gelu/r1b_a171_reg[0]'.
Info    : Replacing a flip-flop with a logic constant 0. [GLO-12]
        : The instance is 'u_rb/g_postproc[10].u_gelu/r1b_a171_reg[0]'.
Info    : Replacing a flip-flop with a logic constant 0. [GLO-12]
        : The instance is 'u_rb/g_postproc[9].u_gelu/r1b_a171_reg[0]'.
Info    : Replacing a flip-flop with a logic constant 0. [GLO-12]
        : The instance is 'u_rb/g_postproc[8].u_gelu/r1b_a171_reg[0]'.
Info    : Replacing a flip-flop with a logic constant 0. [GLO-12]
        : The instance is 'u_rb/g_postproc[7].u_gelu/r1b_a171_reg[0]'.
Info    : Replacing a flip-flop with a logic constant 0. [GLO-12]
        : The instance is 'u_rb/g_postproc[6].u_gelu/r1b_a171_reg[0]'.
Info    : Replacing a flip-flop with a logic constant 0. [GLO-12]
        : The instance is 'u_rb/g_postproc[5].u_gelu/r1b_a171_reg[0]'.
Info    : Replacing a flip-flop with a logic constant 0. [GLO-12]
        : The instance is 'u_rb/g_postproc[4].u_gelu/r1b_a171_reg[0]'.
Info    : Replacing a flip-flop with a logic constant 0. [GLO-12]
        : The instance is 'u_rb/g_postproc[3].u_gelu/r1b_a171_reg[0]'.
Info    : Replacing a flip-flop with a logic constant 0. [GLO-12]
        : The instance is 'u_rb/g_postproc[2].u_gelu/r1b_a171_reg[0]'.
Info    : Replacing a flip-flop with a logic constant 0. [GLO-12]
        : The instance is 'u_rb/g_postproc[1].u_gelu/r1b_a171_reg[0]'.
Info    : Replacing a flip-flop with a logic constant 0. [GLO-12]
        : The instance is 'u_rb/g_postproc[0].u_gelu/r1b_a171_reg[0]'.
Info    : Replacing a flip-flop with a logic constant 0. [GLO-12]
        : The instance is 'u_rb/g_postproc[31].u_gelu/r1b_a171_reg[1]'.
Info    : Replacing a flip-flop with a logic constant 0. [GLO-12]
        : The instance is 'u_rb/g_postproc[30].u_gelu/r1b_a171_reg[1]'.
Info    : Replacing a flip-flop with a logic constant 0. [GLO-12]
        : The instance is 'u_rb/g_postproc[29].u_gelu/r1b_a171_reg[1]'.
Info    : Replacing a flip-flop with a logic constant 0. [GLO-12]
        : The instance is 'u_rb/g_postproc[28].u_gelu/r1b_a171_reg[1]'.
Info    : Replacing a flip-flop with a logic constant 0. [GLO-12]
        : The instance is 'u_rb/g_postproc[27].u_gelu/r1b_a171_reg[1]'.
Info    : Replacing a flip-flop with a logic constant 0. [GLO-12]
        : The instance is 'u_rb/g_postproc[26].u_gelu/r1b_a171_reg[1]'.
Info    : Replacing a flip-flop with a logic constant 0. [GLO-12]
        : The instance is 'u_rb/g_postproc[25].u_gelu/r1b_a171_reg[1]'.
Info    : Replacing a flip-flop with a logic constant 0. [GLO-12]
        : The instance is 'u_rb/g_postproc[24].u_gelu/r1b_a171_reg[1]'.
Info    : Replacing a flip-flop with a logic constant 0. [GLO-12]
        : The instance is 'u_rb/g_postproc[23].u_gelu/r1b_a171_reg[1]'.
Info    : Replacing a flip-flop with a logic constant 0. [GLO-12]
        : The instance is 'u_rb/g_postproc[22].u_gelu/r1b_a171_reg[1]'.
Info    : Replacing a flip-flop with a logic constant 0. [GLO-12]
        : The instance is 'u_rb/g_postproc[21].u_gelu/r1b_a171_reg[1]'.
Info    : Replacing a flip-flop with a logic constant 0. [GLO-12]
        : The instance is 'u_rb/g_postproc[20].u_gelu/r1b_a171_reg[1]'.
Info    : Replacing a flip-flop with a logic constant 0. [GLO-12]
        : The instance is 'u_rb/g_postproc[19].u_gelu/r1b_a171_reg[1]'.
Info    : Replacing a flip-flop with a logic constant 0. [GLO-12]
        : The instance is 'u_rb/g_postproc[18].u_gelu/r1b_a171_reg[1]'.
Info    : Replacing a flip-flop with a logic constant 0. [GLO-12]
        : The instance is 'u_rb/g_postproc[17].u_gelu/r1b_a171_reg[1]'.
Info    : Replacing a flip-flop with a logic constant 0. [GLO-12]
        : The instance is 'u_rb/g_postproc[16].u_gelu/r1b_a171_reg[1]'.
Info    : Replacing a flip-flop with a logic constant 0. [GLO-12]
        : The instance is 'u_rb/g_postproc[15].u_gelu/r1b_a171_reg[1]'.
Info    : Replacing a flip-flop with a logic constant 0. [GLO-12]
        : The instance is 'u_rb/g_postproc[14].u_gelu/r1b_a171_reg[1]'.
Info    : Replacing a flip-flop with a logic constant 0. [GLO-12]
        : The instance is 'u_rb/g_postproc[13].u_gelu/r1b_a171_reg[1]'.
Info    : Replacing a flip-flop with a logic constant 0. [GLO-12]
        : The instance is 'u_rb/g_postproc[12].u_gelu/r1b_a171_reg[1]'.
Info    : Replacing a flip-flop with a logic constant 0. [GLO-12]
        : The instance is 'u_rb/g_postproc[11].u_gelu/r1b_a171_reg[1]'.
Info    : Replacing a flip-flop with a logic constant 0. [GLO-12]
        : The instance is 'u_rb/g_postproc[10].u_gelu/r1b_a171_reg[1]'.
Info    : Replacing a flip-flop with a logic constant 0. [GLO-12]
        : The instance is 'u_rb/g_postproc[9].u_gelu/r1b_a171_reg[1]'.
Info    : Replacing a flip-flop with a logic constant 0. [GLO-12]
        : The instance is 'u_rb/g_postproc[8].u_gelu/r1b_a171_reg[1]'.
Info    : Replacing a flip-flop with a logic constant 0. [GLO-12]
        : The instance is 'u_rb/g_postproc[7].u_gelu/r1b_a171_reg[1]'.
Info    : Replacing a flip-flop with a logic constant 0. [GLO-12]
        : The instance is 'u_rb/g_postproc[6].u_gelu/r1b_a171_reg[1]'.
Info    : Replacing a flip-flop with a logic constant 0. [GLO-12]
        : The instance is 'u_rb/g_postproc[5].u_gelu/r1b_a171_reg[1]'.
Info    : Replacing a flip-flop with a logic constant 0. [GLO-12]
        : The instance is 'u_rb/g_postproc[4].u_gelu/r1b_a171_reg[1]'.
Info    : Replacing a flip-flop with a logic constant 0. [GLO-12]
        : The instance is 'u_rb/g_postproc[3].u_gelu/r1b_a171_reg[1]'.
Info    : Replacing a flip-flop with a logic constant 0. [GLO-12]
        : The instance is 'u_rb/g_postproc[2].u_gelu/r1b_a171_reg[1]'.
Info    : Replacing a flip-flop with a logic constant 0. [GLO-12]
        : The instance is 'u_rb/g_postproc[1].u_gelu/r1b_a171_reg[1]'.
Info    : Replacing a flip-flop with a logic constant 0. [GLO-12]
        : The instance is 'u_rb/g_postproc[0].u_gelu/r1b_a171_reg[1]'.
Info    : Replacing a flip-flop with a logic constant 0. [GLO-12]
        : The instance is 'u_rb/g_postproc[31].u_gelu/r1b_a171_reg[2]'.
Info    : Replacing a flip-flop with a logic constant 0. [GLO-12]
        : The instance is 'u_rb/g_postproc[30].u_gelu/r1b_a171_reg[2]'.
Info    : Replacing a flip-flop with a logic constant 0. [GLO-12]
        : The instance is 'u_rb/g_postproc[29].u_gelu/r1b_a171_reg[2]'.
Info    : Replacing a flip-flop with a logic constant 0. [GLO-12]
        : The instance is 'u_rb/g_postproc[28].u_gelu/r1b_a171_reg[2]'.
Info    : Replacing a flip-flop with a logic constant 0. [GLO-12]
        : The instance is 'u_rb/g_postproc[27].u_gelu/r1b_a171_reg[2]'.
Info    : Replacing a flip-flop with a logic constant 0. [GLO-12]
        : The instance is 'u_rb/g_postproc[26].u_gelu/r1b_a171_reg[2]'.
Info    : Replacing a flip-flop with a logic constant 0. [GLO-12]
        : The instance is 'u_rb/g_postproc[25].u_gelu/r1b_a171_reg[2]'.
Info    : Replacing a flip-flop with a logic constant 0. [GLO-12]
        : The instance is 'u_rb/g_postproc[24].u_gelu/r1b_a171_reg[2]'.
Info    : Replacing a flip-flop with a logic constant 0. [GLO-12]
        : The instance is 'u_rb/g_postproc[23].u_gelu/r1b_a171_reg[2]'.
Info    : Replacing a flip-flop with a logic constant 0. [GLO-12]
        : The instance is 'u_rb/g_postproc[22].u_gelu/r1b_a171_reg[2]'.
Info    : Replacing a flip-flop with a logic constant 0. [GLO-12]
        : The instance is 'u_rb/g_postproc[21].u_gelu/r1b_a171_reg[2]'.
Info    : Replacing a flip-flop with a logic constant 0. [GLO-12]
        : The instance is 'u_rb/g_postproc[20].u_gelu/r1b_a171_reg[2]'.
Info    : Replacing a flip-flop with a logic constant 0. [GLO-12]
        : The instance is 'u_rb/g_postproc[19].u_gelu/r1b_a171_reg[2]'.
Info    : Replacing a flip-flop with a logic constant 0. [GLO-12]
        : The instance is 'u_rb/g_postproc[18].u_gelu/r1b_a171_reg[2]'.
Info    : Replacing a flip-flop with a logic constant 0. [GLO-12]
        : The instance is 'u_rb/g_postproc[17].u_gelu/r1b_a171_reg[2]'.
Info    : Replacing a flip-flop with a logic constant 0. [GLO-12]
        : The instance is 'u_rb/g_postproc[16].u_gelu/r1b_a171_reg[2]'.
Info    : Replacing a flip-flop with a logic constant 0. [GLO-12]
        : The instance is 'u_rb/g_postproc[15].u_gelu/r1b_a171_reg[2]'.
Info    : Replacing a flip-flop with a logic constant 0. [GLO-12]
        : The instance is 'u_rb/g_postproc[14].u_gelu/r1b_a171_reg[2]'.
Info    : Replacing a flip-flop with a logic constant 0. [GLO-12]
        : The instance is 'u_rb/g_postproc[13].u_gelu/r1b_a171_reg[2]'.
Info    : Replacing a flip-flop with a logic constant 0. [GLO-12]
        : The instance is 'u_rb/g_postproc[12].u_gelu/r1b_a171_reg[2]'.
Info    : Replacing a flip-flop with a logic constant 0. [GLO-12]
        : The instance is 'u_rb/g_postproc[11].u_gelu/r1b_a171_reg[2]'.
Info    : Replacing a flip-flop with a logic constant 0. [GLO-12]
        : The instance is 'u_rb/g_postproc[10].u_gelu/r1b_a171_reg[2]'.
Info    : Replacing a flip-flop with a logic constant 0. [GLO-12]
        : The instance is 'u_rb/g_postproc[9].u_gelu/r1b_a171_reg[2]'.
Info    : Replacing a flip-flop with a logic constant 0. [GLO-12]
        : The instance is 'u_rb/g_postproc[8].u_gelu/r1b_a171_reg[2]'.
Info    : Replacing a flip-flop with a logic constant 0. [GLO-12]
        : The instance is 'u_rb/g_postproc[7].u_gelu/r1b_a171_reg[2]'.
Info    : Replacing a flip-flop with a logic constant 0. [GLO-12]
        : The instance is 'u_rb/g_postproc[6].u_gelu/r1b_a171_reg[2]'.
Info    : Replacing a flip-flop with a logic constant 0. [GLO-12]
        : The instance is 'u_rb/g_postproc[5].u_gelu/r1b_a171_reg[2]'.
Info    : Replacing a flip-flop with a logic constant 0. [GLO-12]
        : The instance is 'u_rb/g_postproc[4].u_gelu/r1b_a171_reg[2]'.
Info    : Replacing a flip-flop with a logic constant 0. [GLO-12]
        : The instance is 'u_rb/g_postproc[3].u_gelu/r1b_a171_reg[2]'.
Info    : Replacing a flip-flop with a logic constant 0. [GLO-12]
        : The instance is 'u_rb/g_postproc[2].u_gelu/r1b_a171_reg[2]'.
Info    : Replacing a flip-flop with a logic constant 0. [GLO-12]
        : The instance is 'u_rb/g_postproc[1].u_gelu/r1b_a171_reg[2]'.
Info    : Replacing a flip-flop with a logic constant 0. [GLO-12]
        : The instance is 'u_rb/g_postproc[0].u_gelu/r1b_a171_reg[2]'.
Info    : Replacing a flip-flop with a logic constant 0. [GLO-12]
        : The instance is 'u_rb/g_postproc[31].u_gelu/r1b_a171_reg[3]'.
Info    : Replacing a flip-flop with a logic constant 0. [GLO-12]
        : The instance is 'u_rb/g_postproc[30].u_gelu/r1b_a171_reg[3]'.
Info    : Replacing a flip-flop with a logic constant 0. [GLO-12]
        : The instance is 'u_rb/g_postproc[29].u_gelu/r1b_a171_reg[3]'.
Info    : Replacing a flip-flop with a logic constant 0. [GLO-12]
        : The instance is 'u_rb/g_postproc[28].u_gelu/r1b_a171_reg[3]'.
Info    : Replacing a flip-flop with a logic constant 0. [GLO-12]
        : The instance is 'u_rb/g_postproc[27].u_gelu/r1b_a171_reg[3]'.
Info    : Replacing a flip-flop with a logic constant 0. [GLO-12]
        : The instance is 'u_rb/g_postproc[26].u_gelu/r1b_a171_reg[3]'.
Info    : Replacing a flip-flop with a logic constant 0. [GLO-12]
        : The instance is 'u_rb/g_postproc[25].u_gelu/r1b_a171_reg[3]'.
Info    : Replacing a flip-flop with a logic constant 0. [GLO-12]
        : The instance is 'u_rb/g_postproc[24].u_gelu/r1b_a171_reg[3]'.
Info    : Replacing a flip-flop with a logic constant 0. [GLO-12]
        : The instance is 'u_rb/g_postproc[23].u_gelu/r1b_a171_reg[3]'.
Info    : Replacing a flip-flop with a logic constant 0. [GLO-12]
        : The instance is 'u_rb/g_postproc[22].u_gelu/r1b_a171_reg[3]'.
Info    : Replacing a flip-flop with a logic constant 0. [GLO-12]
        : The instance is 'u_rb/g_postproc[21].u_gelu/r1b_a171_reg[3]'.
Info    : Replacing a flip-flop with a logic constant 0. [GLO-12]
        : The instance is 'u_rb/g_postproc[20].u_gelu/r1b_a171_reg[3]'.
Info    : Replacing a flip-flop with a logic constant 0. [GLO-12]
        : The instance is 'u_rb/g_postproc[19].u_gelu/r1b_a171_reg[3]'.
Info    : Replacing a flip-flop with a logic constant 0. [GLO-12]
        : The instance is 'u_rb/g_postproc[18].u_gelu/r1b_a171_reg[3]'.
Info    : Replacing a flip-flop with a logic constant 0. [GLO-12]
        : The instance is 'u_rb/g_postproc[17].u_gelu/r1b_a171_reg[3]'.
Info    : Replacing a flip-flop with a logic constant 0. [GLO-12]
        : The instance is 'u_rb/g_postproc[16].u_gelu/r1b_a171_reg[3]'.
Info    : Replacing a flip-flop with a logic constant 0. [GLO-12]
        : The instance is 'u_rb/g_postproc[15].u_gelu/r1b_a171_reg[3]'.
Info    : Replacing a flip-flop with a logic constant 0. [GLO-12]
        : The instance is 'u_rb/g_postproc[14].u_gelu/r1b_a171_reg[3]'.
Info    : Replacing a flip-flop with a logic constant 0. [GLO-12]
        : The instance is 'u_rb/g_postproc[13].u_gelu/r1b_a171_reg[3]'.
Info    : Replacing a flip-flop with a logic constant 0. [GLO-12]
        : The instance is 'u_rb/g_postproc[12].u_gelu/r1b_a171_reg[3]'.
Info    : Replacing a flip-flop with a logic constant 0. [GLO-12]
        : The instance is 'u_rb/g_postproc[11].u_gelu/r1b_a171_reg[3]'.
Info    : Replacing a flip-flop with a logic constant 0. [GLO-12]
        : The instance is 'u_rb/g_postproc[10].u_gelu/r1b_a171_reg[3]'.
Info    : Replacing a flip-flop with a logic constant 0. [GLO-12]
        : The instance is 'u_rb/g_postproc[9].u_gelu/r1b_a171_reg[3]'.
Info    : Replacing a flip-flop with a logic constant 0. [GLO-12]
        : The instance is 'u_rb/g_postproc[8].u_gelu/r1b_a171_reg[3]'.
Info    : Replacing a flip-flop with a logic constant 0. [GLO-12]
        : The instance is 'u_rb/g_postproc[7].u_gelu/r1b_a171_reg[3]'.
Info    : Replacing a flip-flop with a logic constant 0. [GLO-12]
        : The instance is 'u_rb/g_postproc[6].u_gelu/r1b_a171_reg[3]'.
Info    : Replacing a flip-flop with a logic constant 0. [GLO-12]
        : The instance is 'u_rb/g_postproc[5].u_gelu/r1b_a171_reg[3]'.
Info    : Replacing a flip-flop with a logic constant 0. [GLO-12]
        : The instance is 'u_rb/g_postproc[4].u_gelu/r1b_a171_reg[3]'.
Info    : Replacing a flip-flop with a logic constant 0. [GLO-12]
        : The instance is 'u_rb/g_postproc[3].u_gelu/r1b_a171_reg[3]'.
Info    : Replacing a flip-flop with a logic constant 0. [GLO-12]
        : The instance is 'u_rb/g_postproc[2].u_gelu/r1b_a171_reg[3]'.
Info    : Replacing a flip-flop with a logic constant 0. [GLO-12]
        : The instance is 'u_rb/g_postproc[1].u_gelu/r1b_a171_reg[3]'.
Info    : Replacing a flip-flop with a logic constant 0. [GLO-12]
        : The instance is 'u_rb/g_postproc[0].u_gelu/r1b_a171_reg[3]'.
Info    : Replacing a flip-flop with a logic constant 0. [GLO-12]
        : The instance is 'u_rb/g_postproc[31].u_gelu/r1b_a171_reg[4]'.
Info    : Replacing a flip-flop with a logic constant 0. [GLO-12]
        : The instance is 'u_rb/g_postproc[30].u_gelu/r1b_a171_reg[4]'.
Info    : Replacing a flip-flop with a logic constant 0. [GLO-12]
        : The instance is 'u_rb/g_postproc[29].u_gelu/r1b_a171_reg[4]'.
Info    : Replacing a flip-flop with a logic constant 0. [GLO-12]
        : The instance is 'u_rb/g_postproc[28].u_gelu/r1b_a171_reg[4]'.
Info    : Replacing a flip-flop with a logic constant 0. [GLO-12]
        : The instance is 'u_rb/g_postproc[27].u_gelu/r1b_a171_reg[4]'.
Info    : Replacing a flip-flop with a logic constant 0. [GLO-12]
        : The instance is 'u_rb/g_postproc[26].u_gelu/r1b_a171_reg[4]'.
Info    : Replacing a flip-flop with a logic constant 0. [GLO-12]
        : The instance is 'u_rb/g_postproc[25].u_gelu/r1b_a171_reg[4]'.
Info    : Replacing a flip-flop with a logic constant 0. [GLO-12]
        : The instance is 'u_rb/g_postproc[24].u_gelu/r1b_a171_reg[4]'.
Info    : Replacing a flip-flop with a logic constant 0. [GLO-12]
        : The instance is 'u_rb/g_postproc[23].u_gelu/r1b_a171_reg[4]'.
Info    : Replacing a flip-flop with a logic constant 0. [GLO-12]
        : The instance is 'u_rb/g_postproc[22].u_gelu/r1b_a171_reg[4]'.
Info    : Replacing a flip-flop with a logic constant 0. [GLO-12]
        : The instance is 'u_rb/g_postproc[21].u_gelu/r1b_a171_reg[4]'.
Info    : Replacing a flip-flop with a logic constant 0. [GLO-12]
        : The instance is 'u_rb/g_postproc[20].u_gelu/r1b_a171_reg[4]'.
Info    : Replacing a flip-flop with a logic constant 0. [GLO-12]
        : The instance is 'u_rb/g_postproc[19].u_gelu/r1b_a171_reg[4]'.
Info    : Replacing a flip-flop with a logic constant 0. [GLO-12]
        : The instance is 'u_rb/g_postproc[18].u_gelu/r1b_a171_reg[4]'.
Info    : Replacing a flip-flop with a logic constant 0. [GLO-12]
        : The instance is 'u_rb/g_postproc[17].u_gelu/r1b_a171_reg[4]'.
Info    : Replacing a flip-flop with a logic constant 0. [GLO-12]
        : The instance is 'u_rb/g_postproc[16].u_gelu/r1b_a171_reg[4]'.
Info    : Replacing a flip-flop with a logic constant 0. [GLO-12]
        : The instance is 'u_rb/g_postproc[15].u_gelu/r1b_a171_reg[4]'.
Info    : Replacing a flip-flop with a logic constant 0. [GLO-12]
        : The instance is 'u_rb/g_postproc[14].u_gelu/r1b_a171_reg[4]'.
Info    : Replacing a flip-flop with a logic constant 0. [GLO-12]
        : The instance is 'u_rb/g_postproc[13].u_gelu/r1b_a171_reg[4]'.
Info    : Replacing a flip-flop with a logic constant 0. [GLO-12]
        : The instance is 'u_rb/g_postproc[12].u_gelu/r1b_a171_reg[4]'.
Info    : Replacing a flip-flop with a logic constant 0. [GLO-12]
        : The instance is 'u_rb/g_postproc[11].u_gelu/r1b_a171_reg[4]'.
Info    : Replacing a flip-flop with a logic constant 0. [GLO-12]
        : The instance is 'u_rb/g_postproc[10].u_gelu/r1b_a171_reg[4]'.
Info    : Replacing a flip-flop with a logic constant 0. [GLO-12]
        : The instance is 'u_rb/g_postproc[9].u_gelu/r1b_a171_reg[4]'.
Info    : Replacing a flip-flop with a logic constant 0. [GLO-12]
        : The instance is 'u_rb/g_postproc[8].u_gelu/r1b_a171_reg[4]'.
Info    : Replacing a flip-flop with a logic constant 0. [GLO-12]
        : The instance is 'u_rb/g_postproc[7].u_gelu/r1b_a171_reg[4]'.
Info    : Replacing a flip-flop with a logic constant 0. [GLO-12]
        : The instance is 'u_rb/g_postproc[6].u_gelu/r1b_a171_reg[4]'.
Info    : Replacing a flip-flop with a logic constant 0. [GLO-12]
        : The instance is 'u_rb/g_postproc[5].u_gelu/r1b_a171_reg[4]'.
Info    : Replacing a flip-flop with a logic constant 0. [GLO-12]
        : The instance is 'u_rb/g_postproc[4].u_gelu/r1b_a171_reg[4]'.
Info    : Replacing a flip-flop with a logic constant 0. [GLO-12]
        : The instance is 'u_rb/g_postproc[3].u_gelu/r1b_a171_reg[4]'.
Info    : Replacing a flip-flop with a logic constant 0. [GLO-12]
        : The instance is 'u_rb/g_postproc[2].u_gelu/r1b_a171_reg[4]'.
Info    : Replacing a flip-flop with a logic constant 0. [GLO-12]
        : The instance is 'u_rb/g_postproc[1].u_gelu/r1b_a171_reg[4]'.
Info    : Replacing a flip-flop with a logic constant 0. [GLO-12]
        : The instance is 'u_rb/g_postproc[0].u_gelu/r1b_a171_reg[4]'.
Info    : Replacing a flip-flop with a logic constant 0. [GLO-12]
        : The instance is 'u_rb/g_postproc[31].u_gelu/r1b_a171_reg[5]'.
Info    : Replacing a flip-flop with a logic constant 0. [GLO-12]
        : The instance is 'u_rb/g_postproc[30].u_gelu/r1b_a171_reg[5]'.
Info    : Replacing a flip-flop with a logic constant 0. [GLO-12]
        : The instance is 'u_rb/g_postproc[29].u_gelu/r1b_a171_reg[5]'.
Info    : Replacing a flip-flop with a logic constant 0. [GLO-12]
        : The instance is 'u_rb/g_postproc[28].u_gelu/r1b_a171_reg[5]'.
Info    : Replacing a flip-flop with a logic constant 0. [GLO-12]
        : The instance is 'u_rb/g_postproc[27].u_gelu/r1b_a171_reg[5]'.
Info    : Replacing a flip-flop with a logic constant 0. [GLO-12]
        : The instance is 'u_rb/g_postproc[26].u_gelu/r1b_a171_reg[5]'.
Info    : Replacing a flip-flop with a logic constant 0. [GLO-12]
        : The instance is 'u_rb/g_postproc[25].u_gelu/r1b_a171_reg[5]'.
Info    : Replacing a flip-flop with a logic constant 0. [GLO-12]
        : The instance is 'u_rb/g_postproc[24].u_gelu/r1b_a171_reg[5]'.
Info    : Replacing a flip-flop with a logic constant 0. [GLO-12]
        : The instance is 'u_rb/g_postproc[23].u_gelu/r1b_a171_reg[5]'.
Info    : Replacing a flip-flop with a logic constant 0. [GLO-12]
        : The instance is 'u_rb/g_postproc[22].u_gelu/r1b_a171_reg[5]'.
Info    : Replacing a flip-flop with a logic constant 0. [GLO-12]
        : The instance is 'u_rb/g_postproc[21].u_gelu/r1b_a171_reg[5]'.
Info    : Replacing a flip-flop with a logic constant 0. [GLO-12]
        : The instance is 'u_rb/g_postproc[20].u_gelu/r1b_a171_reg[5]'.
Info    : Replacing a flip-flop with a logic constant 0. [GLO-12]
        : The instance is 'u_rb/g_postproc[19].u_gelu/r1b_a171_reg[5]'.
Info    : Replacing a flip-flop with a logic constant 0. [GLO-12]
        : The instance is 'u_rb/g_postproc[18].u_gelu/r1b_a171_reg[5]'.
Info    : Replacing a flip-flop with a logic constant 0. [GLO-12]
        : The instance is 'u_rb/g_postproc[17].u_gelu/r1b_a171_reg[5]'.
Info    : Replacing a flip-flop with a logic constant 0. [GLO-12]
        : The instance is 'u_rb/g_postproc[16].u_gelu/r1b_a171_reg[5]'.
Info    : Replacing a flip-flop with a logic constant 0. [GLO-12]
        : The instance is 'u_rb/g_postproc[15].u_gelu/r1b_a171_reg[5]'.
Info    : Replacing a flip-flop with a logic constant 0. [GLO-12]
        : The instance is 'u_rb/g_postproc[14].u_gelu/r1b_a171_reg[5]'.
Info    : Replacing a flip-flop with a logic constant 0. [GLO-12]
        : The instance is 'u_rb/g_postproc[13].u_gelu/r1b_a171_reg[5]'.
Info    : Replacing a flip-flop with a logic constant 0. [GLO-12]
        : The instance is 'u_rb/g_postproc[12].u_gelu/r1b_a171_reg[5]'.
Info    : Replacing a flip-flop with a logic constant 0. [GLO-12]
        : The instance is 'u_rb/g_postproc[11].u_gelu/r1b_a171_reg[5]'.
Info    : Replacing a flip-flop with a logic constant 0. [GLO-12]
        : The instance is 'u_rb/g_postproc[10].u_gelu/r1b_a171_reg[5]'.
Info    : Replacing a flip-flop with a logic constant 0. [GLO-12]
        : The instance is 'u_rb/g_postproc[9].u_gelu/r1b_a171_reg[5]'.
Info    : Replacing a flip-flop with a logic constant 0. [GLO-12]
        : The instance is 'u_rb/g_postproc[8].u_gelu/r1b_a171_reg[5]'.
Info    : Replacing a flip-flop with a logic constant 0. [GLO-12]
        : The instance is 'u_rb/g_postproc[7].u_gelu/r1b_a171_reg[5]'.
Info    : Replacing a flip-flop with a logic constant 0. [GLO-12]
        : The instance is 'u_rb/g_postproc[6].u_gelu/r1b_a171_reg[5]'.
Info    : Replacing a flip-flop with a logic constant 0. [GLO-12]
        : The instance is 'u_rb/g_postproc[5].u_gelu/r1b_a171_reg[5]'.
Info    : Replacing a flip-flop with a logic constant 0. [GLO-12]
        : The instance is 'u_rb/g_postproc[4].u_gelu/r1b_a171_reg[5]'.
Info    : Replacing a flip-flop with a logic constant 0. [GLO-12]
        : The instance is 'u_rb/g_postproc[3].u_gelu/r1b_a171_reg[5]'.
Info    : Replacing a flip-flop with a logic constant 0. [GLO-12]
        : The instance is 'u_rb/g_postproc[2].u_gelu/r1b_a171_reg[5]'.
Info    : Replacing a flip-flop with a logic constant 0. [GLO-12]
        : The instance is 'u_rb/g_postproc[1].u_gelu/r1b_a171_reg[5]'.
Info    : Replacing a flip-flop with a logic constant 0. [GLO-12]
        : The instance is 'u_rb/g_postproc[0].u_gelu/r1b_a171_reg[5]'.
Info    : Replacing a flip-flop with a logic constant 0. [GLO-12]
        : The instance is 'u_rb/g_postproc[31].u_gelu/r1b_a171_reg[6]'.
Info    : Replacing a flip-flop with a logic constant 0. [GLO-12]
        : The instance is 'u_rb/g_postproc[30].u_gelu/r1b_a171_reg[6]'.
Info    : Replacing a flip-flop with a logic constant 0. [GLO-12]
        : The instance is 'u_rb/g_postproc[29].u_gelu/r1b_a171_reg[6]'.
Info    : Replacing a flip-flop with a logic constant 0. [GLO-12]
        : The instance is 'u_rb/g_postproc[28].u_gelu/r1b_a171_reg[6]'.
Info    : Replacing a flip-flop with a logic constant 0. [GLO-12]
        : The instance is 'u_rb/g_postproc[27].u_gelu/r1b_a171_reg[6]'.
Info    : Replacing a flip-flop with a logic constant 0. [GLO-12]
        : The instance is 'u_rb/g_postproc[26].u_gelu/r1b_a171_reg[6]'.
Info    : Replacing a flip-flop with a logic constant 0. [GLO-12]
        : The instance is 'u_rb/g_postproc[25].u_gelu/r1b_a171_reg[6]'.
Info    : Replacing a flip-flop with a logic constant 0. [GLO-12]
        : The instance is 'u_rb/g_postproc[24].u_gelu/r1b_a171_reg[6]'.
Info    : Replacing a flip-flop with a logic constant 0. [GLO-12]
        : The instance is 'u_rb/g_postproc[23].u_gelu/r1b_a171_reg[6]'.
Info    : Replacing a flip-flop with a logic constant 0. [GLO-12]
        : The instance is 'u_rb/g_postproc[22].u_gelu/r1b_a171_reg[6]'.
Info    : Replacing a flip-flop with a logic constant 0. [GLO-12]
        : The instance is 'u_rb/g_postproc[21].u_gelu/r1b_a171_reg[6]'.
Info    : Replacing a flip-flop with a logic constant 0. [GLO-12]
        : The instance is 'u_rb/g_postproc[20].u_gelu/r1b_a171_reg[6]'.
Info    : Replacing a flip-flop with a logic constant 0. [GLO-12]
        : The instance is 'u_rb/g_postproc[19].u_gelu/r1b_a171_reg[6]'.
Info    : Replacing a flip-flop with a logic constant 0. [GLO-12]
        : The instance is 'u_rb/g_postproc[18].u_gelu/r1b_a171_reg[6]'.
Info    : Replacing a flip-flop with a logic constant 0. [GLO-12]
        : The instance is 'u_rb/g_postproc[17].u_gelu/r1b_a171_reg[6]'.
Info    : Replacing a flip-flop with a logic constant 0. [GLO-12]
        : The instance is 'u_rb/g_postproc[16].u_gelu/r1b_a171_reg[6]'.
Info    : Replacing a flip-flop with a logic constant 0. [GLO-12]
        : The instance is 'u_rb/g_postproc[15].u_gelu/r1b_a171_reg[6]'.
Info    : Replacing a flip-flop with a logic constant 0. [GLO-12]
        : The instance is 'u_rb/g_postproc[14].u_gelu/r1b_a171_reg[6]'.
Info    : Replacing a flip-flop with a logic constant 0. [GLO-12]
        : The instance is 'u_rb/g_postproc[13].u_gelu/r1b_a171_reg[6]'.
Info    : Replacing a flip-flop with a logic constant 0. [GLO-12]
        : The instance is 'u_rb/g_postproc[12].u_gelu/r1b_a171_reg[6]'.
Info    : Replacing a flip-flop with a logic constant 0. [GLO-12]
        : The instance is 'u_rb/g_postproc[11].u_gelu/r1b_a171_reg[6]'.
Info    : Replacing a flip-flop with a logic constant 0. [GLO-12]
        : The instance is 'u_rb/g_postproc[10].u_gelu/r1b_a171_reg[6]'.
Info    : Replacing a flip-flop with a logic constant 0. [GLO-12]
        : The instance is 'u_rb/g_postproc[9].u_gelu/r1b_a171_reg[6]'.
Info    : Replacing a flip-flop with a logic constant 0. [GLO-12]
        : The instance is 'u_rb/g_postproc[8].u_gelu/r1b_a171_reg[6]'.
Info    : Replacing a flip-flop with a logic constant 0. [GLO-12]
        : The instance is 'u_rb/g_postproc[7].u_gelu/r1b_a171_reg[6]'.
Info    : Replacing a flip-flop with a logic constant 0. [GLO-12]
        : The instance is 'u_rb/g_postproc[6].u_gelu/r1b_a171_reg[6]'.
Info    : Replacing a flip-flop with a logic constant 0. [GLO-12]
        : The instance is 'u_rb/g_postproc[5].u_gelu/r1b_a171_reg[6]'.
Info    : Replacing a flip-flop with a logic constant 0. [GLO-12]
        : The instance is 'u_rb/g_postproc[4].u_gelu/r1b_a171_reg[6]'.
Info    : Replacing a flip-flop with a logic constant 0. [GLO-12]
        : The instance is 'u_rb/g_postproc[3].u_gelu/r1b_a171_reg[6]'.
Info    : Replacing a flip-flop with a logic constant 0. [GLO-12]
        : The instance is 'u_rb/g_postproc[2].u_gelu/r1b_a171_reg[6]'.
Info    : Replacing a flip-flop with a logic constant 0. [GLO-12]
        : The instance is 'u_rb/g_postproc[1].u_gelu/r1b_a171_reg[6]'.
Info    : Replacing a flip-flop with a logic constant 0. [GLO-12]
        : The instance is 'u_rb/g_postproc[0].u_gelu/r1b_a171_reg[6]'.
Info    : Replacing a flip-flop with a logic constant 0. [GLO-12]
        : The instance is 'u_rb/g_postproc[31].u_gelu/r1b_a171_reg[7]'.
Info    : Replacing a flip-flop with a logic constant 0. [GLO-12]
        : The instance is 'u_rb/g_postproc[30].u_gelu/r1b_a171_reg[7]'.
Info    : Replacing a flip-flop with a logic constant 0. [GLO-12]
        : The instance is 'u_rb/g_postproc[29].u_gelu/r1b_a171_reg[7]'.
Info    : Replacing a flip-flop with a logic constant 0. [GLO-12]
        : The instance is 'u_rb/g_postproc[28].u_gelu/r1b_a171_reg[7]'.
Info    : Replacing a flip-flop with a logic constant 0. [GLO-12]
        : The instance is 'u_rb/g_postproc[27].u_gelu/r1b_a171_reg[7]'.
Info    : Replacing a flip-flop with a logic constant 0. [GLO-12]
        : The instance is 'u_rb/g_postproc[26].u_gelu/r1b_a171_reg[7]'.
Info    : Replacing a flip-flop with a logic constant 0. [GLO-12]
        : The instance is 'u_rb/g_postproc[25].u_gelu/r1b_a171_reg[7]'.
Info    : Replacing a flip-flop with a logic constant 0. [GLO-12]
        : The instance is 'u_rb/g_postproc[24].u_gelu/r1b_a171_reg[7]'.
Info    : Replacing a flip-flop with a logic constant 0. [GLO-12]
        : The instance is 'u_rb/g_postproc[23].u_gelu/r1b_a171_reg[7]'.
Info    : Replacing a flip-flop with a logic constant 0. [GLO-12]
        : The instance is 'u_rb/g_postproc[22].u_gelu/r1b_a171_reg[7]'.
Info    : Replacing a flip-flop with a logic constant 0. [GLO-12]
        : The instance is 'u_rb/g_postproc[21].u_gelu/r1b_a171_reg[7]'.
Info    : Replacing a flip-flop with a logic constant 0. [GLO-12]
        : The instance is 'u_rb/g_postproc[20].u_gelu/r1b_a171_reg[7]'.
Info    : Replacing a flip-flop with a logic constant 0. [GLO-12]
        : The instance is 'u_rb/g_postproc[19].u_gelu/r1b_a171_reg[7]'.
Info    : Replacing a flip-flop with a logic constant 0. [GLO-12]
        : The instance is 'u_rb/g_postproc[18].u_gelu/r1b_a171_reg[7]'.
Info    : Replacing a flip-flop with a logic constant 0. [GLO-12]
        : The instance is 'u_rb/g_postproc[17].u_gelu/r1b_a171_reg[7]'.
Info    : Replacing a flip-flop with a logic constant 0. [GLO-12]
        : The instance is 'u_rb/g_postproc[16].u_gelu/r1b_a171_reg[7]'.
Info    : Replacing a flip-flop with a logic constant 0. [GLO-12]
        : The instance is 'u_rb/g_postproc[15].u_gelu/r1b_a171_reg[7]'.
Info    : Replacing a flip-flop with a logic constant 0. [GLO-12]
        : The instance is 'u_rb/g_postproc[14].u_gelu/r1b_a171_reg[7]'.
Info    : Replacing a flip-flop with a logic constant 0. [GLO-12]
        : The instance is 'u_rb/g_postproc[13].u_gelu/r1b_a171_reg[7]'.
Info    : Replacing a flip-flop with a logic constant 0. [GLO-12]
        : The instance is 'u_rb/g_postproc[12].u_gelu/r1b_a171_reg[7]'.
Info    : Replacing a flip-flop with a logic constant 0. [GLO-12]
        : The instance is 'u_rb/g_postproc[11].u_gelu/r1b_a171_reg[7]'.
Info    : Replacing a flip-flop with a logic constant 0. [GLO-12]
        : The instance is 'u_rb/g_postproc[10].u_gelu/r1b_a171_reg[7]'.
Info    : Replacing a flip-flop with a logic constant 0. [GLO-12]
        : The instance is 'u_rb/g_postproc[9].u_gelu/r1b_a171_reg[7]'.
Info    : Replacing a flip-flop with a logic constant 0. [GLO-12]
        : The instance is 'u_rb/g_postproc[8].u_gelu/r1b_a171_reg[7]'.
Info    : Replacing a flip-flop with a logic constant 0. [GLO-12]
        : The instance is 'u_rb/g_postproc[7].u_gelu/r1b_a171_reg[7]'.
Info    : Replacing a flip-flop with a logic constant 0. [GLO-12]
        : The instance is 'u_rb/g_postproc[6].u_gelu/r1b_a171_reg[7]'.
Info    : Replacing a flip-flop with a logic constant 0. [GLO-12]
        : The instance is 'u_rb/g_postproc[5].u_gelu/r1b_a171_reg[7]'.
Info    : Replacing a flip-flop with a logic constant 0. [GLO-12]
        : The instance is 'u_rb/g_postproc[4].u_gelu/r1b_a171_reg[7]'.
Info    : Replacing a flip-flop with a logic constant 0. [GLO-12]
        : The instance is 'u_rb/g_postproc[3].u_gelu/r1b_a171_reg[7]'.
Info    : Replacing a flip-flop with a logic constant 0. [GLO-12]
        : The instance is 'u_rb/g_postproc[2].u_gelu/r1b_a171_reg[7]'.
Info    : Replacing a flip-flop with a logic constant 0. [GLO-12]
        : The instance is 'u_rb/g_postproc[1].u_gelu/r1b_a171_reg[7]'.
Info    : Replacing a flip-flop with a logic constant 0. [GLO-12]
        : The instance is 'u_rb/g_postproc[0].u_gelu/r1b_a171_reg[7]'.
Info    : Replacing a flip-flop with a logic constant 0. [GLO-12]
        : The instance is 'u_rb/g_postproc[31].u_gelu/r1b_a666_reg[0]'.
Info    : Replacing a flip-flop with a logic constant 0. [GLO-12]
        : The instance is 'u_rb/g_postproc[30].u_gelu/r1b_a666_reg[0]'.
Info    : Replacing a flip-flop with a logic constant 0. [GLO-12]
        : The instance is 'u_rb/g_postproc[29].u_gelu/r1b_a666_reg[0]'.
Info    : Replacing a flip-flop with a logic constant 0. [GLO-12]
        : The instance is 'u_rb/g_postproc[28].u_gelu/r1b_a666_reg[0]'.
Info    : Replacing a flip-flop with a logic constant 0. [GLO-12]
        : The instance is 'u_rb/g_postproc[27].u_gelu/r1b_a666_reg[0]'.
Info    : Replacing a flip-flop with a logic constant 0. [GLO-12]
        : The instance is 'u_rb/g_postproc[26].u_gelu/r1b_a666_reg[0]'.
Info    : Replacing a flip-flop with a logic constant 0. [GLO-12]
        : The instance is 'u_rb/g_postproc[25].u_gelu/r1b_a666_reg[0]'.
Info    : Replacing a flip-flop with a logic constant 0. [GLO-12]
        : The instance is 'u_rb/g_postproc[24].u_gelu/r1b_a666_reg[0]'.
Info    : Replacing a flip-flop with a logic constant 0. [GLO-12]
        : The instance is 'u_rb/g_postproc[23].u_gelu/r1b_a666_reg[0]'.
Info    : Replacing a flip-flop with a logic constant 0. [GLO-12]
        : The instance is 'u_rb/g_postproc[22].u_gelu/r1b_a666_reg[0]'.
Info    : Replacing a flip-flop with a logic constant 0. [GLO-12]
        : The instance is 'u_rb/g_postproc[21].u_gelu/r1b_a666_reg[0]'.
Info    : Replacing a flip-flop with a logic constant 0. [GLO-12]
        : The instance is 'u_rb/g_postproc[20].u_gelu/r1b_a666_reg[0]'.
Info    : Replacing a flip-flop with a logic constant 0. [GLO-12]
        : The instance is 'u_rb/g_postproc[19].u_gelu/r1b_a666_reg[0]'.
Info    : Replacing a flip-flop with a logic constant 0. [GLO-12]
        : The instance is 'u_rb/g_postproc[18].u_gelu/r1b_a666_reg[0]'.
Info    : Replacing a flip-flop with a logic constant 0. [GLO-12]
        : The instance is 'u_rb/g_postproc[17].u_gelu/r1b_a666_reg[0]'.
Info    : Replacing a flip-flop with a logic constant 0. [GLO-12]
        : The instance is 'u_rb/g_postproc[16].u_gelu/r1b_a666_reg[0]'.
Info    : Replacing a flip-flop with a logic constant 0. [GLO-12]
        : The instance is 'u_rb/g_postproc[15].u_gelu/r1b_a666_reg[0]'.
Info    : Replacing a flip-flop with a logic constant 0. [GLO-12]
        : The instance is 'u_rb/g_postproc[14].u_gelu/r1b_a666_reg[0]'.
Info    : Replacing a flip-flop with a logic constant 0. [GLO-12]
        : The instance is 'u_rb/g_postproc[13].u_gelu/r1b_a666_reg[0]'.
Info    : Replacing a flip-flop with a logic constant 0. [GLO-12]
        : The instance is 'u_rb/g_postproc[12].u_gelu/r1b_a666_reg[0]'.
Info    : Replacing a flip-flop with a logic constant 0. [GLO-12]
        : The instance is 'u_rb/g_postproc[11].u_gelu/r1b_a666_reg[0]'.
Info    : Replacing a flip-flop with a logic constant 0. [GLO-12]
        : The instance is 'u_rb/g_postproc[10].u_gelu/r1b_a666_reg[0]'.
Info    : Replacing a flip-flop with a logic constant 0. [GLO-12]
        : The instance is 'u_rb/g_postproc[9].u_gelu/r1b_a666_reg[0]'.
Info    : Replacing a flip-flop with a logic constant 0. [GLO-12]
        : The instance is 'u_rb/g_postproc[8].u_gelu/r1b_a666_reg[0]'.
Info    : Replacing a flip-flop with a logic constant 0. [GLO-12]
        : The instance is 'u_rb/g_postproc[7].u_gelu/r1b_a666_reg[0]'.
Info    : Replacing a flip-flop with a logic constant 0. [GLO-12]
        : The instance is 'u_rb/g_postproc[6].u_gelu/r1b_a666_reg[0]'.
Info    : Replacing a flip-flop with a logic constant 0. [GLO-12]
        : The instance is 'u_rb/g_postproc[5].u_gelu/r1b_a666_reg[0]'.
Info    : Replacing a flip-flop with a logic constant 0. [GLO-12]
        : The instance is 'u_rb/g_postproc[4].u_gelu/r1b_a666_reg[0]'.
Info    : Replacing a flip-flop with a logic constant 0. [GLO-12]
        : The instance is 'u_rb/g_postproc[3].u_gelu/r1b_a666_reg[0]'.
Info    : Replacing a flip-flop with a logic constant 0. [GLO-12]
        : The instance is 'u_rb/g_postproc[2].u_gelu/r1b_a666_reg[0]'.
Info    : Replacing a flip-flop with a logic constant 0. [GLO-12]
        : The instance is 'u_rb/g_postproc[1].u_gelu/r1b_a666_reg[0]'.
Info    : Replacing a flip-flop with a logic constant 0. [GLO-12]
        : The instance is 'u_rb/g_postproc[0].u_gelu/r1b_a666_reg[0]'.
Info    : Replacing a flip-flop with a logic constant 0. [GLO-12]
        : The instance is 'u_rb/g_postproc[31].u_gelu/r1b_a666_reg[1]'.
Info    : Replacing a flip-flop with a logic constant 0. [GLO-12]
        : The instance is 'u_rb/g_postproc[30].u_gelu/r1b_a666_reg[1]'.
Info    : Replacing a flip-flop with a logic constant 0. [GLO-12]
        : The instance is 'u_rb/g_postproc[29].u_gelu/r1b_a666_reg[1]'.
Info    : Replacing a flip-flop with a logic constant 0. [GLO-12]
        : The instance is 'u_rb/g_postproc[28].u_gelu/r1b_a666_reg[1]'.
Info    : Replacing a flip-flop with a logic constant 0. [GLO-12]
        : The instance is 'u_rb/g_postproc[27].u_gelu/r1b_a666_reg[1]'.
Info    : Replacing a flip-flop with a logic constant 0. [GLO-12]
        : The instance is 'u_rb/g_postproc[26].u_gelu/r1b_a666_reg[1]'.
Info    : Replacing a flip-flop with a logic constant 0. [GLO-12]
        : The instance is 'u_rb/g_postproc[25].u_gelu/r1b_a666_reg[1]'.
Info    : Replacing a flip-flop with a logic constant 0. [GLO-12]
        : The instance is 'u_rb/g_postproc[24].u_gelu/r1b_a666_reg[1]'.
Info    : Replacing a flip-flop with a logic constant 0. [GLO-12]
        : The instance is 'u_rb/g_postproc[23].u_gelu/r1b_a666_reg[1]'.
Info    : Replacing a flip-flop with a logic constant 0. [GLO-12]
        : The instance is 'u_rb/g_postproc[22].u_gelu/r1b_a666_reg[1]'.
Info    : Replacing a flip-flop with a logic constant 0. [GLO-12]
        : The instance is 'u_rb/g_postproc[21].u_gelu/r1b_a666_reg[1]'.
Info    : Replacing a flip-flop with a logic constant 0. [GLO-12]
        : The instance is 'u_rb/g_postproc[20].u_gelu/r1b_a666_reg[1]'.
Info    : Replacing a flip-flop with a logic constant 0. [GLO-12]
        : The instance is 'u_rb/g_postproc[19].u_gelu/r1b_a666_reg[1]'.
Info    : Replacing a flip-flop with a logic constant 0. [GLO-12]
        : The instance is 'u_rb/g_postproc[18].u_gelu/r1b_a666_reg[1]'.
Info    : Replacing a flip-flop with a logic constant 0. [GLO-12]
        : The instance is 'u_rb/g_postproc[17].u_gelu/r1b_a666_reg[1]'.
Info    : Replacing a flip-flop with a logic constant 0. [GLO-12]
        : The instance is 'u_rb/g_postproc[16].u_gelu/r1b_a666_reg[1]'.
Info    : Replacing a flip-flop with a logic constant 0. [GLO-12]
        : The instance is 'u_rb/g_postproc[15].u_gelu/r1b_a666_reg[1]'.
Info    : Replacing a flip-flop with a logic constant 0. [GLO-12]
        : The instance is 'u_rb/g_postproc[14].u_gelu/r1b_a666_reg[1]'.
Info    : Replacing a flip-flop with a logic constant 0. [GLO-12]
        : The instance is 'u_rb/g_postproc[13].u_gelu/r1b_a666_reg[1]'.
Info    : Replacing a flip-flop with a logic constant 0. [GLO-12]
        : The instance is 'u_rb/g_postproc[12].u_gelu/r1b_a666_reg[1]'.
Info    : Replacing a flip-flop with a logic constant 0. [GLO-12]
        : The instance is 'u_rb/g_postproc[11].u_gelu/r1b_a666_reg[1]'.
Info    : Replacing a flip-flop with a logic constant 0. [GLO-12]
        : The instance is 'u_rb/g_postproc[10].u_gelu/r1b_a666_reg[1]'.
Info    : Replacing a flip-flop with a logic constant 0. [GLO-12]
        : The instance is 'u_rb/g_postproc[9].u_gelu/r1b_a666_reg[1]'.
Info    : Replacing a flip-flop with a logic constant 0. [GLO-12]
        : The instance is 'u_rb/g_postproc[8].u_gelu/r1b_a666_reg[1]'.
Info    : Replacing a flip-flop with a logic constant 0. [GLO-12]
        : The instance is 'u_rb/g_postproc[7].u_gelu/r1b_a666_reg[1]'.
Info    : Replacing a flip-flop with a logic constant 0. [GLO-12]
        : The instance is 'u_rb/g_postproc[6].u_gelu/r1b_a666_reg[1]'.
Info    : Replacing a flip-flop with a logic constant 0. [GLO-12]
        : The instance is 'u_rb/g_postproc[5].u_gelu/r1b_a666_reg[1]'.
Info    : Replacing a flip-flop with a logic constant 0. [GLO-12]
        : The instance is 'u_rb/g_postproc[4].u_gelu/r1b_a666_reg[1]'.
Info    : Replacing a flip-flop with a logic constant 0. [GLO-12]
        : The instance is 'u_rb/g_postproc[3].u_gelu/r1b_a666_reg[1]'.
Info    : Replacing a flip-flop with a logic constant 0. [GLO-12]
        : The instance is 'u_rb/g_postproc[2].u_gelu/r1b_a666_reg[1]'.
Info    : Replacing a flip-flop with a logic constant 0. [GLO-12]
        : The instance is 'u_rb/g_postproc[1].u_gelu/r1b_a666_reg[1]'.
Info    : Replacing a flip-flop with a logic constant 0. [GLO-12]
        : The instance is 'u_rb/g_postproc[0].u_gelu/r1b_a666_reg[1]'.
Info    : Replacing a flip-flop with a logic constant 0. [GLO-12]
        : The instance is 'u_rb/g_postproc[31].u_gelu/r1b_a666_reg[2]'.
Info    : Replacing a flip-flop with a logic constant 0. [GLO-12]
        : The instance is 'u_rb/g_postproc[30].u_gelu/r1b_a666_reg[2]'.
Info    : Replacing a flip-flop with a logic constant 0. [GLO-12]
        : The instance is 'u_rb/g_postproc[29].u_gelu/r1b_a666_reg[2]'.
Info    : Replacing a flip-flop with a logic constant 0. [GLO-12]
        : The instance is 'u_rb/g_postproc[28].u_gelu/r1b_a666_reg[2]'.
Info    : Replacing a flip-flop with a logic constant 0. [GLO-12]
        : The instance is 'u_rb/g_postproc[27].u_gelu/r1b_a666_reg[2]'.
Info    : Replacing a flip-flop with a logic constant 0. [GLO-12]
        : The instance is 'u_rb/g_postproc[26].u_gelu/r1b_a666_reg[2]'.
Info    : Replacing a flip-flop with a logic constant 0. [GLO-12]
        : The instance is 'u_rb/g_postproc[25].u_gelu/r1b_a666_reg[2]'.
Info    : Replacing a flip-flop with a logic constant 0. [GLO-12]
        : The instance is 'u_rb/g_postproc[24].u_gelu/r1b_a666_reg[2]'.
Info    : Replacing a flip-flop with a logic constant 0. [GLO-12]
        : The instance is 'u_rb/g_postproc[23].u_gelu/r1b_a666_reg[2]'.
Info    : Replacing a flip-flop with a logic constant 0. [GLO-12]
        : The instance is 'u_rb/g_postproc[22].u_gelu/r1b_a666_reg[2]'.
Info    : Replacing a flip-flop with a logic constant 0. [GLO-12]
        : The instance is 'u_rb/g_postproc[21].u_gelu/r1b_a666_reg[2]'.
Info    : Replacing a flip-flop with a logic constant 0. [GLO-12]
        : The instance is 'u_rb/g_postproc[20].u_gelu/r1b_a666_reg[2]'.
Info    : Replacing a flip-flop with a logic constant 0. [GLO-12]
        : The instance is 'u_rb/g_postproc[19].u_gelu/r1b_a666_reg[2]'.
Info    : Replacing a flip-flop with a logic constant 0. [GLO-12]
        : The instance is 'u_rb/g_postproc[18].u_gelu/r1b_a666_reg[2]'.
Info    : Replacing a flip-flop with a logic constant 0. [GLO-12]
        : The instance is 'u_rb/g_postproc[17].u_gelu/r1b_a666_reg[2]'.
Info    : Replacing a flip-flop with a logic constant 0. [GLO-12]
        : The instance is 'u_rb/g_postproc[16].u_gelu/r1b_a666_reg[2]'.
Info    : Replacing a flip-flop with a logic constant 0. [GLO-12]
        : The instance is 'u_rb/g_postproc[15].u_gelu/r1b_a666_reg[2]'.
Info    : Replacing a flip-flop with a logic constant 0. [GLO-12]
        : The instance is 'u_rb/g_postproc[14].u_gelu/r1b_a666_reg[2]'.
Info    : Replacing a flip-flop with a logic constant 0. [GLO-12]
        : The instance is 'u_rb/g_postproc[13].u_gelu/r1b_a666_reg[2]'.
Info    : Replacing a flip-flop with a logic constant 0. [GLO-12]
        : The instance is 'u_rb/g_postproc[12].u_gelu/r1b_a666_reg[2]'.
Info    : Replacing a flip-flop with a logic constant 0. [GLO-12]
        : The instance is 'u_rb/g_postproc[11].u_gelu/r1b_a666_reg[2]'.
Info    : Replacing a flip-flop with a logic constant 0. [GLO-12]
        : The instance is 'u_rb/g_postproc[10].u_gelu/r1b_a666_reg[2]'.
Info    : Replacing a flip-flop with a logic constant 0. [GLO-12]
        : The instance is 'u_rb/g_postproc[9].u_gelu/r1b_a666_reg[2]'.
Info    : Replacing a flip-flop with a logic constant 0. [GLO-12]
        : The instance is 'u_rb/g_postproc[8].u_gelu/r1b_a666_reg[2]'.
Info    : Replacing a flip-flop with a logic constant 0. [GLO-12]
        : The instance is 'u_rb/g_postproc[7].u_gelu/r1b_a666_reg[2]'.
Info    : Replacing a flip-flop with a logic constant 0. [GLO-12]
        : The instance is 'u_rb/g_postproc[6].u_gelu/r1b_a666_reg[2]'.
Info    : Replacing a flip-flop with a logic constant 0. [GLO-12]
        : The instance is 'u_rb/g_postproc[5].u_gelu/r1b_a666_reg[2]'.
Info    : Replacing a flip-flop with a logic constant 0. [GLO-12]
        : The instance is 'u_rb/g_postproc[4].u_gelu/r1b_a666_reg[2]'.
Info    : Replacing a flip-flop with a logic constant 0. [GLO-12]
        : The instance is 'u_rb/g_postproc[3].u_gelu/r1b_a666_reg[2]'.
Info    : Replacing a flip-flop with a logic constant 0. [GLO-12]
        : The instance is 'u_rb/g_postproc[2].u_gelu/r1b_a666_reg[2]'.
Info    : Replacing a flip-flop with a logic constant 0. [GLO-12]
        : The instance is 'u_rb/g_postproc[1].u_gelu/r1b_a666_reg[2]'.
Info    : Replacing a flip-flop with a logic constant 0. [GLO-12]
        : The instance is 'u_rb/g_postproc[0].u_gelu/r1b_a666_reg[2]'.
Info    : Replacing a flip-flop with a logic constant 0. [GLO-12]
        : The instance is 'u_rb/g_postproc[31].u_gelu/r1b_a666_reg[3]'.
Info    : Replacing a flip-flop with a logic constant 0. [GLO-12]
        : The instance is 'u_rb/g_postproc[30].u_gelu/r1b_a666_reg[3]'.
Info    : Replacing a flip-flop with a logic constant 0. [GLO-12]
        : The instance is 'u_rb/g_postproc[29].u_gelu/r1b_a666_reg[3]'.
Info    : Replacing a flip-flop with a logic constant 0. [GLO-12]
        : The instance is 'u_rb/g_postproc[28].u_gelu/r1b_a666_reg[3]'.
Info    : Replacing a flip-flop with a logic constant 0. [GLO-12]
        : The instance is 'u_rb/g_postproc[27].u_gelu/r1b_a666_reg[3]'.
Info    : Replacing a flip-flop with a logic constant 0. [GLO-12]
        : The instance is 'u_rb/g_postproc[26].u_gelu/r1b_a666_reg[3]'.
Info    : Replacing a flip-flop with a logic constant 0. [GLO-12]
        : The instance is 'u_rb/g_postproc[25].u_gelu/r1b_a666_reg[3]'.
Info    : Replacing a flip-flop with a logic constant 0. [GLO-12]
        : The instance is 'u_rb/g_postproc[24].u_gelu/r1b_a666_reg[3]'.
Info    : Replacing a flip-flop with a logic constant 0. [GLO-12]
        : The instance is 'u_rb/g_postproc[23].u_gelu/r1b_a666_reg[3]'.
Info    : Replacing a flip-flop with a logic constant 0. [GLO-12]
        : The instance is 'u_rb/g_postproc[22].u_gelu/r1b_a666_reg[3]'.
Info    : Replacing a flip-flop with a logic constant 0. [GLO-12]
        : The instance is 'u_rb/g_postproc[21].u_gelu/r1b_a666_reg[3]'.
Info    : Replacing a flip-flop with a logic constant 0. [GLO-12]
        : The instance is 'u_rb/g_postproc[20].u_gelu/r1b_a666_reg[3]'.
Info    : Replacing a flip-flop with a logic constant 0. [GLO-12]
        : The instance is 'u_rb/g_postproc[19].u_gelu/r1b_a666_reg[3]'.
Info    : Replacing a flip-flop with a logic constant 0. [GLO-12]
        : The instance is 'u_rb/g_postproc[18].u_gelu/r1b_a666_reg[3]'.
Info    : Replacing a flip-flop with a logic constant 0. [GLO-12]
        : The instance is 'u_rb/g_postproc[17].u_gelu/r1b_a666_reg[3]'.
Info    : Replacing a flip-flop with a logic constant 0. [GLO-12]
        : The instance is 'u_rb/g_postproc[16].u_gelu/r1b_a666_reg[3]'.
Info    : Replacing a flip-flop with a logic constant 0. [GLO-12]
        : The instance is 'u_rb/g_postproc[15].u_gelu/r1b_a666_reg[3]'.
Info    : Replacing a flip-flop with a logic constant 0. [GLO-12]
        : The instance is 'u_rb/g_postproc[14].u_gelu/r1b_a666_reg[3]'.
Info    : Replacing a flip-flop with a logic constant 0. [GLO-12]
        : The instance is 'u_rb/g_postproc[13].u_gelu/r1b_a666_reg[3]'.
Info    : Replacing a flip-flop with a logic constant 0. [GLO-12]
        : The instance is 'u_rb/g_postproc[12].u_gelu/r1b_a666_reg[3]'.
Info    : Replacing a flip-flop with a logic constant 0. [GLO-12]
        : The instance is 'u_rb/g_postproc[11].u_gelu/r1b_a666_reg[3]'.
Info    : Replacing a flip-flop with a logic constant 0. [GLO-12]
        : The instance is 'u_rb/g_postproc[10].u_gelu/r1b_a666_reg[3]'.
Info    : Replacing a flip-flop with a logic constant 0. [GLO-12]
        : The instance is 'u_rb/g_postproc[9].u_gelu/r1b_a666_reg[3]'.
Info    : Replacing a flip-flop with a logic constant 0. [GLO-12]
        : The instance is 'u_rb/g_postproc[8].u_gelu/r1b_a666_reg[3]'.
Info    : Replacing a flip-flop with a logic constant 0. [GLO-12]
        : The instance is 'u_rb/g_postproc[7].u_gelu/r1b_a666_reg[3]'.
Info    : Replacing a flip-flop with a logic constant 0. [GLO-12]
        : The instance is 'u_rb/g_postproc[6].u_gelu/r1b_a666_reg[3]'.
Info    : Replacing a flip-flop with a logic constant 0. [GLO-12]
        : The instance is 'u_rb/g_postproc[5].u_gelu/r1b_a666_reg[3]'.
Info    : Replacing a flip-flop with a logic constant 0. [GLO-12]
        : The instance is 'u_rb/g_postproc[4].u_gelu/r1b_a666_reg[3]'.
Info    : Replacing a flip-flop with a logic constant 0. [GLO-12]
        : The instance is 'u_rb/g_postproc[3].u_gelu/r1b_a666_reg[3]'.
Info    : Replacing a flip-flop with a logic constant 0. [GLO-12]
        : The instance is 'u_rb/g_postproc[2].u_gelu/r1b_a666_reg[3]'.
Info    : Replacing a flip-flop with a logic constant 0. [GLO-12]
        : The instance is 'u_rb/g_postproc[1].u_gelu/r1b_a666_reg[3]'.
Info    : Replacing a flip-flop with a logic constant 0. [GLO-12]
        : The instance is 'u_rb/g_postproc[0].u_gelu/r1b_a666_reg[3]'.
Info    : Replacing a flip-flop with a logic constant 0. [GLO-12]
        : The instance is 'u_rb/g_postproc[31].u_gelu/r1b_a666_reg[4]'.
Info    : Replacing a flip-flop with a logic constant 0. [GLO-12]
        : The instance is 'u_rb/g_postproc[30].u_gelu/r1b_a666_reg[4]'.
Info    : Replacing a flip-flop with a logic constant 0. [GLO-12]
        : The instance is 'u_rb/g_postproc[29].u_gelu/r1b_a666_reg[4]'.
Info    : Replacing a flip-flop with a logic constant 0. [GLO-12]
        : The instance is 'u_rb/g_postproc[28].u_gelu/r1b_a666_reg[4]'.
Info    : Replacing a flip-flop with a logic constant 0. [GLO-12]
        : The instance is 'u_rb/g_postproc[27].u_gelu/r1b_a666_reg[4]'.
Info    : Replacing a flip-flop with a logic constant 0. [GLO-12]
        : The instance is 'u_rb/g_postproc[26].u_gelu/r1b_a666_reg[4]'.
Info    : Replacing a flip-flop with a logic constant 0. [GLO-12]
        : The instance is 'u_rb/g_postproc[25].u_gelu/r1b_a666_reg[4]'.
Info    : Replacing a flip-flop with a logic constant 0. [GLO-12]
        : The instance is 'u_rb/g_postproc[24].u_gelu/r1b_a666_reg[4]'.
Info    : Replacing a flip-flop with a logic constant 0. [GLO-12]
        : The instance is 'u_rb/g_postproc[23].u_gelu/r1b_a666_reg[4]'.
Info    : Replacing a flip-flop with a logic constant 0. [GLO-12]
        : The instance is 'u_rb/g_postproc[22].u_gelu/r1b_a666_reg[4]'.
Info    : Replacing a flip-flop with a logic constant 0. [GLO-12]
        : The instance is 'u_rb/g_postproc[21].u_gelu/r1b_a666_reg[4]'.
Info    : Replacing a flip-flop with a logic constant 0. [GLO-12]
        : The instance is 'u_rb/g_postproc[20].u_gelu/r1b_a666_reg[4]'.
Info    : Replacing a flip-flop with a logic constant 0. [GLO-12]
        : The instance is 'u_rb/g_postproc[19].u_gelu/r1b_a666_reg[4]'.
Info    : Replacing a flip-flop with a logic constant 0. [GLO-12]
        : The instance is 'u_rb/g_postproc[18].u_gelu/r1b_a666_reg[4]'.
Info    : Replacing a flip-flop with a logic constant 0. [GLO-12]
        : The instance is 'u_rb/g_postproc[17].u_gelu/r1b_a666_reg[4]'.
Info    : Replacing a flip-flop with a logic constant 0. [GLO-12]
        : The instance is 'u_rb/g_postproc[16].u_gelu/r1b_a666_reg[4]'.
Info    : Replacing a flip-flop with a logic constant 0. [GLO-12]
        : The instance is 'u_rb/g_postproc[15].u_gelu/r1b_a666_reg[4]'.
Info    : Replacing a flip-flop with a logic constant 0. [GLO-12]
        : The instance is 'u_rb/g_postproc[14].u_gelu/r1b_a666_reg[4]'.
Info    : Replacing a flip-flop with a logic constant 0. [GLO-12]
        : The instance is 'u_rb/g_postproc[13].u_gelu/r1b_a666_reg[4]'.
Info    : Replacing a flip-flop with a logic constant 0. [GLO-12]
        : The instance is 'u_rb/g_postproc[12].u_gelu/r1b_a666_reg[4]'.
Info    : Replacing a flip-flop with a logic constant 0. [GLO-12]
        : The instance is 'u_rb/g_postproc[11].u_gelu/r1b_a666_reg[4]'.
Info    : Replacing a flip-flop with a logic constant 0. [GLO-12]
        : The instance is 'u_rb/g_postproc[10].u_gelu/r1b_a666_reg[4]'.
Info    : Replacing a flip-flop with a logic constant 0. [GLO-12]
        : The instance is 'u_rb/g_postproc[9].u_gelu/r1b_a666_reg[4]'.
Info    : Replacing a flip-flop with a logic constant 0. [GLO-12]
        : The instance is 'u_rb/g_postproc[8].u_gelu/r1b_a666_reg[4]'.
Info    : Replacing a flip-flop with a logic constant 0. [GLO-12]
        : The instance is 'u_rb/g_postproc[7].u_gelu/r1b_a666_reg[4]'.
Info    : Replacing a flip-flop with a logic constant 0. [GLO-12]
        : The instance is 'u_rb/g_postproc[6].u_gelu/r1b_a666_reg[4]'.
Info    : Replacing a flip-flop with a logic constant 0. [GLO-12]
        : The instance is 'u_rb/g_postproc[5].u_gelu/r1b_a666_reg[4]'.
Info    : Replacing a flip-flop with a logic constant 0. [GLO-12]
        : The instance is 'u_rb/g_postproc[4].u_gelu/r1b_a666_reg[4]'.
Info    : Replacing a flip-flop with a logic constant 0. [GLO-12]
        : The instance is 'u_rb/g_postproc[3].u_gelu/r1b_a666_reg[4]'.
Info    : Replacing a flip-flop with a logic constant 0. [GLO-12]
        : The instance is 'u_rb/g_postproc[2].u_gelu/r1b_a666_reg[4]'.
Info    : Replacing a flip-flop with a logic constant 0. [GLO-12]
        : The instance is 'u_rb/g_postproc[1].u_gelu/r1b_a666_reg[4]'.
Info    : Replacing a flip-flop with a logic constant 0. [GLO-12]
        : The instance is 'u_rb/g_postproc[0].u_gelu/r1b_a666_reg[4]'.
Info    : Replacing a flip-flop with a logic constant 0. [GLO-12]
        : The instance is 'u_rb/g_postproc[31].u_gelu/r1b_a666_reg[5]'.
Info    : Replacing a flip-flop with a logic constant 0. [GLO-12]
        : The instance is 'u_rb/g_postproc[30].u_gelu/r1b_a666_reg[5]'.
Info    : Replacing a flip-flop with a logic constant 0. [GLO-12]
        : The instance is 'u_rb/g_postproc[29].u_gelu/r1b_a666_reg[5]'.
Info    : Replacing a flip-flop with a logic constant 0. [GLO-12]
        : The instance is 'u_rb/g_postproc[28].u_gelu/r1b_a666_reg[5]'.
Info    : Replacing a flip-flop with a logic constant 0. [GLO-12]
        : The instance is 'u_rb/g_postproc[27].u_gelu/r1b_a666_reg[5]'.
Info    : Replacing a flip-flop with a logic constant 0. [GLO-12]
        : The instance is 'u_rb/g_postproc[26].u_gelu/r1b_a666_reg[5]'.
Info    : Replacing a flip-flop with a logic constant 0. [GLO-12]
        : The instance is 'u_rb/g_postproc[25].u_gelu/r1b_a666_reg[5]'.
Info    : Replacing a flip-flop with a logic constant 0. [GLO-12]
        : The instance is 'u_rb/g_postproc[24].u_gelu/r1b_a666_reg[5]'.
Info    : Replacing a flip-flop with a logic constant 0. [GLO-12]
        : The instance is 'u_rb/g_postproc[23].u_gelu/r1b_a666_reg[5]'.
Info    : Replacing a flip-flop with a logic constant 0. [GLO-12]
        : The instance is 'u_rb/g_postproc[22].u_gelu/r1b_a666_reg[5]'.
Info    : Replacing a flip-flop with a logic constant 0. [GLO-12]
        : The instance is 'u_rb/g_postproc[21].u_gelu/r1b_a666_reg[5]'.
Info    : Replacing a flip-flop with a logic constant 0. [GLO-12]
        : The instance is 'u_rb/g_postproc[20].u_gelu/r1b_a666_reg[5]'.
Info    : Replacing a flip-flop with a logic constant 0. [GLO-12]
        : The instance is 'u_rb/g_postproc[19].u_gelu/r1b_a666_reg[5]'.
Info    : Replacing a flip-flop with a logic constant 0. [GLO-12]
        : The instance is 'u_rb/g_postproc[18].u_gelu/r1b_a666_reg[5]'.
Info    : Replacing a flip-flop with a logic constant 0. [GLO-12]
        : The instance is 'u_rb/g_postproc[17].u_gelu/r1b_a666_reg[5]'.
Info    : Replacing a flip-flop with a logic constant 0. [GLO-12]
        : The instance is 'u_rb/g_postproc[16].u_gelu/r1b_a666_reg[5]'.
Info    : Replacing a flip-flop with a logic constant 0. [GLO-12]
        : The instance is 'u_rb/g_postproc[15].u_gelu/r1b_a666_reg[5]'.
Info    : Replacing a flip-flop with a logic constant 0. [GLO-12]
        : The instance is 'u_rb/g_postproc[14].u_gelu/r1b_a666_reg[5]'.
Info    : Replacing a flip-flop with a logic constant 0. [GLO-12]
        : The instance is 'u_rb/g_postproc[13].u_gelu/r1b_a666_reg[5]'.
Info    : Replacing a flip-flop with a logic constant 0. [GLO-12]
        : The instance is 'u_rb/g_postproc[12].u_gelu/r1b_a666_reg[5]'.
Info    : Replacing a flip-flop with a logic constant 0. [GLO-12]
        : The instance is 'u_rb/g_postproc[11].u_gelu/r1b_a666_reg[5]'.
Info    : Replacing a flip-flop with a logic constant 0. [GLO-12]
        : The instance is 'u_rb/g_postproc[10].u_gelu/r1b_a666_reg[5]'.
Info    : Replacing a flip-flop with a logic constant 0. [GLO-12]
        : The instance is 'u_rb/g_postproc[9].u_gelu/r1b_a666_reg[5]'.
Info    : Replacing a flip-flop with a logic constant 0. [GLO-12]
        : The instance is 'u_rb/g_postproc[8].u_gelu/r1b_a666_reg[5]'.
Info    : Replacing a flip-flop with a logic constant 0. [GLO-12]
        : The instance is 'u_rb/g_postproc[7].u_gelu/r1b_a666_reg[5]'.
Info    : Replacing a flip-flop with a logic constant 0. [GLO-12]
        : The instance is 'u_rb/g_postproc[6].u_gelu/r1b_a666_reg[5]'.
Info    : Replacing a flip-flop with a logic constant 0. [GLO-12]
        : The instance is 'u_rb/g_postproc[5].u_gelu/r1b_a666_reg[5]'.
Info    : Replacing a flip-flop with a logic constant 0. [GLO-12]
        : The instance is 'u_rb/g_postproc[4].u_gelu/r1b_a666_reg[5]'.
Info    : Replacing a flip-flop with a logic constant 0. [GLO-12]
        : The instance is 'u_rb/g_postproc[3].u_gelu/r1b_a666_reg[5]'.
Info    : Replacing a flip-flop with a logic constant 0. [GLO-12]
        : The instance is 'u_rb/g_postproc[2].u_gelu/r1b_a666_reg[5]'.
Info    : Replacing a flip-flop with a logic constant 0. [GLO-12]
        : The instance is 'u_rb/g_postproc[1].u_gelu/r1b_a666_reg[5]'.
Info    : Replacing a flip-flop with a logic constant 0. [GLO-12]
        : The instance is 'u_rb/g_postproc[0].u_gelu/r1b_a666_reg[5]'.
Info    : Replacing a flip-flop with a logic constant 0. [GLO-12]
        : The instance is 'u_rb/g_postproc[31].u_gelu/r1b_a666_reg[6]'.
Info    : Replacing a flip-flop with a logic constant 0. [GLO-12]
        : The instance is 'u_rb/g_postproc[30].u_gelu/r1b_a666_reg[6]'.
Info    : Replacing a flip-flop with a logic constant 0. [GLO-12]
        : The instance is 'u_rb/g_postproc[29].u_gelu/r1b_a666_reg[6]'.
Info    : Replacing a flip-flop with a logic constant 0. [GLO-12]
        : The instance is 'u_rb/g_postproc[28].u_gelu/r1b_a666_reg[6]'.
Info    : Replacing a flip-flop with a logic constant 0. [GLO-12]
        : The instance is 'u_rb/g_postproc[27].u_gelu/r1b_a666_reg[6]'.
Info    : Replacing a flip-flop with a logic constant 0. [GLO-12]
        : The instance is 'u_rb/g_postproc[26].u_gelu/r1b_a666_reg[6]'.
Info    : Replacing a flip-flop with a logic constant 0. [GLO-12]
        : The instance is 'u_rb/g_postproc[25].u_gelu/r1b_a666_reg[6]'.
Info    : Replacing a flip-flop with a logic constant 0. [GLO-12]
        : The instance is 'u_rb/g_postproc[24].u_gelu/r1b_a666_reg[6]'.
Info    : Replacing a flip-flop with a logic constant 0. [GLO-12]
        : The instance is 'u_rb/g_postproc[23].u_gelu/r1b_a666_reg[6]'.
Info    : Replacing a flip-flop with a logic constant 0. [GLO-12]
        : The instance is 'u_rb/g_postproc[22].u_gelu/r1b_a666_reg[6]'.
Info    : Replacing a flip-flop with a logic constant 0. [GLO-12]
        : The instance is 'u_rb/g_postproc[21].u_gelu/r1b_a666_reg[6]'.
Info    : Replacing a flip-flop with a logic constant 0. [GLO-12]
        : The instance is 'u_rb/g_postproc[20].u_gelu/r1b_a666_reg[6]'.
Info    : Replacing a flip-flop with a logic constant 0. [GLO-12]
        : The instance is 'u_rb/g_postproc[19].u_gelu/r1b_a666_reg[6]'.
Info    : Replacing a flip-flop with a logic constant 0. [GLO-12]
        : The instance is 'u_rb/g_postproc[18].u_gelu/r1b_a666_reg[6]'.
Info    : Replacing a flip-flop with a logic constant 0. [GLO-12]
        : The instance is 'u_rb/g_postproc[17].u_gelu/r1b_a666_reg[6]'.
Info    : Replacing a flip-flop with a logic constant 0. [GLO-12]
        : The instance is 'u_rb/g_postproc[16].u_gelu/r1b_a666_reg[6]'.
Info    : Replacing a flip-flop with a logic constant 0. [GLO-12]
        : The instance is 'u_rb/g_postproc[15].u_gelu/r1b_a666_reg[6]'.
Info    : Replacing a flip-flop with a logic constant 0. [GLO-12]
        : The instance is 'u_rb/g_postproc[14].u_gelu/r1b_a666_reg[6]'.
Info    : Replacing a flip-flop with a logic constant 0. [GLO-12]
        : The instance is 'u_rb/g_postproc[13].u_gelu/r1b_a666_reg[6]'.
Info    : Replacing a flip-flop with a logic constant 0. [GLO-12]
        : The instance is 'u_rb/g_postproc[12].u_gelu/r1b_a666_reg[6]'.
Info    : Replacing a flip-flop with a logic constant 0. [GLO-12]
        : The instance is 'u_rb/g_postproc[11].u_gelu/r1b_a666_reg[6]'.
Info    : Replacing a flip-flop with a logic constant 0. [GLO-12]
        : The instance is 'u_rb/g_postproc[10].u_gelu/r1b_a666_reg[6]'.
Info    : Replacing a flip-flop with a logic constant 0. [GLO-12]
        : The instance is 'u_rb/g_postproc[9].u_gelu/r1b_a666_reg[6]'.
Info    : Replacing a flip-flop with a logic constant 0. [GLO-12]
        : The instance is 'u_rb/g_postproc[8].u_gelu/r1b_a666_reg[6]'.
Info    : Replacing a flip-flop with a logic constant 0. [GLO-12]
        : The instance is 'u_rb/g_postproc[7].u_gelu/r1b_a666_reg[6]'.
Info    : Replacing a flip-flop with a logic constant 0. [GLO-12]
        : The instance is 'u_rb/g_postproc[6].u_gelu/r1b_a666_reg[6]'.
Info    : Replacing a flip-flop with a logic constant 0. [GLO-12]
        : The instance is 'u_rb/g_postproc[5].u_gelu/r1b_a666_reg[6]'.
Info    : Replacing a flip-flop with a logic constant 0. [GLO-12]
        : The instance is 'u_rb/g_postproc[4].u_gelu/r1b_a666_reg[6]'.
Info    : Replacing a flip-flop with a logic constant 0. [GLO-12]
        : The instance is 'u_rb/g_postproc[3].u_gelu/r1b_a666_reg[6]'.
Info    : Replacing a flip-flop with a logic constant 0. [GLO-12]
        : The instance is 'u_rb/g_postproc[2].u_gelu/r1b_a666_reg[6]'.
Info    : Replacing a flip-flop with a logic constant 0. [GLO-12]
        : The instance is 'u_rb/g_postproc[1].u_gelu/r1b_a666_reg[6]'.
Info    : Replacing a flip-flop with a logic constant 0. [GLO-12]
        : The instance is 'u_rb/g_postproc[0].u_gelu/r1b_a666_reg[6]'.
Info    : Replacing a flip-flop with a logic constant 0. [GLO-12]
        : The instance is 'u_rb/g_postproc[31].u_gelu/r1b_a666_reg[7]'.
Info    : Replacing a flip-flop with a logic constant 0. [GLO-12]
        : The instance is 'u_rb/g_postproc[30].u_gelu/r1b_a666_reg[7]'.
Info    : Replacing a flip-flop with a logic constant 0. [GLO-12]
        : The instance is 'u_rb/g_postproc[29].u_gelu/r1b_a666_reg[7]'.
Info    : Replacing a flip-flop with a logic constant 0. [GLO-12]
        : The instance is 'u_rb/g_postproc[28].u_gelu/r1b_a666_reg[7]'.
Info    : Replacing a flip-flop with a logic constant 0. [GLO-12]
        : The instance is 'u_rb/g_postproc[27].u_gelu/r1b_a666_reg[7]'.
Info    : Replacing a flip-flop with a logic constant 0. [GLO-12]
        : The instance is 'u_rb/g_postproc[26].u_gelu/r1b_a666_reg[7]'.
Info    : Replacing a flip-flop with a logic constant 0. [GLO-12]
        : The instance is 'u_rb/g_postproc[25].u_gelu/r1b_a666_reg[7]'.
Info    : Replacing a flip-flop with a logic constant 0. [GLO-12]
        : The instance is 'u_rb/g_postproc[24].u_gelu/r1b_a666_reg[7]'.
Info    : Replacing a flip-flop with a logic constant 0. [GLO-12]
        : The instance is 'u_rb/g_postproc[23].u_gelu/r1b_a666_reg[7]'.
Info    : Replacing a flip-flop with a logic constant 0. [GLO-12]
        : The instance is 'u_rb/g_postproc[22].u_gelu/r1b_a666_reg[7]'.
Info    : Replacing a flip-flop with a logic constant 0. [GLO-12]
        : The instance is 'u_rb/g_postproc[21].u_gelu/r1b_a666_reg[7]'.
Info    : Replacing a flip-flop with a logic constant 0. [GLO-12]
        : The instance is 'u_rb/g_postproc[20].u_gelu/r1b_a666_reg[7]'.
Info    : Replacing a flip-flop with a logic constant 0. [GLO-12]
        : The instance is 'u_rb/g_postproc[19].u_gelu/r1b_a666_reg[7]'.
Info    : Replacing a flip-flop with a logic constant 0. [GLO-12]
        : The instance is 'u_rb/g_postproc[18].u_gelu/r1b_a666_reg[7]'.
Info    : Replacing a flip-flop with a logic constant 0. [GLO-12]
        : The instance is 'u_rb/g_postproc[17].u_gelu/r1b_a666_reg[7]'.
Info    : Replacing a flip-flop with a logic constant 0. [GLO-12]
        : The instance is 'u_rb/g_postproc[16].u_gelu/r1b_a666_reg[7]'.
Info    : Replacing a flip-flop with a logic constant 0. [GLO-12]
        : The instance is 'u_rb/g_postproc[15].u_gelu/r1b_a666_reg[7]'.
Info    : Replacing a flip-flop with a logic constant 0. [GLO-12]
        : The instance is 'u_rb/g_postproc[14].u_gelu/r1b_a666_reg[7]'.
Info    : Replacing a flip-flop with a logic constant 0. [GLO-12]
        : The instance is 'u_rb/g_postproc[13].u_gelu/r1b_a666_reg[7]'.
Info    : Replacing a flip-flop with a logic constant 0. [GLO-12]
        : The instance is 'u_rb/g_postproc[12].u_gelu/r1b_a666_reg[7]'.
Info    : Replacing a flip-flop with a logic constant 0. [GLO-12]
        : The instance is 'u_rb/g_postproc[11].u_gelu/r1b_a666_reg[7]'.
Info    : Replacing a flip-flop with a logic constant 0. [GLO-12]
        : The instance is 'u_rb/g_postproc[10].u_gelu/r1b_a666_reg[7]'.
Info    : Replacing a flip-flop with a logic constant 0. [GLO-12]
        : The instance is 'u_rb/g_postproc[9].u_gelu/r1b_a666_reg[7]'.
Info    : Replacing a flip-flop with a logic constant 0. [GLO-12]
        : The instance is 'u_rb/g_postproc[8].u_gelu/r1b_a666_reg[7]'.
Info    : Replacing a flip-flop with a logic constant 0. [GLO-12]
        : The instance is 'u_rb/g_postproc[7].u_gelu/r1b_a666_reg[7]'.
Info    : Replacing a flip-flop with a logic constant 0. [GLO-12]
        : The instance is 'u_rb/g_postproc[6].u_gelu/r1b_a666_reg[7]'.
Info    : Replacing a flip-flop with a logic constant 0. [GLO-12]
        : The instance is 'u_rb/g_postproc[5].u_gelu/r1b_a666_reg[7]'.
Info    : Replacing a flip-flop with a logic constant 0. [GLO-12]
        : The instance is 'u_rb/g_postproc[4].u_gelu/r1b_a666_reg[7]'.
Info    : Replacing a flip-flop with a logic constant 0. [GLO-12]
        : The instance is 'u_rb/g_postproc[3].u_gelu/r1b_a666_reg[7]'.
Info    : Replacing a flip-flop with a logic constant 0. [GLO-12]
        : The instance is 'u_rb/g_postproc[2].u_gelu/r1b_a666_reg[7]'.
Info    : Replacing a flip-flop with a logic constant 0. [GLO-12]
        : The instance is 'u_rb/g_postproc[1].u_gelu/r1b_a666_reg[7]'.
Info    : Replacing a flip-flop with a logic constant 0. [GLO-12]
        : The instance is 'u_rb/g_postproc[0].u_gelu/r1b_a666_reg[7]'.
Info    : Replacing a flip-flop with a logic constant 0. [GLO-12]
        : The instance is 'u_rb/g_postproc[31].u_gelu/r1b_a171_reg[31]'.
Info    : Replacing a flip-flop with a logic constant 0. [GLO-12]
        : The instance is 'u_rb/g_postproc[30].u_gelu/r1b_a171_reg[31]'.
Info    : Replacing a flip-flop with a logic constant 0. [GLO-12]
        : The instance is 'u_rb/g_postproc[29].u_gelu/r1b_a171_reg[31]'.
Info    : Replacing a flip-flop with a logic constant 0. [GLO-12]
        : The instance is 'u_rb/g_postproc[28].u_gelu/r1b_a171_reg[31]'.
Info    : Replacing a flip-flop with a logic constant 0. [GLO-12]
        : The instance is 'u_rb/g_postproc[27].u_gelu/r1b_a171_reg[31]'.
Info    : Replacing a flip-flop with a logic constant 0. [GLO-12]
        : The instance is 'u_rb/g_postproc[26].u_gelu/r1b_a171_reg[31]'.
Info    : Replacing a flip-flop with a logic constant 0. [GLO-12]
        : The instance is 'u_rb/g_postproc[25].u_gelu/r1b_a171_reg[31]'.
Info    : Replacing a flip-flop with a logic constant 0. [GLO-12]
        : The instance is 'u_rb/g_postproc[24].u_gelu/r1b_a171_reg[31]'.
Info    : Replacing a flip-flop with a logic constant 0. [GLO-12]
        : The instance is 'u_rb/g_postproc[23].u_gelu/r1b_a171_reg[31]'.
Info    : Replacing a flip-flop with a logic constant 0. [GLO-12]
        : The instance is 'u_rb/g_postproc[22].u_gelu/r1b_a171_reg[31]'.
Info    : Replacing a flip-flop with a logic constant 0. [GLO-12]
        : The instance is 'u_rb/g_postproc[21].u_gelu/r1b_a171_reg[31]'.
Info    : Replacing a flip-flop with a logic constant 0. [GLO-12]
        : The instance is 'u_rb/g_postproc[20].u_gelu/r1b_a171_reg[31]'.
Info    : Replacing a flip-flop with a logic constant 0. [GLO-12]
        : The instance is 'u_rb/g_postproc[19].u_gelu/r1b_a171_reg[31]'.
Info    : Replacing a flip-flop with a logic constant 0. [GLO-12]
        : The instance is 'u_rb/g_postproc[18].u_gelu/r1b_a171_reg[31]'.
Info    : Replacing a flip-flop with a logic constant 0. [GLO-12]
        : The instance is 'u_rb/g_postproc[17].u_gelu/r1b_a171_reg[31]'.
Info    : Replacing a flip-flop with a logic constant 0. [GLO-12]
        : The instance is 'u_rb/g_postproc[16].u_gelu/r1b_a171_reg[31]'.
Info    : Replacing a flip-flop with a logic constant 0. [GLO-12]
        : The instance is 'u_rb/g_postproc[15].u_gelu/r1b_a171_reg[31]'.
Info    : Replacing a flip-flop with a logic constant 0. [GLO-12]
        : The instance is 'u_rb/g_postproc[14].u_gelu/r1b_a171_reg[31]'.
Info    : Replacing a flip-flop with a logic constant 0. [GLO-12]
        : The instance is 'u_rb/g_postproc[13].u_gelu/r1b_a171_reg[31]'.
Info    : Replacing a flip-flop with a logic constant 0. [GLO-12]
        : The instance is 'u_rb/g_postproc[12].u_gelu/r1b_a171_reg[31]'.
Info    : Replacing a flip-flop with a logic constant 0. [GLO-12]
        : The instance is 'u_rb/g_postproc[11].u_gelu/r1b_a171_reg[31]'.
Info    : Replacing a flip-flop with a logic constant 0. [GLO-12]
        : The instance is 'u_rb/g_postproc[10].u_gelu/r1b_a171_reg[31]'.
Info    : Replacing a flip-flop with a logic constant 0. [GLO-12]
        : The instance is 'u_rb/g_postproc[9].u_gelu/r1b_a171_reg[31]'.
Info    : Replacing a flip-flop with a logic constant 0. [GLO-12]
        : The instance is 'u_rb/g_postproc[8].u_gelu/r1b_a171_reg[31]'.
Info    : Replacing a flip-flop with a logic constant 0. [GLO-12]
        : The instance is 'u_rb/g_postproc[7].u_gelu/r1b_a171_reg[31]'.
Info    : Replacing a flip-flop with a logic constant 0. [GLO-12]
        : The instance is 'u_rb/g_postproc[6].u_gelu/r1b_a171_reg[31]'.
Info    : Replacing a flip-flop with a logic constant 0. [GLO-12]
        : The instance is 'u_rb/g_postproc[5].u_gelu/r1b_a171_reg[31]'.
Info    : Replacing a flip-flop with a logic constant 0. [GLO-12]
        : The instance is 'u_rb/g_postproc[4].u_gelu/r1b_a171_reg[31]'.
Info    : Replacing a flip-flop with a logic constant 0. [GLO-12]
        : The instance is 'u_rb/g_postproc[3].u_gelu/r1b_a171_reg[31]'.
Info    : Replacing a flip-flop with a logic constant 0. [GLO-12]
        : The instance is 'u_rb/g_postproc[2].u_gelu/r1b_a171_reg[31]'.
Info    : Replacing a flip-flop with a logic constant 0. [GLO-12]
        : The instance is 'u_rb/g_postproc[1].u_gelu/r1b_a171_reg[31]'.
Info    : Replacing a flip-flop with a logic constant 0. [GLO-12]
        : The instance is 'u_rb/g_postproc[0].u_gelu/r1b_a171_reg[31]'.
Info    : Replacing a flip-flop with a logic constant 0. [GLO-12]
        : The instance is 'u_rb/g_postproc[31].u_gelu/r1b_a666_reg[31]'.
Info    : Replacing a flip-flop with a logic constant 0. [GLO-12]
        : The instance is 'u_rb/g_postproc[30].u_gelu/r1b_a666_reg[31]'.
Info    : Replacing a flip-flop with a logic constant 0. [GLO-12]
        : The instance is 'u_rb/g_postproc[29].u_gelu/r1b_a666_reg[31]'.
Info    : Replacing a flip-flop with a logic constant 0. [GLO-12]
        : The instance is 'u_rb/g_postproc[28].u_gelu/r1b_a666_reg[31]'.
Info    : Replacing a flip-flop with a logic constant 0. [GLO-12]
        : The instance is 'u_rb/g_postproc[27].u_gelu/r1b_a666_reg[31]'.
Info    : Replacing a flip-flop with a logic constant 0. [GLO-12]
        : The instance is 'u_rb/g_postproc[26].u_gelu/r1b_a666_reg[31]'.
Info    : Replacing a flip-flop with a logic constant 0. [GLO-12]
        : The instance is 'u_rb/g_postproc[25].u_gelu/r1b_a666_reg[31]'.
Info    : Replacing a flip-flop with a logic constant 0. [GLO-12]
        : The instance is 'u_rb/g_postproc[24].u_gelu/r1b_a666_reg[31]'.
Info    : Replacing a flip-flop with a logic constant 0. [GLO-12]
        : The instance is 'u_rb/g_postproc[23].u_gelu/r1b_a666_reg[31]'.
Info    : Replacing a flip-flop with a logic constant 0. [GLO-12]
        : The instance is 'u_rb/g_postproc[22].u_gelu/r1b_a666_reg[31]'.
Info    : Replacing a flip-flop with a logic constant 0. [GLO-12]
        : The instance is 'u_rb/g_postproc[21].u_gelu/r1b_a666_reg[31]'.
Info    : Replacing a flip-flop with a logic constant 0. [GLO-12]
        : The instance is 'u_rb/g_postproc[20].u_gelu/r1b_a666_reg[31]'.
Info    : Replacing a flip-flop with a logic constant 0. [GLO-12]
        : The instance is 'u_rb/g_postproc[19].u_gelu/r1b_a666_reg[31]'.
Info    : Replacing a flip-flop with a logic constant 0. [GLO-12]
        : The instance is 'u_rb/g_postproc[18].u_gelu/r1b_a666_reg[31]'.
Info    : Replacing a flip-flop with a logic constant 0. [GLO-12]
        : The instance is 'u_rb/g_postproc[17].u_gelu/r1b_a666_reg[31]'.
Info    : Replacing a flip-flop with a logic constant 0. [GLO-12]
        : The instance is 'u_rb/g_postproc[16].u_gelu/r1b_a666_reg[31]'.
Info    : Replacing a flip-flop with a logic constant 0. [GLO-12]
        : The instance is 'u_rb/g_postproc[15].u_gelu/r1b_a666_reg[31]'.
Info    : Replacing a flip-flop with a logic constant 0. [GLO-12]
        : The instance is 'u_rb/g_postproc[14].u_gelu/r1b_a666_reg[31]'.
Info    : Replacing a flip-flop with a logic constant 0. [GLO-12]
        : The instance is 'u_rb/g_postproc[13].u_gelu/r1b_a666_reg[31]'.
Info    : Replacing a flip-flop with a logic constant 0. [GLO-12]
        : The instance is 'u_rb/g_postproc[12].u_gelu/r1b_a666_reg[31]'.
Info    : Replacing a flip-flop with a logic constant 0. [GLO-12]
        : The instance is 'u_rb/g_postproc[11].u_gelu/r1b_a666_reg[31]'.
Info    : Replacing a flip-flop with a logic constant 0. [GLO-12]
        : The instance is 'u_rb/g_postproc[10].u_gelu/r1b_a666_reg[31]'.
Info    : Replacing a flip-flop with a logic constant 0. [GLO-12]
        : The instance is 'u_rb/g_postproc[9].u_gelu/r1b_a666_reg[31]'.
Info    : Replacing a flip-flop with a logic constant 0. [GLO-12]
        : The instance is 'u_rb/g_postproc[8].u_gelu/r1b_a666_reg[31]'.
Info    : Replacing a flip-flop with a logic constant 0. [GLO-12]
        : The instance is 'u_rb/g_postproc[7].u_gelu/r1b_a666_reg[31]'.
Info    : Replacing a flip-flop with a logic constant 0. [GLO-12]
        : The instance is 'u_rb/g_postproc[6].u_gelu/r1b_a666_reg[31]'.
Info    : Replacing a flip-flop with a logic constant 0. [GLO-12]
        : The instance is 'u_rb/g_postproc[5].u_gelu/r1b_a666_reg[31]'.
Info    : Replacing a flip-flop with a logic constant 0. [GLO-12]
        : The instance is 'u_rb/g_postproc[4].u_gelu/r1b_a666_reg[31]'.
Info    : Replacing a flip-flop with a logic constant 0. [GLO-12]
        : The instance is 'u_rb/g_postproc[3].u_gelu/r1b_a666_reg[31]'.
Info    : Replacing a flip-flop with a logic constant 0. [GLO-12]
        : The instance is 'u_rb/g_postproc[2].u_gelu/r1b_a666_reg[31]'.
Info    : Replacing a flip-flop with a logic constant 0. [GLO-12]
        : The instance is 'u_rb/g_postproc[1].u_gelu/r1b_a666_reg[31]'.
Info    : Replacing a flip-flop with a logic constant 0. [GLO-12]
        : The instance is 'u_rb/g_postproc[0].u_gelu/r1b_a666_reg[31]'.
Info    : Replacing a flip-flop with a logic constant 0. [GLO-12]
        : The instance is 'u_rb/g_postproc[31].u_gelu/r0b_arg_reg[8]'.
Info    : Replacing a flip-flop with a logic constant 0. [GLO-12]
        : The instance is 'u_rb/g_postproc[30].u_gelu/r0b_arg_reg[8]'.
Info    : Replacing a flip-flop with a logic constant 0. [GLO-12]
        : The instance is 'u_rb/g_postproc[29].u_gelu/r0b_arg_reg[8]'.
Info    : Replacing a flip-flop with a logic constant 0. [GLO-12]
        : The instance is 'u_rb/g_postproc[28].u_gelu/r0b_arg_reg[8]'.
Info    : Replacing a flip-flop with a logic constant 0. [GLO-12]
        : The instance is 'u_rb/g_postproc[27].u_gelu/r0b_arg_reg[8]'.
Info    : Replacing a flip-flop with a logic constant 0. [GLO-12]
        : The instance is 'u_rb/g_postproc[26].u_gelu/r0b_arg_reg[8]'.
Info    : Replacing a flip-flop with a logic constant 0. [GLO-12]
        : The instance is 'u_rb/g_postproc[25].u_gelu/r0b_arg_reg[8]'.
Info    : Replacing a flip-flop with a logic constant 0. [GLO-12]
        : The instance is 'u_rb/g_postproc[24].u_gelu/r0b_arg_reg[8]'.
Info    : Replacing a flip-flop with a logic constant 0. [GLO-12]
        : The instance is 'u_rb/g_postproc[23].u_gelu/r0b_arg_reg[8]'.
Info    : Replacing a flip-flop with a logic constant 0. [GLO-12]
        : The instance is 'u_rb/g_postproc[22].u_gelu/r0b_arg_reg[8]'.
Info    : Replacing a flip-flop with a logic constant 0. [GLO-12]
        : The instance is 'u_rb/g_postproc[21].u_gelu/r0b_arg_reg[8]'.
Info    : Replacing a flip-flop with a logic constant 0. [GLO-12]
        : The instance is 'u_rb/g_postproc[20].u_gelu/r0b_arg_reg[8]'.
Info    : Replacing a flip-flop with a logic constant 0. [GLO-12]
        : The instance is 'u_rb/g_postproc[19].u_gelu/r0b_arg_reg[8]'.
Info    : Replacing a flip-flop with a logic constant 0. [GLO-12]
        : The instance is 'u_rb/g_postproc[18].u_gelu/r0b_arg_reg[8]'.
Info    : Replacing a flip-flop with a logic constant 0. [GLO-12]
        : The instance is 'u_rb/g_postproc[17].u_gelu/r0b_arg_reg[8]'.
Info    : Replacing a flip-flop with a logic constant 0. [GLO-12]
        : The instance is 'u_rb/g_postproc[16].u_gelu/r0b_arg_reg[8]'.
Info    : Replacing a flip-flop with a logic constant 0. [GLO-12]
        : The instance is 'u_rb/g_postproc[15].u_gelu/r0b_arg_reg[8]'.
Info    : Replacing a flip-flop with a logic constant 0. [GLO-12]
        : The instance is 'u_rb/g_postproc[14].u_gelu/r0b_arg_reg[8]'.
Info    : Replacing a flip-flop with a logic constant 0. [GLO-12]
        : The instance is 'u_rb/g_postproc[13].u_gelu/r0b_arg_reg[8]'.
Info    : Replacing a flip-flop with a logic constant 0. [GLO-12]
        : The instance is 'u_rb/g_postproc[12].u_gelu/r0b_arg_reg[8]'.
Info    : Replacing a flip-flop with a logic constant 0. [GLO-12]
        : The instance is 'u_rb/g_postproc[11].u_gelu/r0b_arg_reg[8]'.
Info    : Replacing a flip-flop with a logic constant 0. [GLO-12]
        : The instance is 'u_rb/g_postproc[10].u_gelu/r0b_arg_reg[8]'.
Info    : Replacing a flip-flop with a logic constant 0. [GLO-12]
        : The instance is 'u_rb/g_postproc[9].u_gelu/r0b_arg_reg[8]'.
Info    : Replacing a flip-flop with a logic constant 0. [GLO-12]
        : The instance is 'u_rb/g_postproc[8].u_gelu/r0b_arg_reg[8]'.
Info    : Replacing a flip-flop with a logic constant 0. [GLO-12]
        : The instance is 'u_rb/g_postproc[7].u_gelu/r0b_arg_reg[8]'.
Info    : Replacing a flip-flop with a logic constant 0. [GLO-12]
        : The instance is 'u_rb/g_postproc[6].u_gelu/r0b_arg_reg[8]'.
Info    : Replacing a flip-flop with a logic constant 0. [GLO-12]
        : The instance is 'u_rb/g_postproc[5].u_gelu/r0b_arg_reg[8]'.
Info    : Replacing a flip-flop with a logic constant 0. [GLO-12]
        : The instance is 'u_rb/g_postproc[4].u_gelu/r0b_arg_reg[8]'.
Info    : Replacing a flip-flop with a logic constant 0. [GLO-12]
        : The instance is 'u_rb/g_postproc[3].u_gelu/r0b_arg_reg[8]'.
Info    : Replacing a flip-flop with a logic constant 0. [GLO-12]
        : The instance is 'u_rb/g_postproc[2].u_gelu/r0b_arg_reg[8]'.
Info    : Replacing a flip-flop with a logic constant 0. [GLO-12]
        : The instance is 'u_rb/g_postproc[1].u_gelu/r0b_arg_reg[8]'.
Info    : Replacing a flip-flop with a logic constant 0. [GLO-12]
        : The instance is 'u_rb/g_postproc[0].u_gelu/r0b_arg_reg[8]'.
Info    : Replacing a flip-flop with a logic constant 0. [GLO-12]
        : The instance is 'u_rb/g_postproc[31].u_gelu/r0b_arg_reg[9]'.
Info    : Replacing a flip-flop with a logic constant 0. [GLO-12]
        : The instance is 'u_rb/g_postproc[30].u_gelu/r0b_arg_reg[9]'.
Info    : Replacing a flip-flop with a logic constant 0. [GLO-12]
        : The instance is 'u_rb/g_postproc[29].u_gelu/r0b_arg_reg[9]'.
Info    : Replacing a flip-flop with a logic constant 0. [GLO-12]
        : The instance is 'u_rb/g_postproc[28].u_gelu/r0b_arg_reg[9]'.
Info    : Replacing a flip-flop with a logic constant 0. [GLO-12]
        : The instance is 'u_rb/g_postproc[27].u_gelu/r0b_arg_reg[9]'.
Info    : Replacing a flip-flop with a logic constant 0. [GLO-12]
        : The instance is 'u_rb/g_postproc[26].u_gelu/r0b_arg_reg[9]'.
Info    : Replacing a flip-flop with a logic constant 0. [GLO-12]
        : The instance is 'u_rb/g_postproc[25].u_gelu/r0b_arg_reg[9]'.
Info    : Replacing a flip-flop with a logic constant 0. [GLO-12]
        : The instance is 'u_rb/g_postproc[24].u_gelu/r0b_arg_reg[9]'.
Info    : Replacing a flip-flop with a logic constant 0. [GLO-12]
        : The instance is 'u_rb/g_postproc[23].u_gelu/r0b_arg_reg[9]'.
Info    : Replacing a flip-flop with a logic constant 0. [GLO-12]
        : The instance is 'u_rb/g_postproc[22].u_gelu/r0b_arg_reg[9]'.
Info    : Replacing a flip-flop with a logic constant 0. [GLO-12]
        : The instance is 'u_rb/g_postproc[21].u_gelu/r0b_arg_reg[9]'.
Info    : Replacing a flip-flop with a logic constant 0. [GLO-12]
        : The instance is 'u_rb/g_postproc[20].u_gelu/r0b_arg_reg[9]'.
Info    : Replacing a flip-flop with a logic constant 0. [GLO-12]
        : The instance is 'u_rb/g_postproc[19].u_gelu/r0b_arg_reg[9]'.
Info    : Replacing a flip-flop with a logic constant 0. [GLO-12]
        : The instance is 'u_rb/g_postproc[18].u_gelu/r0b_arg_reg[9]'.
Info    : Replacing a flip-flop with a logic constant 0. [GLO-12]
        : The instance is 'u_rb/g_postproc[17].u_gelu/r0b_arg_reg[9]'.
Info    : Replacing a flip-flop with a logic constant 0. [GLO-12]
        : The instance is 'u_rb/g_postproc[16].u_gelu/r0b_arg_reg[9]'.
Info    : Replacing a flip-flop with a logic constant 0. [GLO-12]
        : The instance is 'u_rb/g_postproc[15].u_gelu/r0b_arg_reg[9]'.
Info    : Replacing a flip-flop with a logic constant 0. [GLO-12]
        : The instance is 'u_rb/g_postproc[14].u_gelu/r0b_arg_reg[9]'.
Info    : Replacing a flip-flop with a logic constant 0. [GLO-12]
        : The instance is 'u_rb/g_postproc[13].u_gelu/r0b_arg_reg[9]'.
Info    : Replacing a flip-flop with a logic constant 0. [GLO-12]
        : The instance is 'u_rb/g_postproc[12].u_gelu/r0b_arg_reg[9]'.
Info    : Replacing a flip-flop with a logic constant 0. [GLO-12]
        : The instance is 'u_rb/g_postproc[11].u_gelu/r0b_arg_reg[9]'.
Info    : Replacing a flip-flop with a logic constant 0. [GLO-12]
        : The instance is 'u_rb/g_postproc[10].u_gelu/r0b_arg_reg[9]'.
Info    : Replacing a flip-flop with a logic constant 0. [GLO-12]
        : The instance is 'u_rb/g_postproc[9].u_gelu/r0b_arg_reg[9]'.
Info    : Replacing a flip-flop with a logic constant 0. [GLO-12]
        : The instance is 'u_rb/g_postproc[8].u_gelu/r0b_arg_reg[9]'.
Info    : Replacing a flip-flop with a logic constant 0. [GLO-12]
        : The instance is 'u_rb/g_postproc[7].u_gelu/r0b_arg_reg[9]'.
Info    : Replacing a flip-flop with a logic constant 0. [GLO-12]
        : The instance is 'u_rb/g_postproc[6].u_gelu/r0b_arg_reg[9]'.
Info    : Replacing a flip-flop with a logic constant 0. [GLO-12]
        : The instance is 'u_rb/g_postproc[5].u_gelu/r0b_arg_reg[9]'.
Info    : Replacing a flip-flop with a logic constant 0. [GLO-12]
        : The instance is 'u_rb/g_postproc[4].u_gelu/r0b_arg_reg[9]'.
Info    : Replacing a flip-flop with a logic constant 0. [GLO-12]
        : The instance is 'u_rb/g_postproc[3].u_gelu/r0b_arg_reg[9]'.
Info    : Replacing a flip-flop with a logic constant 0. [GLO-12]
        : The instance is 'u_rb/g_postproc[2].u_gelu/r0b_arg_reg[9]'.
Info    : Replacing a flip-flop with a logic constant 0. [GLO-12]
        : The instance is 'u_rb/g_postproc[1].u_gelu/r0b_arg_reg[9]'.
Info    : Replacing a flip-flop with a logic constant 0. [GLO-12]
        : The instance is 'u_rb/g_postproc[0].u_gelu/r0b_arg_reg[9]'.
Info    : Replacing a flip-flop with a logic constant 0. [GLO-12]
        : The instance is 'u_rb/g_postproc[31].u_gelu/r1b_a666_reg[8]'.
Info    : Replacing a flip-flop with a logic constant 0. [GLO-12]
        : The instance is 'u_rb/g_postproc[30].u_gelu/r1b_a666_reg[8]'.
Info    : Replacing a flip-flop with a logic constant 0. [GLO-12]
        : The instance is 'u_rb/g_postproc[29].u_gelu/r1b_a666_reg[8]'.
Info    : Replacing a flip-flop with a logic constant 0. [GLO-12]
        : The instance is 'u_rb/g_postproc[28].u_gelu/r1b_a666_reg[8]'.
Info    : Replacing a flip-flop with a logic constant 0. [GLO-12]
        : The instance is 'u_rb/g_postproc[27].u_gelu/r1b_a666_reg[8]'.
Info    : Replacing a flip-flop with a logic constant 0. [GLO-12]
        : The instance is 'u_rb/g_postproc[26].u_gelu/r1b_a666_reg[8]'.
Info    : Replacing a flip-flop with a logic constant 0. [GLO-12]
        : The instance is 'u_rb/g_postproc[25].u_gelu/r1b_a666_reg[8]'.
Info    : Replacing a flip-flop with a logic constant 0. [GLO-12]
        : The instance is 'u_rb/g_postproc[24].u_gelu/r1b_a666_reg[8]'.
Info    : Replacing a flip-flop with a logic constant 0. [GLO-12]
        : The instance is 'u_rb/g_postproc[23].u_gelu/r1b_a666_reg[8]'.
Info    : Replacing a flip-flop with a logic constant 0. [GLO-12]
        : The instance is 'u_rb/g_postproc[22].u_gelu/r1b_a666_reg[8]'.
Info    : Replacing a flip-flop with a logic constant 0. [GLO-12]
        : The instance is 'u_rb/g_postproc[21].u_gelu/r1b_a666_reg[8]'.
Info    : Replacing a flip-flop with a logic constant 0. [GLO-12]
        : The instance is 'u_rb/g_postproc[20].u_gelu/r1b_a666_reg[8]'.
Info    : Replacing a flip-flop with a logic constant 0. [GLO-12]
        : The instance is 'u_rb/g_postproc[19].u_gelu/r1b_a666_reg[8]'.
Info    : Replacing a flip-flop with a logic constant 0. [GLO-12]
        : The instance is 'u_rb/g_postproc[18].u_gelu/r1b_a666_reg[8]'.
Info    : Replacing a flip-flop with a logic constant 0. [GLO-12]
        : The instance is 'u_rb/g_postproc[17].u_gelu/r1b_a666_reg[8]'.
Info    : Replacing a flip-flop with a logic constant 0. [GLO-12]
        : The instance is 'u_rb/g_postproc[16].u_gelu/r1b_a666_reg[8]'.
Info    : Replacing a flip-flop with a logic constant 0. [GLO-12]
        : The instance is 'u_rb/g_postproc[15].u_gelu/r1b_a666_reg[8]'.
Info    : Replacing a flip-flop with a logic constant 0. [GLO-12]
        : The instance is 'u_rb/g_postproc[14].u_gelu/r1b_a666_reg[8]'.
Info    : Replacing a flip-flop with a logic constant 0. [GLO-12]
        : The instance is 'u_rb/g_postproc[13].u_gelu/r1b_a666_reg[8]'.
Info    : Replacing a flip-flop with a logic constant 0. [GLO-12]
        : The instance is 'u_rb/g_postproc[12].u_gelu/r1b_a666_reg[8]'.
Info    : Replacing a flip-flop with a logic constant 0. [GLO-12]
        : The instance is 'u_rb/g_postproc[11].u_gelu/r1b_a666_reg[8]'.
Info    : Replacing a flip-flop with a logic constant 0. [GLO-12]
        : The instance is 'u_rb/g_postproc[10].u_gelu/r1b_a666_reg[8]'.
Info    : Replacing a flip-flop with a logic constant 0. [GLO-12]
        : The instance is 'u_rb/g_postproc[9].u_gelu/r1b_a666_reg[8]'.
Info    : Replacing a flip-flop with a logic constant 0. [GLO-12]
        : The instance is 'u_rb/g_postproc[8].u_gelu/r1b_a666_reg[8]'.
Info    : Replacing a flip-flop with a logic constant 0. [GLO-12]
        : The instance is 'u_rb/g_postproc[7].u_gelu/r1b_a666_reg[8]'.
Info    : Replacing a flip-flop with a logic constant 0. [GLO-12]
        : The instance is 'u_rb/g_postproc[6].u_gelu/r1b_a666_reg[8]'.
Info    : Replacing a flip-flop with a logic constant 0. [GLO-12]
        : The instance is 'u_rb/g_postproc[5].u_gelu/r1b_a666_reg[8]'.
Info    : Replacing a flip-flop with a logic constant 0. [GLO-12]
        : The instance is 'u_rb/g_postproc[4].u_gelu/r1b_a666_reg[8]'.
Info    : Replacing a flip-flop with a logic constant 0. [GLO-12]
        : The instance is 'u_rb/g_postproc[3].u_gelu/r1b_a666_reg[8]'.
Info    : Replacing a flip-flop with a logic constant 0. [GLO-12]
        : The instance is 'u_rb/g_postproc[2].u_gelu/r1b_a666_reg[8]'.
Info    : Replacing a flip-flop with a logic constant 0. [GLO-12]
        : The instance is 'u_rb/g_postproc[1].u_gelu/r1b_a666_reg[8]'.
Info    : Replacing a flip-flop with a logic constant 0. [GLO-12]
        : The instance is 'u_rb/g_postproc[0].u_gelu/r1b_a666_reg[8]'.
...done running DP early constant propagation (425 seconds CPU time, netlist sys_top).
Info    : Deleting instances not driving any primary outputs. [GLO-34]
        : Deleting 1248 sequential instances.
Info    : Deleting instances not driving any primary outputs. [GLO-34]
        : Deleting 128 hierarchical instances.
Info    : Synthesizing. [SYNTH-1]
        : Synthesizing 'sys_top' to generic gates using 'medium' effort.
Running Synthesis Turbo Flow Version 3.
PBS_Generic-Start - Elapsed_Time 0, CPU_Time 0.0
stamp 'PBS_Generic-Start' being created for table 'pbs_debug'

  Total Time (Wall) |  Stage Time (Wall)  |   % (Wall)   |    Date - Time     |  Memory   | Stage
--------------------+---------------------+--------------+--------------------+-----------+----------------------
 00:10:12(00:10:22) |  00:00:00(00:00:00) |   0.0(  0.0) |   16:38:41 (May14) |   8.60 GB | PBS_Generic-Start
--------------------+---------------------+--------------+--------------------+-----------+----------------------
Number of threads: 8 * 1   (id: pbs_debug, time_info v1.57)
Info: (*N*) indicates data that was populated from previously saved time_info database
Info: CPU time includes time of parent + longest thread
Info    : Enabling Partition Based Synthesis. [PBS-1]
        : Starting distributed generic optimization.
Info    : Attempting to launch a super-threading server. [ST-120]
        : Attempting to Launch server 1 of 8.
        : The tool is entering super-threading mode and is launching a CPU server process.  This is enabled by the root attribute 'super_thread_servers' or 'auto_super_thread'.
Info    : Connection established with super-threading server. [ST-110]
        : The server 'localhost_1_0' is process '12486' on this host.
        : The tool is entering super-threading mode and has established a connection with a CPU server process.  This is enabled by the root attributes 'super_thread_servers' or 'auto_super_thread'.
     Generating lib_script file: /home/iwyse/common/Documents/ECE510/project/510Project/project/cadence/systolic_32x32/.pbs_mo.ece.pdx.edu_8835/lib_script
Start partitioning.  Summary: MEM {curr: 9.4G, peak: 13.2G, phys curr: 8.7G, phys peak: 12.4G}
Start partitioning design sys_top for generic optimization.
Total generic instances for partitioning: 4356929
	Generic partition 0: size 81126
	Generic partition 1: size 264994
	Generic partition 2: size 84990
	Generic partition 3: size 82157
	Generic partition 4: size 96322
	Generic partition 5: size 90656
	Generic partition 6: size 93489
	Generic partition 7: size 99155
	Generic partition 8: size 99155
	Generic partition 9: size 104821
	Generic partition 10: size 101988
	Generic partition 11: size 101988
	Generic partition 12: size 101988
	Generic partition 13: size 101988
	Generic partition 14: size 101988
	Generic partition 15: size 104821
	Generic partition 16: size 104821
	Generic partition 17: size 104821
	Generic partition 18: size 104821
	Generic partition 19: size 104821
	Generic partition 20: size 104821
	Generic partition 21: size 104821
	Generic partition 22: size 104821
	Generic partition 23: size 104821
	Generic partition 24: size 82157
	Generic partition 25: size 104821
	Generic partition 26: size 101988
	Generic partition 27: size 96322
	Generic partition 28: size 104821
	Generic partition 29: size 104821
	Generic partition 30: size 101988
	Generic partition 31: size 101821
	Generic partition 32: size 99980
	Generic partition 33: size 70949
	Generic partition 34: size 99980
	Generic partition 35: size 70949
	Generic partition 36: size 99980
	Generic partition 37: size 105503
	Generic partition 38: size 72790
	Generic partition 39: size 101821
	Generic partition 40: size 99980
	Generic partition 41: size 105503
	Generic partition 42: size 80561
Done partitioning.  Summary: RT {elapsed: 3s, ST: 3s}, MEM {curr: 9.4G, peak: 13.2G, phys curr: 8.7G, phys peak: 12.4G}
Start creating partition netlists.  Summary: MEM {curr: 9.4G, peak: 13.2G, phys curr: 8.7G, phys peak: 12.4G}
Done creating partition netlists.  Summary: RT {elapsed: 47s, ST: 45s}, MEM {curr: 13.3G, peak: 13.3G, phys curr: 12.8G, phys peak: 12.8G}
Start budgeting timing for partitions.  Summary: MEM {curr: 13.3G, peak: 13.3G, phys curr: 12.8G, phys peak: 12.8G}
Done budgeting timing for partitions.  Summary: RT {elapsed: 333s, ST: 369s}, MEM {curr: 21.3G, peak: 21.3G, phys curr: 20.9G, phys peak: 20.9G}
Start deriving partition netlists.  Summary: MEM {curr: 21.3G, peak: 21.3G, phys curr: 20.9G, phys peak: 20.9G}
The inst 'pbs_genopt_0' is selected as pbs candidate. The instance cnt is: '81126'.
The inst 'pbs_genopt_1' is selected as pbs candidate. The instance cnt is: '264994'.
The inst 'pbs_genopt_2' is selected as pbs candidate. The instance cnt is: '84990'.
The inst 'pbs_genopt_3' is selected as pbs candidate. The instance cnt is: '82157'.
The inst 'pbs_genopt_4' is selected as pbs candidate. The instance cnt is: '96322'.
The inst 'pbs_genopt_5' is selected as pbs candidate. The instance cnt is: '90656'.
The inst 'pbs_genopt_6' is selected as pbs candidate. The instance cnt is: '93489'.
The inst 'pbs_genopt_7' is selected as pbs candidate. The instance cnt is: '99155'.
The inst 'pbs_genopt_8' is selected as pbs candidate. The instance cnt is: '99155'.
The inst 'pbs_genopt_9' is selected as pbs candidate. The instance cnt is: '104821'.
The inst 'pbs_genopt_10' is selected as pbs candidate. The instance cnt is: '101988'.
The inst 'pbs_genopt_11' is selected as pbs candidate. The instance cnt is: '101988'.
The inst 'pbs_genopt_12' is selected as pbs candidate. The instance cnt is: '101988'.
The inst 'pbs_genopt_13' is selected as pbs candidate. The instance cnt is: '101988'.
The inst 'pbs_genopt_14' is selected as pbs candidate. The instance cnt is: '101988'.
The inst 'pbs_genopt_15' is selected as pbs candidate. The instance cnt is: '104821'.
The inst 'pbs_genopt_16' is selected as pbs candidate. The instance cnt is: '104821'.
The inst 'pbs_genopt_17' is selected as pbs candidate. The instance cnt is: '104821'.
The inst 'pbs_genopt_18' is selected as pbs candidate. The instance cnt is: '104821'.
The inst 'pbs_genopt_19' is selected as pbs candidate. The instance cnt is: '104821'.
The inst 'pbs_genopt_20' is selected as pbs candidate. The instance cnt is: '104821'.
The inst 'pbs_genopt_21' is selected as pbs candidate. The instance cnt is: '104821'.
The inst 'pbs_genopt_22' is selected as pbs candidate. The instance cnt is: '104821'.
The inst 'pbs_genopt_23' is selected as pbs candidate. The instance cnt is: '104821'.
The inst 'pbs_genopt_24' is selected as pbs candidate. The instance cnt is: '82157'.
The inst 'pbs_genopt_25' is selected as pbs candidate. The instance cnt is: '104821'.
The inst 'pbs_genopt_26' is selected as pbs candidate. The instance cnt is: '101988'.
The inst 'pbs_genopt_27' is selected as pbs candidate. The instance cnt is: '96322'.
The inst 'pbs_genopt_28' is selected as pbs candidate. The instance cnt is: '104821'.
The inst 'pbs_genopt_29' is selected as pbs candidate. The instance cnt is: '104821'.
The inst 'pbs_genopt_30' is selected as pbs candidate. The instance cnt is: '101988'.
The inst 'pbs_genopt_31' is selected as pbs candidate. The instance cnt is: '101821'.
The inst 'pbs_genopt_32' is selected as pbs candidate. The instance cnt is: '99980'.
The inst 'pbs_genopt_33' is selected as pbs candidate. The instance cnt is: '70949'.
The inst 'pbs_genopt_34' is selected as pbs candidate. The instance cnt is: '99980'.
The inst 'pbs_genopt_35' is selected as pbs candidate. The instance cnt is: '70949'.
The inst 'pbs_genopt_36' is selected as pbs candidate. The instance cnt is: '99980'.
The inst 'pbs_genopt_37' is selected as pbs candidate. The instance cnt is: '105503'.
The inst 'pbs_genopt_38' is selected as pbs candidate. The instance cnt is: '72790'.
The inst 'pbs_genopt_39' is selected as pbs candidate. The instance cnt is: '101821'.
The inst 'pbs_genopt_40' is selected as pbs candidate. The instance cnt is: '99980'.
The inst 'pbs_genopt_41' is selected as pbs candidate. The instance cnt is: '105503'.
The inst 'pbs_genopt_42' is selected as pbs candidate. The instance cnt is: '80561'.
Done deriving partition netlists.  Summary: RT {elapsed: 51s, ST: 51s}, MEM {curr: 21.3G, peak: 21.4G, phys curr: 20.9G, phys peak: 20.9G}
Wait for super-thread servers to finish loading libraries.
Start super thread servers forking.  Summary: MEM {curr: 15.6G, peak: 21.4G, phys curr: 20.8G, phys peak: 20.9G}
                  Library loading done successfully on server 'localhost_1_0'.
Info    : Connection established with super-threading server. [ST-110]
        : The server 'localhost_1_1' is forked process '16258' on this host.
Info    : Connection established with super-threading server. [ST-110]
        : The server 'localhost_1_2' is forked process '16260' on this host.
Info    : Connection established with super-threading server. [ST-110]
        : The server 'localhost_1_3' is forked process '16262' on this host.
Info    : Connection established with super-threading server. [ST-110]
        : The server 'localhost_1_4' is forked process '16264' on this host.
Info    : Connection established with super-threading server. [ST-110]
        : The server 'localhost_1_5' is forked process '16266' on this host.
Info    : Connection established with super-threading server. [ST-110]
        : The server 'localhost_1_6' is forked process '16268' on this host.
Info    : Connection established with super-threading server. [ST-110]
        : The server 'localhost_1_7' is forked process '16270' on this host.
Done super thread servers forking.  Summary: RT {elapsed: 1s, ST: 0s}, MEM {curr: 15.6G, peak: 21.4G, phys curr: 20.8G, phys peak: 20.9G}
        Distributing super-thread jobs: {pbs_genopt_1 ./.pbs_mo.ece.pdx.edu_8835/pbs_genopt_1.etf} {pbs_genopt_37 ./.pbs_mo.ece.pdx.edu_8835/pbs_genopt_37.etf} {pbs_genopt_41 ./.pbs_mo.ece.pdx.edu_8835/pbs_genopt_41.etf} {pbs_genopt_21 ./.pbs_mo.ece.pdx.edu_8835/pbs_genopt_21.etf} {pbs_genopt_29 ./.pbs_mo.ece.pdx.edu_8835/pbs_genopt_29.etf} {pbs_genopt_28 ./.pbs_mo.ece.pdx.edu_8835/pbs_genopt_28.etf} {pbs_genopt_25 ./.pbs_mo.ece.pdx.edu_8835/pbs_genopt_25.etf} {pbs_genopt_23 ./.pbs_mo.ece.pdx.edu_8835/pbs_genopt_23.etf} {pbs_genopt_22 ./.pbs_mo.ece.pdx.edu_8835/pbs_genopt_22.etf} {pbs_genopt_9 ./.pbs_mo.ece.pdx.edu_8835/pbs_genopt_9.etf} {pbs_genopt_20 ./.pbs_mo.ece.pdx.edu_8835/pbs_genopt_20.etf} {pbs_genopt_19 ./.pbs_mo.ece.pdx.edu_8835/pbs_genopt_19.etf} {pbs_genopt_18 ./.pbs_mo.ece.pdx.edu_8835/pbs_genopt_18.etf} {pbs_genopt_17 ./.pbs_mo.ece.pdx.edu_8835/pbs_genopt_17.etf} {pbs_genopt_16 ./.pbs_mo.ece.pdx.edu_8835/pbs_genopt_16.etf} {pbs_genopt_15 ./.pbs_mo.ece.pdx.edu_8835/pbs_genopt_15.etf} {pbs_genopt_14 ./.pbs_mo.ece.pdx.edu_8835/pbs_genopt_14.etf} {pbs_genopt_13 ./.pbs_mo.ece.pdx.edu_8835/pbs_genopt_13.etf} {pbs_genopt_12 ./.pbs_mo.ece.pdx.edu_8835/pbs_genopt_12.etf} {pbs_genopt_11 ./.pbs_mo.ece.pdx.edu_8835/pbs_genopt_11.etf} {pbs_genopt_30 ./.pbs_mo.ece.pdx.edu_8835/pbs_genopt_30.etf} {pbs_genopt_10 ./.pbs_mo.ece.pdx.edu_8835/pbs_genopt_10.etf} {pbs_genopt_26 ./.pbs_mo.ece.pdx.edu_8835/pbs_genopt_26.etf} {pbs_genopt_39 ./.pbs_mo.ece.pdx.edu_8835/pbs_genopt_39.etf} {pbs_genopt_31 ./.pbs_mo.ece.pdx.edu_8835/pbs_genopt_31.etf} {pbs_genopt_36 ./.pbs_mo.ece.pdx.edu_8835/pbs_genopt_36.etf} {pbs_genopt_34 ./.pbs_mo.ece.pdx.edu_8835/pbs_genopt_34.etf} {pbs_genopt_40 ./.pbs_mo.ece.pdx.edu_8835/pbs_genopt_40.etf} {pbs_genopt_32 ./.pbs_mo.ece.pdx.edu_8835/pbs_genopt_32.etf} {pbs_genopt_7 ./.pbs_mo.ece.pdx.edu_8835/pbs_genopt_7.etf} {pbs_genopt_8 ./.pbs_mo.ece.pdx.edu_8835/pbs_genopt_8.etf} {pbs_genopt_27 ./.pbs_mo.ece.pdx.edu_8835/pbs_genopt_27.etf} {pbs_genopt_4 ./.pbs_mo.ece.pdx.edu_8835/pbs_genopt_4.etf} {pbs_genopt_6 ./.pbs_mo.ece.pdx.edu_8835/pbs_genopt_6.etf} {pbs_genopt_5 ./.pbs_mo.ece.pdx.edu_8835/pbs_genopt_5.etf} {pbs_genopt_2 ./.pbs_mo.ece.pdx.edu_8835/pbs_genopt_2.etf} {pbs_genopt_24 ./.pbs_mo.ece.pdx.edu_8835/pbs_genopt_24.etf} {pbs_genopt_3 ./.pbs_mo.ece.pdx.edu_8835/pbs_genopt_3.etf} {pbs_genopt_0 ./.pbs_mo.ece.pdx.edu_8835/pbs_genopt_0.etf} {pbs_genopt_42 ./.pbs_mo.ece.pdx.edu_8835/pbs_genopt_42.etf} {pbs_genopt_38 ./.pbs_mo.ece.pdx.edu_8835/pbs_genopt_38.etf} {pbs_genopt_33 ./.pbs_mo.ece.pdx.edu_8835/pbs_genopt_33.etf} {pbs_genopt_35 ./.pbs_mo.ece.pdx.edu_8835/pbs_genopt_35.etf}
          Sending 'pbs_genopt_1 ./.pbs_mo.ece.pdx.edu_8835/pbs_genopt_1.etf' to server 'localhost_1_2'...
            Sent 'pbs_genopt_1 ./.pbs_mo.ece.pdx.edu_8835/pbs_genopt_1.etf' to server 'localhost_1_2'.
          Sending 'pbs_genopt_37 ./.pbs_mo.ece.pdx.edu_8835/pbs_genopt_37.etf' to server 'localhost_1_7'...
            Sent 'pbs_genopt_37 ./.pbs_mo.ece.pdx.edu_8835/pbs_genopt_37.etf' to server 'localhost_1_7'.
          Sending 'pbs_genopt_41 ./.pbs_mo.ece.pdx.edu_8835/pbs_genopt_41.etf' to server 'localhost_1_1'...
            Sent 'pbs_genopt_41 ./.pbs_mo.ece.pdx.edu_8835/pbs_genopt_41.etf' to server 'localhost_1_1'.
          Sending 'pbs_genopt_21 ./.pbs_mo.ece.pdx.edu_8835/pbs_genopt_21.etf' to server 'localhost_1_4'...
            Sent 'pbs_genopt_21 ./.pbs_mo.ece.pdx.edu_8835/pbs_genopt_21.etf' to server 'localhost_1_4'.
          Sending 'pbs_genopt_29 ./.pbs_mo.ece.pdx.edu_8835/pbs_genopt_29.etf' to server 'localhost_1_3'...
            Sent 'pbs_genopt_29 ./.pbs_mo.ece.pdx.edu_8835/pbs_genopt_29.etf' to server 'localhost_1_3'.
          Sending 'pbs_genopt_28 ./.pbs_mo.ece.pdx.edu_8835/pbs_genopt_28.etf' to server 'localhost_1_6'...
            Sent 'pbs_genopt_28 ./.pbs_mo.ece.pdx.edu_8835/pbs_genopt_28.etf' to server 'localhost_1_6'.
          Sending 'pbs_genopt_25 ./.pbs_mo.ece.pdx.edu_8835/pbs_genopt_25.etf' to server 'localhost_1_0'...
            Sent 'pbs_genopt_25 ./.pbs_mo.ece.pdx.edu_8835/pbs_genopt_25.etf' to server 'localhost_1_0'.
          Sending 'pbs_genopt_23 ./.pbs_mo.ece.pdx.edu_8835/pbs_genopt_23.etf' to server 'localhost_1_5'...
            Sent 'pbs_genopt_23 ./.pbs_mo.ece.pdx.edu_8835/pbs_genopt_23.etf' to server 'localhost_1_5'.
          Received 'pbs_genopt_1 ./.pbs_mo.ece.pdx.edu_8835/pbs_genopt_1.etf' from server 'localhost_1_2'. (720916 ms elapsed)
          Sending 'pbs_genopt_22 ./.pbs_mo.ece.pdx.edu_8835/pbs_genopt_22.etf' to server 'localhost_1_2'...
            Sent 'pbs_genopt_22 ./.pbs_mo.ece.pdx.edu_8835/pbs_genopt_22.etf' to server 'localhost_1_2'.
          Received 'pbs_genopt_37 ./.pbs_mo.ece.pdx.edu_8835/pbs_genopt_37.etf' from server 'localhost_1_7'. (1317120 ms elapsed)
          Sending 'pbs_genopt_9 ./.pbs_mo.ece.pdx.edu_8835/pbs_genopt_9.etf' to server 'localhost_1_7'...
            Sent 'pbs_genopt_9 ./.pbs_mo.ece.pdx.edu_8835/pbs_genopt_9.etf' to server 'localhost_1_7'.
          Received 'pbs_genopt_41 ./.pbs_mo.ece.pdx.edu_8835/pbs_genopt_41.etf' from server 'localhost_1_1'. (1326223 ms elapsed)
          Sending 'pbs_genopt_20 ./.pbs_mo.ece.pdx.edu_8835/pbs_genopt_20.etf' to server 'localhost_1_1'...
            Sent 'pbs_genopt_20 ./.pbs_mo.ece.pdx.edu_8835/pbs_genopt_20.etf' to server 'localhost_1_1'.
          Received 'pbs_genopt_21 ./.pbs_mo.ece.pdx.edu_8835/pbs_genopt_21.etf' from server 'localhost_1_4'. (1458354 ms elapsed)
          Sending 'pbs_genopt_19 ./.pbs_mo.ece.pdx.edu_8835/pbs_genopt_19.etf' to server 'localhost_1_4'...
            Sent 'pbs_genopt_19 ./.pbs_mo.ece.pdx.edu_8835/pbs_genopt_19.etf' to server 'localhost_1_4'.
          Received 'pbs_genopt_28 ./.pbs_mo.ece.pdx.edu_8835/pbs_genopt_28.etf' from server 'localhost_1_6'. (1461839 ms elapsed)
          Sending 'pbs_genopt_18 ./.pbs_mo.ece.pdx.edu_8835/pbs_genopt_18.etf' to server 'localhost_1_6'...
            Sent 'pbs_genopt_18 ./.pbs_mo.ece.pdx.edu_8835/pbs_genopt_18.etf' to server 'localhost_1_6'.
          Received 'pbs_genopt_23 ./.pbs_mo.ece.pdx.edu_8835/pbs_genopt_23.etf' from server 'localhost_1_5'. (1470110 ms elapsed)
       Partition:  pbs_genopt_23 - PBS_Generic_Opt-Distributed_Read_DB - Elapsed_Time 3.00, CPU_Time 3.00
       Partition:  pbs_genopt_23 - PBS_Generic_Opt-Distributed_Generic - Elapsed_Time 1454.00, CPU_Time 1453.00
       Partition:  pbs_genopt_23 - PBS_Generic_Opt-Distributed_Prop_Const - Elapsed_Time 3.00, CPU_Time 3.00
       Partition:  pbs_genopt_23 - PBS_Generic_Opt-Distributed_Gobble - Elapsed_Time 0.00, CPU_Time 0.00
       Partition:  pbs_genopt_23 - PBS_Generic_Opt-Distributed_Report - Elapsed_Time 0.00, CPU_Time 0.00
       Start - Partition: pbs_genopt_23 Slack: -346.0 TNS: 409600.0 Cell-Count: 104821 Cell-Area: 11248 
Init-Memory: 1592.41
       Done  - Partition: pbs_genopt_23 Slack: -157.7 TNS: 164567.7 Cell-Count: 109748 Cell-Area: 9842 
Peak-Memory: 2071.50 Elapsed: 1460
       Partition:  pbs_genopt_23 - PBS_Generic_Opt-Distributed_Write_DB - Elapsed_Time 10.00, CPU_Time 10.00
       pbs_genopt_23 - PBS_Generic_Opt-Assembly - Elapsed_Time 7, CPU_Time 6.0
       Partition:  pbs_genopt_23 - Runtime taken by the partition - Elapsed_Time 1470.00, CPU_Time 1469.00
          Sending 'pbs_genopt_17 ./.pbs_mo.ece.pdx.edu_8835/pbs_genopt_17.etf' to server 'localhost_1_5'...
            Sent 'pbs_genopt_17 ./.pbs_mo.ece.pdx.edu_8835/pbs_genopt_17.etf' to server 'localhost_1_5'.
          Received 'pbs_genopt_29 ./.pbs_mo.ece.pdx.edu_8835/pbs_genopt_29.etf' from server 'localhost_1_3'. (1491558 ms elapsed)
          Sending 'pbs_genopt_16 ./.pbs_mo.ece.pdx.edu_8835/pbs_genopt_16.etf' to server 'localhost_1_3'...
            Sent 'pbs_genopt_16 ./.pbs_mo.ece.pdx.edu_8835/pbs_genopt_16.etf' to server 'localhost_1_3'.
          Received 'pbs_genopt_25 ./.pbs_mo.ece.pdx.edu_8835/pbs_genopt_25.etf' from server 'localhost_1_0'. (1498647 ms elapsed)
       Partition:  pbs_genopt_25 - PBS_Generic_Opt-Distributed_Read_DB - Elapsed_Time 3.00, CPU_Time 3.00
       Partition:  pbs_genopt_25 - PBS_Generic_Opt-Distributed_Generic - Elapsed_Time 1482.00, CPU_Time 1483.00
       Partition:  pbs_genopt_25 - PBS_Generic_Opt-Distributed_Prop_Const - Elapsed_Time 3.00, CPU_Time 3.00
       Partition:  pbs_genopt_25 - PBS_Generic_Opt-Distributed_Gobble - Elapsed_Time 0.00, CPU_Time 0.00
       Partition:  pbs_genopt_25 - PBS_Generic_Opt-Distributed_Report - Elapsed_Time 0.00, CPU_Time 0.00
       Start - Partition: pbs_genopt_25 Slack: -346.0 TNS: 409600.0 Cell-Count: 104821 Cell-Area: 11248 
Init-Memory: 1592.41
       Done  - Partition: pbs_genopt_25 Slack: -157.7 TNS: 164615.7 Cell-Count: 109748 Cell-Area: 9842 
Peak-Memory: 2073.50 Elapsed: 1488
       Partition:  pbs_genopt_25 - PBS_Generic_Opt-Distributed_Write_DB - Elapsed_Time 10.00, CPU_Time 11.00
       pbs_genopt_25 - PBS_Generic_Opt-Assembly - Elapsed_Time 7, CPU_Time 7.0
       Partition:  pbs_genopt_25 - Runtime taken by the partition - Elapsed_Time 1498.00, CPU_Time 1500.00
       Partition:  pbs_genopt_28 - PBS_Generic_Opt-Distributed_Read_DB - Elapsed_Time 3.00, CPU_Time 3.00
       Partition:  pbs_genopt_28 - PBS_Generic_Opt-Distributed_Generic - Elapsed_Time 1445.00, CPU_Time 1444.00
       Partition:  pbs_genopt_28 - PBS_Generic_Opt-Distributed_Prop_Const - Elapsed_Time 4.00, CPU_Time 3.00
       Partition:  pbs_genopt_28 - PBS_Generic_Opt-Distributed_Gobble - Elapsed_Time 0.00, CPU_Time 1.00
       Partition:  pbs_genopt_28 - PBS_Generic_Opt-Distributed_Report - Elapsed_Time 0.00, CPU_Time 0.00
       Start - Partition: pbs_genopt_28 Slack: -346.0 TNS: 409664.0 Cell-Count: 104821 Cell-Area: 11248 
Init-Memory: 1593.41
       Done  - Partition: pbs_genopt_28 Slack: -157.7 TNS: 164727.7 Cell-Count: 109742 Cell-Area: 9842 
Peak-Memory: 2071.50 Elapsed: 1452
       Partition:  pbs_genopt_28 - PBS_Generic_Opt-Distributed_Write_DB - Elapsed_Time 9.00, CPU_Time 10.00
       pbs_genopt_28 - PBS_Generic_Opt-Assembly - Elapsed_Time 5, CPU_Time 6.0
       Partition:  pbs_genopt_28 - Runtime taken by the partition - Elapsed_Time 1461.00, CPU_Time 1461.00
       Partition:  pbs_genopt_29 - PBS_Generic_Opt-Distributed_Read_DB - Elapsed_Time 3.00, CPU_Time 3.00
       Partition:  pbs_genopt_29 - PBS_Generic_Opt-Distributed_Generic - Elapsed_Time 1475.00, CPU_Time 1474.00
       Partition:  pbs_genopt_29 - PBS_Generic_Opt-Distributed_Prop_Const - Elapsed_Time 3.00, CPU_Time 3.00
       Partition:  pbs_genopt_29 - PBS_Generic_Opt-Distributed_Gobble - Elapsed_Time 0.00, CPU_Time 0.00
       Partition:  pbs_genopt_29 - PBS_Generic_Opt-Distributed_Report - Elapsed_Time 0.00, CPU_Time 0.00
       Start - Partition: pbs_genopt_29 Slack: -346.0 TNS: 409664.0 Cell-Count: 104821 Cell-Area: 11248 
Init-Memory: 1592.41
       Done  - Partition: pbs_genopt_29 Slack: -157.7 TNS: 164727.7 Cell-Count: 109742 Cell-Area: 9842 
Peak-Memory: 2071.18 Elapsed: 1481
       Partition:  pbs_genopt_29 - PBS_Generic_Opt-Distributed_Write_DB - Elapsed_Time 10.00, CPU_Time 10.00
       pbs_genopt_29 - PBS_Generic_Opt-Assembly - Elapsed_Time 5, CPU_Time 5.0
       Partition:  pbs_genopt_29 - Runtime taken by the partition - Elapsed_Time 1491.00, CPU_Time 1490.00
       Partition:  pbs_genopt_21 - PBS_Generic_Opt-Distributed_Read_DB - Elapsed_Time 3.00, CPU_Time 3.00
       Partition:  pbs_genopt_21 - PBS_Generic_Opt-Distributed_Generic - Elapsed_Time 1442.00, CPU_Time 1441.00
       Partition:  pbs_genopt_21 - PBS_Generic_Opt-Distributed_Prop_Const - Elapsed_Time 3.00, CPU_Time 3.00
       Partition:  pbs_genopt_21 - PBS_Generic_Opt-Distributed_Gobble - Elapsed_Time 0.00, CPU_Time 0.00
       Partition:  pbs_genopt_21 - PBS_Generic_Opt-Distributed_Report - Elapsed_Time 0.00, CPU_Time 0.00
       Start - Partition: pbs_genopt_21 Slack: -346.0 TNS: 409664.0 Cell-Count: 104821 Cell-Area: 11248 
Init-Memory: 1592.41
       Done  - Partition: pbs_genopt_21 Slack: -157.7 TNS: 164727.7 Cell-Count: 109742 Cell-Area: 9842 
Peak-Memory: 2071.18 Elapsed: 1448
       Partition:  pbs_genopt_21 - PBS_Generic_Opt-Distributed_Write_DB - Elapsed_Time 10.00, CPU_Time 10.00
       pbs_genopt_21 - PBS_Generic_Opt-Assembly - Elapsed_Time 6, CPU_Time 6.0
       Partition:  pbs_genopt_21 - Runtime taken by the partition - Elapsed_Time 1458.00, CPU_Time 1457.00
       Partition:  pbs_genopt_41 - PBS_Generic_Opt-Distributed_Read_DB - Elapsed_Time 3.00, CPU_Time 3.00
       Partition:  pbs_genopt_41 - PBS_Generic_Opt-Distributed_Generic - Elapsed_Time 1316.00, CPU_Time 1315.00
       Partition:  pbs_genopt_41 - PBS_Generic_Opt-Distributed_Prop_Const - Elapsed_Time 2.00, CPU_Time 2.00
       Partition:  pbs_genopt_41 - PBS_Generic_Opt-Distributed_Gobble - Elapsed_Time 0.00, CPU_Time 0.00
       Partition:  pbs_genopt_41 - PBS_Generic_Opt-Distributed_Report - Elapsed_Time 0.00, CPU_Time 0.00
       Start - Partition: pbs_genopt_41 Slack: -1627.2 TNS: 383067.5 Cell-Count: 105503 Cell-Area: 10755 
Init-Memory: 1588.41
       Done  - Partition: pbs_genopt_41 Slack: -704.9 TNS: 77589.0 Cell-Count: 59413 Cell-Area: 5487 
Peak-Memory: 2657.18 Elapsed: 1321
       Partition:  pbs_genopt_41 - PBS_Generic_Opt-Distributed_Write_DB - Elapsed_Time 5.00, CPU_Time 5.00
       pbs_genopt_41 - PBS_Generic_Opt-Assembly - Elapsed_Time 5, CPU_Time 4.0
       Partition:  pbs_genopt_41 - Runtime taken by the partition - Elapsed_Time 1326.00, CPU_Time 1325.00
       Partition:  pbs_genopt_37 - PBS_Generic_Opt-Distributed_Read_DB - Elapsed_Time 3.00, CPU_Time 2.00
       Partition:  pbs_genopt_37 - PBS_Generic_Opt-Distributed_Generic - Elapsed_Time 1306.00, CPU_Time 1305.00
       Partition:  pbs_genopt_37 - PBS_Generic_Opt-Distributed_Prop_Const - Elapsed_Time 2.00, CPU_Time 2.00
       Partition:  pbs_genopt_37 - PBS_Generic_Opt-Distributed_Gobble - Elapsed_Time 0.00, CPU_Time 0.00
       Partition:  pbs_genopt_37 - PBS_Generic_Opt-Distributed_Report - Elapsed_Time 0.00, CPU_Time 0.00
       Start - Partition: pbs_genopt_37 Slack: -1627.2 TNS: 383067.5 Cell-Count: 105503 Cell-Area: 10755 
Init-Memory: 1588.41
       Done  - Partition: pbs_genopt_37 Slack: -704.9 TNS: 77589.0 Cell-Count: 59413 Cell-Area: 5487 
Peak-Memory: 2657.18 Elapsed: 1311
       Partition:  pbs_genopt_37 - PBS_Generic_Opt-Distributed_Write_DB - Elapsed_Time 6.00, CPU_Time 7.00
       pbs_genopt_37 - PBS_Generic_Opt-Assembly - Elapsed_Time 3, CPU_Time 3.0
       Partition:  pbs_genopt_37 - Runtime taken by the partition - Elapsed_Time 1317.00, CPU_Time 1316.00
       Partition:  pbs_genopt_1 - PBS_Generic_Opt-Distributed_Read_DB - Elapsed_Time 9.00, CPU_Time 9.00
       Partition:  pbs_genopt_1 - PBS_Generic_Opt-Distributed_Generic - Elapsed_Time 518.00, CPU_Time 514.00
       Partition:  pbs_genopt_1 - PBS_Generic_Opt-Distributed_Prop_Const - Elapsed_Time 32.00, CPU_Time 32.00
       Partition:  pbs_genopt_1 - PBS_Generic_Opt-Distributed_Gobble - Elapsed_Time 2.00, CPU_Time 2.00
       Partition:  pbs_genopt_1 - PBS_Generic_Opt-Distributed_Report - Elapsed_Time 0.00, CPU_Time 0.00
       Start - Partition: pbs_genopt_1 Slack: -13.6 TNS: 14640.0 Cell-Count: 264994 Cell-Area: 120071 
Init-Memory: 3573.13
       Done  - Partition: pbs_genopt_1 Slack: -30.9 TNS: 43110.4 Cell-Count: 993682 Cell-Area: 151764 
Peak-Memory: 4980.25 Elapsed: 561
       Partition:  pbs_genopt_1 - PBS_Generic_Opt-Distributed_Write_DB - Elapsed_Time 141.00, CPU_Time 145.00
       pbs_genopt_1 - PBS_Generic_Opt-Assembly - Elapsed_Time 67, CPU_Time 67.0
       Partition:  pbs_genopt_1 - Runtime taken by the partition - Elapsed_Time 702.00, CPU_Time 702.00
          Sending 'pbs_genopt_15 ./.pbs_mo.ece.pdx.edu_8835/pbs_genopt_15.etf' to server 'localhost_1_0'...
            Sent 'pbs_genopt_15 ./.pbs_mo.ece.pdx.edu_8835/pbs_genopt_15.etf' to server 'localhost_1_0'.
          Received 'pbs_genopt_22 ./.pbs_mo.ece.pdx.edu_8835/pbs_genopt_22.etf' from server 'localhost_1_2'. (1446147 ms elapsed)
       Partition:  pbs_genopt_22 - PBS_Generic_Opt-Distributed_Read_DB - Elapsed_Time 2.00, CPU_Time 2.00
       Partition:  pbs_genopt_22 - PBS_Generic_Opt-Distributed_Generic - Elapsed_Time 1431.00, CPU_Time 1430.00
       Partition:  pbs_genopt_22 - PBS_Generic_Opt-Distributed_Prop_Const - Elapsed_Time 3.00, CPU_Time 3.00
       Partition:  pbs_genopt_22 - PBS_Generic_Opt-Distributed_Gobble - Elapsed_Time 0.00, CPU_Time 0.00
       Partition:  pbs_genopt_22 - PBS_Generic_Opt-Distributed_Report - Elapsed_Time 0.00, CPU_Time 0.00
       Start - Partition: pbs_genopt_22 Slack: -346.0 TNS: 409600.0 Cell-Count: 104821 Cell-Area: 11248 
Init-Memory: 2417.93
       Done  - Partition: pbs_genopt_22 Slack: -157.7 TNS: 164567.7 Cell-Count: 109748 Cell-Area: 9842 
Peak-Memory: 6017.93 Elapsed: 1436
       Partition:  pbs_genopt_22 - PBS_Generic_Opt-Distributed_Write_DB - Elapsed_Time 10.00, CPU_Time 10.00
       pbs_genopt_22 - PBS_Generic_Opt-Assembly - Elapsed_Time 6, CPU_Time 5.0
       Partition:  pbs_genopt_22 - Runtime taken by the partition - Elapsed_Time 1446.00, CPU_Time 1445.00
          Sending 'pbs_genopt_14 ./.pbs_mo.ece.pdx.edu_8835/pbs_genopt_14.etf' to server 'localhost_1_2'...
            Sent 'pbs_genopt_14 ./.pbs_mo.ece.pdx.edu_8835/pbs_genopt_14.etf' to server 'localhost_1_2'.
          Received 'pbs_genopt_9 ./.pbs_mo.ece.pdx.edu_8835/pbs_genopt_9.etf' from server 'localhost_1_7'. (1456174 ms elapsed)
       Partition:  pbs_genopt_9 - PBS_Generic_Opt-Distributed_Read_DB - Elapsed_Time 3.00, CPU_Time 3.00
       Partition:  pbs_genopt_9 - PBS_Generic_Opt-Distributed_Generic - Elapsed_Time 1440.00, CPU_Time 1440.00
       Partition:  pbs_genopt_9 - PBS_Generic_Opt-Distributed_Prop_Const - Elapsed_Time 3.00, CPU_Time 2.00
       Partition:  pbs_genopt_9 - PBS_Generic_Opt-Distributed_Gobble - Elapsed_Time 0.00, CPU_Time 1.00
       Partition:  pbs_genopt_9 - PBS_Generic_Opt-Distributed_Report - Elapsed_Time 0.00, CPU_Time 0.00
       Start - Partition: pbs_genopt_9 Slack: -346.0 TNS: 409568.0 Cell-Count: 104821 Cell-Area: 11248 
Init-Memory: 2657.18
       Done  - Partition: pbs_genopt_9 Slack: -157.7 TNS: 164487.7 Cell-Count: 109751 Cell-Area: 9841 
Peak-Memory: 2689.20 Elapsed: 1446
       Partition:  pbs_genopt_9 - PBS_Generic_Opt-Distributed_Write_DB - Elapsed_Time 10.00, CPU_Time 10.00
       pbs_genopt_9 - PBS_Generic_Opt-Assembly - Elapsed_Time 5, CPU_Time 5.0
       Partition:  pbs_genopt_9 - Runtime taken by the partition - Elapsed_Time 1456.00, CPU_Time 1456.00
          Sending 'pbs_genopt_13 ./.pbs_mo.ece.pdx.edu_8835/pbs_genopt_13.etf' to server 'localhost_1_7'...
            Sent 'pbs_genopt_13 ./.pbs_mo.ece.pdx.edu_8835/pbs_genopt_13.etf' to server 'localhost_1_7'.
          Received 'pbs_genopt_20 ./.pbs_mo.ece.pdx.edu_8835/pbs_genopt_20.etf' from server 'localhost_1_1'. (1452808 ms elapsed)
       Partition:  pbs_genopt_20 - PBS_Generic_Opt-Distributed_Read_DB - Elapsed_Time 1.00, CPU_Time 2.00
       Partition:  pbs_genopt_20 - PBS_Generic_Opt-Distributed_Generic - Elapsed_Time 1434.00, CPU_Time 1433.00
       Partition:  pbs_genopt_20 - PBS_Generic_Opt-Distributed_Prop_Const - Elapsed_Time 2.00, CPU_Time 3.00
       Partition:  pbs_genopt_20 - PBS_Generic_Opt-Distributed_Gobble - Elapsed_Time 1.00, CPU_Time 0.00
       Partition:  pbs_genopt_20 - PBS_Generic_Opt-Distributed_Report - Elapsed_Time 0.00, CPU_Time 0.00
       Start - Partition: pbs_genopt_20 Slack: -346.0 TNS: 409600.0 Cell-Count: 104821 Cell-Area: 11248 
Init-Memory: 2657.18
       Done  - Partition: pbs_genopt_20 Slack: -157.7 TNS: 164567.7 Cell-Count: 109748 Cell-Area: 9842 
Peak-Memory: 2689.20 Elapsed: 1438
       Partition:  pbs_genopt_20 - PBS_Generic_Opt-Distributed_Write_DB - Elapsed_Time 9.00, CPU_Time 10.00
       pbs_genopt_20 - PBS_Generic_Opt-Assembly - Elapsed_Time 6, CPU_Time 6.0
       Partition:  pbs_genopt_20 - Runtime taken by the partition - Elapsed_Time 1447.00, CPU_Time 1448.00
          Sending 'pbs_genopt_12 ./.pbs_mo.ece.pdx.edu_8835/pbs_genopt_12.etf' to server 'localhost_1_1'...
            Sent 'pbs_genopt_12 ./.pbs_mo.ece.pdx.edu_8835/pbs_genopt_12.etf' to server 'localhost_1_1'.
          Received 'pbs_genopt_19 ./.pbs_mo.ece.pdx.edu_8835/pbs_genopt_19.etf' from server 'localhost_1_4'. (1450248 ms elapsed)
       Partition:  pbs_genopt_19 - PBS_Generic_Opt-Distributed_Read_DB - Elapsed_Time 1.00, CPU_Time 2.00
       Partition:  pbs_genopt_19 - PBS_Generic_Opt-Distributed_Generic - Elapsed_Time 1436.00, CPU_Time 1435.00
       Partition:  pbs_genopt_19 - PBS_Generic_Opt-Distributed_Prop_Const - Elapsed_Time 3.00, CPU_Time 3.00
       Partition:  pbs_genopt_19 - PBS_Generic_Opt-Distributed_Gobble - Elapsed_Time 0.00, CPU_Time 0.00
       Partition:  pbs_genopt_19 - PBS_Generic_Opt-Distributed_Report - Elapsed_Time 0.00, CPU_Time 0.00
       Start - Partition: pbs_genopt_19 Slack: -346.0 TNS: 409664.0 Cell-Count: 104821 Cell-Area: 11248 
Init-Memory: 2071.18
       Done  - Partition: pbs_genopt_19 Slack: -157.7 TNS: 164727.7 Cell-Count: 109742 Cell-Area: 9842 
Peak-Memory: 2206.63 Elapsed: 1440
       Partition:  pbs_genopt_19 - PBS_Generic_Opt-Distributed_Write_DB - Elapsed_Time 9.00, CPU_Time 10.00
       pbs_genopt_19 - PBS_Generic_Opt-Assembly - Elapsed_Time 5, CPU_Time 5.0
       Partition:  pbs_genopt_19 - Runtime taken by the partition - Elapsed_Time 1449.00, CPU_Time 1450.00
          Sending 'pbs_genopt_11 ./.pbs_mo.ece.pdx.edu_8835/pbs_genopt_11.etf' to server 'localhost_1_4'...
            Sent 'pbs_genopt_11 ./.pbs_mo.ece.pdx.edu_8835/pbs_genopt_11.etf' to server 'localhost_1_4'.
          Received 'pbs_genopt_18 ./.pbs_mo.ece.pdx.edu_8835/pbs_genopt_18.etf' from server 'localhost_1_6'. (1456610 ms elapsed)
       Partition:  pbs_genopt_18 - PBS_Generic_Opt-Distributed_Read_DB - Elapsed_Time 2.00, CPU_Time 2.00
       Partition:  pbs_genopt_18 - PBS_Generic_Opt-Distributed_Generic - Elapsed_Time 1442.00, CPU_Time 1442.00
       Partition:  pbs_genopt_18 - PBS_Generic_Opt-Distributed_Prop_Const - Elapsed_Time 3.00, CPU_Time 2.00
       Partition:  pbs_genopt_18 - PBS_Generic_Opt-Distributed_Gobble - Elapsed_Time 0.00, CPU_Time 1.00
       Partition:  pbs_genopt_18 - PBS_Generic_Opt-Distributed_Report - Elapsed_Time 0.00, CPU_Time 0.00
       Start - Partition: pbs_genopt_18 Slack: -346.0 TNS: 409664.0 Cell-Count: 104821 Cell-Area: 11248 
Init-Memory: 2071.50
       Done  - Partition: pbs_genopt_18 Slack: -157.7 TNS: 164727.7 Cell-Count: 109742 Cell-Area: 9842 
Peak-Memory: 2204.63 Elapsed: 1447
       Partition:  pbs_genopt_18 - PBS_Generic_Opt-Distributed_Write_DB - Elapsed_Time 9.00, CPU_Time 9.00
       pbs_genopt_18 - PBS_Generic_Opt-Assembly - Elapsed_Time 5, CPU_Time 5.0
       Partition:  pbs_genopt_18 - Runtime taken by the partition - Elapsed_Time 1456.00, CPU_Time 1456.00
          Sending 'pbs_genopt_30 ./.pbs_mo.ece.pdx.edu_8835/pbs_genopt_30.etf' to server 'localhost_1_6'...
            Sent 'pbs_genopt_30 ./.pbs_mo.ece.pdx.edu_8835/pbs_genopt_30.etf' to server 'localhost_1_6'.
          Received 'pbs_genopt_17 ./.pbs_mo.ece.pdx.edu_8835/pbs_genopt_17.etf' from server 'localhost_1_5'. (1449714 ms elapsed)
       Partition:  pbs_genopt_17 - PBS_Generic_Opt-Distributed_Read_DB - Elapsed_Time 2.00, CPU_Time 3.00
       Partition:  pbs_genopt_17 - PBS_Generic_Opt-Distributed_Generic - Elapsed_Time 1432.00, CPU_Time 1431.00
       Partition:  pbs_genopt_17 - PBS_Generic_Opt-Distributed_Prop_Const - Elapsed_Time 3.00, CPU_Time 3.00
       Partition:  pbs_genopt_17 - PBS_Generic_Opt-Distributed_Gobble - Elapsed_Time 0.00, CPU_Time 0.00
       Partition:  pbs_genopt_17 - PBS_Generic_Opt-Distributed_Report - Elapsed_Time 0.00, CPU_Time 0.00
       Start - Partition: pbs_genopt_17 Slack: -346.0 TNS: 409664.0 Cell-Count: 104821 Cell-Area: 11248 
Init-Memory: 2075.32
       Done  - Partition: pbs_genopt_17 Slack: -157.7 TNS: 164727.7 Cell-Count: 109742 Cell-Area: 9842 
Peak-Memory: 2206.76 Elapsed: 1437
       Partition:  pbs_genopt_17 - PBS_Generic_Opt-Distributed_Write_DB - Elapsed_Time 11.00, CPU_Time 12.00
       pbs_genopt_17 - PBS_Generic_Opt-Assembly - Elapsed_Time 5, CPU_Time 5.0
       Partition:  pbs_genopt_17 - Runtime taken by the partition - Elapsed_Time 1448.00, CPU_Time 1449.00
          Sending 'pbs_genopt_10 ./.pbs_mo.ece.pdx.edu_8835/pbs_genopt_10.etf' to server 'localhost_1_5'...
            Sent 'pbs_genopt_10 ./.pbs_mo.ece.pdx.edu_8835/pbs_genopt_10.etf' to server 'localhost_1_5'.
          Received 'pbs_genopt_16 ./.pbs_mo.ece.pdx.edu_8835/pbs_genopt_16.etf' from server 'localhost_1_3'. (1446842 ms elapsed)
       Partition:  pbs_genopt_16 - PBS_Generic_Opt-Distributed_Read_DB - Elapsed_Time 2.00, CPU_Time 2.00
       Partition:  pbs_genopt_16 - PBS_Generic_Opt-Distributed_Generic - Elapsed_Time 1431.00, CPU_Time 1431.00
       Partition:  pbs_genopt_16 - PBS_Generic_Opt-Distributed_Prop_Const - Elapsed_Time 3.00, CPU_Time 3.00
       Partition:  pbs_genopt_16 - PBS_Generic_Opt-Distributed_Gobble - Elapsed_Time 0.00, CPU_Time 0.00
       Partition:  pbs_genopt_16 - PBS_Generic_Opt-Distributed_Report - Elapsed_Time 0.00, CPU_Time 0.00
       Start - Partition: pbs_genopt_16 Slack: -346.0 TNS: 409664.0 Cell-Count: 104821 Cell-Area: 11248 
Init-Memory: 2071.18
       Done  - Partition: pbs_genopt_16 Slack: -157.7 TNS: 164727.7 Cell-Count: 109742 Cell-Area: 9842 
Peak-Memory: 2205.63 Elapsed: 1436
       Partition:  pbs_genopt_16 - PBS_Generic_Opt-Distributed_Write_DB - Elapsed_Time 10.00, CPU_Time 10.00
       pbs_genopt_16 - PBS_Generic_Opt-Assembly - Elapsed_Time 6, CPU_Time 6.0
       Partition:  pbs_genopt_16 - Runtime taken by the partition - Elapsed_Time 1446.00, CPU_Time 1446.00
          Sending 'pbs_genopt_26 ./.pbs_mo.ece.pdx.edu_8835/pbs_genopt_26.etf' to server 'localhost_1_3'...
            Sent 'pbs_genopt_26 ./.pbs_mo.ece.pdx.edu_8835/pbs_genopt_26.etf' to server 'localhost_1_3'.
          Received 'pbs_genopt_15 ./.pbs_mo.ece.pdx.edu_8835/pbs_genopt_15.etf' from server 'localhost_1_0'. (1442828 ms elapsed)
       Partition:  pbs_genopt_15 - PBS_Generic_Opt-Distributed_Read_DB - Elapsed_Time 3.00, CPU_Time 3.00
       Partition:  pbs_genopt_15 - PBS_Generic_Opt-Distributed_Generic - Elapsed_Time 1427.00, CPU_Time 1429.00
       Partition:  pbs_genopt_15 - PBS_Generic_Opt-Distributed_Prop_Const - Elapsed_Time 3.00, CPU_Time 3.00
       Partition:  pbs_genopt_15 - PBS_Generic_Opt-Distributed_Gobble - Elapsed_Time 0.00, CPU_Time 0.00
       Partition:  pbs_genopt_15 - PBS_Generic_Opt-Distributed_Report - Elapsed_Time 0.00, CPU_Time 0.00
       Start - Partition: pbs_genopt_15 Slack: -346.0 TNS: 409664.0 Cell-Count: 104821 Cell-Area: 11248 
Init-Memory: 2073.50
       Done  - Partition: pbs_genopt_15 Slack: -157.7 TNS: 164727.7 Cell-Count: 109742 Cell-Area: 9842 
Peak-Memory: 2207.63 Elapsed: 1433
       Partition:  pbs_genopt_15 - PBS_Generic_Opt-Distributed_Write_DB - Elapsed_Time 9.00, CPU_Time 10.00
       pbs_genopt_15 - PBS_Generic_Opt-Assembly - Elapsed_Time 6, CPU_Time 6.0
       Partition:  pbs_genopt_15 - Runtime taken by the partition - Elapsed_Time 1442.00, CPU_Time 1445.00
          Sending 'pbs_genopt_39 ./.pbs_mo.ece.pdx.edu_8835/pbs_genopt_39.etf' to server 'localhost_1_0'...
            Sent 'pbs_genopt_39 ./.pbs_mo.ece.pdx.edu_8835/pbs_genopt_39.etf' to server 'localhost_1_0'.
          Received 'pbs_genopt_14 ./.pbs_mo.ece.pdx.edu_8835/pbs_genopt_14.etf' from server 'localhost_1_2'. (1412541 ms elapsed)
       Partition:  pbs_genopt_14 - PBS_Generic_Opt-Distributed_Read_DB - Elapsed_Time 2.00, CPU_Time 3.00
       Partition:  pbs_genopt_14 - PBS_Generic_Opt-Distributed_Generic - Elapsed_Time 1396.00, CPU_Time 1395.00
       Partition:  pbs_genopt_14 - PBS_Generic_Opt-Distributed_Prop_Const - Elapsed_Time 3.00, CPU_Time 3.00
       Partition:  pbs_genopt_14 - PBS_Generic_Opt-Distributed_Gobble - Elapsed_Time 0.00, CPU_Time 0.00
       Partition:  pbs_genopt_14 - PBS_Generic_Opt-Distributed_Report - Elapsed_Time 0.00, CPU_Time 0.00
       Start - Partition: pbs_genopt_14 Slack: -346.0 TNS: 398592.0 Cell-Count: 101988 Cell-Area: 10944 
Init-Memory: 2427.57
       Done  - Partition: pbs_genopt_14 Slack: -157.7 TNS: 160275.6 Cell-Count: 106776 Cell-Area: 9576 
Peak-Memory: 6017.93 Elapsed: 1401
       Partition:  pbs_genopt_14 - PBS_Generic_Opt-Distributed_Write_DB - Elapsed_Time 10.00, CPU_Time 11.00
       pbs_genopt_14 - PBS_Generic_Opt-Assembly - Elapsed_Time 6, CPU_Time 6.0
       Partition:  pbs_genopt_14 - Runtime taken by the partition - Elapsed_Time 1411.00, CPU_Time 1412.00
          Sending 'pbs_genopt_31 ./.pbs_mo.ece.pdx.edu_8835/pbs_genopt_31.etf' to server 'localhost_1_2'...
            Sent 'pbs_genopt_31 ./.pbs_mo.ece.pdx.edu_8835/pbs_genopt_31.etf' to server 'localhost_1_2'.
          Received 'pbs_genopt_13 ./.pbs_mo.ece.pdx.edu_8835/pbs_genopt_13.etf' from server 'localhost_1_7'. (1392257 ms elapsed)
       Partition:  pbs_genopt_13 - PBS_Generic_Opt-Distributed_Read_DB - Elapsed_Time 3.00, CPU_Time 2.00
       Partition:  pbs_genopt_13 - PBS_Generic_Opt-Distributed_Generic - Elapsed_Time 1377.00, CPU_Time 1377.00
       Partition:  pbs_genopt_13 - PBS_Generic_Opt-Distributed_Prop_Const - Elapsed_Time 2.00, CPU_Time 2.00
       Partition:  pbs_genopt_13 - PBS_Generic_Opt-Distributed_Gobble - Elapsed_Time 0.00, CPU_Time 1.00
       Partition:  pbs_genopt_13 - PBS_Generic_Opt-Distributed_Report - Elapsed_Time 0.00, CPU_Time 0.00
       Start - Partition: pbs_genopt_13 Slack: -346.0 TNS: 398528.0 Cell-Count: 101988 Cell-Area: 10944 
Init-Memory: 2657.18
       Done  - Partition: pbs_genopt_13 Slack: -157.7 TNS: 160115.6 Cell-Count: 106782 Cell-Area: 9576 
Peak-Memory: 2689.20 Elapsed: 1382
       Partition:  pbs_genopt_13 - PBS_Generic_Opt-Distributed_Write_DB - Elapsed_Time 10.00, CPU_Time 9.00
       pbs_genopt_13 - PBS_Generic_Opt-Assembly - Elapsed_Time 6, CPU_Time 6.0
       Partition:  pbs_genopt_13 - Runtime taken by the partition - Elapsed_Time 1392.00, CPU_Time 1391.00
          Sending 'pbs_genopt_36 ./.pbs_mo.ece.pdx.edu_8835/pbs_genopt_36.etf' to server 'localhost_1_7'...
            Sent 'pbs_genopt_36 ./.pbs_mo.ece.pdx.edu_8835/pbs_genopt_36.etf' to server 'localhost_1_7'.
          Received 'pbs_genopt_12 ./.pbs_mo.ece.pdx.edu_8835/pbs_genopt_12.etf' from server 'localhost_1_1'. (1392813 ms elapsed)
       Partition:  pbs_genopt_12 - PBS_Generic_Opt-Distributed_Read_DB - Elapsed_Time 3.00, CPU_Time 2.00
       Partition:  pbs_genopt_12 - PBS_Generic_Opt-Distributed_Generic - Elapsed_Time 1374.00, CPU_Time 1374.00
       Partition:  pbs_genopt_12 - PBS_Generic_Opt-Distributed_Prop_Const - Elapsed_Time 3.00, CPU_Time 3.00
       Partition:  pbs_genopt_12 - PBS_Generic_Opt-Distributed_Gobble - Elapsed_Time 0.00, CPU_Time 1.00
       Partition:  pbs_genopt_12 - PBS_Generic_Opt-Distributed_Report - Elapsed_Time 0.00, CPU_Time 0.00
       Start - Partition: pbs_genopt_12 Slack: -346.0 TNS: 398592.0 Cell-Count: 101988 Cell-Area: 10944 
Init-Memory: 2657.18
       Done  - Partition: pbs_genopt_12 Slack: -157.7 TNS: 160275.6 Cell-Count: 106776 Cell-Area: 9576 
Peak-Memory: 2689.20 Elapsed: 1380
       Partition:  pbs_genopt_12 - PBS_Generic_Opt-Distributed_Write_DB - Elapsed_Time 9.00, CPU_Time 9.00
       pbs_genopt_12 - PBS_Generic_Opt-Assembly - Elapsed_Time 5, CPU_Time 5.0
       Partition:  pbs_genopt_12 - Runtime taken by the partition - Elapsed_Time 1389.00, CPU_Time 1389.00
          Sending 'pbs_genopt_34 ./.pbs_mo.ece.pdx.edu_8835/pbs_genopt_34.etf' to server 'localhost_1_1'...
            Sent 'pbs_genopt_34 ./.pbs_mo.ece.pdx.edu_8835/pbs_genopt_34.etf' to server 'localhost_1_1'.
          Received 'pbs_genopt_11 ./.pbs_mo.ece.pdx.edu_8835/pbs_genopt_11.etf' from server 'localhost_1_4'. (1409736 ms elapsed)
       Partition:  pbs_genopt_11 - PBS_Generic_Opt-Distributed_Read_DB - Elapsed_Time 3.00, CPU_Time 3.00
       Partition:  pbs_genopt_11 - PBS_Generic_Opt-Distributed_Generic - Elapsed_Time 1393.00, CPU_Time 1393.00
       Partition:  pbs_genopt_11 - PBS_Generic_Opt-Distributed_Prop_Const - Elapsed_Time 2.00, CPU_Time 2.00
       Partition:  pbs_genopt_11 - PBS_Generic_Opt-Distributed_Gobble - Elapsed_Time 1.00, CPU_Time 0.00
       Partition:  pbs_genopt_11 - PBS_Generic_Opt-Distributed_Report - Elapsed_Time 0.00, CPU_Time 0.00
       Start - Partition: pbs_genopt_11 Slack: -346.0 TNS: 398496.0 Cell-Count: 101988 Cell-Area: 10944 
Init-Memory: 2206.63
       Done  - Partition: pbs_genopt_11 Slack: -157.7 TNS: 160083.6 Cell-Count: 106785 Cell-Area: 9576 
Peak-Memory: 2238.64 Elapsed: 1399
       Partition:  pbs_genopt_11 - PBS_Generic_Opt-Distributed_Write_DB - Elapsed_Time 10.00, CPU_Time 11.00
       pbs_genopt_11 - PBS_Generic_Opt-Assembly - Elapsed_Time 5, CPU_Time 4.0
       Partition:  pbs_genopt_11 - Runtime taken by the partition - Elapsed_Time 1409.00, CPU_Time 1409.00
          Sending 'pbs_genopt_40 ./.pbs_mo.ece.pdx.edu_8835/pbs_genopt_40.etf' to server 'localhost_1_4'...
            Sent 'pbs_genopt_40 ./.pbs_mo.ece.pdx.edu_8835/pbs_genopt_40.etf' to server 'localhost_1_4'.
          Received 'pbs_genopt_30 ./.pbs_mo.ece.pdx.edu_8835/pbs_genopt_30.etf' from server 'localhost_1_6'. (1404704 ms elapsed)
       Partition:  pbs_genopt_30 - PBS_Generic_Opt-Distributed_Read_DB - Elapsed_Time 3.00, CPU_Time 3.00
       Partition:  pbs_genopt_30 - PBS_Generic_Opt-Distributed_Generic - Elapsed_Time 1385.00, CPU_Time 1385.00
       Partition:  pbs_genopt_30 - PBS_Generic_Opt-Distributed_Prop_Const - Elapsed_Time 3.00, CPU_Time 2.00
       Partition:  pbs_genopt_30 - PBS_Generic_Opt-Distributed_Gobble - Elapsed_Time 0.00, CPU_Time 1.00
       Partition:  pbs_genopt_30 - PBS_Generic_Opt-Distributed_Report - Elapsed_Time 0.00, CPU_Time 0.00
       Start - Partition: pbs_genopt_30 Slack: -346.0 TNS: 398528.0 Cell-Count: 101988 Cell-Area: 10944 
Init-Memory: 2204.63
       Done  - Partition: pbs_genopt_30 Slack: -157.7 TNS: 160115.6 Cell-Count: 106782 Cell-Area: 9576 
Peak-Memory: 2236.64 Elapsed: 1391
       Partition:  pbs_genopt_30 - PBS_Generic_Opt-Distributed_Write_DB - Elapsed_Time 9.00, CPU_Time 9.00
       pbs_genopt_30 - PBS_Generic_Opt-Assembly - Elapsed_Time 6, CPU_Time 7.0
       Partition:  pbs_genopt_30 - Runtime taken by the partition - Elapsed_Time 1400.00, CPU_Time 1400.00
          Sending 'pbs_genopt_32 ./.pbs_mo.ece.pdx.edu_8835/pbs_genopt_32.etf' to server 'localhost_1_6'...
            Sent 'pbs_genopt_32 ./.pbs_mo.ece.pdx.edu_8835/pbs_genopt_32.etf' to server 'localhost_1_6'.
          Received 'pbs_genopt_39 ./.pbs_mo.ece.pdx.edu_8835/pbs_genopt_39.etf' from server 'localhost_1_0'. (1289964 ms elapsed)
          Sending 'pbs_genopt_7 ./.pbs_mo.ece.pdx.edu_8835/pbs_genopt_7.etf' to server 'localhost_1_0'...
            Sent 'pbs_genopt_7 ./.pbs_mo.ece.pdx.edu_8835/pbs_genopt_7.etf' to server 'localhost_1_0'.
          Received 'pbs_genopt_10 ./.pbs_mo.ece.pdx.edu_8835/pbs_genopt_10.etf' from server 'localhost_1_5'. (1410217 ms elapsed)
       Partition:  pbs_genopt_10 - PBS_Generic_Opt-Distributed_Read_DB - Elapsed_Time 3.00, CPU_Time 3.00
       Partition:  pbs_genopt_10 - PBS_Generic_Opt-Distributed_Generic - Elapsed_Time 1394.00, CPU_Time 1393.00
       Partition:  pbs_genopt_10 - PBS_Generic_Opt-Distributed_Prop_Const - Elapsed_Time 3.00, CPU_Time 3.00
       Partition:  pbs_genopt_10 - PBS_Generic_Opt-Distributed_Gobble - Elapsed_Time 0.00, CPU_Time 0.00
       Partition:  pbs_genopt_10 - PBS_Generic_Opt-Distributed_Report - Elapsed_Time 0.00, CPU_Time 0.00
       Start - Partition: pbs_genopt_10 Slack: -346.0 TNS: 398528.0 Cell-Count: 101988 Cell-Area: 10944 
Init-Memory: 2206.76
       Done  - Partition: pbs_genopt_10 Slack: -157.7 TNS: 160163.6 Cell-Count: 106782 Cell-Area: 9576 
Peak-Memory: 2238.78 Elapsed: 1400
       Partition:  pbs_genopt_10 - PBS_Generic_Opt-Distributed_Write_DB - Elapsed_Time 10.00, CPU_Time 10.00
       pbs_genopt_10 - PBS_Generic_Opt-Assembly - Elapsed_Time 6, CPU_Time 6.0
       Partition:  pbs_genopt_10 - Runtime taken by the partition - Elapsed_Time 1410.00, CPU_Time 1409.00
          Sending 'pbs_genopt_8 ./.pbs_mo.ece.pdx.edu_8835/pbs_genopt_8.etf' to server 'localhost_1_5'...
            Sent 'pbs_genopt_8 ./.pbs_mo.ece.pdx.edu_8835/pbs_genopt_8.etf' to server 'localhost_1_5'.
          Received 'pbs_genopt_26 ./.pbs_mo.ece.pdx.edu_8835/pbs_genopt_26.etf' from server 'localhost_1_3'. (1402151 ms elapsed)
       Partition:  pbs_genopt_26 - PBS_Generic_Opt-Distributed_Read_DB - Elapsed_Time 2.00, CPU_Time 2.00
       Partition:  pbs_genopt_26 - PBS_Generic_Opt-Distributed_Generic - Elapsed_Time 1384.00, CPU_Time 1384.00
       Partition:  pbs_genopt_26 - PBS_Generic_Opt-Distributed_Prop_Const - Elapsed_Time 3.00, CPU_Time 2.00
       Partition:  pbs_genopt_26 - PBS_Generic_Opt-Distributed_Gobble - Elapsed_Time 0.00, CPU_Time 1.00
       Partition:  pbs_genopt_26 - PBS_Generic_Opt-Distributed_Report - Elapsed_Time 0.00, CPU_Time 0.00
       Start - Partition: pbs_genopt_26 Slack: -346.0 TNS: 398592.0 Cell-Count: 101988 Cell-Area: 10944 
Init-Memory: 2205.63
       Done  - Partition: pbs_genopt_26 Slack: -157.7 TNS: 160275.6 Cell-Count: 106776 Cell-Area: 9576 
Peak-Memory: 2237.64 Elapsed: 1389
       Partition:  pbs_genopt_26 - PBS_Generic_Opt-Distributed_Write_DB - Elapsed_Time 9.00, CPU_Time 10.00
       pbs_genopt_26 - PBS_Generic_Opt-Assembly - Elapsed_Time 5, CPU_Time 4.0
       Partition:  pbs_genopt_26 - Runtime taken by the partition - Elapsed_Time 1398.00, CPU_Time 1399.00
       Partition:  pbs_genopt_39 - PBS_Generic_Opt-Distributed_Read_DB - Elapsed_Time 2.00, CPU_Time 3.00
       Partition:  pbs_genopt_39 - PBS_Generic_Opt-Distributed_Generic - Elapsed_Time 1280.00, CPU_Time 1281.00
       Partition:  pbs_genopt_39 - PBS_Generic_Opt-Distributed_Prop_Const - Elapsed_Time 2.00, CPU_Time 2.00
       Partition:  pbs_genopt_39 - PBS_Generic_Opt-Distributed_Gobble - Elapsed_Time 0.00, CPU_Time 0.00
       Partition:  pbs_genopt_39 - PBS_Generic_Opt-Distributed_Report - Elapsed_Time 0.00, CPU_Time 0.00
       Start - Partition: pbs_genopt_39 Slack: -1627.2 TNS: 376245.1 Cell-Count: 101821 Cell-Area: 10339 
Init-Memory: 2207.63
       Done  - Partition: pbs_genopt_39 Slack: -704.9 TNS: 77589.0 Cell-Count: 56837 Cell-Area: 5212 
Peak-Memory: 2648.63 Elapsed: 1284
       Partition:  pbs_genopt_39 - PBS_Generic_Opt-Distributed_Write_DB - Elapsed_Time 5.00, CPU_Time 6.00
       pbs_genopt_39 - PBS_Generic_Opt-Assembly - Elapsed_Time 3, CPU_Time 3.0
       Partition:  pbs_genopt_39 - Runtime taken by the partition - Elapsed_Time 1289.00, CPU_Time 1292.00
          Sending 'pbs_genopt_27 ./.pbs_mo.ece.pdx.edu_8835/pbs_genopt_27.etf' to server 'localhost_1_3'...
            Sent 'pbs_genopt_27 ./.pbs_mo.ece.pdx.edu_8835/pbs_genopt_27.etf' to server 'localhost_1_3'.
          Received 'pbs_genopt_31 ./.pbs_mo.ece.pdx.edu_8835/pbs_genopt_31.etf' from server 'localhost_1_2'. (1285033 ms elapsed)
       Partition:  pbs_genopt_31 - PBS_Generic_Opt-Distributed_Read_DB - Elapsed_Time 3.00, CPU_Time 2.00
       Partition:  pbs_genopt_31 - PBS_Generic_Opt-Distributed_Generic - Elapsed_Time 1275.00, CPU_Time 1274.00
       Partition:  pbs_genopt_31 - PBS_Generic_Opt-Distributed_Prop_Const - Elapsed_Time 2.00, CPU_Time 2.00
       Partition:  pbs_genopt_31 - PBS_Generic_Opt-Distributed_Gobble - Elapsed_Time 0.00, CPU_Time 0.00
       Partition:  pbs_genopt_31 - PBS_Generic_Opt-Distributed_Report - Elapsed_Time 0.00, CPU_Time 0.00
       Start - Partition: pbs_genopt_31 Slack: -1627.2 TNS: 376245.1 Cell-Count: 101821 Cell-Area: 10339 
Init-Memory: 2427.57
       Done  - Partition: pbs_genopt_31 Slack: -704.9 TNS: 77589.0 Cell-Count: 56837 Cell-Area: 5212 
Peak-Memory: 6017.93 Elapsed: 1280
       Partition:  pbs_genopt_31 - PBS_Generic_Opt-Distributed_Write_DB - Elapsed_Time 5.00, CPU_Time 5.00
       pbs_genopt_31 - PBS_Generic_Opt-Assembly - Elapsed_Time 4, CPU_Time 4.0
       Partition:  pbs_genopt_31 - Runtime taken by the partition - Elapsed_Time 1285.00, CPU_Time 1283.00
          Sending 'pbs_genopt_4 ./.pbs_mo.ece.pdx.edu_8835/pbs_genopt_4.etf' to server 'localhost_1_2'...
            Sent 'pbs_genopt_4 ./.pbs_mo.ece.pdx.edu_8835/pbs_genopt_4.etf' to server 'localhost_1_2'.
          Received 'pbs_genopt_34 ./.pbs_mo.ece.pdx.edu_8835/pbs_genopt_34.etf' from server 'localhost_1_1'. (1282429 ms elapsed)
          Sending 'pbs_genopt_6 ./.pbs_mo.ece.pdx.edu_8835/pbs_genopt_6.etf' to server 'localhost_1_1'...
            Sent 'pbs_genopt_6 ./.pbs_mo.ece.pdx.edu_8835/pbs_genopt_6.etf' to server 'localhost_1_1'.
          Received 'pbs_genopt_36 ./.pbs_mo.ece.pdx.edu_8835/pbs_genopt_36.etf' from server 'localhost_1_7'. (1298308 ms elapsed)
       Partition:  pbs_genopt_36 - PBS_Generic_Opt-Distributed_Read_DB - Elapsed_Time 3.00, CPU_Time 3.00
       Partition:  pbs_genopt_36 - PBS_Generic_Opt-Distributed_Generic - Elapsed_Time 1287.00, CPU_Time 1287.00
       Partition:  pbs_genopt_36 - PBS_Generic_Opt-Distributed_Prop_Const - Elapsed_Time 3.00, CPU_Time 2.00
       Partition:  pbs_genopt_36 - PBS_Generic_Opt-Distributed_Gobble - Elapsed_Time 0.00, CPU_Time 0.00
       Partition:  pbs_genopt_36 - PBS_Generic_Opt-Distributed_Report - Elapsed_Time 0.00, CPU_Time 0.00
       Start - Partition: pbs_genopt_36 Slack: -1627.2 TNS: 372833.9 Cell-Count: 99980 Cell-Area: 10131 
Init-Memory: 2657.18
       Done  - Partition: pbs_genopt_36 Slack: -704.9 TNS: 77589.0 Cell-Count: 55549 Cell-Area: 5075 
Peak-Memory: 2689.20 Elapsed: 1293
       Partition:  pbs_genopt_36 - PBS_Generic_Opt-Distributed_Write_DB - Elapsed_Time 5.00, CPU_Time 6.00
       pbs_genopt_36 - PBS_Generic_Opt-Assembly - Elapsed_Time 4, CPU_Time 4.0
       Partition:  pbs_genopt_36 - Runtime taken by the partition - Elapsed_Time 1298.00, CPU_Time 1298.00
       Partition:  pbs_genopt_34 - PBS_Generic_Opt-Distributed_Read_DB - Elapsed_Time 2.00, CPU_Time 2.00
       Partition:  pbs_genopt_34 - PBS_Generic_Opt-Distributed_Generic - Elapsed_Time 1273.00, CPU_Time 1272.00
       Partition:  pbs_genopt_34 - PBS_Generic_Opt-Distributed_Prop_Const - Elapsed_Time 2.00, CPU_Time 3.00
       Partition:  pbs_genopt_34 - PBS_Generic_Opt-Distributed_Gobble - Elapsed_Time 0.00, CPU_Time 0.00
       Partition:  pbs_genopt_34 - PBS_Generic_Opt-Distributed_Report - Elapsed_Time 0.00, CPU_Time 0.00
       Start - Partition: pbs_genopt_34 Slack: -1627.2 TNS: 372833.9 Cell-Count: 99980 Cell-Area: 10131 
Init-Memory: 2657.18
       Done  - Partition: pbs_genopt_34 Slack: -704.9 TNS: 77589.0 Cell-Count: 55549 Cell-Area: 5075 
Peak-Memory: 2689.20 Elapsed: 1277
       Partition:  pbs_genopt_34 - PBS_Generic_Opt-Distributed_Write_DB - Elapsed_Time 5.00, CPU_Time 5.00
       pbs_genopt_34 - PBS_Generic_Opt-Assembly - Elapsed_Time 4, CPU_Time 4.0
       Partition:  pbs_genopt_34 - Runtime taken by the partition - Elapsed_Time 1282.00, CPU_Time 1282.00
          Sending 'pbs_genopt_5 ./.pbs_mo.ece.pdx.edu_8835/pbs_genopt_5.etf' to server 'localhost_1_7'...
            Sent 'pbs_genopt_5 ./.pbs_mo.ece.pdx.edu_8835/pbs_genopt_5.etf' to server 'localhost_1_7'.
          Received 'pbs_genopt_40 ./.pbs_mo.ece.pdx.edu_8835/pbs_genopt_40.etf' from server 'localhost_1_4'. (1270405 ms elapsed)
       Partition:  pbs_genopt_40 - PBS_Generic_Opt-Distributed_Read_DB - Elapsed_Time 1.00, CPU_Time 2.00
       Partition:  pbs_genopt_40 - PBS_Generic_Opt-Distributed_Generic - Elapsed_Time 1262.00, CPU_Time 1261.00
       Partition:  pbs_genopt_40 - PBS_Generic_Opt-Distributed_Prop_Const - Elapsed_Time 2.00, CPU_Time 2.00
       Partition:  pbs_genopt_40 - PBS_Generic_Opt-Distributed_Gobble - Elapsed_Time 0.00, CPU_Time 0.00
       Partition:  pbs_genopt_40 - PBS_Generic_Opt-Distributed_Report - Elapsed_Time 0.00, CPU_Time 0.00
       Start - Partition: pbs_genopt_40 Slack: -1627.2 TNS: 372833.9 Cell-Count: 99980 Cell-Area: 10131 
Init-Memory: 2206.63
       Done  - Partition: pbs_genopt_40 Slack: -704.9 TNS: 77589.0 Cell-Count: 55549 Cell-Area: 5075 
Peak-Memory: 2638.63 Elapsed: 1265
       Partition:  pbs_genopt_40 - PBS_Generic_Opt-Distributed_Write_DB - Elapsed_Time 5.00, CPU_Time 5.00
       pbs_genopt_40 - PBS_Generic_Opt-Assembly - Elapsed_Time 4, CPU_Time 4.0
       Partition:  pbs_genopt_40 - Runtime taken by the partition - Elapsed_Time 1270.00, CPU_Time 1270.00
          Sending 'pbs_genopt_2 ./.pbs_mo.ece.pdx.edu_8835/pbs_genopt_2.etf' to server 'localhost_1_4'...
            Sent 'pbs_genopt_2 ./.pbs_mo.ece.pdx.edu_8835/pbs_genopt_2.etf' to server 'localhost_1_4'.
          Received 'pbs_genopt_32 ./.pbs_mo.ece.pdx.edu_8835/pbs_genopt_32.etf' from server 'localhost_1_6'. (1302766 ms elapsed)
       Partition:  pbs_genopt_32 - PBS_Generic_Opt-Distributed_Read_DB - Elapsed_Time 3.00, CPU_Time 3.00
       Partition:  pbs_genopt_32 - PBS_Generic_Opt-Distributed_Generic - Elapsed_Time 1292.00, CPU_Time 1291.00
       Partition:  pbs_genopt_32 - PBS_Generic_Opt-Distributed_Prop_Const - Elapsed_Time 2.00, CPU_Time 2.00
       Partition:  pbs_genopt_32 - PBS_Generic_Opt-Distributed_Gobble - Elapsed_Time 0.00, CPU_Time 0.00
       Partition:  pbs_genopt_32 - PBS_Generic_Opt-Distributed_Report - Elapsed_Time 0.00, CPU_Time 0.00
       Start - Partition: pbs_genopt_32 Slack: -1627.2 TNS: 372833.9 Cell-Count: 99980 Cell-Area: 10131 
Init-Memory: 2204.63
       Done  - Partition: pbs_genopt_32 Slack: -704.9 TNS: 77589.0 Cell-Count: 55549 Cell-Area: 5075 
Peak-Memory: 2638.63 Elapsed: 1297
       Partition:  pbs_genopt_32 - PBS_Generic_Opt-Distributed_Write_DB - Elapsed_Time 6.00, CPU_Time 6.00
       pbs_genopt_32 - PBS_Generic_Opt-Assembly - Elapsed_Time 4, CPU_Time 4.0
       Partition:  pbs_genopt_32 - Runtime taken by the partition - Elapsed_Time 1303.00, CPU_Time 1302.00
          Sending 'pbs_genopt_24 ./.pbs_mo.ece.pdx.edu_8835/pbs_genopt_24.etf' to server 'localhost_1_6'...
            Sent 'pbs_genopt_24 ./.pbs_mo.ece.pdx.edu_8835/pbs_genopt_24.etf' to server 'localhost_1_6'.
          Received 'pbs_genopt_27 ./.pbs_mo.ece.pdx.edu_8835/pbs_genopt_27.etf' from server 'localhost_1_3'. (1343150 ms elapsed)
          Sending 'pbs_genopt_3 ./.pbs_mo.ece.pdx.edu_8835/pbs_genopt_3.etf' to server 'localhost_1_3'...
            Sent 'pbs_genopt_3 ./.pbs_mo.ece.pdx.edu_8835/pbs_genopt_3.etf' to server 'localhost_1_3'.
          Received 'pbs_genopt_7 ./.pbs_mo.ece.pdx.edu_8835/pbs_genopt_7.etf' from server 'localhost_1_0'. (1395958 ms elapsed)
       Partition:  pbs_genopt_7 - PBS_Generic_Opt-Distributed_Read_DB - Elapsed_Time 1.00, CPU_Time 2.00
       Partition:  pbs_genopt_7 - PBS_Generic_Opt-Distributed_Generic - Elapsed_Time 1381.00, CPU_Time 1383.00
       Partition:  pbs_genopt_7 - PBS_Generic_Opt-Distributed_Prop_Const - Elapsed_Time 3.00, CPU_Time 3.00
       Partition:  pbs_genopt_7 - PBS_Generic_Opt-Distributed_Gobble - Elapsed_Time 0.00, CPU_Time 0.00
       Partition:  pbs_genopt_7 - PBS_Generic_Opt-Distributed_Report - Elapsed_Time 0.00, CPU_Time 0.00
       Start - Partition: pbs_genopt_7 Slack: -346.0 TNS: 387424.0 Cell-Count: 99155 Cell-Area: 10640 
Init-Memory: 2648.63
       Done  - Partition: pbs_genopt_7 Slack: -157.7 TNS: 155679.5 Cell-Count: 103819 Cell-Area: 9310 
Peak-Memory: 2680.64 Elapsed: 1385
       Partition:  pbs_genopt_7 - PBS_Generic_Opt-Distributed_Write_DB - Elapsed_Time 10.00, CPU_Time 10.00
       pbs_genopt_7 - PBS_Generic_Opt-Assembly - Elapsed_Time 5, CPU_Time 6.0
       Partition:  pbs_genopt_7 - Runtime taken by the partition - Elapsed_Time 1395.00, CPU_Time 1398.00
          Sending 'pbs_genopt_0 ./.pbs_mo.ece.pdx.edu_8835/pbs_genopt_0.etf' to server 'localhost_1_0'...
            Sent 'pbs_genopt_0 ./.pbs_mo.ece.pdx.edu_8835/pbs_genopt_0.etf' to server 'localhost_1_0'.
          Received 'pbs_genopt_8 ./.pbs_mo.ece.pdx.edu_8835/pbs_genopt_8.etf' from server 'localhost_1_5'. (1389916 ms elapsed)
       Partition:  pbs_genopt_8 - PBS_Generic_Opt-Distributed_Read_DB - Elapsed_Time 3.00, CPU_Time 3.00
       Partition:  pbs_genopt_8 - PBS_Generic_Opt-Distributed_Generic - Elapsed_Time 1372.00, CPU_Time 1371.00
       Partition:  pbs_genopt_8 - PBS_Generic_Opt-Distributed_Prop_Const - Elapsed_Time 2.00, CPU_Time 2.00
       Partition:  pbs_genopt_8 - PBS_Generic_Opt-Distributed_Gobble - Elapsed_Time 0.00, CPU_Time 1.00
       Partition:  pbs_genopt_8 - PBS_Generic_Opt-Distributed_Report - Elapsed_Time 0.00, CPU_Time 0.00
       Start - Partition: pbs_genopt_8 Slack: -346.0 TNS: 387488.0 Cell-Count: 99155 Cell-Area: 10640 
Init-Memory: 2206.76
       Done  - Partition: pbs_genopt_8 Slack: -157.7 TNS: 155743.5 Cell-Count: 103813 Cell-Area: 9310 
Peak-Memory: 2238.78 Elapsed: 1377
       Partition:  pbs_genopt_8 - PBS_Generic_Opt-Distributed_Write_DB - Elapsed_Time 9.00, CPU_Time 9.00
       pbs_genopt_8 - PBS_Generic_Opt-Assembly - Elapsed_Time 6, CPU_Time 5.0
       Partition:  pbs_genopt_8 - Runtime taken by the partition - Elapsed_Time 1386.00, CPU_Time 1386.00
       Partition:  pbs_genopt_27 - PBS_Generic_Opt-Distributed_Read_DB - Elapsed_Time 3.00, CPU_Time 3.00
       Partition:  pbs_genopt_27 - PBS_Generic_Opt-Distributed_Generic - Elapsed_Time 1328.00, CPU_Time 1328.00
       Partition:  pbs_genopt_27 - PBS_Generic_Opt-Distributed_Prop_Const - Elapsed_Time 2.00, CPU_Time 2.00
       Partition:  pbs_genopt_27 - PBS_Generic_Opt-Distributed_Gobble - Elapsed_Time 1.00, CPU_Time 1.00
       Partition:  pbs_genopt_27 - PBS_Generic_Opt-Distributed_Report - Elapsed_Time 0.00, CPU_Time 0.00
       Start - Partition: pbs_genopt_27 Slack: -346.0 TNS: 376384.0 Cell-Count: 96322 Cell-Area: 10336 
Init-Memory: 2205.63
       Done  - Partition: pbs_genopt_27 Slack: -157.7 TNS: 151259.4 Cell-Count: 100850 Cell-Area: 9044 
Peak-Memory: 2237.64 Elapsed: 1334
       Partition:  pbs_genopt_27 - PBS_Generic_Opt-Distributed_Write_DB - Elapsed_Time 8.00, CPU_Time 9.00
       pbs_genopt_27 - PBS_Generic_Opt-Assembly - Elapsed_Time 6, CPU_Time 6.0
       Partition:  pbs_genopt_27 - Runtime taken by the partition - Elapsed_Time 1342.00, CPU_Time 1343.00
          Sending 'pbs_genopt_42 ./.pbs_mo.ece.pdx.edu_8835/pbs_genopt_42.etf' to server 'localhost_1_5'...
            Sent 'pbs_genopt_42 ./.pbs_mo.ece.pdx.edu_8835/pbs_genopt_42.etf' to server 'localhost_1_5'.
          Received 'pbs_genopt_0 ./.pbs_mo.ece.pdx.edu_8835/pbs_genopt_0.etf' from server 'localhost_1_0'. (151139 ms elapsed)
          Sending 'pbs_genopt_38 ./.pbs_mo.ece.pdx.edu_8835/pbs_genopt_38.etf' to server 'localhost_1_0'...
            Sent 'pbs_genopt_38 ./.pbs_mo.ece.pdx.edu_8835/pbs_genopt_38.etf' to server 'localhost_1_0'.
          Received 'pbs_genopt_4 ./.pbs_mo.ece.pdx.edu_8835/pbs_genopt_4.etf' from server 'localhost_1_2'. (1351359 ms elapsed)
       Partition:  pbs_genopt_4 - PBS_Generic_Opt-Distributed_Read_DB - Elapsed_Time 3.00, CPU_Time 3.00
       Partition:  pbs_genopt_4 - PBS_Generic_Opt-Distributed_Generic - Elapsed_Time 1336.00, CPU_Time 1335.00
       Partition:  pbs_genopt_4 - PBS_Generic_Opt-Distributed_Prop_Const - Elapsed_Time 3.00, CPU_Time 3.00
       Partition:  pbs_genopt_4 - PBS_Generic_Opt-Distributed_Gobble - Elapsed_Time 0.00, CPU_Time 0.00
       Partition:  pbs_genopt_4 - PBS_Generic_Opt-Distributed_Report - Elapsed_Time 0.00, CPU_Time 0.00
       Start - Partition: pbs_genopt_4 Slack: -346.0 TNS: 376448.0 Cell-Count: 96322 Cell-Area: 10336 
Init-Memory: 2715.57
       Done  - Partition: pbs_genopt_4 Slack: -157.7 TNS: 151371.4 Cell-Count: 100844 Cell-Area: 9044 
Peak-Memory: 6017.93 Elapsed: 1342
       Partition:  pbs_genopt_4 - PBS_Generic_Opt-Distributed_Write_DB - Elapsed_Time 9.00, CPU_Time 9.00
       pbs_genopt_4 - PBS_Generic_Opt-Assembly - Elapsed_Time 6, CPU_Time 6.0
       Partition:  pbs_genopt_4 - Runtime taken by the partition - Elapsed_Time 1351.00, CPU_Time 1350.00
          Sending 'pbs_genopt_33 ./.pbs_mo.ece.pdx.edu_8835/pbs_genopt_33.etf' to server 'localhost_1_2'...
            Sent 'pbs_genopt_33 ./.pbs_mo.ece.pdx.edu_8835/pbs_genopt_33.etf' to server 'localhost_1_2'.
          Received 'pbs_genopt_42 ./.pbs_mo.ece.pdx.edu_8835/pbs_genopt_42.etf' from server 'localhost_1_5'. (901409 ms elapsed)
          Sending 'pbs_genopt_35 ./.pbs_mo.ece.pdx.edu_8835/pbs_genopt_35.etf' to server 'localhost_1_5'...
            Sent 'pbs_genopt_35 ./.pbs_mo.ece.pdx.edu_8835/pbs_genopt_35.etf' to server 'localhost_1_5'.
          Received 'pbs_genopt_5 ./.pbs_mo.ece.pdx.edu_8835/pbs_genopt_5.etf' from server 'localhost_1_7'. (1266757 ms elapsed)
          Received 'pbs_genopt_38 ./.pbs_mo.ece.pdx.edu_8835/pbs_genopt_38.etf' from server 'localhost_1_0'. (870871 ms elapsed)
          Received 'pbs_genopt_6 ./.pbs_mo.ece.pdx.edu_8835/pbs_genopt_6.etf' from server 'localhost_1_1'. (1309801 ms elapsed)
       Partition:  pbs_genopt_6 - PBS_Generic_Opt-Distributed_Read_DB - Elapsed_Time 1.00, CPU_Time 2.00
       Partition:  pbs_genopt_6 - PBS_Generic_Opt-Distributed_Generic - Elapsed_Time 1296.00, CPU_Time 1295.00
       Partition:  pbs_genopt_6 - PBS_Generic_Opt-Distributed_Prop_Const - Elapsed_Time 3.00, CPU_Time 3.00
       Partition:  pbs_genopt_6 - PBS_Generic_Opt-Distributed_Gobble - Elapsed_Time 0.00, CPU_Time 0.00
       Partition:  pbs_genopt_6 - PBS_Generic_Opt-Distributed_Report - Elapsed_Time 0.00, CPU_Time 0.00
       Start - Partition: pbs_genopt_6 Slack: -346.0 TNS: 365376.0 Cell-Count: 93489 Cell-Area: 10032 
Init-Memory: 2657.18
       Done  - Partition: pbs_genopt_6 Slack: -157.7 TNS: 146919.3 Cell-Count: 97878 Cell-Area: 8778 
Peak-Memory: 2689.20 Elapsed: 1300
       Partition:  pbs_genopt_6 - PBS_Generic_Opt-Distributed_Write_DB - Elapsed_Time 8.00, CPU_Time 9.00
       pbs_genopt_6 - PBS_Generic_Opt-Assembly - Elapsed_Time 6, CPU_Time 5.0
       Partition:  pbs_genopt_6 - Runtime taken by the partition - Elapsed_Time 1308.00, CPU_Time 1309.00
       Partition:  pbs_genopt_5 - PBS_Generic_Opt-Distributed_Read_DB - Elapsed_Time 2.00, CPU_Time 3.00
       Partition:  pbs_genopt_5 - PBS_Generic_Opt-Distributed_Generic - Elapsed_Time 1253.00, CPU_Time 1252.00
       Partition:  pbs_genopt_5 - PBS_Generic_Opt-Distributed_Prop_Const - Elapsed_Time 3.00, CPU_Time 2.00
       Partition:  pbs_genopt_5 - PBS_Generic_Opt-Distributed_Gobble - Elapsed_Time 0.00, CPU_Time 0.00
       Partition:  pbs_genopt_5 - PBS_Generic_Opt-Distributed_Report - Elapsed_Time 0.00, CPU_Time 0.00
       Start - Partition: pbs_genopt_5 Slack: -346.0 TNS: 354208.0 Cell-Count: 90656 Cell-Area: 9728 
Init-Memory: 2657.18
       Done  - Partition: pbs_genopt_5 Slack: -157.7 TNS: 142275.2 Cell-Count: 94921 Cell-Area: 8512 
Peak-Memory: 2689.20 Elapsed: 1258
       Partition:  pbs_genopt_5 - PBS_Generic_Opt-Distributed_Write_DB - Elapsed_Time 8.00, CPU_Time 9.00
       pbs_genopt_5 - PBS_Generic_Opt-Assembly - Elapsed_Time 4, CPU_Time 4.0
       Partition:  pbs_genopt_5 - Runtime taken by the partition - Elapsed_Time 1266.00, CPU_Time 1266.00
          Received 'pbs_genopt_24 ./.pbs_mo.ece.pdx.edu_8835/pbs_genopt_24.etf' from server 'localhost_1_6'. (1142790 ms elapsed)
          Received 'pbs_genopt_2 ./.pbs_mo.ece.pdx.edu_8835/pbs_genopt_2.etf' from server 'localhost_1_4'. (1190164 ms elapsed)
       Partition:  pbs_genopt_2 - PBS_Generic_Opt-Distributed_Read_DB - Elapsed_Time 2.00, CPU_Time 3.00
       Partition:  pbs_genopt_2 - PBS_Generic_Opt-Distributed_Generic - Elapsed_Time 1178.00, CPU_Time 1177.00
       Partition:  pbs_genopt_2 - PBS_Generic_Opt-Distributed_Prop_Const - Elapsed_Time 2.00, CPU_Time 3.00
       Partition:  pbs_genopt_2 - PBS_Generic_Opt-Distributed_Gobble - Elapsed_Time 0.00, CPU_Time 0.00
       Partition:  pbs_genopt_2 - PBS_Generic_Opt-Distributed_Report - Elapsed_Time 0.00, CPU_Time 0.00
       Start - Partition: pbs_genopt_2 Slack: -346.0 TNS: 332064.0 Cell-Count: 84990 Cell-Area: 9120 
Init-Memory: 2638.63
       Done  - Partition: pbs_genopt_2 Slack: -157.7 TNS: 133371.0 Cell-Count: 88989 Cell-Area: 7980 
Peak-Memory: 2670.64 Elapsed: 1182
       Partition:  pbs_genopt_2 - PBS_Generic_Opt-Distributed_Write_DB - Elapsed_Time 7.00, CPU_Time 7.00
       pbs_genopt_2 - PBS_Generic_Opt-Assembly - Elapsed_Time 4, CPU_Time 5.0
       Partition:  pbs_genopt_2 - Runtime taken by the partition - Elapsed_Time 1189.00, CPU_Time 1190.00
       Partition:  pbs_genopt_24 - PBS_Generic_Opt-Distributed_Read_DB - Elapsed_Time 2.00, CPU_Time 2.00
       Partition:  pbs_genopt_24 - PBS_Generic_Opt-Distributed_Generic - Elapsed_Time 1124.00, CPU_Time 1124.00
       Partition:  pbs_genopt_24 - PBS_Generic_Opt-Distributed_Prop_Const - Elapsed_Time 3.00, CPU_Time 3.00
       Partition:  pbs_genopt_24 - PBS_Generic_Opt-Distributed_Gobble - Elapsed_Time 0.00, CPU_Time 0.00
       Partition:  pbs_genopt_24 - PBS_Generic_Opt-Distributed_Report - Elapsed_Time 0.00, CPU_Time 0.00
       Start - Partition: pbs_genopt_24 Slack: -346.0 TNS: 321088.0 Cell-Count: 82157 Cell-Area: 8816 
Init-Memory: 2638.63
       Done  - Partition: pbs_genopt_24 Slack: -157.7 TNS: 129110.9 Cell-Count: 86014 Cell-Area: 7714 
Peak-Memory: 2670.64 Elapsed: 1129
       Partition:  pbs_genopt_24 - PBS_Generic_Opt-Distributed_Write_DB - Elapsed_Time 7.00, CPU_Time 7.00
       pbs_genopt_24 - PBS_Generic_Opt-Assembly - Elapsed_Time 4, CPU_Time 3.0
       Partition:  pbs_genopt_24 - Runtime taken by the partition - Elapsed_Time 1136.00, CPU_Time 1136.00
          Received 'pbs_genopt_3 ./.pbs_mo.ece.pdx.edu_8835/pbs_genopt_3.etf' from server 'localhost_1_3'. (1138479 ms elapsed)
       Partition:  pbs_genopt_3 - PBS_Generic_Opt-Distributed_Read_DB - Elapsed_Time 2.00, CPU_Time 1.00
       Partition:  pbs_genopt_3 - PBS_Generic_Opt-Distributed_Generic - Elapsed_Time 1126.00, CPU_Time 1126.00
       Partition:  pbs_genopt_3 - PBS_Generic_Opt-Distributed_Prop_Const - Elapsed_Time 3.00, CPU_Time 3.00
       Partition:  pbs_genopt_3 - PBS_Generic_Opt-Distributed_Gobble - Elapsed_Time 0.00, CPU_Time 0.00
       Partition:  pbs_genopt_3 - PBS_Generic_Opt-Distributed_Report - Elapsed_Time 0.00, CPU_Time 0.00
       Start - Partition: pbs_genopt_3 Slack: -346.0 TNS: 321088.0 Cell-Count: 82157 Cell-Area: 8816 
Init-Memory: 2205.63
       Done  - Partition: pbs_genopt_3 Slack: -157.7 TNS: 129110.9 Cell-Count: 86014 Cell-Area: 7714 
Peak-Memory: 2237.64 Elapsed: 1131
       Partition:  pbs_genopt_3 - PBS_Generic_Opt-Distributed_Write_DB - Elapsed_Time 7.00, CPU_Time 7.00
       pbs_genopt_3 - PBS_Generic_Opt-Assembly - Elapsed_Time 4, CPU_Time 5.0
       Partition:  pbs_genopt_3 - Runtime taken by the partition - Elapsed_Time 1138.00, CPU_Time 1137.00
       Partition:  pbs_genopt_0 - PBS_Generic_Opt-Distributed_Read_DB - Elapsed_Time 4.00, CPU_Time 3.00
       Partition:  pbs_genopt_0 - PBS_Generic_Opt-Distributed_Generic - Elapsed_Time 113.00, CPU_Time 113.85
       Partition:  pbs_genopt_0 - PBS_Generic_Opt-Distributed_Prop_Const - Elapsed_Time 6.00, CPU_Time 6.00
       Partition:  pbs_genopt_0 - PBS_Generic_Opt-Distributed_Gobble - Elapsed_Time 0.00, CPU_Time 0.00
       Partition:  pbs_genopt_0 - PBS_Generic_Opt-Distributed_Report - Elapsed_Time 0.00, CPU_Time 0.00
       Start - Partition: pbs_genopt_0 Slack: -18.6 TNS: 6804.1 Cell-Count: 81126 Cell-Area: 27903 
Init-Memory: 2648.63
       Done  - Partition: pbs_genopt_0 Slack: -18.6 TNS: 6768.0 Cell-Count: 178052 Cell-Area: 32105 
Peak-Memory: 2680.64 Elapsed: 123
       Partition:  pbs_genopt_0 - PBS_Generic_Opt-Distributed_Write_DB - Elapsed_Time 25.00, CPU_Time 26.00
       pbs_genopt_0 - PBS_Generic_Opt-Assembly - Elapsed_Time 11, CPU_Time 11.0
       Partition:  pbs_genopt_0 - Runtime taken by the partition - Elapsed_Time 148.00, CPU_Time 148.85
       Partition:  pbs_genopt_42 - PBS_Generic_Opt-Distributed_Read_DB - Elapsed_Time 1.00, CPU_Time 1.00
       Partition:  pbs_genopt_42 - PBS_Generic_Opt-Distributed_Generic - Elapsed_Time 894.00, CPU_Time 894.00
       Partition:  pbs_genopt_42 - PBS_Generic_Opt-Distributed_Prop_Const - Elapsed_Time 2.00, CPU_Time 1.00
       Partition:  pbs_genopt_42 - PBS_Generic_Opt-Distributed_Gobble - Elapsed_Time 0.00, CPU_Time 0.00
       Partition:  pbs_genopt_42 - PBS_Generic_Opt-Distributed_Report - Elapsed_Time 0.00, CPU_Time 0.00
       Start - Partition: pbs_genopt_42 Slack: -1627.2 TNS: 267833.7 Cell-Count: 80561 Cell-Area: 8628 
Init-Memory: 2206.76
       Done  - Partition: pbs_genopt_42 Slack: -704.9 TNS: 50472.5 Cell-Count: 46665 Cell-Area: 4764 
Peak-Memory: 2648.77 Elapsed: 897
       Partition:  pbs_genopt_42 - PBS_Generic_Opt-Distributed_Write_DB - Elapsed_Time 4.00, CPU_Time 5.00
       pbs_genopt_42 - PBS_Generic_Opt-Assembly - Elapsed_Time 2, CPU_Time 2.0
       Partition:  pbs_genopt_42 - Runtime taken by the partition - Elapsed_Time 901.00, CPU_Time 901.00
       Partition:  pbs_genopt_38 - PBS_Generic_Opt-Distributed_Read_DB - Elapsed_Time 2.00, CPU_Time 2.00
       Partition:  pbs_genopt_38 - PBS_Generic_Opt-Distributed_Generic - Elapsed_Time 864.00, CPU_Time 865.00
       Partition:  pbs_genopt_38 - PBS_Generic_Opt-Distributed_Prop_Const - Elapsed_Time 1.00, CPU_Time 2.00
       Partition:  pbs_genopt_38 - PBS_Generic_Opt-Distributed_Gobble - Elapsed_Time 0.00, CPU_Time 0.00
       Partition:  pbs_genopt_38 - PBS_Generic_Opt-Distributed_Report - Elapsed_Time 0.00, CPU_Time 0.00
       Start - Partition: pbs_genopt_38 Slack: -1627.2 TNS: 259926.6 Cell-Count: 72790 Cell-Area: 7448 
Init-Memory: 2670.74
       Done  - Partition: pbs_genopt_38 Slack: -704.9 TNS: 51726.0 Cell-Count: 41326 Cell-Area: 3841 
Peak-Memory: 2702.75 Elapsed: 867
       Partition:  pbs_genopt_38 - PBS_Generic_Opt-Distributed_Write_DB - Elapsed_Time 4.00, CPU_Time 4.00
       pbs_genopt_38 - PBS_Generic_Opt-Assembly - Elapsed_Time 2, CPU_Time 2.0
       Partition:  pbs_genopt_38 - Runtime taken by the partition - Elapsed_Time 871.00, CPU_Time 873.00
          Received 'pbs_genopt_33 ./.pbs_mo.ece.pdx.edu_8835/pbs_genopt_33.etf' from server 'localhost_1_2'. (838871 ms elapsed)
       Partition:  pbs_genopt_33 - PBS_Generic_Opt-Distributed_Read_DB - Elapsed_Time 1.00, CPU_Time 1.00
       Partition:  pbs_genopt_33 - PBS_Generic_Opt-Distributed_Generic - Elapsed_Time 833.00, CPU_Time 833.00
       Partition:  pbs_genopt_33 - PBS_Generic_Opt-Distributed_Prop_Const - Elapsed_Time 2.00, CPU_Time 2.00
       Partition:  pbs_genopt_33 - PBS_Generic_Opt-Distributed_Gobble - Elapsed_Time 0.00, CPU_Time 0.00
       Partition:  pbs_genopt_33 - PBS_Generic_Opt-Distributed_Report - Elapsed_Time 0.00, CPU_Time 0.00
       Start - Partition: pbs_genopt_33 Slack: -1627.2 TNS: 256515.4 Cell-Count: 70949 Cell-Area: 7240 
Init-Memory: 2715.57
       Done  - Partition: pbs_genopt_33 Slack: -704.9 TNS: 51726.0 Cell-Count: 40038 Cell-Area: 3704 
Peak-Memory: 6017.93 Elapsed: 836
       Partition:  pbs_genopt_33 - PBS_Generic_Opt-Distributed_Write_DB - Elapsed_Time 3.00, CPU_Time 3.00
       pbs_genopt_33 - PBS_Generic_Opt-Assembly - Elapsed_Time 2, CPU_Time 2.0
       Partition:  pbs_genopt_33 - Runtime taken by the partition - Elapsed_Time 839.00, CPU_Time 839.00
          Received 'pbs_genopt_35 ./.pbs_mo.ece.pdx.edu_8835/pbs_genopt_35.etf' from server 'localhost_1_5'. (831914 ms elapsed)
       Partition:  pbs_genopt_35 - PBS_Generic_Opt-Distributed_Read_DB - Elapsed_Time 2.00, CPU_Time 2.00
       Partition:  pbs_genopt_35 - PBS_Generic_Opt-Distributed_Generic - Elapsed_Time 824.00, CPU_Time 824.00
       Partition:  pbs_genopt_35 - PBS_Generic_Opt-Distributed_Prop_Const - Elapsed_Time 2.00, CPU_Time 2.00
       Partition:  pbs_genopt_35 - PBS_Generic_Opt-Distributed_Gobble - Elapsed_Time 0.00, CPU_Time 0.00
       Partition:  pbs_genopt_35 - PBS_Generic_Opt-Distributed_Report - Elapsed_Time 0.00, CPU_Time 0.00
       Start - Partition: pbs_genopt_35 Slack: -1627.2 TNS: 256515.4 Cell-Count: 70949 Cell-Area: 7240 
Init-Memory: 2648.77
       Done  - Partition: pbs_genopt_35 Slack: -704.9 TNS: 51726.0 Cell-Count: 40038 Cell-Area: 3704 
Peak-Memory: 2680.79 Elapsed: 828
       Partition:  pbs_genopt_35 - PBS_Generic_Opt-Distributed_Write_DB - Elapsed_Time 4.00, CPU_Time 4.00
       pbs_genopt_35 - PBS_Generic_Opt-Assembly - Elapsed_Time 2, CPU_Time 2.0
       Partition:  pbs_genopt_35 - Runtime taken by the partition - Elapsed_Time 832.00, CPU_Time 832.00
Assembled design in-time
Background Table : HLO::pre_to_gen_setup 
---------------------------------------------------------------------
| Transform       | Accepts | Rejects | Runtime (s) | Netlist ID    | 
---------------------------------------------------------------------
| hlo_mux_reorder |       0 |       0 |        0.17 | pbs_genopt_9  | 
| hlo_mux_reorder |       0 |       0 |        0.16 | pbs_genopt_8  | 
| hlo_mux_reorder |       0 |       0 |        0.19 | pbs_genopt_7  | 
| hlo_mux_reorder |       0 |       0 |        0.19 | pbs_genopt_6  | 
| hlo_mux_reorder |       0 |       0 |        0.15 | pbs_genopt_5  | 
| hlo_mux_reorder |       0 |       0 |        0.15 | pbs_genopt_42 | 
| hlo_mux_reorder |       0 |       0 |        0.24 | pbs_genopt_41 | 
| hlo_mux_reorder |       0 |       0 |        0.18 | pbs_genopt_40 | 
| hlo_mux_reorder |       0 |       0 |        0.21 | pbs_genopt_4  | 
| hlo_mux_reorder |       0 |       0 |        0.24 | pbs_genopt_39 | 
| hlo_mux_reorder |       0 |       0 |        0.12 | pbs_genopt_38 | 
| hlo_mux_reorder |       0 |       0 |        0.23 | pbs_genopt_37 | 
| hlo_mux_reorder |       0 |       0 |        0.22 | pbs_genopt_36 | 
| hlo_mux_reorder |       0 |       0 |        0.16 | pbs_genopt_35 | 
| hlo_mux_reorder |       0 |       0 |        0.19 | pbs_genopt_34 | 
| hlo_mux_reorder |       0 |       0 |        0.12 | pbs_genopt_33 | 
| hlo_mux_reorder |       0 |       0 |        0.18 | pbs_genopt_32 | 
| hlo_mux_reorder |       0 |       0 |        0.16 | pbs_genopt_31 | 
| hlo_mux_reorder |       0 |       0 |        0.21 | pbs_genopt_30 | 
| hlo_mux_reorder |       0 |       0 |        0.13 | pbs_genopt_3  | 
| hlo_mux_reorder |       0 |       0 |        0.17 | pbs_genopt_29 | 
| hlo_mux_reorder |       0 |       0 |        0.17 | pbs_genopt_28 | 
| hlo_mux_reorder |       0 |       0 |        0.16 | pbs_genopt_27 | 
| hlo_mux_reorder |       0 |       0 |        0.21 | pbs_genopt_26 | 
| hlo_mux_reorder |       0 |       0 |        0.16 | pbs_genopt_25 | 
| hlo_mux_reorder |       0 |       0 |        0.13 | pbs_genopt_24 | 
| hlo_mux_reorder |       0 |       0 |        0.24 | pbs_genopt_23 | 
| hlo_mux_reorder |       0 |       0 |        0.16 | pbs_genopt_22 | 
| hlo_mux_reorder |       0 |       0 |        0.17 | pbs_genopt_21 | 
| hlo_mux_reorder |       0 |       0 |        0.16 | pbs_genopt_20 | 
| hlo_mux_reorder |       0 |       0 |        0.14 | pbs_genopt_2  | 
| hlo_mux_reorder |       0 |       0 |        0.17 | pbs_genopt_19 | 
| hlo_mux_reorder |       0 |       0 |        0.17 | pbs_genopt_18 | 
| hlo_mux_reorder |       0 |       0 |        0.17 | pbs_genopt_17 | 
| hlo_mux_reorder |       0 |       0 |        0.19 | pbs_genopt_16 | 
| hlo_mux_reorder |       0 |       0 |        0.16 | pbs_genopt_15 | 
| hlo_mux_reorder |       0 |       0 |        0.18 | pbs_genopt_14 | 
| hlo_mux_reorder |       0 |       0 |        0.17 | pbs_genopt_13 | 
| hlo_mux_reorder |       0 |       0 |        0.16 | pbs_genopt_12 | 
| hlo_mux_reorder |       0 |       0 |        0.18 | pbs_genopt_11 | 
| hlo_mux_reorder |       0 |       0 |        0.16 | pbs_genopt_10 | 
| hlo_mux_reorder |       0 |       0 |        3.11 | pbs_genopt_1  | 
| hlo_mux_reorder |       0 |       0 |        0.71 | pbs_genopt_0  | 
---------------------------------------------------------------------
 
Background Table : HLO::post_to_gen_setup 
---------------------------------------------------------------------
| Transform       | Accepts | Rejects | Runtime (s) | Netlist ID    | 
---------------------------------------------------------------------
| hlo_mux_reorder |       0 |       0 |        0.00 | pbs_genopt_9  | 
| hlo_mux_reorder |       0 |       0 |        0.00 | pbs_genopt_8  | 
| hlo_mux_reorder |       0 |       0 |        0.00 | pbs_genopt_7  | 
| hlo_mux_reorder |       0 |       0 |        0.01 | pbs_genopt_6  | 
| hlo_mux_reorder |       0 |       0 |        0.00 | pbs_genopt_5  | 
| hlo_mux_reorder |       0 |       0 |        0.00 | pbs_genopt_42 | 
| hlo_mux_reorder |       0 |       0 |        0.00 | pbs_genopt_41 | 
| hlo_mux_reorder |       0 |       0 |        0.00 | pbs_genopt_40 | 
| hlo_mux_reorder |       0 |       0 |        0.00 | pbs_genopt_4  | 
| hlo_mux_reorder |       0 |       0 |        0.01 | pbs_genopt_39 | 
| hlo_mux_reorder |       0 |       0 |        0.00 | pbs_genopt_38 | 
| hlo_mux_reorder |       0 |       0 |        0.00 | pbs_genopt_37 | 
| hlo_mux_reorder |       0 |       0 |        0.01 | pbs_genopt_36 | 
| hlo_mux_reorder |       0 |       0 |        0.00 | pbs_genopt_35 | 
| hlo_mux_reorder |       0 |       0 |        0.00 | pbs_genopt_34 | 
| hlo_mux_reorder |       0 |       0 |        0.00 | pbs_genopt_33 | 
| hlo_mux_reorder |       0 |       0 |        0.00 | pbs_genopt_32 | 
| hlo_mux_reorder |       0 |       0 |        0.00 | pbs_genopt_31 | 
| hlo_mux_reorder |       0 |       0 |        0.00 | pbs_genopt_30 | 
| hlo_mux_reorder |       0 |       0 |        0.00 | pbs_genopt_3  | 
| hlo_mux_reorder |       0 |       0 |        0.00 | pbs_genopt_29 | 
| hlo_mux_reorder |       0 |       0 |        0.00 | pbs_genopt_28 | 
| hlo_mux_reorder |       0 |       0 |        0.00 | pbs_genopt_27 | 
| hlo_mux_reorder |       0 |       0 |        0.00 | pbs_genopt_26 | 
| hlo_mux_reorder |       0 |       0 |        0.00 | pbs_genopt_25 | 
| hlo_mux_reorder |       0 |       0 |        0.00 | pbs_genopt_24 | 
| hlo_mux_reorder |       0 |       0 |        0.00 | pbs_genopt_23 | 
| hlo_mux_reorder |       0 |       0 |        0.00 | pbs_genopt_22 | 
| hlo_mux_reorder |       0 |       0 |        0.00 | pbs_genopt_21 | 
| hlo_mux_reorder |       0 |       0 |        0.00 | pbs_genopt_20 | 
| hlo_mux_reorder |       0 |       0 |        0.00 | pbs_genopt_2  | 
| hlo_mux_reorder |       0 |       0 |        0.00 | pbs_genopt_19 | 
| hlo_mux_reorder |       0 |       0 |        0.00 | pbs_genopt_18 | 
| hlo_mux_reorder |       0 |       0 |        0.00 | pbs_genopt_17 | 
| hlo_mux_reorder |       0 |       0 |        0.00 | pbs_genopt_16 | 
| hlo_mux_reorder |       0 |       0 |        0.00 | pbs_genopt_15 | 
| hlo_mux_reorder |       0 |       0 |        0.00 | pbs_genopt_14 | 
| hlo_mux_reorder |       0 |       0 |        0.00 | pbs_genopt_13 | 
| hlo_mux_reorder |       0 |       0 |        0.00 | pbs_genopt_12 | 
| hlo_mux_reorder |       0 |       0 |        0.00 | pbs_genopt_11 | 
| hlo_mux_reorder |       0 |       0 |        0.00 | pbs_genopt_10 | 
| hlo_mux_reorder |       0 |       0 |        0.01 | pbs_genopt_1  | 
| hlo_mux_reorder |       0 |       0 |        0.00 | pbs_genopt_0  | 
---------------------------------------------------------------------
 
Background Table : UME::pre_hlo_rtlopt 
---------------------------------------------------------------
| Trick     | Accepts | Rejects | Runtime (s) | Netlist ID    | 
---------------------------------------------------------------
| ume_share |       0 |       0 |        0.00 | pbs_genopt_9  | 
| ume_sweep |       0 |       0 |        0.00 |               |
| ume_ssm   |       0 |       0 |        0.00 |               |
| ume_share |       0 |       0 |        0.00 | pbs_genopt_8  | 
| ume_sweep |       0 |       0 |        0.00 |               |
| ume_ssm   |       0 |       0 |        0.00 |               |
| ume_share |       0 |       0 |        0.00 | pbs_genopt_7  | 
| ume_sweep |       0 |       0 |        0.00 |               |
| ume_ssm   |       0 |       0 |        0.00 |               |
| ume_share |       0 |       0 |        0.00 | pbs_genopt_6  | 
| ume_sweep |       0 |       0 |        0.00 |               |
| ume_ssm   |       0 |       0 |        0.00 |               |
| ume_share |       0 |       0 |        0.00 | pbs_genopt_5  | 
| ume_sweep |       0 |       0 |        0.00 |               |
| ume_ssm   |       0 |       0 |        0.00 |               |
| ume_share |       0 |       0 |        0.00 | pbs_genopt_42 | 
| ume_sweep |       0 |       0 |        0.00 |               |
| ume_ssm   |       0 |       0 |        0.00 |               |
| ume_share |       0 |       0 |        0.00 | pbs_genopt_41 | 
| ume_sweep |       0 |       0 |        0.00 |               |
| ume_ssm   |       0 |       0 |        0.00 |               |
| ume_share |       0 |       0 |        0.00 | pbs_genopt_40 | 
| ume_sweep |       0 |       0 |        0.00 |               |
| ume_ssm   |       0 |       0 |        0.00 |               |
| ume_share |       0 |       0 |        0.00 | pbs_genopt_4  | 
| ume_sweep |       0 |       0 |        0.00 |               |
| ume_ssm   |       0 |       0 |        0.00 |               |
| ume_share |       0 |       0 |        0.00 | pbs_genopt_39 | 
| ume_sweep |       0 |       0 |        0.00 |               |
| ume_ssm   |       0 |       0 |        0.00 |               |
| ume_share |       0 |       0 |        0.00 | pbs_genopt_38 | 
| ume_sweep |       0 |       0 |        0.00 |               |
| ume_ssm   |       0 |       0 |        0.00 |               |
| ume_share |       0 |       0 |        0.00 | pbs_genopt_37 | 
| ume_sweep |       0 |       0 |        0.00 |               |
| ume_ssm   |       0 |       0 |        0.00 |               |
| ume_share |       0 |       0 |        0.00 | pbs_genopt_36 | 
| ume_sweep |       0 |       0 |        0.00 |               |
| ume_ssm   |       0 |       0 |        0.00 |               |
| ume_share |       0 |       0 |        0.00 | pbs_genopt_35 | 
| ume_sweep |       0 |       0 |        0.00 |               |
| ume_ssm   |       0 |       0 |        0.00 |               |
| ume_share |       0 |       0 |        0.00 | pbs_genopt_34 | 
| ume_sweep |       0 |       0 |        0.00 |               |
| ume_ssm   |       0 |       0 |        0.00 |               |
| ume_share |       0 |       0 |        0.00 | pbs_genopt_33 | 
| ume_sweep |       0 |       0 |        0.00 |               |
| ume_ssm   |       0 |       0 |        0.00 |               |
| ume_share |       0 |       0 |        0.00 | pbs_genopt_32 | 
| ume_sweep |       0 |       0 |        0.00 |               |
| ume_ssm   |       0 |       0 |        0.00 |               |
| ume_share |       0 |       0 |        0.00 | pbs_genopt_31 | 
| ume_sweep |       0 |       0 |        0.00 |               |
| ume_ssm   |       0 |       0 |        0.00 |               |
| ume_share |       0 |       0 |        0.00 | pbs_genopt_30 | 
| ume_sweep |       0 |       0 |        0.00 |               |
| ume_ssm   |       0 |       0 |        0.00 |               |
| ume_share |       0 |       0 |        0.00 | pbs_genopt_3  | 
| ume_sweep |       0 |       0 |        0.00 |               |
| ume_ssm   |       0 |       0 |        0.00 |               |
| ume_share |       0 |       0 |        0.00 | pbs_genopt_29 | 
| ume_sweep |       0 |       0 |        0.00 |               |
| ume_ssm   |       0 |       0 |        0.00 |               |
| ume_share |       0 |       0 |        0.00 | pbs_genopt_28 | 
| ume_sweep |       0 |       0 |        0.00 |               |
| ume_ssm   |       0 |       0 |        0.00 |               |
| ume_share |       0 |       0 |        0.00 | pbs_genopt_27 | 
| ume_sweep |       0 |       0 |        0.00 |               |
| ume_ssm   |       0 |       0 |        0.00 |               |
| ume_share |       0 |       0 |        0.00 | pbs_genopt_26 | 
| ume_sweep |       0 |       0 |        0.00 |               |
| ume_ssm   |       0 |       0 |        0.00 |               |
| ume_share |       0 |       0 |        0.00 | pbs_genopt_25 | 
| ume_sweep |       0 |       0 |        0.00 |               |
| ume_ssm   |       0 |       0 |        0.00 |               |
| ume_share |       0 |       0 |        0.00 | pbs_genopt_24 | 
| ume_sweep |       0 |       0 |        0.00 |               |
| ume_ssm   |       0 |       0 |        0.00 |               |
| ume_share |       0 |       0 |        0.00 | pbs_genopt_23 | 
| ume_sweep |       0 |       0 |        0.00 |               |
| ume_ssm   |       0 |       0 |        0.00 |               |
| ume_share |       0 |       0 |        0.00 | pbs_genopt_22 | 
| ume_sweep |       0 |       0 |        0.00 |               |
| ume_ssm   |       0 |       0 |        0.00 |               |
| ume_share |       0 |       0 |        0.00 | pbs_genopt_21 | 
| ume_sweep |       0 |       0 |        0.00 |               |
| ume_ssm   |       0 |       0 |        0.00 |               |
| ume_share |       0 |       0 |        0.00 | pbs_genopt_20 | 
| ume_sweep |       0 |       0 |        0.00 |               |
| ume_ssm   |       0 |       0 |        0.00 |               |
| ume_share |       0 |       0 |        0.00 | pbs_genopt_2  | 
| ume_sweep |       0 |       0 |        0.00 |               |
| ume_ssm   |       0 |       0 |        0.00 |               |
| ume_share |       0 |       0 |        0.00 | pbs_genopt_19 | 
| ume_sweep |       0 |       0 |        0.00 |               |
| ume_ssm   |       0 |       0 |        0.00 |               |
| ume_share |       0 |       0 |        0.00 | pbs_genopt_18 | 
| ume_sweep |       0 |       0 |        0.00 |               |
| ume_ssm   |       0 |       0 |        0.00 |               |
| ume_share |       0 |       0 |        0.00 | pbs_genopt_17 | 
| ume_sweep |       0 |       0 |        0.00 |               |
| ume_ssm   |       0 |       0 |        0.00 |               |
| ume_share |       0 |       0 |        0.00 | pbs_genopt_16 | 
| ume_sweep |       0 |       0 |        0.00 |               |
| ume_ssm   |       0 |       0 |        0.00 |               |
| ume_share |       0 |       0 |        0.00 | pbs_genopt_15 | 
| ume_sweep |       0 |       0 |        0.00 |               |
| ume_ssm   |       0 |       0 |        0.00 |               |
| ume_share |       0 |       0 |        0.00 | pbs_genopt_14 | 
| ume_sweep |       0 |       0 |        0.00 |               |
| ume_ssm   |       0 |       0 |        0.00 |               |
| ume_share |       0 |       0 |        0.00 | pbs_genopt_13 | 
| ume_sweep |       0 |       0 |        0.00 |               |
| ume_ssm   |       0 |       0 |        0.00 |               |
| ume_share |       0 |       0 |        0.00 | pbs_genopt_12 | 
| ume_sweep |       0 |       0 |        0.00 |               |
| ume_ssm   |       0 |       0 |        0.00 |               |
| ume_share |       0 |       0 |        0.00 | pbs_genopt_11 | 
| ume_sweep |       0 |       0 |        0.00 |               |
| ume_ssm   |       0 |       0 |        0.00 |               |
| ume_share |       0 |       0 |        0.00 | pbs_genopt_10 | 
| ume_sweep |       0 |       0 |        0.00 |               |
| ume_ssm   |       0 |       0 |        0.00 |               |
| ume_share |       0 |       0 |        0.36 | pbs_genopt_1  | 
| ume_sweep |       0 |       0 |        0.02 |               |
| ume_ssm   |       0 |       0 |        0.00 |               |
| ume_share |       0 |       0 |        0.03 | pbs_genopt_0  | 
| ume_sweep |       0 |       0 |        0.01 |               |
| ume_ssm   |       0 |       0 |        0.00 |               |
---------------------------------------------------------------
 
Background Table : HLO::pre_rtlopt 
---------------------------------------------------------------------------------
| Transform                   | Accepts | Rejects | Runtime (s) | Netlist ID    | 
---------------------------------------------------------------------------------
| hlo_cleanup                 |       0 |       0 |        0.00 | pbs_genopt_9  | 
| hlo_clip                    |       0 |       0 |        0.00 |               |
| hlo_clip_mux_input          |       0 |       0 |        0.00 |               |
| hlo_redundancy_removal_word |      37 |       0 |       13.46 |               |
| hlo_datapath_recast         |       0 |       0 |        0.00 |               |
| hlo_optimize_datapath       |       0 |       0 |        0.00 |               |
| hlo_mux_consolidation       |       0 |       0 |        0.01 |               |
| hlo_mux_cascade_opt         |       0 |       0 |        0.00 |               |
| hlo_reduce_operator_chain   |       0 |       0 |        0.00 |               |
| hlo_identity_transform      |       0 |       0 |        0.01 |               |
| hlo_restructure             |       0 |       0 |        0.02 |               |
| hlo_reconv_opt              |       0 |       0 |        0.00 |               |
| hlo_inequality_transform    |       0 |       0 |        0.17 |               |
| hlo_constant_mux_opt        |       0 |       0 |        0.00 |               |
| hlo_mux_consolidation       |       0 |       0 |        0.01 |               |
| hlo_mux_cascade_opt         |       0 |       0 |        0.01 |               |
| hlo_chop_mux                |       0 |       0 |        0.00 |               |
| hlo_mux_decode              |       0 |       0 |        0.00 |               |
| hlo_decode_mux_sandwich     |       0 |       0 |        0.00 |               |
| hlo_infer_macro             |       0 |       0 |        0.16 |               |
| hlo_recase_casebox          |       0 |       0 |        0.16 |               |
| hlo_cleanup                 |       0 |       0 |        0.00 | pbs_genopt_8  | 
| hlo_clip                    |       0 |       0 |        0.00 |               |
| hlo_clip_mux_input          |       0 |       0 |        0.00 |               |
| hlo_redundancy_removal_word |      35 |       0 |       14.66 |               |
| hlo_datapath_recast         |       0 |       0 |        0.00 |               |
| hlo_optimize_datapath       |       0 |       0 |        0.00 |               |
| hlo_mux_consolidation       |       0 |       0 |        0.01 |               |
| hlo_mux_cascade_opt         |       0 |       0 |        0.00 |               |
| hlo_reduce_operator_chain   |       0 |       0 |        0.00 |               |
| hlo_identity_transform      |       0 |       0 |        0.01 |               |
| hlo_restructure             |       0 |       0 |        0.01 |               |
| hlo_reconv_opt              |       0 |       0 |        0.00 |               |
| hlo_inequality_transform    |       0 |       0 |        0.14 |               |
| hlo_constant_mux_opt        |       0 |       0 |        0.00 |               |
| hlo_mux_consolidation       |       0 |       0 |        0.01 |               |
| hlo_mux_cascade_opt         |       0 |       0 |        0.00 |               |
| hlo_chop_mux                |       0 |       0 |        0.00 |               |
| hlo_mux_decode              |       0 |       0 |        0.00 |               |
| hlo_decode_mux_sandwich     |       0 |       0 |        0.00 |               |
| hlo_infer_macro             |       0 |       0 |        0.13 |               |
| hlo_recase_casebox          |       0 |       0 |        0.15 |               |
| hlo_cleanup                 |       0 |       0 |        0.00 | pbs_genopt_7  | 
| hlo_clip                    |       0 |       0 |        0.00 |               |
| hlo_clip_mux_input          |       0 |       0 |        0.00 |               |
| hlo_redundancy_removal_word |      35 |       0 |       13.32 |               |
| hlo_datapath_recast         |       0 |       0 |        0.00 |               |
| hlo_optimize_datapath       |       0 |       0 |        0.00 |               |
| hlo_mux_consolidation       |       0 |       0 |        0.01 |               |
| hlo_mux_cascade_opt         |       0 |       0 |        0.00 |               |
| hlo_reduce_operator_chain   |       0 |       0 |        0.00 |               |
| hlo_identity_transform      |       0 |       0 |        0.01 |               |
| hlo_restructure             |       0 |       0 |        0.02 |               |
| hlo_reconv_opt              |       0 |       0 |        0.00 |               |
| hlo_inequality_transform    |       0 |       0 |        0.16 |               |
| hlo_constant_mux_opt        |       0 |       0 |        0.00 |               |
| hlo_mux_consolidation       |       0 |       0 |        0.01 |               |
| hlo_mux_cascade_opt         |       0 |       0 |        0.00 |               |
| hlo_chop_mux                |       0 |       0 |        0.00 |               |
| hlo_mux_decode              |       0 |       0 |        0.00 |               |
| hlo_decode_mux_sandwich     |       0 |       0 |        0.00 |               |
| hlo_infer_macro             |       0 |       0 |        0.15 |               |
| hlo_recase_casebox          |       0 |       0 |        0.16 |               |
| hlo_cleanup                 |       0 |       0 |        0.00 | pbs_genopt_6  | 
| hlo_clip                    |       0 |       0 |        0.00 |               |
| hlo_clip_mux_input          |       0 |       0 |        0.00 |               |
| hlo_redundancy_removal_word |      33 |       0 |       11.10 |               |
| hlo_datapath_recast         |       0 |       0 |        0.00 |               |
| hlo_optimize_datapath       |       0 |       0 |        0.00 |               |
| hlo_mux_consolidation       |       0 |       0 |        0.00 |               |
| hlo_mux_cascade_opt         |       0 |       0 |        0.00 |               |
| hlo_reduce_operator_chain   |       0 |       0 |        0.00 |               |
| hlo_identity_transform      |       0 |       0 |        0.01 |               |
| hlo_restructure             |       0 |       0 |        0.01 |               |
| hlo_reconv_opt              |       0 |       0 |        0.00 |               |
| hlo_inequality_transform    |       0 |       0 |        0.14 |               |
| hlo_constant_mux_opt        |       0 |       0 |        0.00 |               |
| hlo_mux_consolidation       |       0 |       0 |        0.01 |               |
| hlo_mux_cascade_opt         |       0 |       0 |        0.00 |               |
| hlo_chop_mux                |       0 |       0 |        0.00 |               |
| hlo_mux_decode              |       0 |       0 |        0.00 |               |
| hlo_decode_mux_sandwich     |       0 |       0 |        0.00 |               |
| hlo_infer_macro             |       0 |       0 |        0.13 |               |
| hlo_recase_casebox          |       0 |       0 |        0.14 |               |
| hlo_cleanup                 |       0 |       0 |        0.00 | pbs_genopt_5  | 
| hlo_clip                    |       0 |       0 |        0.00 |               |
| hlo_clip_mux_input          |       0 |       0 |        0.00 |               |
| hlo_redundancy_removal_word |      32 |       0 |       11.28 |               |
| hlo_datapath_recast         |       0 |       0 |        0.00 |               |
| hlo_optimize_datapath       |       0 |       0 |        0.00 |               |
| hlo_mux_consolidation       |       0 |       0 |        0.00 |               |
| hlo_mux_cascade_opt         |       0 |       0 |        0.00 |               |
| hlo_reduce_operator_chain   |       0 |       0 |        0.00 |               |
| hlo_identity_transform      |       0 |       0 |        0.01 |               |
| hlo_restructure             |       0 |       0 |        0.02 |               |
| hlo_reconv_opt              |       0 |       0 |        0.00 |               |
| hlo_inequality_transform    |       0 |       0 |        0.14 |               |
| hlo_constant_mux_opt        |       0 |       0 |        0.00 |               |
| hlo_mux_consolidation       |       0 |       0 |        0.01 |               |
| hlo_mux_cascade_opt         |       0 |       0 |        0.00 |               |
| hlo_chop_mux                |       0 |       0 |        0.00 |               |
| hlo_mux_decode              |       0 |       0 |        0.00 |               |
| hlo_decode_mux_sandwich     |       0 |       0 |        0.00 |               |
| hlo_infer_macro             |       0 |       0 |        0.13 |               |
| hlo_recase_casebox          |       0 |       0 |        0.14 |               |
| hlo_cleanup                 |       0 |       0 |        0.00 | pbs_genopt_42 | 
| hlo_clip                    |       0 |       0 |        0.00 |               |
| hlo_clip_mux_input          |      62 |       0 |        0.05 |               |
| hlo_redundancy_removal_word |     100 |      38 |        9.98 |               |
| hlo_datapath_recast         |       0 |       0 |        0.00 |               |
| hlo_optimize_datapath       |       0 |       0 |        0.00 |               |
| hlo_mux_consolidation       |       0 |       0 |        0.01 |               |
| hlo_mux_cascade_opt         |       0 |       0 |        0.00 |               |
| hlo_reduce_operator_chain   |       0 |       0 |        0.00 |               |
| hlo_identity_transform      |       0 |       0 |        0.01 |               |
| hlo_restructure             |       0 |       0 |        0.02 |               |
| hlo_reconv_opt              |       0 |       0 |        0.00 |               |
| hlo_inequality_transform    |       0 |       0 |        0.20 |               |
| hlo_constant_mux_opt        |       0 |       0 |        0.00 |               |
| hlo_mux_consolidation       |       0 |       0 |        0.00 |               |
| hlo_mux_cascade_opt         |       0 |       0 |        0.00 |               |
| hlo_chop_mux                |       0 |       0 |        0.00 |               |
| hlo_mux_decode              |       0 |       0 |        0.00 |               |
| hlo_decode_mux_sandwich     |       0 |       0 |        0.00 |               |
| hlo_infer_macro             |       0 |      44 |        0.12 |               |
| hlo_recase_casebox          |       0 |       0 |        0.15 |               |
| hlo_cleanup                 |       0 |       0 |        0.00 | pbs_genopt_41 | 
| hlo_clip                    |       0 |       0 |        0.00 |               |
| hlo_clip_mux_input          |      93 |       0 |        0.07 |               |
| hlo_redundancy_removal_word |     145 |      57 |        8.37 |               |
| hlo_datapath_recast         |       0 |       0 |        0.00 |               |
| hlo_optimize_datapath       |       0 |       0 |        0.00 |               |
| hlo_mux_consolidation       |       0 |       0 |        0.01 |               |
| hlo_mux_cascade_opt         |       0 |       0 |        0.00 |               |
| hlo_reduce_operator_chain   |       0 |       0 |        0.00 |               |
| hlo_identity_transform      |       0 |       0 |        0.01 |               |
| hlo_restructure             |       0 |       0 |        0.02 |               |
| hlo_reconv_opt              |       0 |       0 |        0.00 |               |
| hlo_inequality_transform    |       0 |       0 |        0.18 |               |
| hlo_constant_mux_opt        |       0 |       0 |        0.00 |               |
| hlo_mux_consolidation       |       0 |       0 |        0.01 |               |
| hlo_mux_cascade_opt         |       0 |       0 |        0.00 |               |
| hlo_chop_mux                |       0 |       0 |        0.00 |               |
| hlo_mux_decode              |       0 |       0 |        0.00 |               |
| hlo_decode_mux_sandwich     |       0 |       0 |        0.00 |               |
| hlo_infer_macro             |       0 |      63 |        0.16 |               |
| hlo_recase_casebox          |       0 |       0 |        0.20 |               |
| hlo_cleanup                 |       0 |       0 |        0.00 | pbs_genopt_40 | 
| hlo_clip                    |       0 |       0 |        0.00 |               |
| hlo_clip_mux_input          |      93 |       0 |        0.08 |               |
| hlo_redundancy_removal_word |     142 |      57 |        7.18 |               |
| hlo_datapath_recast         |       0 |       0 |        0.00 |               |
| hlo_optimize_datapath       |       0 |       0 |        0.00 |               |
| hlo_mux_consolidation       |       0 |       0 |        0.01 |               |
| hlo_mux_cascade_opt         |       0 |       0 |        0.00 |               |
| hlo_reduce_operator_chain   |       0 |       0 |        0.00 |               |
| hlo_identity_transform      |       0 |       0 |        0.01 |               |
| hlo_restructure             |       0 |       0 |        0.01 |               |
| hlo_reconv_opt              |       0 |       0 |        0.00 |               |
| hlo_inequality_transform    |       0 |       0 |        0.17 |               |
| hlo_constant_mux_opt        |       0 |       0 |        0.00 |               |
| hlo_mux_consolidation       |       0 |       0 |        0.01 |               |
| hlo_mux_cascade_opt         |       0 |       0 |        0.00 |               |
| hlo_chop_mux                |       0 |       0 |        0.00 |               |
| hlo_mux_decode              |       0 |       0 |        0.00 |               |
| hlo_decode_mux_sandwich     |       0 |       0 |        0.00 |               |
| hlo_infer_macro             |       0 |      63 |        0.15 |               |
| hlo_recase_casebox          |       0 |       0 |        0.19 |               |
| hlo_cleanup                 |       0 |       0 |        0.00 | pbs_genopt_4  | 
| hlo_clip                    |       0 |       0 |        0.00 |               |
| hlo_clip_mux_input          |       0 |       0 |        0.00 |               |
| hlo_redundancy_removal_word |      34 |       0 |       11.64 |               |
| hlo_datapath_recast         |       0 |       0 |        0.00 |               |
| hlo_optimize_datapath       |       0 |       0 |        0.00 |               |
| hlo_mux_consolidation       |       0 |       0 |        0.01 |               |
| hlo_mux_cascade_opt         |       0 |       0 |        0.00 |               |
| hlo_reduce_operator_chain   |       0 |       0 |        0.00 |               |
| hlo_identity_transform      |       0 |       0 |        0.02 |               |
| hlo_restructure             |       0 |       0 |        0.02 |               |
| hlo_reconv_opt              |       0 |       0 |        0.00 |               |
| hlo_inequality_transform    |       0 |       0 |        0.18 |               |
| hlo_constant_mux_opt        |       0 |       0 |        0.00 |               |
| hlo_mux_consolidation       |       0 |       0 |        0.01 |               |
| hlo_mux_cascade_opt         |       0 |       0 |        0.00 |               |
| hlo_chop_mux                |       0 |       0 |        0.00 |               |
| hlo_mux_decode              |       0 |       0 |        0.00 |               |
| hlo_decode_mux_sandwich     |       0 |       0 |        0.00 |               |
| hlo_infer_macro             |       0 |       0 |        0.17 |               |
| hlo_recase_casebox          |       0 |       0 |        0.20 |               |
| hlo_cleanup                 |       0 |       0 |        0.00 | pbs_genopt_39 | 
| hlo_clip                    |       0 |       0 |        0.00 |               |
| hlo_clip_mux_input          |      93 |       0 |        0.07 |               |
| hlo_redundancy_removal_word |     143 |      57 |        8.97 |               |
| hlo_datapath_recast         |       0 |       0 |        0.00 |               |
| hlo_optimize_datapath       |       0 |       0 |        0.00 |               |
| hlo_mux_consolidation       |       0 |       0 |        0.01 |               |
| hlo_mux_cascade_opt         |       0 |       0 |        0.00 |               |
| hlo_reduce_operator_chain   |       0 |       0 |        0.00 |               |
| hlo_identity_transform      |       0 |       0 |        0.01 |               |
| hlo_restructure             |       0 |       0 |        0.01 |               |
| hlo_reconv_opt              |       0 |       0 |        0.00 |               |
| hlo_inequality_transform    |       0 |       0 |        0.16 |               |
| hlo_constant_mux_opt        |       0 |       0 |        0.00 |               |
| hlo_mux_consolidation       |       0 |       0 |        0.01 |               |
| hlo_mux_cascade_opt         |       0 |       0 |        0.00 |               |
| hlo_chop_mux                |       0 |       0 |        0.00 |               |
| hlo_mux_decode              |       0 |       0 |        0.00 |               |
| hlo_decode_mux_sandwich     |       0 |       0 |        0.00 |               |
| hlo_infer_macro             |       0 |      63 |        0.15 |               |
| hlo_recase_casebox          |       0 |       0 |        0.18 |               |
| hlo_cleanup                 |       0 |       0 |        0.00 | pbs_genopt_38 | 
| hlo_clip                    |       0 |       0 |        0.00 |               |
| hlo_clip_mux_input          |      62 |       0 |        0.05 |               |
| hlo_redundancy_removal_word |      98 |      38 |        5.51 |               |
| hlo_datapath_recast         |       0 |       0 |        0.00 |               |
| hlo_optimize_datapath       |       0 |       0 |        0.00 |               |
| hlo_mux_consolidation       |       0 |       0 |        0.00 |               |
| hlo_mux_cascade_opt         |       0 |       0 |        0.00 |               |
| hlo_reduce_operator_chain   |       0 |       0 |        0.00 |               |
| hlo_identity_transform      |       0 |       0 |        0.01 |               |
| hlo_restructure             |       0 |       0 |        0.01 |               |
| hlo_reconv_opt              |       0 |       0 |        0.00 |               |
| hlo_inequality_transform    |       0 |       0 |        0.10 |               |
| hlo_constant_mux_opt        |       0 |       0 |        0.00 |               |
| hlo_mux_consolidation       |       0 |       0 |        0.00 |               |
| hlo_mux_cascade_opt         |       0 |       0 |        0.00 |               |
| hlo_chop_mux                |       0 |       0 |        0.00 |               |
| hlo_mux_decode              |       0 |       0 |        0.00 |               |
| hlo_decode_mux_sandwich     |       0 |       0 |        0.00 |               |
| hlo_infer_macro             |       0 |      42 |        0.10 |               |
| hlo_recase_casebox          |       0 |       0 |        0.12 |               |
| hlo_cleanup                 |       0 |       0 |        0.01 | pbs_genopt_37 | 
| hlo_clip                    |       0 |       0 |        0.01 |               |
| hlo_clip_mux_input          |      93 |       0 |        0.10 |               |
| hlo_redundancy_removal_word |     145 |      57 |        8.44 |               |
| hlo_datapath_recast         |       0 |       0 |        0.00 |               |
| hlo_optimize_datapath       |       0 |       0 |        0.00 |               |
| hlo_mux_consolidation       |       0 |       0 |        0.01 |               |
| hlo_mux_cascade_opt         |       0 |       0 |        0.00 |               |
| hlo_reduce_operator_chain   |       0 |       0 |        0.00 |               |
| hlo_identity_transform      |       0 |       0 |        0.01 |               |
| hlo_restructure             |       0 |       0 |        0.01 |               |
| hlo_reconv_opt              |       0 |       0 |        0.00 |               |
| hlo_inequality_transform    |       0 |       0 |        0.17 |               |
| hlo_constant_mux_opt        |       0 |       0 |        0.00 |               |
| hlo_mux_consolidation       |       0 |       0 |        0.01 |               |
| hlo_mux_cascade_opt         |       0 |       0 |        0.00 |               |
| hlo_chop_mux                |       0 |       0 |        0.00 |               |
| hlo_mux_decode              |       0 |       0 |        0.00 |               |
| hlo_decode_mux_sandwich     |       0 |       0 |        0.00 |               |
| hlo_infer_macro             |       0 |      63 |        0.17 |               |
| hlo_recase_casebox          |       0 |       0 |        0.20 |               |
| hlo_cleanup                 |       0 |       0 |        0.00 | pbs_genopt_36 | 
| hlo_clip                    |       0 |       0 |        0.00 |               |
| hlo_clip_mux_input          |      93 |       0 |        0.07 |               |
| hlo_redundancy_removal_word |     142 |      57 |        7.32 |               |
| hlo_datapath_recast         |       0 |       0 |        0.00 |               |
| hlo_optimize_datapath       |       0 |       0 |        0.00 |               |
| hlo_mux_consolidation       |       0 |       0 |        0.01 |               |
| hlo_mux_cascade_opt         |       0 |       0 |        0.00 |               |
| hlo_reduce_operator_chain   |       0 |       0 |        0.00 |               |
| hlo_identity_transform      |       0 |       0 |        0.02 |               |
| hlo_restructure             |       0 |       0 |        0.02 |               |
| hlo_reconv_opt              |       0 |       0 |        0.00 |               |
| hlo_inequality_transform    |       0 |       0 |        0.21 |               |
| hlo_constant_mux_opt        |       0 |       0 |        0.01 |               |
| hlo_mux_consolidation       |       0 |       0 |        0.01 |               |
| hlo_mux_cascade_opt         |       0 |       0 |        0.01 |               |
| hlo_chop_mux                |       0 |       0 |        0.00 |               |
| hlo_mux_decode              |       0 |       0 |        0.00 |               |
| hlo_decode_mux_sandwich     |       0 |       0 |        0.00 |               |
| hlo_infer_macro             |       0 |      63 |        0.17 |               |
| hlo_recase_casebox          |       0 |       0 |        0.17 |               |
| hlo_cleanup                 |       0 |       0 |        0.00 | pbs_genopt_35 | 
| hlo_clip                    |       0 |       0 |        0.00 |               |
| hlo_clip_mux_input          |      62 |       0 |        0.05 |               |
| hlo_redundancy_removal_word |      97 |      38 |        6.17 |               |
| hlo_datapath_recast         |       0 |       0 |        0.00 |               |
| hlo_optimize_datapath       |       0 |       0 |        0.00 |               |
| hlo_mux_consolidation       |       0 |       0 |        0.00 |               |
| hlo_mux_cascade_opt         |       0 |       0 |        0.00 |               |
| hlo_reduce_operator_chain   |       0 |       0 |        0.00 |               |
| hlo_identity_transform      |       0 |       0 |        0.01 |               |
| hlo_restructure             |       0 |       0 |        0.01 |               |
| hlo_reconv_opt              |       0 |       0 |        0.00 |               |
| hlo_inequality_transform    |       0 |       0 |        0.11 |               |
| hlo_constant_mux_opt        |       0 |       0 |        0.00 |               |
| hlo_mux_consolidation       |       0 |       0 |        0.00 |               |
| hlo_mux_cascade_opt         |       0 |       0 |        0.00 |               |
| hlo_chop_mux                |       0 |       0 |        0.00 |               |
| hlo_mux_decode              |       0 |       0 |        0.00 |               |
| hlo_decode_mux_sandwich     |       0 |       0 |        0.00 |               |
| hlo_infer_macro             |       0 |      42 |        0.12 |               |
| hlo_recase_casebox          |       0 |       0 |        0.12 |               |
| hlo_cleanup                 |       0 |       0 |        0.00 | pbs_genopt_34 | 
| hlo_clip                    |       0 |       0 |        0.00 |               |
| hlo_clip_mux_input          |      93 |       0 |        0.08 |               |
| hlo_redundancy_removal_word |     142 |      57 |        7.14 |               |
| hlo_datapath_recast         |       0 |       0 |        0.00 |               |
| hlo_optimize_datapath       |       0 |       0 |        0.00 |               |
| hlo_mux_consolidation       |       0 |       0 |        0.00 |               |
| hlo_mux_cascade_opt         |       0 |       0 |        0.00 |               |
| hlo_reduce_operator_chain   |       0 |       0 |        0.00 |               |
| hlo_identity_transform      |       0 |       0 |        0.01 |               |
| hlo_restructure             |       0 |       0 |        0.01 |               |
| hlo_reconv_opt              |       0 |       0 |        0.00 |               |
| hlo_inequality_transform    |       0 |       0 |        0.14 |               |
| hlo_constant_mux_opt        |       0 |       0 |        0.00 |               |
| hlo_mux_consolidation       |       0 |       0 |        0.00 |               |
| hlo_mux_cascade_opt         |       0 |       0 |        0.00 |               |
| hlo_chop_mux                |       0 |       0 |        0.00 |               |
| hlo_mux_decode              |       0 |       0 |        0.00 |               |
| hlo_decode_mux_sandwich     |       0 |       0 |        0.00 |               |
| hlo_infer_macro             |       0 |      63 |        0.13 |               |
| hlo_recase_casebox          |       0 |       0 |        0.16 |               |
| hlo_cleanup                 |       0 |       0 |        0.00 | pbs_genopt_33 | 
| hlo_clip                    |       0 |       0 |        0.00 |               |
| hlo_clip_mux_input          |      62 |       0 |        0.05 |               |
| hlo_redundancy_removal_word |      97 |      38 |        5.26 |               |
| hlo_datapath_recast         |       0 |       0 |        0.00 |               |
| hlo_optimize_datapath       |       0 |       0 |        0.00 |               |
| hlo_mux_consolidation       |       0 |       0 |        0.00 |               |
| hlo_mux_cascade_opt         |       0 |       0 |        0.00 |               |
| hlo_reduce_operator_chain   |       0 |       0 |        0.00 |               |
| hlo_identity_transform      |       0 |       0 |        0.01 |               |
| hlo_restructure             |       0 |       0 |        0.01 |               |
| hlo_reconv_opt              |       0 |       0 |        0.00 |               |
| hlo_inequality_transform    |       0 |       0 |        0.09 |               |
| hlo_constant_mux_opt        |       0 |       0 |        0.00 |               |
| hlo_mux_consolidation       |       0 |       0 |        0.00 |               |
| hlo_mux_cascade_opt         |       0 |       0 |        0.00 |               |
| hlo_chop_mux                |       0 |       0 |        0.00 |               |
| hlo_mux_decode              |       0 |       0 |        0.00 |               |
| hlo_decode_mux_sandwich     |       0 |       0 |        0.00 |               |
| hlo_infer_macro             |       0 |      42 |        0.09 |               |
| hlo_recase_casebox          |       0 |       0 |        0.11 |               |
| hlo_cleanup                 |       0 |       0 |        0.00 | pbs_genopt_32 | 
| hlo_clip                    |       0 |       0 |        0.00 |               |
| hlo_clip_mux_input          |      93 |       0 |        0.07 |               |
| hlo_redundancy_removal_word |     142 |      57 |        6.92 |               |
| hlo_datapath_recast         |       0 |       0 |        0.00 |               |
| hlo_optimize_datapath       |       0 |       0 |        0.00 |               |
| hlo_mux_consolidation       |       0 |       0 |        0.00 |               |
| hlo_mux_cascade_opt         |       0 |       0 |        0.00 |               |
| hlo_reduce_operator_chain   |       0 |       0 |        0.00 |               |
| hlo_identity_transform      |       0 |       0 |        0.01 |               |
| hlo_restructure             |       0 |       0 |        0.01 |               |
| hlo_reconv_opt              |       0 |       0 |        0.00 |               |
| hlo_inequality_transform    |       0 |       0 |        0.16 |               |
| hlo_constant_mux_opt        |       0 |       0 |        0.00 |               |
| hlo_mux_consolidation       |       0 |       0 |        0.01 |               |
| hlo_mux_cascade_opt         |       0 |       0 |        0.00 |               |
| hlo_chop_mux                |       0 |       0 |        0.00 |               |
| hlo_mux_decode              |       0 |       0 |        0.00 |               |
| hlo_decode_mux_sandwich     |       0 |       0 |        0.00 |               |
| hlo_infer_macro             |       0 |      63 |        0.15 |               |
| hlo_recase_casebox          |       0 |       0 |        0.17 |               |
| hlo_cleanup                 |       0 |       0 |        0.00 | pbs_genopt_31 | 
| hlo_clip                    |       0 |       0 |        0.00 |               |
| hlo_clip_mux_input          |      93 |       0 |        0.07 |               |
| hlo_redundancy_removal_word |     143 |      57 |        7.43 |               |
| hlo_datapath_recast         |       0 |       0 |        0.00 |               |
| hlo_optimize_datapath       |       0 |       0 |        0.00 |               |
| hlo_mux_consolidation       |       0 |       0 |        0.00 |               |
| hlo_mux_cascade_opt         |       0 |       0 |        0.00 |               |
| hlo_reduce_operator_chain   |       0 |       0 |        0.00 |               |
| hlo_identity_transform      |       0 |       0 |        0.01 |               |
| hlo_restructure             |       0 |       0 |        0.01 |               |
| hlo_reconv_opt              |       0 |       0 |        0.00 |               |
| hlo_inequality_transform    |       0 |       0 |        0.15 |               |
| hlo_constant_mux_opt        |       0 |       0 |        0.00 |               |
| hlo_mux_consolidation       |       0 |       0 |        0.01 |               |
| hlo_mux_cascade_opt         |       0 |       0 |        0.00 |               |
| hlo_chop_mux                |       0 |       0 |        0.00 |               |
| hlo_mux_decode              |       0 |       0 |        0.00 |               |
| hlo_decode_mux_sandwich     |       0 |       0 |        0.00 |               |
| hlo_infer_macro             |       0 |      63 |        0.16 |               |
| hlo_recase_casebox          |       0 |       0 |        0.17 |               |
| hlo_cleanup                 |       0 |       0 |        0.00 | pbs_genopt_30 | 
| hlo_clip                    |       0 |       0 |        0.00 |               |
| hlo_clip_mux_input          |       0 |       0 |        0.00 |               |
| hlo_redundancy_removal_word |      36 |       0 |       11.96 |               |
| hlo_datapath_recast         |       0 |       0 |        0.00 |               |
| hlo_optimize_datapath       |       0 |       0 |        0.00 |               |
| hlo_mux_consolidation       |       0 |       0 |        0.01 |               |
| hlo_mux_cascade_opt         |       0 |       0 |        0.00 |               |
| hlo_reduce_operator_chain   |       0 |       0 |        0.00 |               |
| hlo_identity_transform      |       0 |       0 |        0.01 |               |
| hlo_restructure             |       0 |       0 |        0.02 |               |
| hlo_reconv_opt              |       0 |       0 |        0.00 |               |
| hlo_inequality_transform    |       0 |       0 |        0.15 |               |
| hlo_constant_mux_opt        |       0 |       0 |        0.00 |               |
| hlo_mux_consolidation       |       0 |       0 |        0.01 |               |
| hlo_mux_cascade_opt         |       0 |       0 |        0.00 |               |
| hlo_chop_mux                |       0 |       0 |        0.00 |               |
| hlo_mux_decode              |       0 |       0 |        0.00 |               |
| hlo_decode_mux_sandwich     |       0 |       0 |        0.00 |               |
| hlo_infer_macro             |       0 |       0 |        0.14 |               |
| hlo_recase_casebox          |       0 |       0 |        0.16 |               |
| hlo_cleanup                 |       0 |       0 |        0.00 | pbs_genopt_3  | 
| hlo_clip                    |       0 |       0 |        0.00 |               |
| hlo_clip_mux_input          |       0 |       0 |        0.00 |               |
| hlo_redundancy_removal_word |      29 |       0 |       10.03 |               |
| hlo_datapath_recast         |       0 |       0 |        0.00 |               |
| hlo_optimize_datapath       |       0 |       0 |        0.00 |               |
| hlo_mux_consolidation       |       0 |       0 |        0.00 |               |
| hlo_mux_cascade_opt         |       0 |       0 |        0.00 |               |
| hlo_reduce_operator_chain   |       0 |       0 |        0.00 |               |
| hlo_identity_transform      |       0 |       0 |        0.01 |               |
| hlo_restructure             |       0 |       0 |        0.01 |               |
| hlo_reconv_opt              |       0 |       0 |        0.00 |               |
| hlo_inequality_transform    |       0 |       0 |        0.12 |               |
| hlo_constant_mux_opt        |       0 |       0 |        0.00 |               |
| hlo_mux_consolidation       |       0 |       0 |        0.00 |               |
| hlo_mux_cascade_opt         |       0 |       0 |        0.00 |               |
| hlo_chop_mux                |       0 |       0 |        0.00 |               |
| hlo_mux_decode              |       0 |       0 |        0.00 |               |
| hlo_decode_mux_sandwich     |       0 |       0 |        0.00 |               |
| hlo_infer_macro             |       0 |       0 |        0.11 |               |
| hlo_recase_casebox          |       0 |       0 |        0.13 |               |
| hlo_cleanup                 |       0 |       0 |        0.00 | pbs_genopt_29 | 
| hlo_clip                    |       0 |       0 |        0.00 |               |
| hlo_clip_mux_input          |       0 |       0 |        0.00 |               |
| hlo_redundancy_removal_word |      37 |       0 |       12.38 |               |
| hlo_datapath_recast         |       0 |       0 |        0.00 |               |
| hlo_optimize_datapath       |       0 |       0 |        0.00 |               |
| hlo_mux_consolidation       |       0 |       0 |        0.01 |               |
| hlo_mux_cascade_opt         |       0 |       0 |        0.00 |               |
| hlo_reduce_operator_chain   |       0 |       0 |        0.00 |               |
| hlo_identity_transform      |       0 |       0 |        0.01 |               |
| hlo_restructure             |       0 |       0 |        0.02 |               |
| hlo_reconv_opt              |       0 |       0 |        0.00 |               |
| hlo_inequality_transform    |       0 |       0 |        0.15 |               |
| hlo_constant_mux_opt        |       0 |       0 |        0.00 |               |
| hlo_mux_consolidation       |       0 |       0 |        0.01 |               |
| hlo_mux_cascade_opt         |       0 |       0 |        0.00 |               |
| hlo_chop_mux                |       0 |       0 |        0.00 |               |
| hlo_mux_decode              |       0 |       0 |        0.00 |               |
| hlo_decode_mux_sandwich     |       0 |       0 |        0.00 |               |
| hlo_infer_macro             |       0 |       0 |        0.14 |               |
| hlo_recase_casebox          |       0 |       0 |        0.17 |               |
| hlo_cleanup                 |       0 |       0 |        0.00 | pbs_genopt_28 | 
| hlo_clip                    |       0 |       0 |        0.00 |               |
| hlo_clip_mux_input          |       0 |       0 |        0.00 |               |
| hlo_redundancy_removal_word |      37 |       0 |       14.19 |               |
| hlo_datapath_recast         |       0 |       0 |        0.00 |               |
| hlo_optimize_datapath       |       0 |       0 |        0.00 |               |
| hlo_mux_consolidation       |       0 |       0 |        0.01 |               |
| hlo_mux_cascade_opt         |       0 |       0 |        0.00 |               |
| hlo_reduce_operator_chain   |       0 |       0 |        0.00 |               |
| hlo_identity_transform      |       0 |       0 |        0.01 |               |
| hlo_restructure             |       0 |       0 |        0.02 |               |
| hlo_reconv_opt              |       0 |       0 |        0.00 |               |
| hlo_inequality_transform    |       0 |       0 |        0.17 |               |
| hlo_constant_mux_opt        |       0 |       0 |        0.00 |               |
| hlo_mux_consolidation       |       0 |       0 |        0.01 |               |
| hlo_mux_cascade_opt         |       0 |       0 |        0.00 |               |
| hlo_chop_mux                |       0 |       0 |        0.00 |               |
| hlo_mux_decode              |       0 |       0 |        0.00 |               |
| hlo_decode_mux_sandwich     |       0 |       0 |        0.00 |               |
| hlo_infer_macro             |       0 |       0 |        0.16 |               |
| hlo_recase_casebox          |       0 |       0 |        0.18 |               |
| hlo_cleanup                 |       0 |       0 |        0.00 | pbs_genopt_27 | 
| hlo_clip                    |       0 |       0 |        0.00 |               |
| hlo_clip_mux_input          |       0 |       0 |        0.00 |               |
| hlo_redundancy_removal_word |      34 |       0 |       11.69 |               |
| hlo_datapath_recast         |       0 |       0 |        0.00 |               |
| hlo_optimize_datapath       |       0 |       0 |        0.00 |               |
| hlo_mux_consolidation       |       0 |       0 |        0.01 |               |
| hlo_mux_cascade_opt         |       0 |       0 |        0.00 |               |
| hlo_reduce_operator_chain   |       0 |       0 |        0.00 |               |
| hlo_identity_transform      |       0 |       0 |        0.01 |               |
| hlo_restructure             |       0 |       0 |        0.02 |               |
| hlo_reconv_opt              |       0 |       0 |        0.00 |               |
| hlo_inequality_transform    |       0 |       0 |        0.15 |               |
| hlo_constant_mux_opt        |       0 |       0 |        0.00 |               |
| hlo_mux_consolidation       |       0 |       0 |        0.01 |               |
| hlo_mux_cascade_opt         |       0 |       0 |        0.00 |               |
| hlo_chop_mux                |       0 |       0 |        0.00 |               |
| hlo_mux_decode              |       0 |       0 |        0.00 |               |
| hlo_decode_mux_sandwich     |       0 |       0 |        0.00 |               |
| hlo_infer_macro             |       0 |       0 |        0.13 |               |
| hlo_recase_casebox          |       0 |       0 |        0.16 |               |
| hlo_cleanup                 |       0 |       0 |        0.00 | pbs_genopt_26 | 
| hlo_clip                    |       0 |       0 |        0.00 |               |
| hlo_clip_mux_input          |       0 |       0 |        0.00 |               |
| hlo_redundancy_removal_word |      36 |       0 |       12.01 |               |
| hlo_datapath_recast         |       0 |       0 |        0.00 |               |
| hlo_optimize_datapath       |       0 |       0 |        0.00 |               |
| hlo_mux_consolidation       |       0 |       0 |        0.01 |               |
| hlo_mux_cascade_opt         |       0 |       0 |        0.00 |               |
| hlo_reduce_operator_chain   |       0 |       0 |        0.00 |               |
| hlo_identity_transform      |       0 |       0 |        0.01 |               |
| hlo_restructure             |       0 |       0 |        0.02 |               |
| hlo_reconv_opt              |       0 |       0 |        0.00 |               |
| hlo_inequality_transform    |       0 |       0 |        0.16 |               |
| hlo_constant_mux_opt        |       0 |       0 |        0.00 |               |
| hlo_mux_consolidation       |       0 |       0 |        0.01 |               |
| hlo_mux_cascade_opt         |       0 |       0 |        0.00 |               |
| hlo_chop_mux                |       0 |       0 |        0.00 |               |
| hlo_mux_decode              |       0 |       0 |        0.00 |               |
| hlo_decode_mux_sandwich     |       0 |       0 |        0.00 |               |
| hlo_infer_macro             |       0 |       0 |        0.15 |               |
| hlo_recase_casebox          |       0 |       0 |        0.16 |               |
| hlo_cleanup                 |       0 |       0 |        0.00 | pbs_genopt_25 | 
| hlo_clip                    |       0 |       0 |        0.00 |               |
| hlo_clip_mux_input          |       0 |       0 |        0.00 |               |
| hlo_redundancy_removal_word |      37 |       0 |       13.60 |               |
| hlo_datapath_recast         |       0 |       0 |        0.00 |               |
| hlo_optimize_datapath       |       0 |       0 |        0.00 |               |
| hlo_mux_consolidation       |       0 |       0 |        0.00 |               |
| hlo_mux_cascade_opt         |       0 |       0 |        0.00 |               |
| hlo_reduce_operator_chain   |       0 |       0 |        0.00 |               |
| hlo_identity_transform      |       0 |       0 |        0.01 |               |
| hlo_restructure             |       0 |       0 |        0.02 |               |
| hlo_reconv_opt              |       0 |       0 |        0.00 |               |
| hlo_inequality_transform    |       0 |       0 |        0.18 |               |
| hlo_constant_mux_opt        |       0 |       0 |        0.01 |               |
| hlo_mux_consolidation       |       0 |       0 |        0.01 |               |
| hlo_mux_cascade_opt         |       0 |       0 |        0.01 |               |
| hlo_chop_mux                |       0 |       0 |        0.00 |               |
| hlo_mux_decode              |       0 |       0 |        0.00 |               |
| hlo_decode_mux_sandwich     |       0 |       0 |        0.00 |               |
| hlo_infer_macro             |       0 |       0 |        0.18 |               |
| hlo_recase_casebox          |       0 |       0 |        0.23 |               |
| hlo_cleanup                 |       0 |       0 |        0.00 | pbs_genopt_24 | 
| hlo_clip                    |       0 |       0 |        0.00 |               |
| hlo_clip_mux_input          |       0 |       0 |        0.00 |               |
| hlo_redundancy_removal_word |      29 |       0 |       11.12 |               |
| hlo_datapath_recast         |       0 |       0 |        0.00 |               |
| hlo_optimize_datapath       |       0 |       0 |        0.00 |               |
| hlo_mux_consolidation       |       0 |       0 |        0.00 |               |
| hlo_mux_cascade_opt         |       0 |       0 |        0.00 |               |
| hlo_reduce_operator_chain   |       0 |       0 |        0.00 |               |
| hlo_identity_transform      |       0 |       0 |        0.01 |               |
| hlo_restructure             |       0 |       0 |        0.01 |               |
| hlo_reconv_opt              |       0 |       0 |        0.00 |               |
| hlo_inequality_transform    |       0 |       0 |        0.12 |               |
| hlo_constant_mux_opt        |       0 |       0 |        0.00 |               |
| hlo_mux_consolidation       |       0 |       0 |        0.00 |               |
| hlo_mux_cascade_opt         |       0 |       0 |        0.00 |               |
| hlo_chop_mux                |       0 |       0 |        0.00 |               |
| hlo_mux_decode              |       0 |       0 |        0.00 |               |
| hlo_decode_mux_sandwich     |       0 |       0 |        0.00 |               |
| hlo_infer_macro             |       0 |       0 |        0.11 |               |
| hlo_recase_casebox          |       0 |       0 |        0.13 |               |
| hlo_cleanup                 |       0 |       0 |        0.00 | pbs_genopt_23 | 
| hlo_clip                    |       0 |       0 |        0.00 |               |
| hlo_clip_mux_input          |       0 |       0 |        0.00 |               |
| hlo_redundancy_removal_word |      37 |       0 |       12.78 |               |
| hlo_datapath_recast         |       0 |       0 |        0.00 |               |
| hlo_optimize_datapath       |       0 |       0 |        0.00 |               |
| hlo_mux_consolidation       |       0 |       0 |        0.01 |               |
| hlo_mux_cascade_opt         |       0 |       0 |        0.00 |               |
| hlo_reduce_operator_chain   |       0 |       0 |        0.00 |               |
| hlo_identity_transform      |       0 |       0 |        0.01 |               |
| hlo_restructure             |       0 |       0 |        0.02 |               |
| hlo_reconv_opt              |       0 |       0 |        0.00 |               |
| hlo_inequality_transform    |       0 |       0 |        0.18 |               |
| hlo_constant_mux_opt        |       0 |       0 |        0.00 |               |
| hlo_mux_consolidation       |       0 |       0 |        0.01 |               |
| hlo_mux_cascade_opt         |       0 |       0 |        0.00 |               |
| hlo_chop_mux                |       0 |       0 |        0.00 |               |
| hlo_mux_decode              |       0 |       0 |        0.00 |               |
| hlo_decode_mux_sandwich     |       0 |       0 |        0.00 |               |
| hlo_infer_macro             |       0 |       0 |        0.16 |               |
| hlo_recase_casebox          |       0 |       0 |        0.18 |               |
| hlo_cleanup                 |       0 |       0 |        0.00 | pbs_genopt_22 | 
| hlo_clip                    |       0 |       0 |        0.00 |               |
| hlo_clip_mux_input          |       0 |       0 |        0.00 |               |
| hlo_redundancy_removal_word |      37 |       0 |       13.95 |               |
| hlo_datapath_recast         |       0 |       0 |        0.00 |               |
| hlo_optimize_datapath       |       0 |       0 |        0.00 |               |
| hlo_mux_consolidation       |       0 |       0 |        0.01 |               |
| hlo_mux_cascade_opt         |       0 |       0 |        0.00 |               |
| hlo_reduce_operator_chain   |       0 |       0 |        0.00 |               |
| hlo_identity_transform      |       0 |       0 |        0.01 |               |
| hlo_restructure             |       0 |       0 |        0.02 |               |
| hlo_reconv_opt              |       0 |       0 |        0.00 |               |
| hlo_inequality_transform    |       0 |       0 |        0.15 |               |
| hlo_constant_mux_opt        |       0 |       0 |        0.00 |               |
| hlo_mux_consolidation       |       0 |       0 |        0.01 |               |
| hlo_mux_cascade_opt         |       0 |       0 |        0.00 |               |
| hlo_chop_mux                |       0 |       0 |        0.00 |               |
| hlo_mux_decode              |       0 |       0 |        0.00 |               |
| hlo_decode_mux_sandwich     |       0 |       0 |        0.00 |               |
| hlo_infer_macro             |       0 |       0 |        0.14 |               |
| hlo_recase_casebox          |       0 |       0 |        0.15 |               |
| hlo_cleanup                 |       0 |       0 |        0.00 | pbs_genopt_21 | 
| hlo_clip                    |       0 |       0 |        0.00 |               |
| hlo_clip_mux_input          |       0 |       0 |        0.00 |               |
| hlo_redundancy_removal_word |      37 |       0 |       12.38 |               |
| hlo_datapath_recast         |       0 |       0 |        0.00 |               |
| hlo_optimize_datapath       |       0 |       0 |        0.00 |               |
| hlo_mux_consolidation       |       0 |       0 |        0.01 |               |
| hlo_mux_cascade_opt         |       0 |       0 |        0.00 |               |
| hlo_reduce_operator_chain   |       0 |       0 |        0.00 |               |
| hlo_identity_transform      |       0 |       0 |        0.01 |               |
| hlo_restructure             |       0 |       0 |        0.02 |               |
| hlo_reconv_opt              |       0 |       0 |        0.00 |               |
| hlo_inequality_transform    |       0 |       0 |        0.16 |               |
| hlo_constant_mux_opt        |       0 |       0 |        0.00 |               |
| hlo_mux_consolidation       |       0 |       0 |        0.01 |               |
| hlo_mux_cascade_opt         |       0 |       0 |        0.00 |               |
| hlo_chop_mux                |       0 |       0 |        0.00 |               |
| hlo_mux_decode              |       0 |       0 |        0.00 |               |
| hlo_decode_mux_sandwich     |       0 |       0 |        0.00 |               |
| hlo_infer_macro             |       0 |       0 |        0.14 |               |
| hlo_recase_casebox          |       0 |       0 |        0.17 |               |
| hlo_cleanup                 |       0 |       0 |        0.00 | pbs_genopt_20 | 
| hlo_clip                    |       0 |       0 |        0.00 |               |
| hlo_clip_mux_input          |       0 |       0 |        0.00 |               |
| hlo_redundancy_removal_word |      37 |       0 |       12.60 |               |
| hlo_datapath_recast         |       0 |       0 |        0.00 |               |
| hlo_optimize_datapath       |       0 |       0 |        0.00 |               |
| hlo_mux_consolidation       |       0 |       0 |        0.01 |               |
| hlo_mux_cascade_opt         |       0 |       0 |        0.00 |               |
| hlo_reduce_operator_chain   |       0 |       0 |        0.00 |               |
| hlo_identity_transform      |       0 |       0 |        0.01 |               |
| hlo_restructure             |       0 |       0 |        0.02 |               |
| hlo_reconv_opt              |       0 |       0 |        0.00 |               |
| hlo_inequality_transform    |       0 |       0 |        0.15 |               |
| hlo_constant_mux_opt        |       0 |       0 |        0.00 |               |
| hlo_mux_consolidation       |       0 |       0 |        0.01 |               |
| hlo_mux_cascade_opt         |       0 |       0 |        0.00 |               |
| hlo_chop_mux                |       0 |       0 |        0.00 |               |
| hlo_mux_decode              |       0 |       0 |        0.00 |               |
| hlo_decode_mux_sandwich     |       0 |       0 |        0.00 |               |
| hlo_infer_macro             |       0 |       0 |        0.14 |               |
| hlo_recase_casebox          |       0 |       0 |        0.16 |               |
| hlo_cleanup                 |       0 |       0 |        0.00 | pbs_genopt_2  | 
| hlo_clip                    |       0 |       0 |        0.00 |               |
| hlo_clip_mux_input          |       0 |       0 |        0.00 |               |
| hlo_redundancy_removal_word |      30 |       0 |       13.24 |               |
| hlo_datapath_recast         |       0 |       0 |        0.00 |               |
| hlo_optimize_datapath       |       0 |       0 |        0.00 |               |
| hlo_mux_consolidation       |       0 |       0 |        0.01 |               |
| hlo_mux_cascade_opt         |       0 |       0 |        0.00 |               |
| hlo_reduce_operator_chain   |       0 |       0 |        0.00 |               |
| hlo_identity_transform      |       0 |       0 |        0.02 |               |
| hlo_restructure             |       0 |       0 |        0.02 |               |
| hlo_reconv_opt              |       0 |       0 |        0.00 |               |
| hlo_inequality_transform    |       0 |       0 |        0.17 |               |
| hlo_constant_mux_opt        |       0 |       0 |        0.00 |               |
| hlo_mux_consolidation       |       0 |       0 |        0.01 |               |
| hlo_mux_cascade_opt         |       0 |       0 |        0.00 |               |
| hlo_chop_mux                |       0 |       0 |        0.00 |               |
| hlo_mux_decode              |       0 |       0 |        0.00 |               |
| hlo_decode_mux_sandwich     |       0 |       0 |        0.00 |               |
| hlo_infer_macro             |       0 |       0 |        0.17 |               |
| hlo_recase_casebox          |       0 |       0 |        0.14 |               |
| hlo_cleanup                 |       0 |       0 |        0.00 | pbs_genopt_19 | 
| hlo_clip                    |       0 |       0 |        0.00 |               |
| hlo_clip_mux_input          |       0 |       0 |        0.00 |               |
| hlo_redundancy_removal_word |      37 |       0 |       12.96 |               |
| hlo_datapath_recast         |       0 |       0 |        0.00 |               |
| hlo_optimize_datapath       |       0 |       0 |        0.00 |               |
| hlo_mux_consolidation       |       0 |       0 |        0.01 |               |
| hlo_mux_cascade_opt         |       0 |       0 |        0.00 |               |
| hlo_reduce_operator_chain   |       0 |       0 |        0.00 |               |
| hlo_identity_transform      |       0 |       0 |        0.01 |               |
| hlo_restructure             |       0 |       0 |        0.02 |               |
| hlo_reconv_opt              |       0 |       0 |        0.00 |               |
| hlo_inequality_transform    |       0 |       0 |        0.16 |               |
| hlo_constant_mux_opt        |       0 |       0 |        0.00 |               |
| hlo_mux_consolidation       |       0 |       0 |        0.01 |               |
| hlo_mux_cascade_opt         |       0 |       0 |        0.00 |               |
| hlo_chop_mux                |       0 |       0 |        0.00 |               |
| hlo_mux_decode              |       0 |       0 |        0.00 |               |
| hlo_decode_mux_sandwich     |       0 |       0 |        0.00 |               |
| hlo_infer_macro             |       0 |       0 |        0.15 |               |
| hlo_recase_casebox          |       0 |       0 |        0.18 |               |
| hlo_cleanup                 |       0 |       0 |        0.00 | pbs_genopt_18 | 
| hlo_clip                    |       0 |       0 |        0.00 |               |
| hlo_clip_mux_input          |       0 |       0 |        0.00 |               |
| hlo_redundancy_removal_word |      37 |       0 |       12.79 |               |
| hlo_datapath_recast         |       0 |       0 |        0.00 |               |
| hlo_optimize_datapath       |       0 |       0 |        0.00 |               |
| hlo_mux_consolidation       |       0 |       0 |        0.01 |               |
| hlo_mux_cascade_opt         |       0 |       0 |        0.00 |               |
| hlo_reduce_operator_chain   |       0 |       0 |        0.00 |               |
| hlo_identity_transform      |       0 |       0 |        0.01 |               |
| hlo_restructure             |       0 |       0 |        0.02 |               |
| hlo_reconv_opt              |       0 |       0 |        0.00 |               |
| hlo_inequality_transform    |       0 |       0 |        0.16 |               |
| hlo_constant_mux_opt        |       0 |       0 |        0.00 |               |
| hlo_mux_consolidation       |       0 |       0 |        0.01 |               |
| hlo_mux_cascade_opt         |       0 |       0 |        0.00 |               |
| hlo_chop_mux                |       0 |       0 |        0.00 |               |
| hlo_mux_decode              |       0 |       0 |        0.00 |               |
| hlo_decode_mux_sandwich     |       0 |       0 |        0.00 |               |
| hlo_infer_macro             |       0 |       0 |        0.14 |               |
| hlo_recase_casebox          |       0 |       0 |        0.16 |               |
| hlo_cleanup                 |       0 |       0 |        0.00 | pbs_genopt_17 | 
| hlo_clip                    |       0 |       0 |        0.00 |               |
| hlo_clip_mux_input          |       0 |       0 |        0.00 |               |
| hlo_redundancy_removal_word |      37 |       0 |       12.70 |               |
| hlo_datapath_recast         |       0 |       0 |        0.00 |               |
| hlo_optimize_datapath       |       0 |       0 |        0.00 |               |
| hlo_mux_consolidation       |       0 |       0 |        0.01 |               |
| hlo_mux_cascade_opt         |       0 |       0 |        0.00 |               |
| hlo_reduce_operator_chain   |       0 |       0 |        0.00 |               |
| hlo_identity_transform      |       0 |       0 |        0.01 |               |
| hlo_restructure             |       0 |       0 |        0.02 |               |
| hlo_reconv_opt              |       0 |       0 |        0.00 |               |
| hlo_inequality_transform    |       0 |       0 |        0.16 |               |
| hlo_constant_mux_opt        |       0 |       0 |        0.00 |               |
| hlo_mux_consolidation       |       0 |       0 |        0.01 |               |
| hlo_mux_cascade_opt         |       0 |       0 |        0.00 |               |
| hlo_chop_mux                |       0 |       0 |        0.00 |               |
| hlo_mux_decode              |       0 |       0 |        0.00 |               |
| hlo_decode_mux_sandwich     |       0 |       0 |        0.00 |               |
| hlo_infer_macro             |       0 |       0 |        0.15 |               |
| hlo_recase_casebox          |       0 |       0 |        0.16 |               |
| hlo_cleanup                 |       0 |       0 |        0.00 | pbs_genopt_16 | 
| hlo_clip                    |       0 |       0 |        0.00 |               |
| hlo_clip_mux_input          |       0 |       0 |        0.00 |               |
| hlo_redundancy_removal_word |      37 |       0 |       12.81 |               |
| hlo_datapath_recast         |       0 |       0 |        0.00 |               |
| hlo_optimize_datapath       |       0 |       0 |        0.00 |               |
| hlo_mux_consolidation       |       0 |       0 |        0.01 |               |
| hlo_mux_cascade_opt         |       0 |       0 |        0.01 |               |
| hlo_reduce_operator_chain   |       0 |       0 |        0.00 |               |
| hlo_identity_transform      |       0 |       0 |        0.01 |               |
| hlo_restructure             |       0 |       0 |        0.02 |               |
| hlo_reconv_opt              |       0 |       0 |        0.00 |               |
| hlo_inequality_transform    |       0 |       0 |        0.17 |               |
| hlo_constant_mux_opt        |       0 |       0 |        0.00 |               |
| hlo_mux_consolidation       |       0 |       0 |        0.01 |               |
| hlo_mux_cascade_opt         |       0 |       0 |        0.00 |               |
| hlo_chop_mux                |       0 |       0 |        0.00 |               |
| hlo_mux_decode              |       0 |       0 |        0.00 |               |
| hlo_decode_mux_sandwich     |       0 |       0 |        0.00 |               |
| hlo_infer_macro             |       0 |       0 |        0.16 |               |
| hlo_recase_casebox          |       0 |       0 |        0.17 |               |
| hlo_cleanup                 |       0 |       0 |        0.00 | pbs_genopt_15 | 
| hlo_clip                    |       0 |       0 |        0.00 |               |
| hlo_clip_mux_input          |       0 |       0 |        0.00 |               |
| hlo_redundancy_removal_word |      37 |       0 |       12.42 |               |
| hlo_datapath_recast         |       0 |       0 |        0.00 |               |
| hlo_optimize_datapath       |       0 |       0 |        0.00 |               |
| hlo_mux_consolidation       |       0 |       0 |        0.01 |               |
| hlo_mux_cascade_opt         |       0 |       0 |        0.00 |               |
| hlo_reduce_operator_chain   |       0 |       0 |        0.00 |               |
| hlo_identity_transform      |       0 |       0 |        0.01 |               |
| hlo_restructure             |       0 |       0 |        0.02 |               |
| hlo_reconv_opt              |       0 |       0 |        0.00 |               |
| hlo_inequality_transform    |       0 |       0 |        0.15 |               |
| hlo_constant_mux_opt        |       0 |       0 |        0.00 |               |
| hlo_mux_consolidation       |       0 |       0 |        0.01 |               |
| hlo_mux_cascade_opt         |       0 |       0 |        0.00 |               |
| hlo_chop_mux                |       0 |       0 |        0.00 |               |
| hlo_mux_decode              |       0 |       0 |        0.00 |               |
| hlo_decode_mux_sandwich     |       0 |       0 |        0.00 |               |
| hlo_infer_macro             |       0 |       0 |        0.13 |               |
| hlo_recase_casebox          |       0 |       0 |        0.16 |               |
| hlo_cleanup                 |       0 |       0 |        0.00 | pbs_genopt_14 | 
| hlo_clip                    |       0 |       0 |        0.00 |               |
| hlo_clip_mux_input          |       0 |       0 |        0.00 |               |
| hlo_redundancy_removal_word |      36 |       0 |       11.77 |               |
| hlo_datapath_recast         |       0 |       0 |        0.00 |               |
| hlo_optimize_datapath       |       0 |       0 |        0.00 |               |
| hlo_mux_consolidation       |       0 |       0 |        0.01 |               |
| hlo_mux_cascade_opt         |       0 |       0 |        0.00 |               |
| hlo_reduce_operator_chain   |       0 |       0 |        0.00 |               |
| hlo_identity_transform      |       0 |       0 |        0.01 |               |
| hlo_restructure             |       0 |       0 |        0.02 |               |
| hlo_reconv_opt              |       0 |       0 |        0.00 |               |
| hlo_inequality_transform    |       0 |       0 |        0.16 |               |
| hlo_constant_mux_opt        |       0 |       0 |        0.00 |               |
| hlo_mux_consolidation       |       0 |       0 |        0.01 |               |
| hlo_mux_cascade_opt         |       0 |       0 |        0.00 |               |
| hlo_chop_mux                |       0 |       0 |        0.00 |               |
| hlo_mux_decode              |       0 |       0 |        0.00 |               |
| hlo_decode_mux_sandwich     |       0 |       0 |        0.00 |               |
| hlo_infer_macro             |       0 |       0 |        0.14 |               |
| hlo_recase_casebox          |       0 |       0 |        0.16 |               |
| hlo_cleanup                 |       0 |       0 |        0.00 | pbs_genopt_13 | 
| hlo_clip                    |       0 |       0 |        0.00 |               |
| hlo_clip_mux_input          |       0 |       0 |        0.00 |               |
| hlo_redundancy_removal_word |      36 |       0 |       12.11 |               |
| hlo_datapath_recast         |       0 |       0 |        0.00 |               |
| hlo_optimize_datapath       |       0 |       0 |        0.00 |               |
| hlo_mux_consolidation       |       0 |       0 |        0.01 |               |
| hlo_mux_cascade_opt         |       0 |       0 |        0.00 |               |
| hlo_reduce_operator_chain   |       0 |       0 |        0.00 |               |
| hlo_identity_transform      |       0 |       0 |        0.01 |               |
| hlo_restructure             |       0 |       0 |        0.02 |               |
| hlo_reconv_opt              |       0 |       0 |        0.00 |               |
| hlo_inequality_transform    |       0 |       0 |        0.15 |               |
| hlo_constant_mux_opt        |       0 |       0 |        0.00 |               |
| hlo_mux_consolidation       |       0 |       0 |        0.01 |               |
| hlo_mux_cascade_opt         |       0 |       0 |        0.00 |               |
| hlo_chop_mux                |       0 |       0 |        0.00 |               |
| hlo_mux_decode              |       0 |       0 |        0.00 |               |
| hlo_decode_mux_sandwich     |       0 |       0 |        0.00 |               |
| hlo_infer_macro             |       0 |       0 |        0.13 |               |
| hlo_recase_casebox          |       0 |       0 |        0.16 |               |
| hlo_cleanup                 |       0 |       0 |        0.00 | pbs_genopt_12 | 
| hlo_clip                    |       0 |       0 |        0.00 |               |
| hlo_clip_mux_input          |       0 |       0 |        0.00 |               |
| hlo_redundancy_removal_word |      36 |       0 |       12.28 |               |
| hlo_datapath_recast         |       0 |       0 |        0.00 |               |
| hlo_optimize_datapath       |       0 |       0 |        0.00 |               |
| hlo_mux_consolidation       |       0 |       0 |        0.01 |               |
| hlo_mux_cascade_opt         |       0 |       0 |        0.00 |               |
| hlo_reduce_operator_chain   |       0 |       0 |        0.00 |               |
| hlo_identity_transform      |       0 |       0 |        0.01 |               |
| hlo_restructure             |       0 |       0 |        0.02 |               |
| hlo_reconv_opt              |       0 |       0 |        0.00 |               |
| hlo_inequality_transform    |       0 |       0 |        0.17 |               |
| hlo_constant_mux_opt        |       0 |       0 |        0.00 |               |
| hlo_mux_consolidation       |       0 |       0 |        0.01 |               |
| hlo_mux_cascade_opt         |       0 |       0 |        0.00 |               |
| hlo_chop_mux                |       0 |       0 |        0.00 |               |
| hlo_mux_decode              |       0 |       0 |        0.00 |               |
| hlo_decode_mux_sandwich     |       0 |       0 |        0.00 |               |
| hlo_infer_macro             |       0 |       0 |        0.15 |               |
| hlo_recase_casebox          |       0 |       0 |        0.16 |               |
| hlo_cleanup                 |       0 |       0 |        0.00 | pbs_genopt_11 | 
| hlo_clip                    |       0 |       0 |        0.00 |               |
| hlo_clip_mux_input          |       0 |       0 |        0.00 |               |
| hlo_redundancy_removal_word |      36 |       0 |       12.22 |               |
| hlo_datapath_recast         |       0 |       0 |        0.00 |               |
| hlo_optimize_datapath       |       0 |       0 |        0.00 |               |
| hlo_mux_consolidation       |       0 |       0 |        0.01 |               |
| hlo_mux_cascade_opt         |       0 |       0 |        0.01 |               |
| hlo_reduce_operator_chain   |       0 |       0 |        0.00 |               |
| hlo_identity_transform      |       0 |       0 |        0.01 |               |
| hlo_restructure             |       0 |       0 |        0.02 |               |
| hlo_reconv_opt              |       0 |       0 |        0.00 |               |
| hlo_inequality_transform    |       0 |       0 |        0.17 |               |
| hlo_constant_mux_opt        |       0 |       0 |        0.00 |               |
| hlo_mux_consolidation       |       0 |       0 |        0.01 |               |
| hlo_mux_cascade_opt         |       0 |       0 |        0.00 |               |
| hlo_chop_mux                |       0 |       0 |        0.00 |               |
| hlo_mux_decode              |       0 |       0 |        0.00 |               |
| hlo_decode_mux_sandwich     |       0 |       0 |        0.00 |               |
| hlo_infer_macro             |       0 |       0 |        0.16 |               |
| hlo_recase_casebox          |       0 |       0 |        0.17 |               |
| hlo_cleanup                 |       0 |       0 |        0.00 | pbs_genopt_10 | 
| hlo_clip                    |       0 |       0 |        0.00 |               |
| hlo_clip_mux_input          |       0 |       0 |        0.00 |               |
| hlo_redundancy_removal_word |      36 |       0 |       11.79 |               |
| hlo_datapath_recast         |       0 |       0 |        0.00 |               |
| hlo_optimize_datapath       |       0 |       0 |        0.00 |               |
| hlo_mux_consolidation       |       0 |       0 |        0.01 |               |
| hlo_mux_cascade_opt         |       0 |       0 |        0.00 |               |
| hlo_reduce_operator_chain   |       0 |       0 |        0.00 |               |
| hlo_identity_transform      |       0 |       0 |        0.01 |               |
| hlo_restructure             |       0 |       0 |        0.02 |               |
| hlo_reconv_opt              |       0 |       0 |        0.00 |               |
| hlo_inequality_transform    |       0 |       0 |        0.15 |               |
| hlo_constant_mux_opt        |       0 |       0 |        0.00 |               |
| hlo_mux_consolidation       |       0 |       0 |        0.01 |               |
| hlo_mux_cascade_opt         |       0 |       0 |        0.00 |               |
| hlo_chop_mux                |       0 |       0 |        0.00 |               |
| hlo_mux_decode              |       0 |       0 |        0.00 |               |
| hlo_decode_mux_sandwich     |       0 |       0 |        0.00 |               |
| hlo_infer_macro             |       0 |       0 |        0.14 |               |
| hlo_recase_casebox          |       0 |       0 |        0.16 |               |
| hlo_cleanup                 |       0 |       0 |        0.01 | pbs_genopt_1  | 
| hlo_clip                    |       0 |       0 |        0.01 |               |
| hlo_clip_mux_input          |       0 |       0 |        0.04 |               |
| hlo_redundancy_removal_word |       0 |       0 |        3.24 |               |
| hlo_datapath_recast         |       0 |       0 |        0.01 |               |
| hlo_optimize_datapath       |       0 |       0 |        0.01 |               |
| hlo_mux_consolidation       |       0 |       0 |        0.17 |               |
| hlo_mux_cascade_opt         |       0 |       0 |        0.04 |               |
| hlo_reduce_operator_chain   |       0 |       0 |        0.04 |               |
| hlo_identity_transform      |       0 |       0 |        0.41 |               |
| hlo_restructure             |       0 |       0 |        0.84 |               |
| hlo_reconv_opt              |       0 |       0 |        0.03 |               |
| hlo_inequality_transform    |       0 |       0 |        1.66 |               |
| hlo_constant_mux_opt        |       0 |       0 |        0.04 |               |
| hlo_mux_consolidation       |       0 |       0 |        0.18 |               |
| hlo_mux_cascade_opt         |       0 |       0 |        0.04 |               |
| hlo_chop_mux                |       0 |       0 |        0.07 |               |
| hlo_mux_decode              |       0 |       0 |        0.01 |               |
| hlo_decode_mux_sandwich     |       0 |       0 |        0.01 |               |
| hlo_infer_macro             |       0 |       0 |        1.27 |               |
| hlo_recase_casebox          |       0 |       0 |        3.14 |               |
| hlo_cleanup                 |       0 |       0 |        0.00 | pbs_genopt_0  | 
| hlo_clip                    |       0 |       0 |        0.00 |               |
| hlo_clip_mux_input          |       0 |       0 |        0.01 |               |
| hlo_redundancy_removal_word |       0 |       0 |        0.62 |               |
| hlo_datapath_recast         |       0 |       0 |        0.00 |               |
| hlo_optimize_datapath       |       0 |       0 |        0.00 |               |
| hlo_mux_consolidation       |       0 |       0 |        0.03 |               |
| hlo_mux_cascade_opt         |       0 |       0 |        0.01 |               |
| hlo_reduce_operator_chain   |       0 |       0 |        0.01 |               |
| hlo_identity_transform      |       0 |       0 |        0.02 |               |
| hlo_restructure             |       0 |       0 |        0.14 |               |
| hlo_reconv_opt              |       0 |       0 |        0.01 |               |
| hlo_inequality_transform    |       0 |       0 |        0.24 |               |
| hlo_constant_mux_opt        |       0 |       0 |        0.01 |               |
| hlo_mux_consolidation       |       0 |       0 |        0.03 |               |
| hlo_mux_cascade_opt         |       0 |       0 |        0.01 |               |
| hlo_chop_mux                |       0 |       0 |        0.01 |               |
| hlo_mux_decode              |       0 |       0 |        0.00 |               |
| hlo_decode_mux_sandwich     |       0 |       0 |        0.00 |               |
| hlo_infer_macro             |       0 |       0 |        0.24 |               |
| hlo_recase_casebox          |       0 |       0 |        0.76 |               |
---------------------------------------------------------------------------------
 
Background Table : UME::post_hlo_rtlopt 
-----------------------------------------------------------------
| Trick       | Accepts | Rejects | Runtime (s) | Netlist ID    | 
-----------------------------------------------------------------
| ume_runtime |       0 |       0 |        0.00 | pbs_genopt_9  | 
| ume_runtime |       0 |       0 |        0.00 | pbs_genopt_8  | 
| ume_runtime |       0 |       0 |        0.00 | pbs_genopt_7  | 
| ume_runtime |       0 |       0 |        0.00 | pbs_genopt_6  | 
| ume_runtime |       0 |       0 |        0.00 | pbs_genopt_5  | 
| ume_runtime |       0 |       0 |        0.00 | pbs_genopt_42 | 
| ume_runtime |       0 |       0 |        0.00 | pbs_genopt_41 | 
| ume_runtime |       0 |       0 |        0.00 | pbs_genopt_40 | 
| ume_runtime |       0 |       0 |        0.00 | pbs_genopt_4  | 
| ume_runtime |       0 |       0 |        0.00 | pbs_genopt_39 | 
| ume_runtime |       0 |       0 |        0.00 | pbs_genopt_38 | 
| ume_runtime |       0 |       0 |        0.01 | pbs_genopt_37 | 
| ume_runtime |       0 |       0 |        0.00 | pbs_genopt_36 | 
| ume_runtime |       0 |       0 |        0.00 | pbs_genopt_35 | 
| ume_runtime |       0 |       0 |        0.00 | pbs_genopt_34 | 
| ume_runtime |       0 |       0 |        0.00 | pbs_genopt_33 | 
| ume_runtime |       0 |       0 |        0.00 | pbs_genopt_32 | 
| ume_runtime |       0 |       0 |        0.00 | pbs_genopt_31 | 
| ume_runtime |       0 |       0 |        0.00 | pbs_genopt_30 | 
| ume_runtime |       0 |       0 |        0.00 | pbs_genopt_3  | 
| ume_runtime |       0 |       0 |        0.00 | pbs_genopt_29 | 
| ume_runtime |       0 |       0 |        0.00 | pbs_genopt_28 | 
| ume_runtime |       0 |       0 |        0.00 | pbs_genopt_27 | 
| ume_runtime |       0 |       0 |        0.00 | pbs_genopt_26 | 
| ume_runtime |       0 |       0 |        0.00 | pbs_genopt_25 | 
| ume_runtime |       0 |       0 |        0.00 | pbs_genopt_24 | 
| ume_runtime |       0 |       0 |        0.00 | pbs_genopt_23 | 
| ume_runtime |       0 |       0 |        0.00 | pbs_genopt_22 | 
| ume_runtime |       0 |       0 |        0.00 | pbs_genopt_21 | 
| ume_runtime |       0 |       0 |        0.00 | pbs_genopt_20 | 
| ume_runtime |       0 |       0 |        0.00 | pbs_genopt_2  | 
| ume_runtime |       0 |       0 |        0.00 | pbs_genopt_19 | 
| ume_runtime |       0 |       0 |        0.00 | pbs_genopt_18 | 
| ume_runtime |       0 |       0 |        0.00 | pbs_genopt_17 | 
| ume_runtime |       0 |       0 |        0.00 | pbs_genopt_16 | 
| ume_runtime |       0 |       0 |        0.00 | pbs_genopt_15 | 
| ume_runtime |       0 |       0 |        0.00 | pbs_genopt_14 | 
| ume_runtime |       0 |       0 |        0.00 | pbs_genopt_13 | 
| ume_runtime |       0 |       0 |        0.00 | pbs_genopt_12 | 
| ume_runtime |       0 |       0 |        0.00 | pbs_genopt_11 | 
| ume_runtime |       0 |       0 |        0.00 | pbs_genopt_10 | 
| ume_runtime |       2 |       0 |        0.01 | pbs_genopt_1  | 
| ume_runtime |       2 |       0 |        0.01 |               |
| ume_runtime |       7 |       0 |        0.00 | pbs_genopt_0  | 
| ume_runtime |       7 |       0 |        0.00 |               |
-----------------------------------------------------------------
 
Background Table : HLO::post_rtlopt 
--------------------------------------------------------------------------------
| Transform                  | Accepts | Rejects | Runtime (s) | Netlist ID    | 
--------------------------------------------------------------------------------
| hlo_mux_reorder            |       0 |       0 |        0.00 | pbs_genopt_9  | 
| hlo_logic_reduction        |       0 |       0 |        0.01 |               |
| hlo_redundancy_removal_bit |       0 |       0 |        4.38 |               |
| hlo_mux_reorder            |       0 |       0 |        0.00 | pbs_genopt_8  | 
| hlo_logic_reduction        |       0 |       0 |        0.01 |               |
| hlo_redundancy_removal_bit |       0 |       0 |        4.63 |               |
| hlo_mux_reorder            |       0 |       0 |        0.00 | pbs_genopt_7  | 
| hlo_logic_reduction        |       0 |       0 |        0.01 |               |
| hlo_redundancy_removal_bit |       0 |       0 |        4.43 |               |
| hlo_mux_reorder            |       0 |       0 |        0.00 | pbs_genopt_6  | 
| hlo_logic_reduction        |       0 |       0 |        0.01 |               |
| hlo_redundancy_removal_bit |       0 |       0 |        4.43 |               |
| hlo_mux_reorder            |       0 |       0 |        0.00 | pbs_genopt_5  | 
| hlo_logic_reduction        |       0 |       0 |        0.01 |               |
| hlo_redundancy_removal_bit |       0 |       0 |        4.29 |               |
| hlo_mux_reorder            |       0 |       0 |        0.00 | pbs_genopt_42 | 
| hlo_logic_reduction        |       0 |       0 |        0.00 |               |
| hlo_redundancy_removal_bit |       6 |       8 |        3.00 |               |
| hlo_mux_reorder            |       0 |       0 |        0.00 | pbs_genopt_41 | 
| hlo_logic_reduction        |       0 |       0 |        0.00 |               |
| hlo_redundancy_removal_bit |       9 |      12 |        2.67 |               |
| hlo_mux_reorder            |       0 |       0 |        0.00 | pbs_genopt_40 | 
| hlo_logic_reduction        |       0 |       0 |        0.00 |               |
| hlo_redundancy_removal_bit |       9 |      12 |        2.56 |               |
| hlo_mux_reorder            |       0 |       0 |        0.00 | pbs_genopt_4  | 
| hlo_logic_reduction        |       0 |       0 |        0.01 |               |
| hlo_redundancy_removal_bit |       0 |       0 |        4.11 |               |
| hlo_mux_reorder            |       0 |       0 |        0.00 | pbs_genopt_39 | 
| hlo_logic_reduction        |       0 |       0 |        0.00 |               |
| hlo_redundancy_removal_bit |       9 |      12 |        2.56 |               |
| hlo_mux_reorder            |       0 |       0 |        0.00 | pbs_genopt_38 | 
| hlo_logic_reduction        |       0 |       0 |        0.00 |               |
| hlo_redundancy_removal_bit |       6 |       8 |        2.12 |               |
| hlo_mux_reorder            |       0 |       0 |        0.00 | pbs_genopt_37 | 
| hlo_logic_reduction        |       0 |       0 |        0.00 |               |
| hlo_redundancy_removal_bit |       9 |      12 |        2.62 |               |
| hlo_mux_reorder            |       0 |       0 |        0.00 | pbs_genopt_36 | 
| hlo_logic_reduction        |       0 |       0 |        0.00 |               |
| hlo_redundancy_removal_bit |       9 |      12 |        2.63 |               |
| hlo_mux_reorder            |       0 |       0 |        0.00 | pbs_genopt_35 | 
| hlo_logic_reduction        |       0 |       0 |        0.00 |               |
| hlo_redundancy_removal_bit |       6 |       8 |        1.75 |               |
| hlo_mux_reorder            |       0 |       0 |        0.00 | pbs_genopt_34 | 
| hlo_logic_reduction        |       0 |       0 |        0.00 |               |
| hlo_redundancy_removal_bit |       9 |      12 |        2.65 |               |
| hlo_mux_reorder            |       0 |       0 |        0.00 | pbs_genopt_33 | 
| hlo_logic_reduction        |       0 |       0 |        0.00 |               |
| hlo_redundancy_removal_bit |       6 |       8 |        1.95 |               |
| hlo_mux_reorder            |       0 |       0 |        0.00 | pbs_genopt_32 | 
| hlo_logic_reduction        |       0 |       0 |        0.00 |               |
| hlo_redundancy_removal_bit |       9 |      12 |        2.56 |               |
| hlo_mux_reorder            |       0 |       0 |        0.00 | pbs_genopt_31 | 
| hlo_logic_reduction        |       0 |       0 |        0.00 |               |
| hlo_redundancy_removal_bit |       9 |      12 |        2.58 |               |
| hlo_mux_reorder            |       0 |       0 |        0.00 | pbs_genopt_30 | 
| hlo_logic_reduction        |       0 |       0 |        0.01 |               |
| hlo_redundancy_removal_bit |       0 |       0 |        4.29 |               |
| hlo_mux_reorder            |       0 |       0 |        0.00 | pbs_genopt_3  | 
| hlo_logic_reduction        |       0 |       0 |        0.01 |               |
| hlo_redundancy_removal_bit |       0 |       0 |        3.42 |               |
| hlo_mux_reorder            |       0 |       0 |        0.00 | pbs_genopt_29 | 
| hlo_logic_reduction        |       0 |       0 |        0.01 |               |
| hlo_redundancy_removal_bit |       0 |       0 |        4.56 |               |
| hlo_mux_reorder            |       0 |       0 |        0.00 | pbs_genopt_28 | 
| hlo_logic_reduction        |       0 |       0 |        0.01 |               |
| hlo_redundancy_removal_bit |       0 |       0 |        4.55 |               |
| hlo_mux_reorder            |       0 |       0 |        0.00 | pbs_genopt_27 | 
| hlo_logic_reduction        |       0 |       0 |        0.01 |               |
| hlo_redundancy_removal_bit |       0 |       0 |        4.46 |               |
| hlo_mux_reorder            |       0 |       0 |        0.00 | pbs_genopt_26 | 
| hlo_logic_reduction        |       0 |       0 |        0.01 |               |
| hlo_redundancy_removal_bit |       0 |       0 |        4.60 |               |
| hlo_mux_reorder            |       0 |       0 |        0.00 | pbs_genopt_25 | 
| hlo_logic_reduction        |       0 |       0 |        0.01 |               |
| hlo_redundancy_removal_bit |       0 |       0 |        4.63 |               |
| hlo_mux_reorder            |       0 |       0 |        0.00 | pbs_genopt_24 | 
| hlo_logic_reduction        |       0 |       0 |        0.01 |               |
| hlo_redundancy_removal_bit |       0 |       0 |        3.64 |               |
| hlo_mux_reorder            |       0 |       0 |        0.00 | pbs_genopt_23 | 
| hlo_logic_reduction        |       0 |       0 |        0.01 |               |
| hlo_redundancy_removal_bit |       0 |       0 |        4.66 |               |
| hlo_mux_reorder            |       0 |       0 |        0.00 | pbs_genopt_22 | 
| hlo_logic_reduction        |       0 |       0 |        0.01 |               |
| hlo_redundancy_removal_bit |       0 |       0 |        4.37 |               |
| hlo_mux_reorder            |       0 |       0 |        0.00 | pbs_genopt_21 | 
| hlo_logic_reduction        |       0 |       0 |        0.01 |               |
| hlo_redundancy_removal_bit |       0 |       0 |        4.53 |               |
| hlo_mux_reorder            |       0 |       0 |        0.00 | pbs_genopt_20 | 
| hlo_logic_reduction        |       0 |       0 |        0.01 |               |
| hlo_redundancy_removal_bit |       0 |       0 |        4.78 |               |
| hlo_mux_reorder            |       0 |       0 |        0.00 | pbs_genopt_2  | 
| hlo_logic_reduction        |       0 |       0 |        0.00 |               |
| hlo_redundancy_removal_bit |       0 |       0 |        3.85 |               |
| hlo_mux_reorder            |       0 |       0 |        0.00 | pbs_genopt_19 | 
| hlo_logic_reduction        |       0 |       0 |        0.01 |               |
| hlo_redundancy_removal_bit |       0 |       0 |        4.38 |               |
| hlo_mux_reorder            |       0 |       0 |        0.00 | pbs_genopt_18 | 
| hlo_logic_reduction        |       0 |       0 |        0.01 |               |
| hlo_redundancy_removal_bit |       0 |       0 |        4.53 |               |
| hlo_mux_reorder            |       0 |       0 |        0.00 | pbs_genopt_17 | 
| hlo_logic_reduction        |       0 |       0 |        0.01 |               |
| hlo_redundancy_removal_bit |       0 |       0 |        4.61 |               |
| hlo_mux_reorder            |       0 |       0 |        0.00 | pbs_genopt_16 | 
| hlo_logic_reduction        |       0 |       0 |        0.01 |               |
| hlo_redundancy_removal_bit |       0 |       0 |        4.75 |               |
| hlo_mux_reorder            |       0 |       0 |        0.00 | pbs_genopt_15 | 
| hlo_logic_reduction        |       0 |       0 |        0.01 |               |
| hlo_redundancy_removal_bit |       0 |       0 |        4.76 |               |
| hlo_mux_reorder            |       0 |       0 |        0.00 | pbs_genopt_14 | 
| hlo_logic_reduction        |       0 |       0 |        0.01 |               |
| hlo_redundancy_removal_bit |       0 |       0 |        4.47 |               |
| hlo_mux_reorder            |       0 |       0 |        0.00 | pbs_genopt_13 | 
| hlo_logic_reduction        |       0 |       0 |        0.01 |               |
| hlo_redundancy_removal_bit |       0 |       0 |        4.35 |               |
| hlo_mux_reorder            |       0 |       0 |        0.00 | pbs_genopt_12 | 
| hlo_logic_reduction        |       0 |       0 |        0.01 |               |
| hlo_redundancy_removal_bit |       0 |       0 |        4.68 |               |
| hlo_mux_reorder            |       0 |       0 |        0.00 | pbs_genopt_11 | 
| hlo_logic_reduction        |       0 |       0 |        0.01 |               |
| hlo_redundancy_removal_bit |       0 |       0 |        4.48 |               |
| hlo_mux_reorder            |       0 |       0 |        0.00 | pbs_genopt_10 | 
| hlo_logic_reduction        |       0 |       0 |        0.01 |               |
| hlo_redundancy_removal_bit |       0 |       0 |        4.63 |               |
| hlo_mux_reorder            |       0 |       0 |        0.02 | pbs_genopt_1  | 
| hlo_logic_reduction        |       0 |       0 |        0.02 |               |
| hlo_redundancy_removal_bit |       0 |       0 |        6.98 |               |
| hlo_mux_reorder            |       0 |       0 |        0.00 | pbs_genopt_0  | 
| hlo_logic_reduction        |       0 |       0 |        0.00 |               |
| hlo_redundancy_removal_bit |       0 |       0 |        0.88 |               |
--------------------------------------------------------------------------------
 
Background Table : HLO::post_muxopt 
---------------------------------------------------------------------
| Transform       | Accepts | Rejects | Runtime (s) | Netlist ID    | 
---------------------------------------------------------------------
| hlo_speculation |       0 |       0 |        1.85 | pbs_genopt_9  | 
| hlo_speculation |       0 |       0 |        2.08 | pbs_genopt_8  | 
| hlo_speculation |       0 |       0 |        1.95 | pbs_genopt_7  | 
| hlo_speculation |       0 |       0 |        1.74 | pbs_genopt_6  | 
| hlo_speculation |       0 |       0 |        1.78 | pbs_genopt_5  | 
| hlo_speculation |       0 |       0 |        0.82 | pbs_genopt_42 | 
| hlo_speculation |       0 |       0 |        0.92 | pbs_genopt_41 | 
| hlo_speculation |       0 |       0 |        1.05 | pbs_genopt_40 | 
| hlo_speculation |       0 |       0 |        1.83 | pbs_genopt_4  | 
| hlo_speculation |       0 |       0 |        0.96 | pbs_genopt_39 | 
| hlo_speculation |       0 |       0 |        0.72 | pbs_genopt_38 | 
| hlo_speculation |       0 |       0 |        1.01 | pbs_genopt_37 | 
| hlo_speculation |       0 |       0 |        0.96 | pbs_genopt_36 | 
| hlo_speculation |       0 |       0 |        0.57 | pbs_genopt_35 | 
| hlo_speculation |       0 |       0 |        1.03 | pbs_genopt_34 | 
| hlo_speculation |       0 |       0 |        0.59 | pbs_genopt_33 | 
| hlo_speculation |       0 |       0 |        1.04 | pbs_genopt_32 | 
| hlo_speculation |       0 |       0 |        0.91 | pbs_genopt_31 | 
| hlo_speculation |       0 |       0 |        1.86 | pbs_genopt_30 | 
| hlo_speculation |       0 |       0 |        1.50 | pbs_genopt_3  | 
| hlo_speculation |       0 |       0 |        2.12 | pbs_genopt_29 | 
| hlo_speculation |       0 |       0 |        1.96 | pbs_genopt_28 | 
| hlo_speculation |       0 |       0 |        2.25 | pbs_genopt_27 | 
| hlo_speculation |       0 |       0 |        1.91 | pbs_genopt_26 | 
| hlo_speculation |       0 |       0 |        1.94 | pbs_genopt_25 | 
| hlo_speculation |       0 |       0 |        1.51 | pbs_genopt_24 | 
| hlo_speculation |       0 |       0 |        1.99 | pbs_genopt_23 | 
| hlo_speculation |       0 |       0 |        2.06 | pbs_genopt_22 | 
| hlo_speculation |       0 |       0 |        1.92 | pbs_genopt_21 | 
| hlo_speculation |       0 |       0 |        2.12 | pbs_genopt_20 | 
| hlo_speculation |       0 |       0 |        1.38 | pbs_genopt_2  | 
| hlo_speculation |       0 |       0 |        1.83 | pbs_genopt_19 | 
| hlo_speculation |       0 |       0 |        1.79 | pbs_genopt_18 | 
| hlo_speculation |       0 |       0 |        2.26 | pbs_genopt_17 | 
| hlo_speculation |       0 |       0 |        2.35 | pbs_genopt_16 | 
| hlo_speculation |       0 |       0 |        2.17 | pbs_genopt_15 | 
| hlo_speculation |       0 |       0 |        2.23 | pbs_genopt_14 | 
| hlo_speculation |       0 |       0 |        1.87 | pbs_genopt_13 | 
| hlo_speculation |       0 |       0 |        1.99 | pbs_genopt_12 | 
| hlo_speculation |       0 |       0 |        2.02 | pbs_genopt_11 | 
| hlo_speculation |       0 |       0 |        1.80 | pbs_genopt_10 | 
| hlo_speculation |       0 |       0 |       36.33 | pbs_genopt_1  | 
| hlo_speculation |       0 |       0 |        6.57 | pbs_genopt_0  | 
---------------------------------------------------------------------
 

+-----------+----------------+-----+----------------------+---------------------------+
|   Host    |    Machine     | CPU | Physical Memory (MB) | Peak Physical Memory (MB) |
+-----------+----------------+-----+----------------------+---------------------------+
| localhost | mo.ece.pdx.edu |  8  |       23693.1        |          24230.5          |
+-----------+----------------+-----+----------------------+---------------------------+

+---------------+----------------------+---------------------------+
|    Server     | Physical Memory (MB) | Peak Physical Memory (MB) |
+---------------+----------------------+---------------------------+
| localhost_1_0 |     10540.0 [1]      |        11341.7 [1]        |
| localhost_1_4 |      1374.5 [2]      |          [2] [3]          |
| localhost_1_5 |      1237.7 [2]      |          [2] [3]          |
| localhost_1_1 |      1421.8 [2]      |          [2] [3]          |
| localhost_1_7 |      1403.0 [2]      |          [2] [3]          |
| localhost_1_2 |      1401.1 [2]      |          [2] [3]          |
| localhost_1_6 |      1380.2 [2]      |          [2] [3]          |
| localhost_1_3 |      915.9 [2]       |          [2] [3]          |
+---------------+----------------------+---------------------------+
[1] Memory of child processes is included.
[2] Memory is included in parent localhost_1_0.
[3] Peak physical memory is not available for forked background servers.

PBS_Generic-Post_Genopt - Elapsed_Time 8114, CPU_Time 8373.625565999999
stamp 'PBS_Generic-Post_Genopt' being created for table 'pbs_debug'

  Total Time (Wall) |  Stage Time (Wall)  |   % (Wall)   |    Date - Time     |  Memory   | Stage
--------------------+---------------------+--------------+--------------------+-----------+----------------------
 00:10:12(00:10:22) |  00:00:00(00:00:00) |   0.0(  0.0) |   16:38:41 (May14) |   8.60 GB | PBS_Generic-Start
--------------------+---------------------+--------------+--------------------+-----------+----------------------
 02:29:45(02:25:36) |  02:19:33(02:15:14) | 100.0(100.0) |   18:53:55 (May14) |  14.88 GB | PBS_Generic-Post_Genopt
--------------------+---------------------+--------------+--------------------+-----------+----------------------
Number of threads: 8 * 1   (id: pbs_debug, time_info v1.57)
Info: (*N*) indicates data that was populated from previously saved time_info database
Info: CPU time includes time of parent + longest thread
Updating ST server settings
     Generating lib_script file: /home/iwyse/common/Documents/ECE510/project/510Project/project/cadence/systolic_32x32/.pbs_mo.ece.pdx.edu_8835/lib_script
Start partitioning.  Summary: MEM {curr: 14.2G, peak: 21.4G, phys curr: 14.5G, phys peak: 23.7G}
Start partitioning design sys_top for generic optimization.
Total generic instances for partitioning: 4831777
	Generic partition 0: size 83086
	Generic partition 1: size 94966
	Generic partition 2: size 0
	Generic partition 3: size 109305
	Generic partition 4: size 92921
	Generic partition 5: size 109305
	Generic partition 6: size 73465
	Generic partition 7: size 109305
	Generic partition 8: size 77658
	Generic partition 9: size 109305
	Generic partition 10: size 109305
	Generic partition 11: size 93808
	Generic partition 12: size 109305
	Generic partition 13: size 0
	Generic partition 14: size 91946
	Generic partition 15: size 103810
	Generic partition 16: size 100850
	Generic partition 17: size 106776
	Generic partition 18: size 103810
	Generic partition 19: size 103819
	Generic partition 20: size 106776
	Generic partition 21: size 106776
	Generic partition 22: size 106776
	Generic partition 23: size 86014
	Generic partition 24: size 106785
	Generic partition 25: size 94921
	Generic partition 26: size 106776
	Generic partition 27: size 106776
	Generic partition 28: size 103810
	Generic partition 29: size 97887
	Generic partition 30: size 100844
	Generic partition 31: size 106785
	Generic partition 32: size 94921
	Generic partition 33: size 106785
	Generic partition 34: size 103810
	Generic partition 35: size 106776
	Generic partition 36: size 106776
	Generic partition 37: size 103816
	Generic partition 38: size 91946
	Generic partition 39: size 103819
	Generic partition 40: size 94912
	Generic partition 41: size 83054
	Generic partition 42: size 106776
	Generic partition 43: size 91952
	Generic partition 44: size 96884
	Generic partition 45: size 95587
	Generic partition 46: size 91723
	Generic partition 47: size 95596
	Generic partition 48: size 81364
	Generic partition 49: size 96875
	Generic partition 50: size 64734
Done partitioning.  Summary: RT {elapsed: 12s, ST: 13s}, MEM {curr: 14.2G, peak: 21.4G, phys curr: 14.5G, phys peak: 23.7G}
Start creating partition netlists.  Summary: MEM {curr: 14.2G, peak: 21.4G, phys curr: 14.5G, phys peak: 23.7G}
Done creating partition netlists.  Summary: RT {elapsed: 42s, ST: 42s}, MEM {curr: 14.2G, peak: 21.4G, phys curr: 14.6G, phys peak: 23.7G}
Start budgeting timing for partitions.  Summary: MEM {curr: 14.2G, peak: 21.4G, phys curr: 14.6G, phys peak: 23.7G}
Done budgeting timing for partitions.  Summary: RT {elapsed: 287s, ST: 327s}, MEM {curr: 19.6G, peak: 21.4G, phys curr: 20.4G, phys peak: 23.7G}
Start deriving partition netlists.  Summary: MEM {curr: 19.6G, peak: 21.4G, phys curr: 20.4G, phys peak: 23.7G}
The inst 'pbs_fcopt_0' is selected as pbs candidate. The instance cnt is: '83086'.
The inst 'pbs_fcopt_1' is selected as pbs candidate. The instance cnt is: '94966'.
The inst 'pbs_fcopt_3' is selected as pbs candidate. The instance cnt is: '109305'.
The inst 'pbs_fcopt_4' is selected as pbs candidate. The instance cnt is: '92921'.
The inst 'pbs_fcopt_5' is selected as pbs candidate. The instance cnt is: '109305'.
The inst 'pbs_fcopt_6' is selected as pbs candidate. The instance cnt is: '73465'.
The inst 'pbs_fcopt_7' is selected as pbs candidate. The instance cnt is: '109305'.
The inst 'pbs_fcopt_8' is selected as pbs candidate. The instance cnt is: '77658'.
The inst 'pbs_fcopt_9' is selected as pbs candidate. The instance cnt is: '109305'.
The inst 'pbs_fcopt_10' is selected as pbs candidate. The instance cnt is: '109305'.
The inst 'pbs_fcopt_11' is selected as pbs candidate. The instance cnt is: '93808'.
The inst 'pbs_fcopt_12' is selected as pbs candidate. The instance cnt is: '109305'.
The inst 'pbs_fcopt_14' is selected as pbs candidate. The instance cnt is: '91946'.
The inst 'pbs_fcopt_15' is selected as pbs candidate. The instance cnt is: '103810'.
The inst 'pbs_fcopt_16' is selected as pbs candidate. The instance cnt is: '100850'.
The inst 'pbs_fcopt_17' is selected as pbs candidate. The instance cnt is: '106776'.
The inst 'pbs_fcopt_18' is selected as pbs candidate. The instance cnt is: '103810'.
The inst 'pbs_fcopt_19' is selected as pbs candidate. The instance cnt is: '103819'.
The inst 'pbs_fcopt_20' is selected as pbs candidate. The instance cnt is: '106776'.
The inst 'pbs_fcopt_21' is selected as pbs candidate. The instance cnt is: '106776'.
The inst 'pbs_fcopt_22' is selected as pbs candidate. The instance cnt is: '106776'.
The inst 'pbs_fcopt_23' is selected as pbs candidate. The instance cnt is: '86014'.
The inst 'pbs_fcopt_24' is selected as pbs candidate. The instance cnt is: '106785'.
The inst 'pbs_fcopt_25' is selected as pbs candidate. The instance cnt is: '94921'.
The inst 'pbs_fcopt_26' is selected as pbs candidate. The instance cnt is: '106776'.
The inst 'pbs_fcopt_27' is selected as pbs candidate. The instance cnt is: '106776'.
The inst 'pbs_fcopt_28' is selected as pbs candidate. The instance cnt is: '103810'.
The inst 'pbs_fcopt_29' is selected as pbs candidate. The instance cnt is: '97887'.
The inst 'pbs_fcopt_30' is selected as pbs candidate. The instance cnt is: '100844'.
The inst 'pbs_fcopt_31' is selected as pbs candidate. The instance cnt is: '106785'.
The inst 'pbs_fcopt_32' is selected as pbs candidate. The instance cnt is: '94921'.
The inst 'pbs_fcopt_33' is selected as pbs candidate. The instance cnt is: '106785'.
The inst 'pbs_fcopt_34' is selected as pbs candidate. The instance cnt is: '103810'.
The inst 'pbs_fcopt_35' is selected as pbs candidate. The instance cnt is: '106776'.
The inst 'pbs_fcopt_36' is selected as pbs candidate. The instance cnt is: '106776'.
The inst 'pbs_fcopt_37' is selected as pbs candidate. The instance cnt is: '103816'.
The inst 'pbs_fcopt_38' is selected as pbs candidate. The instance cnt is: '91946'.
The inst 'pbs_fcopt_39' is selected as pbs candidate. The instance cnt is: '103819'.
The inst 'pbs_fcopt_40' is selected as pbs candidate. The instance cnt is: '94912'.
The inst 'pbs_fcopt_41' is selected as pbs candidate. The instance cnt is: '83054'.
The inst 'pbs_fcopt_42' is selected as pbs candidate. The instance cnt is: '106776'.
The inst 'pbs_fcopt_43' is selected as pbs candidate. The instance cnt is: '91952'.
The inst 'pbs_fcopt_44' is selected as pbs candidate. The instance cnt is: '96884'.
The inst 'pbs_fcopt_45' is selected as pbs candidate. The instance cnt is: '95587'.
The inst 'pbs_fcopt_46' is selected as pbs candidate. The instance cnt is: '91723'.
The inst 'pbs_fcopt_47' is selected as pbs candidate. The instance cnt is: '95596'.
The inst 'pbs_fcopt_48' is selected as pbs candidate. The instance cnt is: '81364'.
The inst 'pbs_fcopt_49' is selected as pbs candidate. The instance cnt is: '96875'.
The inst 'pbs_fcopt_50' is selected as pbs candidate. The instance cnt is: '64734'.
Done deriving partition netlists.  Summary: RT {elapsed: 49s, ST: 48s}, MEM {curr: 19.6G, peak: 21.4G, phys curr: 20.4G, phys peak: 23.7G}
Wait for super-thread servers to finish loading libraries.
Start super thread servers forking.  Summary: MEM {curr: 15.6G, peak: 21.4G, phys curr: 20.4G, phys peak: 23.7G}
Info    : Connection established with super-threading server. [ST-110]
        : The server 'localhost_1_8' is forked process '23183' on this host.
Info    : Connection established with super-threading server. [ST-110]
        : The server 'localhost_1_9' is forked process '23185' on this host.
Info    : Connection established with super-threading server. [ST-110]
        : The server 'localhost_1_10' is forked process '23188' on this host.
Info    : Connection established with super-threading server. [ST-110]
        : The server 'localhost_1_11' is forked process '23190' on this host.
Info    : Connection established with super-threading server. [ST-110]
        : The server 'localhost_1_12' is forked process '23192' on this host.
Info    : Connection established with super-threading server. [ST-110]
        : The server 'localhost_1_13' is forked process '23194' on this host.
Info    : Connection established with super-threading server. [ST-110]
        : The server 'localhost_1_14' is forked process '23196' on this host.
Done super thread servers forking.  Summary: RT {elapsed: 1s, ST: 0s}, MEM {curr: 15.6G, peak: 21.4G, phys curr: 20.4G, phys peak: 23.7G}
        Distributing super-thread jobs: {pbs_fcopt_3 ./.pbs_mo.ece.pdx.edu_8835/pbs_fcopt_3.etf} {pbs_fcopt_5 ./.pbs_mo.ece.pdx.edu_8835/pbs_fcopt_5.etf} {pbs_fcopt_7 ./.pbs_mo.ece.pdx.edu_8835/pbs_fcopt_7.etf} {pbs_fcopt_9 ./.pbs_mo.ece.pdx.edu_8835/pbs_fcopt_9.etf} {pbs_fcopt_10 ./.pbs_mo.ece.pdx.edu_8835/pbs_fcopt_10.etf} {pbs_fcopt_12 ./.pbs_mo.ece.pdx.edu_8835/pbs_fcopt_12.etf} {pbs_fcopt_24 ./.pbs_mo.ece.pdx.edu_8835/pbs_fcopt_24.etf} {pbs_fcopt_31 ./.pbs_mo.ece.pdx.edu_8835/pbs_fcopt_31.etf} {pbs_fcopt_33 ./.pbs_mo.ece.pdx.edu_8835/pbs_fcopt_33.etf} {pbs_fcopt_35 ./.pbs_mo.ece.pdx.edu_8835/pbs_fcopt_35.etf} {pbs_fcopt_42 ./.pbs_mo.ece.pdx.edu_8835/pbs_fcopt_42.etf} {pbs_fcopt_27 ./.pbs_mo.ece.pdx.edu_8835/pbs_fcopt_27.etf} {pbs_fcopt_26 ./.pbs_mo.ece.pdx.edu_8835/pbs_fcopt_26.etf} {pbs_fcopt_17 ./.pbs_mo.ece.pdx.edu_8835/pbs_fcopt_17.etf} {pbs_fcopt_20 ./.pbs_mo.ece.pdx.edu_8835/pbs_fcopt_20.etf} {pbs_fcopt_22 ./.pbs_mo.ece.pdx.edu_8835/pbs_fcopt_22.etf} {pbs_fcopt_36 ./.pbs_mo.ece.pdx.edu_8835/pbs_fcopt_36.etf} {pbs_fcopt_21 ./.pbs_mo.ece.pdx.edu_8835/pbs_fcopt_21.etf} {pbs_fcopt_39 ./.pbs_mo.ece.pdx.edu_8835/pbs_fcopt_39.etf} {pbs_fcopt_19 ./.pbs_mo.ece.pdx.edu_8835/pbs_fcopt_19.etf} {pbs_fcopt_37 ./.pbs_mo.ece.pdx.edu_8835/pbs_fcopt_37.etf} {pbs_fcopt_28 ./.pbs_mo.ece.pdx.edu_8835/pbs_fcopt_28.etf} {pbs_fcopt_18 ./.pbs_mo.ece.pdx.edu_8835/pbs_fcopt_18.etf} {pbs_fcopt_15 ./.pbs_mo.ece.pdx.edu_8835/pbs_fcopt_15.etf} {pbs_fcopt_34 ./.pbs_mo.ece.pdx.edu_8835/pbs_fcopt_34.etf} {pbs_fcopt_16 ./.pbs_mo.ece.pdx.edu_8835/pbs_fcopt_16.etf} {pbs_fcopt_30 ./.pbs_mo.ece.pdx.edu_8835/pbs_fcopt_30.etf} {pbs_fcopt_29 ./.pbs_mo.ece.pdx.edu_8835/pbs_fcopt_29.etf} {pbs_fcopt_44 ./.pbs_mo.ece.pdx.edu_8835/pbs_fcopt_44.etf} {pbs_fcopt_49 ./.pbs_mo.ece.pdx.edu_8835/pbs_fcopt_49.etf} {pbs_fcopt_47 ./.pbs_mo.ece.pdx.edu_8835/pbs_fcopt_47.etf} {pbs_fcopt_45 ./.pbs_mo.ece.pdx.edu_8835/pbs_fcopt_45.etf} {pbs_fcopt_1 ./.pbs_mo.ece.pdx.edu_8835/pbs_fcopt_1.etf} {pbs_fcopt_25 ./.pbs_mo.ece.pdx.edu_8835/pbs_fcopt_25.etf} {pbs_fcopt_32 ./.pbs_mo.ece.pdx.edu_8835/pbs_fcopt_32.etf} {pbs_fcopt_40 ./.pbs_mo.ece.pdx.edu_8835/pbs_fcopt_40.etf} {pbs_fcopt_11 ./.pbs_mo.ece.pdx.edu_8835/pbs_fcopt_11.etf} {pbs_fcopt_4 ./.pbs_mo.ece.pdx.edu_8835/pbs_fcopt_4.etf} {pbs_fcopt_43 ./.pbs_mo.ece.pdx.edu_8835/pbs_fcopt_43.etf} {pbs_fcopt_14 ./.pbs_mo.ece.pdx.edu_8835/pbs_fcopt_14.etf} {pbs_fcopt_38 ./.pbs_mo.ece.pdx.edu_8835/pbs_fcopt_38.etf} {pbs_fcopt_46 ./.pbs_mo.ece.pdx.edu_8835/pbs_fcopt_46.etf} {pbs_fcopt_23 ./.pbs_mo.ece.pdx.edu_8835/pbs_fcopt_23.etf} {pbs_fcopt_0 ./.pbs_mo.ece.pdx.edu_8835/pbs_fcopt_0.etf} {pbs_fcopt_41 ./.pbs_mo.ece.pdx.edu_8835/pbs_fcopt_41.etf} {pbs_fcopt_48 ./.pbs_mo.ece.pdx.edu_8835/pbs_fcopt_48.etf} {pbs_fcopt_8 ./.pbs_mo.ece.pdx.edu_8835/pbs_fcopt_8.etf} {pbs_fcopt_6 ./.pbs_mo.ece.pdx.edu_8835/pbs_fcopt_6.etf} {pbs_fcopt_50 ./.pbs_mo.ece.pdx.edu_8835/pbs_fcopt_50.etf}
          Sending 'pbs_fcopt_3 ./.pbs_mo.ece.pdx.edu_8835/pbs_fcopt_3.etf' to server 'localhost_1_8'...
            Sent 'pbs_fcopt_3 ./.pbs_mo.ece.pdx.edu_8835/pbs_fcopt_3.etf' to server 'localhost_1_8'.
          Sending 'pbs_fcopt_5 ./.pbs_mo.ece.pdx.edu_8835/pbs_fcopt_5.etf' to server 'localhost_1_14'...
            Sent 'pbs_fcopt_5 ./.pbs_mo.ece.pdx.edu_8835/pbs_fcopt_5.etf' to server 'localhost_1_14'.
          Sending 'pbs_fcopt_7 ./.pbs_mo.ece.pdx.edu_8835/pbs_fcopt_7.etf' to server 'localhost_1_13'...
            Sent 'pbs_fcopt_7 ./.pbs_mo.ece.pdx.edu_8835/pbs_fcopt_7.etf' to server 'localhost_1_13'.
          Sending 'pbs_fcopt_9 ./.pbs_mo.ece.pdx.edu_8835/pbs_fcopt_9.etf' to server 'localhost_1_11'...
            Sent 'pbs_fcopt_9 ./.pbs_mo.ece.pdx.edu_8835/pbs_fcopt_9.etf' to server 'localhost_1_11'.
          Sending 'pbs_fcopt_10 ./.pbs_mo.ece.pdx.edu_8835/pbs_fcopt_10.etf' to server 'localhost_1_10'...
            Sent 'pbs_fcopt_10 ./.pbs_mo.ece.pdx.edu_8835/pbs_fcopt_10.etf' to server 'localhost_1_10'.
          Sending 'pbs_fcopt_12 ./.pbs_mo.ece.pdx.edu_8835/pbs_fcopt_12.etf' to server 'localhost_1_9'...
            Sent 'pbs_fcopt_12 ./.pbs_mo.ece.pdx.edu_8835/pbs_fcopt_12.etf' to server 'localhost_1_9'.
          Sending 'pbs_fcopt_24 ./.pbs_mo.ece.pdx.edu_8835/pbs_fcopt_24.etf' to server 'localhost_1_12'...
            Sent 'pbs_fcopt_24 ./.pbs_mo.ece.pdx.edu_8835/pbs_fcopt_24.etf' to server 'localhost_1_12'.
          Sending 'pbs_fcopt_31 ./.pbs_mo.ece.pdx.edu_8835/pbs_fcopt_31.etf' to server 'localhost_1_0'...
            Sent 'pbs_fcopt_31 ./.pbs_mo.ece.pdx.edu_8835/pbs_fcopt_31.etf' to server 'localhost_1_0'.
          Received 'pbs_fcopt_5 ./.pbs_mo.ece.pdx.edu_8835/pbs_fcopt_5.etf' from server 'localhost_1_14'. (158496 ms elapsed)
          Sending 'pbs_fcopt_33 ./.pbs_mo.ece.pdx.edu_8835/pbs_fcopt_33.etf' to server 'localhost_1_14'...
            Sent 'pbs_fcopt_33 ./.pbs_mo.ece.pdx.edu_8835/pbs_fcopt_33.etf' to server 'localhost_1_14'.
          Received 'pbs_fcopt_10 ./.pbs_mo.ece.pdx.edu_8835/pbs_fcopt_10.etf' from server 'localhost_1_10'. (165765 ms elapsed)
          Sending 'pbs_fcopt_35 ./.pbs_mo.ece.pdx.edu_8835/pbs_fcopt_35.etf' to server 'localhost_1_10'...
            Sent 'pbs_fcopt_35 ./.pbs_mo.ece.pdx.edu_8835/pbs_fcopt_35.etf' to server 'localhost_1_10'.
          Received 'pbs_fcopt_3 ./.pbs_mo.ece.pdx.edu_8835/pbs_fcopt_3.etf' from server 'localhost_1_8'. (165767 ms elapsed)
          Sending 'pbs_fcopt_42 ./.pbs_mo.ece.pdx.edu_8835/pbs_fcopt_42.etf' to server 'localhost_1_8'...
            Sent 'pbs_fcopt_42 ./.pbs_mo.ece.pdx.edu_8835/pbs_fcopt_42.etf' to server 'localhost_1_8'.
          Received 'pbs_fcopt_12 ./.pbs_mo.ece.pdx.edu_8835/pbs_fcopt_12.etf' from server 'localhost_1_9'. (173261 ms elapsed)
          Sending 'pbs_fcopt_27 ./.pbs_mo.ece.pdx.edu_8835/pbs_fcopt_27.etf' to server 'localhost_1_9'...
            Sent 'pbs_fcopt_27 ./.pbs_mo.ece.pdx.edu_8835/pbs_fcopt_27.etf' to server 'localhost_1_9'.
          Received 'pbs_fcopt_9 ./.pbs_mo.ece.pdx.edu_8835/pbs_fcopt_9.etf' from server 'localhost_1_11'. (181336 ms elapsed)
          Sending 'pbs_fcopt_26 ./.pbs_mo.ece.pdx.edu_8835/pbs_fcopt_26.etf' to server 'localhost_1_11'...
            Sent 'pbs_fcopt_26 ./.pbs_mo.ece.pdx.edu_8835/pbs_fcopt_26.etf' to server 'localhost_1_11'.
          Received 'pbs_fcopt_7 ./.pbs_mo.ece.pdx.edu_8835/pbs_fcopt_7.etf' from server 'localhost_1_13'. (181338 ms elapsed)
          Sending 'pbs_fcopt_17 ./.pbs_mo.ece.pdx.edu_8835/pbs_fcopt_17.etf' to server 'localhost_1_13'...
            Sent 'pbs_fcopt_17 ./.pbs_mo.ece.pdx.edu_8835/pbs_fcopt_17.etf' to server 'localhost_1_13'.
          Received 'pbs_fcopt_24 ./.pbs_mo.ece.pdx.edu_8835/pbs_fcopt_24.etf' from server 'localhost_1_12'. (265936 ms elapsed)
          Sending 'pbs_fcopt_20 ./.pbs_mo.ece.pdx.edu_8835/pbs_fcopt_20.etf' to server 'localhost_1_12'...
            Sent 'pbs_fcopt_20 ./.pbs_mo.ece.pdx.edu_8835/pbs_fcopt_20.etf' to server 'localhost_1_12'.
          Received 'pbs_fcopt_31 ./.pbs_mo.ece.pdx.edu_8835/pbs_fcopt_31.etf' from server 'localhost_1_0'. (291084 ms elapsed)
       Partition:  pbs_fcopt_31 - PBS_Generic_Opt-Distributed_Read_DB - Elapsed_Time 3.00, CPU_Time 2.00
       Partition:  pbs_fcopt_31 - PBS_Generic_Opt-Distributed_Generic - Elapsed_Time 4.00, CPU_Time 5.00
       Partition:  pbs_fcopt_31 - PBS_Generic_Opt-First_Cond - Elapsed_Time 273.00, CPU_Time 204.17
       Partition:  pbs_fcopt_31 - PBS_Generic_Opt-Distributed_Prop_Const - Elapsed_Time 3.00, CPU_Time 3.00
       Partition:  pbs_fcopt_31 - PBS_Generic_Opt-Distributed_Gobble - Elapsed_Time 1.00, CPU_Time 0.00
       Partition:  pbs_fcopt_31 - PBS_Generic_Opt-Distributed_Report - Elapsed_Time 0.00, CPU_Time 0.00
       Start - Partition: pbs_fcopt_31 Slack: -157.7 TNS: 160035.6 Cell-Count: 106785 Cell-Area: 9575 
Init-Memory: 2589.24
       Done  - Partition: pbs_fcopt_31 Slack: -123.2 TNS: 107401.8 Cell-Count: 52329 Cell-Area: 6456 
Peak-Memory: 2702.75 Elapsed: 284
       Partition:  pbs_fcopt_31 - PBS_Generic_Opt-Distributed_Write_DB - Elapsed_Time 7.00, CPU_Time 8.00
       pbs_fcopt_31 - PBS_Generic_Opt-Assembly - Elapsed_Time 3, CPU_Time 3.0
       Partition:  pbs_fcopt_31 - Runtime taken by the partition - Elapsed_Time 291.00, CPU_Time 222.17
       Partition:  pbs_fcopt_24 - PBS_Generic_Opt-Distributed_Read_DB - Elapsed_Time 3.00, CPU_Time 3.00
       Partition:  pbs_fcopt_24 - PBS_Generic_Opt-Distributed_Generic - Elapsed_Time 6.00, CPU_Time 6.00
       Partition:  pbs_fcopt_24 - PBS_Generic_Opt-First_Cond - Elapsed_Time 246.00, CPU_Time 200.54
       Partition:  pbs_fcopt_24 - PBS_Generic_Opt-Distributed_Prop_Const - Elapsed_Time 5.00, CPU_Time 5.00
       Partition:  pbs_fcopt_24 - PBS_Generic_Opt-Distributed_Gobble - Elapsed_Time 0.00, CPU_Time 0.00
       Partition:  pbs_fcopt_24 - PBS_Generic_Opt-Distributed_Report - Elapsed_Time 0.00, CPU_Time 0.00
       Start - Partition: pbs_fcopt_24 Slack: -157.7 TNS: 160131.6 Cell-Count: 106785 Cell-Area: 9576 
Init-Memory: 2525.21
       Done  - Partition: pbs_fcopt_24 Slack: -123.2 TNS: 106946.4 Cell-Count: 52321 Cell-Area: 6456 
Peak-Memory: 2610.20 Elapsed: 260
       Partition:  pbs_fcopt_24 - PBS_Generic_Opt-Distributed_Write_DB - Elapsed_Time 6.00, CPU_Time 6.00
       pbs_fcopt_24 - PBS_Generic_Opt-Assembly - Elapsed_Time 3, CPU_Time 3.0
       Partition:  pbs_fcopt_24 - Runtime taken by the partition - Elapsed_Time 266.00, CPU_Time 220.54
       Partition:  pbs_fcopt_12 - PBS_Generic_Opt-Distributed_Read_DB - Elapsed_Time 4.00, CPU_Time 4.00
       Partition:  pbs_fcopt_12 - PBS_Generic_Opt-Distributed_Generic - Elapsed_Time 7.00, CPU_Time 7.00
       Partition:  pbs_fcopt_12 - PBS_Generic_Opt-First_Cond - Elapsed_Time 142.00, CPU_Time 139.96
       Partition:  pbs_fcopt_12 - PBS_Generic_Opt-Distributed_Prop_Const - Elapsed_Time 3.00, CPU_Time 3.00
       Partition:  pbs_fcopt_12 - PBS_Generic_Opt-Distributed_Gobble - Elapsed_Time 0.00, CPU_Time 1.00
       Partition:  pbs_fcopt_12 - PBS_Generic_Opt-Distributed_Report - Elapsed_Time 0.00, CPU_Time 0.00
       Start - Partition: pbs_fcopt_12 Slack: 5.0 TNS: 0.0 Cell-Count: 109305 Cell-Area: 15648 
Init-Memory: 2528.78
       Done  - Partition: pbs_fcopt_12 Slack: 5.0 TNS: 0.0 Cell-Count: 109305 Cell-Area: 15648 
Peak-Memory: 2880.22 Elapsed: 156
       Partition:  pbs_fcopt_12 - PBS_Generic_Opt-Distributed_Write_DB - Elapsed_Time 16.00, CPU_Time 16.00
       pbs_fcopt_12 - PBS_Generic_Opt-Assembly - Elapsed_Time 9, CPU_Time 8.0
       Partition:  pbs_fcopt_12 - Runtime taken by the partition - Elapsed_Time 172.00, CPU_Time 170.96
       Partition:  pbs_fcopt_10 - PBS_Generic_Opt-Distributed_Read_DB - Elapsed_Time 5.00, CPU_Time 4.00
       Partition:  pbs_fcopt_10 - PBS_Generic_Opt-Distributed_Generic - Elapsed_Time 6.00, CPU_Time 7.00
       Partition:  pbs_fcopt_10 - PBS_Generic_Opt-First_Cond - Elapsed_Time 137.00, CPU_Time 137.55
       Partition:  pbs_fcopt_10 - PBS_Generic_Opt-Distributed_Prop_Const - Elapsed_Time 3.00, CPU_Time 3.00
       Partition:  pbs_fcopt_10 - PBS_Generic_Opt-Distributed_Gobble - Elapsed_Time 1.00, CPU_Time 0.00
       Partition:  pbs_fcopt_10 - PBS_Generic_Opt-Distributed_Report - Elapsed_Time 0.00, CPU_Time 0.00
       Start - Partition: pbs_fcopt_10 Slack: 5.0 TNS: 0.0 Cell-Count: 109305 Cell-Area: 15647 
Init-Memory: 2528.79
       Done  - Partition: pbs_fcopt_10 Slack: 5.0 TNS: 0.0 Cell-Count: 109307 Cell-Area: 15647 
Peak-Memory: 2879.61 Elapsed: 152
       Partition:  pbs_fcopt_10 - PBS_Generic_Opt-Distributed_Write_DB - Elapsed_Time 13.00, CPU_Time 14.00
       pbs_fcopt_10 - PBS_Generic_Opt-Assembly - Elapsed_Time 7, CPU_Time 8.0
       Partition:  pbs_fcopt_10 - Runtime taken by the partition - Elapsed_Time 165.00, CPU_Time 165.55
       Partition:  pbs_fcopt_9 - PBS_Generic_Opt-Distributed_Read_DB - Elapsed_Time 5.00, CPU_Time 4.00
       Partition:  pbs_fcopt_9 - PBS_Generic_Opt-Distributed_Generic - Elapsed_Time 6.00, CPU_Time 7.00
       Partition:  pbs_fcopt_9 - PBS_Generic_Opt-First_Cond - Elapsed_Time 153.00, CPU_Time 147.23
       Partition:  pbs_fcopt_9 - PBS_Generic_Opt-Distributed_Prop_Const - Elapsed_Time 3.00, CPU_Time 3.00
       Partition:  pbs_fcopt_9 - PBS_Generic_Opt-Distributed_Gobble - Elapsed_Time 0.00, CPU_Time 0.00
       Partition:  pbs_fcopt_9 - PBS_Generic_Opt-Distributed_Report - Elapsed_Time 0.00, CPU_Time 0.00
       Start - Partition: pbs_fcopt_9 Slack: 5.0 TNS: 0.0 Cell-Count: 109305 Cell-Area: 15648 
Init-Memory: 2528.79
       Done  - Partition: pbs_fcopt_9 Slack: 5.0 TNS: 0.0 Cell-Count: 109305 Cell-Area: 15648 
Peak-Memory: 2878.11 Elapsed: 167
       Partition:  pbs_fcopt_9 - PBS_Generic_Opt-Distributed_Write_DB - Elapsed_Time 13.00, CPU_Time 14.00
       pbs_fcopt_9 - PBS_Generic_Opt-Assembly - Elapsed_Time 7, CPU_Time 7.0
       Partition:  pbs_fcopt_9 - Runtime taken by the partition - Elapsed_Time 180.00, CPU_Time 175.23
       Partition:  pbs_fcopt_7 - PBS_Generic_Opt-Distributed_Read_DB - Elapsed_Time 4.00, CPU_Time 4.00
       Partition:  pbs_fcopt_7 - PBS_Generic_Opt-Distributed_Generic - Elapsed_Time 7.00, CPU_Time 7.00
       Partition:  pbs_fcopt_7 - PBS_Generic_Opt-First_Cond - Elapsed_Time 149.00, CPU_Time 143.83
       Partition:  pbs_fcopt_7 - PBS_Generic_Opt-Distributed_Prop_Const - Elapsed_Time 3.00, CPU_Time 3.00
       Partition:  pbs_fcopt_7 - PBS_Generic_Opt-Distributed_Gobble - Elapsed_Time 0.00, CPU_Time 0.00
       Partition:  pbs_fcopt_7 - PBS_Generic_Opt-Distributed_Report - Elapsed_Time 0.00, CPU_Time 0.00
       Start - Partition: pbs_fcopt_7 Slack: 5.0 TNS: 0.0 Cell-Count: 109305 Cell-Area: 15648 
Init-Memory: 2528.86
       Done  - Partition: pbs_fcopt_7 Slack: 5.0 TNS: 0.0 Cell-Count: 109305 Cell-Area: 15648 
Peak-Memory: 2883.18 Elapsed: 163
       Partition:  pbs_fcopt_7 - PBS_Generic_Opt-Distributed_Write_DB - Elapsed_Time 13.00, CPU_Time 13.00
       pbs_fcopt_7 - PBS_Generic_Opt-Assembly - Elapsed_Time 9, CPU_Time 8.0
       Partition:  pbs_fcopt_7 - Runtime taken by the partition - Elapsed_Time 176.00, CPU_Time 170.83
       Partition:  pbs_fcopt_5 - PBS_Generic_Opt-Distributed_Read_DB - Elapsed_Time 4.00, CPU_Time 4.00
       Partition:  pbs_fcopt_5 - PBS_Generic_Opt-Distributed_Generic - Elapsed_Time 7.00, CPU_Time 7.00
       Partition:  pbs_fcopt_5 - PBS_Generic_Opt-First_Cond - Elapsed_Time 130.00, CPU_Time 130.00
       Partition:  pbs_fcopt_5 - PBS_Generic_Opt-Distributed_Prop_Const - Elapsed_Time 3.00, CPU_Time 3.00
       Partition:  pbs_fcopt_5 - PBS_Generic_Opt-Distributed_Gobble - Elapsed_Time 0.00, CPU_Time 0.00
       Partition:  pbs_fcopt_5 - PBS_Generic_Opt-Distributed_Report - Elapsed_Time 0.00, CPU_Time 0.00
       Start - Partition: pbs_fcopt_5 Slack: 5.0 TNS: 0.0 Cell-Count: 109305 Cell-Area: 15647 
Init-Memory: 2527.81
       Done  - Partition: pbs_fcopt_5 Slack: 5.0 TNS: 0.0 Cell-Count: 109309 Cell-Area: 15647 
Peak-Memory: 2879.88 Elapsed: 144
       Partition:  pbs_fcopt_5 - PBS_Generic_Opt-Distributed_Write_DB - Elapsed_Time 14.00, CPU_Time 14.00
       pbs_fcopt_5 - PBS_Generic_Opt-Assembly - Elapsed_Time 8, CPU_Time 9.0
       Partition:  pbs_fcopt_5 - Runtime taken by the partition - Elapsed_Time 158.00, CPU_Time 158.00
       Partition:  pbs_fcopt_3 - PBS_Generic_Opt-Distributed_Read_DB - Elapsed_Time 5.00, CPU_Time 4.00
       Partition:  pbs_fcopt_3 - PBS_Generic_Opt-Distributed_Generic - Elapsed_Time 7.00, CPU_Time 8.00
       Partition:  pbs_fcopt_3 - PBS_Generic_Opt-First_Cond - Elapsed_Time 132.00, CPU_Time 133.42
       Partition:  pbs_fcopt_3 - PBS_Generic_Opt-Distributed_Prop_Const - Elapsed_Time 3.00, CPU_Time 2.00
       Partition:  pbs_fcopt_3 - PBS_Generic_Opt-Distributed_Gobble - Elapsed_Time 0.00, CPU_Time 1.00
       Partition:  pbs_fcopt_3 - PBS_Generic_Opt-Distributed_Report - Elapsed_Time 0.00, CPU_Time 0.00
       Start - Partition: pbs_fcopt_3 Slack: 5.0 TNS: 0.0 Cell-Count: 109305 Cell-Area: 15647 
Init-Memory: 2531.70
       Done  - Partition: pbs_fcopt_3 Slack: 5.0 TNS: 0.0 Cell-Count: 109307 Cell-Area: 15647 
Peak-Memory: 2918.11 Elapsed: 147
       Partition:  pbs_fcopt_3 - PBS_Generic_Opt-Distributed_Write_DB - Elapsed_Time 15.00, CPU_Time 15.00
       pbs_fcopt_3 - PBS_Generic_Opt-Assembly - Elapsed_Time 8, CPU_Time 8.0
       Partition:  pbs_fcopt_3 - Runtime taken by the partition - Elapsed_Time 162.00, CPU_Time 163.42
          Sending 'pbs_fcopt_22 ./.pbs_mo.ece.pdx.edu_8835/pbs_fcopt_22.etf' to server 'localhost_1_0'...
            Sent 'pbs_fcopt_22 ./.pbs_mo.ece.pdx.edu_8835/pbs_fcopt_22.etf' to server 'localhost_1_0'.
          Received 'pbs_fcopt_33 ./.pbs_mo.ece.pdx.edu_8835/pbs_fcopt_33.etf' from server 'localhost_1_14'. (258427 ms elapsed)
       Partition:  pbs_fcopt_33 - PBS_Generic_Opt-Distributed_Read_DB - Elapsed_Time 1.00, CPU_Time 2.00
       Partition:  pbs_fcopt_33 - PBS_Generic_Opt-Distributed_Generic - Elapsed_Time 5.00, CPU_Time 5.00
       Partition:  pbs_fcopt_33 - PBS_Generic_Opt-First_Cond - Elapsed_Time 242.00, CPU_Time 214.55
       Partition:  pbs_fcopt_33 - PBS_Generic_Opt-Distributed_Prop_Const - Elapsed_Time 4.00, CPU_Time 4.00
       Partition:  pbs_fcopt_33 - PBS_Generic_Opt-Distributed_Gobble - Elapsed_Time 0.00, CPU_Time 0.00
       Partition:  pbs_fcopt_33 - PBS_Generic_Opt-Distributed_Report - Elapsed_Time 0.00, CPU_Time 0.00
       Start - Partition: pbs_fcopt_33 Slack: -157.7 TNS: 160035.6 Cell-Count: 106785 Cell-Area: 9575 
Init-Memory: 2873.83
       Done  - Partition: pbs_fcopt_33 Slack: -123.2 TNS: 107401.8 Cell-Count: 52329 Cell-Area: 6456 
Peak-Memory: 2935.91 Elapsed: 252
       Partition:  pbs_fcopt_33 - PBS_Generic_Opt-Distributed_Write_DB - Elapsed_Time 6.00, CPU_Time 6.00
       pbs_fcopt_33 - PBS_Generic_Opt-Assembly - Elapsed_Time 4, CPU_Time 4.0
       Partition:  pbs_fcopt_33 - Runtime taken by the partition - Elapsed_Time 258.00, CPU_Time 231.55
          Sending 'pbs_fcopt_36 ./.pbs_mo.ece.pdx.edu_8835/pbs_fcopt_36.etf' to server 'localhost_1_14'...
            Sent 'pbs_fcopt_36 ./.pbs_mo.ece.pdx.edu_8835/pbs_fcopt_36.etf' to server 'localhost_1_14'.
          Received 'pbs_fcopt_42 ./.pbs_mo.ece.pdx.edu_8835/pbs_fcopt_42.etf' from server 'localhost_1_8'. (269280 ms elapsed)
          Sending 'pbs_fcopt_21 ./.pbs_mo.ece.pdx.edu_8835/pbs_fcopt_21.etf' to server 'localhost_1_8'...
            Sent 'pbs_fcopt_21 ./.pbs_mo.ece.pdx.edu_8835/pbs_fcopt_21.etf' to server 'localhost_1_8'.
          Received 'pbs_fcopt_35 ./.pbs_mo.ece.pdx.edu_8835/pbs_fcopt_35.etf' from server 'localhost_1_10'. (276281 ms elapsed)
       Partition:  pbs_fcopt_35 - PBS_Generic_Opt-Distributed_Read_DB - Elapsed_Time 3.00, CPU_Time 3.00
       Partition:  pbs_fcopt_35 - PBS_Generic_Opt-Distributed_Generic - Elapsed_Time 4.00, CPU_Time 5.00
       Partition:  pbs_fcopt_35 - PBS_Generic_Opt-First_Cond - Elapsed_Time 259.00, CPU_Time 225.49
       Partition:  pbs_fcopt_35 - PBS_Generic_Opt-Distributed_Prop_Const - Elapsed_Time 4.00, CPU_Time 3.00
       Partition:  pbs_fcopt_35 - PBS_Generic_Opt-Distributed_Gobble - Elapsed_Time 0.00, CPU_Time 1.00
       Partition:  pbs_fcopt_35 - PBS_Generic_Opt-Distributed_Report - Elapsed_Time 0.00, CPU_Time 0.00
       Start - Partition: pbs_fcopt_35 Slack: -157.7 TNS: 160275.6 Cell-Count: 106776 Cell-Area: 9576 
Init-Memory: 2873.56
       Done  - Partition: pbs_fcopt_35 Slack: -123.2 TNS: 105439.8 Cell-Count: 52331 Cell-Area: 6455 
Peak-Memory: 2935.63 Elapsed: 270
       Partition:  pbs_fcopt_35 - PBS_Generic_Opt-Distributed_Write_DB - Elapsed_Time 6.00, CPU_Time 6.00
       pbs_fcopt_35 - PBS_Generic_Opt-Assembly - Elapsed_Time 4, CPU_Time 4.0
       Partition:  pbs_fcopt_35 - Runtime taken by the partition - Elapsed_Time 276.00, CPU_Time 243.49
       Partition:  pbs_fcopt_42 - PBS_Generic_Opt-Distributed_Read_DB - Elapsed_Time 2.00, CPU_Time 2.00
       Partition:  pbs_fcopt_42 - PBS_Generic_Opt-Distributed_Generic - Elapsed_Time 4.00, CPU_Time 5.00
       Partition:  pbs_fcopt_42 - PBS_Generic_Opt-First_Cond - Elapsed_Time 253.00, CPU_Time 225.25
       Partition:  pbs_fcopt_42 - PBS_Generic_Opt-Distributed_Prop_Const - Elapsed_Time 4.00, CPU_Time 4.00
       Partition:  pbs_fcopt_42 - PBS_Generic_Opt-Distributed_Gobble - Elapsed_Time 0.00, CPU_Time 0.00
       Partition:  pbs_fcopt_42 - PBS_Generic_Opt-Distributed_Report - Elapsed_Time 0.00, CPU_Time 0.00
       Start - Partition: pbs_fcopt_42 Slack: -157.7 TNS: 160275.6 Cell-Count: 106776 Cell-Area: 9576 
Init-Memory: 2912.07
       Done  - Partition: pbs_fcopt_42 Slack: -123.2 TNS: 105449.2 Cell-Count: 52330 Cell-Area: 6455 
Peak-Memory: 2974.14 Elapsed: 263
       Partition:  pbs_fcopt_42 - PBS_Generic_Opt-Distributed_Write_DB - Elapsed_Time 6.00, CPU_Time 6.00
       pbs_fcopt_42 - PBS_Generic_Opt-Assembly - Elapsed_Time 3, CPU_Time 3.0
       Partition:  pbs_fcopt_42 - Runtime taken by the partition - Elapsed_Time 269.00, CPU_Time 242.25
          Sending 'pbs_fcopt_39 ./.pbs_mo.ece.pdx.edu_8835/pbs_fcopt_39.etf' to server 'localhost_1_10'...
            Sent 'pbs_fcopt_39 ./.pbs_mo.ece.pdx.edu_8835/pbs_fcopt_39.etf' to server 'localhost_1_10'.
          Received 'pbs_fcopt_27 ./.pbs_mo.ece.pdx.edu_8835/pbs_fcopt_27.etf' from server 'localhost_1_9'. (280969 ms elapsed)
       Partition:  pbs_fcopt_27 - PBS_Generic_Opt-Distributed_Read_DB - Elapsed_Time 3.00, CPU_Time 3.00
       Partition:  pbs_fcopt_27 - PBS_Generic_Opt-Distributed_Generic - Elapsed_Time 5.00, CPU_Time 5.00
       Partition:  pbs_fcopt_27 - PBS_Generic_Opt-First_Cond - Elapsed_Time 264.00, CPU_Time 214.26
       Partition:  pbs_fcopt_27 - PBS_Generic_Opt-Distributed_Prop_Const - Elapsed_Time 3.00, CPU_Time 3.00
       Partition:  pbs_fcopt_27 - PBS_Generic_Opt-Distributed_Gobble - Elapsed_Time 0.00, CPU_Time 1.00
       Partition:  pbs_fcopt_27 - PBS_Generic_Opt-Distributed_Report - Elapsed_Time 0.00, CPU_Time 0.00
       Start - Partition: pbs_fcopt_27 Slack: -157.7 TNS: 160275.6 Cell-Count: 106776 Cell-Area: 9576 
Init-Memory: 2874.18
       Done  - Partition: pbs_fcopt_27 Slack: -123.2 TNS: 105449.2 Cell-Count: 52330 Cell-Area: 6455 
Peak-Memory: 2936.25 Elapsed: 275
       Partition:  pbs_fcopt_27 - PBS_Generic_Opt-Distributed_Write_DB - Elapsed_Time 6.00, CPU_Time 6.00
       pbs_fcopt_27 - PBS_Generic_Opt-Assembly - Elapsed_Time 4, CPU_Time 4.0
       Partition:  pbs_fcopt_27 - Runtime taken by the partition - Elapsed_Time 281.00, CPU_Time 232.26
          Sending 'pbs_fcopt_19 ./.pbs_mo.ece.pdx.edu_8835/pbs_fcopt_19.etf' to server 'localhost_1_9'...
            Sent 'pbs_fcopt_19 ./.pbs_mo.ece.pdx.edu_8835/pbs_fcopt_19.etf' to server 'localhost_1_9'.
          Received 'pbs_fcopt_26 ./.pbs_mo.ece.pdx.edu_8835/pbs_fcopt_26.etf' from server 'localhost_1_11'. (276980 ms elapsed)
       Partition:  pbs_fcopt_26 - PBS_Generic_Opt-Distributed_Read_DB - Elapsed_Time 2.00, CPU_Time 3.00
       Partition:  pbs_fcopt_26 - PBS_Generic_Opt-Distributed_Generic - Elapsed_Time 4.00, CPU_Time 4.00
       Partition:  pbs_fcopt_26 - PBS_Generic_Opt-First_Cond - Elapsed_Time 260.00, CPU_Time 220.01
       Partition:  pbs_fcopt_26 - PBS_Generic_Opt-Distributed_Prop_Const - Elapsed_Time 4.00, CPU_Time 3.00
       Partition:  pbs_fcopt_26 - PBS_Generic_Opt-Distributed_Gobble - Elapsed_Time 0.00, CPU_Time 0.00
       Partition:  pbs_fcopt_26 - PBS_Generic_Opt-Distributed_Report - Elapsed_Time 0.00, CPU_Time 0.00
       Start - Partition: pbs_fcopt_26 Slack: -157.7 TNS: 160275.6 Cell-Count: 106776 Cell-Area: 9576 
Init-Memory: 2872.06
       Done  - Partition: pbs_fcopt_26 Slack: -123.2 TNS: 106002.6 Cell-Count: 52323 Cell-Area: 6455 
Peak-Memory: 2934.13 Elapsed: 270
       Partition:  pbs_fcopt_26 - PBS_Generic_Opt-Distributed_Write_DB - Elapsed_Time 6.00, CPU_Time 6.00
       pbs_fcopt_26 - PBS_Generic_Opt-Assembly - Elapsed_Time 3, CPU_Time 3.0
       Partition:  pbs_fcopt_26 - Runtime taken by the partition - Elapsed_Time 276.00, CPU_Time 236.01
          Sending 'pbs_fcopt_37 ./.pbs_mo.ece.pdx.edu_8835/pbs_fcopt_37.etf' to server 'localhost_1_11'...
            Sent 'pbs_fcopt_37 ./.pbs_mo.ece.pdx.edu_8835/pbs_fcopt_37.etf' to server 'localhost_1_11'.
          Received 'pbs_fcopt_17 ./.pbs_mo.ece.pdx.edu_8835/pbs_fcopt_17.etf' from server 'localhost_1_13'. (289493 ms elapsed)
       Partition:  pbs_fcopt_17 - PBS_Generic_Opt-Distributed_Read_DB - Elapsed_Time 2.00, CPU_Time 3.00
       Partition:  pbs_fcopt_17 - PBS_Generic_Opt-Distributed_Generic - Elapsed_Time 5.00, CPU_Time 4.00
       Partition:  pbs_fcopt_17 - PBS_Generic_Opt-First_Cond - Elapsed_Time 268.00, CPU_Time 231.52
       Partition:  pbs_fcopt_17 - PBS_Generic_Opt-Distributed_Prop_Const - Elapsed_Time 4.00, CPU_Time 4.00
       Partition:  pbs_fcopt_17 - PBS_Generic_Opt-Distributed_Gobble - Elapsed_Time 0.00, CPU_Time 0.00
       Partition:  pbs_fcopt_17 - PBS_Generic_Opt-Distributed_Report - Elapsed_Time 0.00, CPU_Time 0.00
       Start - Partition: pbs_fcopt_17 Slack: -157.7 TNS: 160275.6 Cell-Count: 106776 Cell-Area: 9576 
Init-Memory: 2877.13
       Done  - Partition: pbs_fcopt_17 Slack: -123.2 TNS: 106518.4 Cell-Count: 52320 Cell-Area: 6455 
Peak-Memory: 2939.20 Elapsed: 279
       Partition:  pbs_fcopt_17 - PBS_Generic_Opt-Distributed_Write_DB - Elapsed_Time 5.00, CPU_Time 6.00
       pbs_fcopt_17 - PBS_Generic_Opt-Assembly - Elapsed_Time 4, CPU_Time 4.0
       Partition:  pbs_fcopt_17 - Runtime taken by the partition - Elapsed_Time 284.00, CPU_Time 248.52
          Sending 'pbs_fcopt_28 ./.pbs_mo.ece.pdx.edu_8835/pbs_fcopt_28.etf' to server 'localhost_1_13'...
            Sent 'pbs_fcopt_28 ./.pbs_mo.ece.pdx.edu_8835/pbs_fcopt_28.etf' to server 'localhost_1_13'.
          Received 'pbs_fcopt_20 ./.pbs_mo.ece.pdx.edu_8835/pbs_fcopt_20.etf' from server 'localhost_1_12'. (245672 ms elapsed)
       Partition:  pbs_fcopt_20 - PBS_Generic_Opt-Distributed_Read_DB - Elapsed_Time 2.00, CPU_Time 2.00
       Partition:  pbs_fcopt_20 - PBS_Generic_Opt-Distributed_Generic - Elapsed_Time 4.00, CPU_Time 5.00
       Partition:  pbs_fcopt_20 - PBS_Generic_Opt-First_Cond - Elapsed_Time 230.00, CPU_Time 200.27
       Partition:  pbs_fcopt_20 - PBS_Generic_Opt-Distributed_Prop_Const - Elapsed_Time 3.00, CPU_Time 3.00
       Partition:  pbs_fcopt_20 - PBS_Generic_Opt-Distributed_Gobble - Elapsed_Time 0.00, CPU_Time 0.00
       Partition:  pbs_fcopt_20 - PBS_Generic_Opt-Distributed_Report - Elapsed_Time 0.00, CPU_Time 0.00
       Start - Partition: pbs_fcopt_20 Slack: -157.7 TNS: 160275.6 Cell-Count: 106776 Cell-Area: 9576 
Init-Memory: 2624.20
       Done  - Partition: pbs_fcopt_20 Slack: -123.2 TNS: 105449.2 Cell-Count: 52330 Cell-Area: 6455 
Peak-Memory: 2658.22 Elapsed: 239
       Partition:  pbs_fcopt_20 - PBS_Generic_Opt-Distributed_Write_DB - Elapsed_Time 5.00, CPU_Time 6.00
       pbs_fcopt_20 - PBS_Generic_Opt-Assembly - Elapsed_Time 4, CPU_Time 4.0
       Partition:  pbs_fcopt_20 - Runtime taken by the partition - Elapsed_Time 244.00, CPU_Time 216.27
          Sending 'pbs_fcopt_18 ./.pbs_mo.ece.pdx.edu_8835/pbs_fcopt_18.etf' to server 'localhost_1_12'...
            Sent 'pbs_fcopt_18 ./.pbs_mo.ece.pdx.edu_8835/pbs_fcopt_18.etf' to server 'localhost_1_12'.
          Received 'pbs_fcopt_22 ./.pbs_mo.ece.pdx.edu_8835/pbs_fcopt_22.etf' from server 'localhost_1_0'. (215273 ms elapsed)
       Partition:  pbs_fcopt_22 - PBS_Generic_Opt-Distributed_Read_DB - Elapsed_Time 3.00, CPU_Time 2.00
       Partition:  pbs_fcopt_22 - PBS_Generic_Opt-Distributed_Generic - Elapsed_Time 4.00, CPU_Time 5.00
       Partition:  pbs_fcopt_22 - PBS_Generic_Opt-First_Cond - Elapsed_Time 195.00, CPU_Time 189.44
       Partition:  pbs_fcopt_22 - PBS_Generic_Opt-Distributed_Prop_Const - Elapsed_Time 4.00, CPU_Time 4.00
       Partition:  pbs_fcopt_22 - PBS_Generic_Opt-Distributed_Gobble - Elapsed_Time 0.00, CPU_Time 0.00
       Partition:  pbs_fcopt_22 - PBS_Generic_Opt-Distributed_Report - Elapsed_Time 0.00, CPU_Time 0.00
       Start - Partition: pbs_fcopt_22 Slack: -157.7 TNS: 160275.6 Cell-Count: 106776 Cell-Area: 9576 
Init-Memory: 2620.20
       Done  - Partition: pbs_fcopt_22 Slack: -123.2 TNS: 106002.6 Cell-Count: 52323 Cell-Area: 6455 
Peak-Memory: 2702.75 Elapsed: 206
       Partition:  pbs_fcopt_22 - PBS_Generic_Opt-Distributed_Write_DB - Elapsed_Time 8.00, CPU_Time 7.00
       pbs_fcopt_22 - PBS_Generic_Opt-Assembly - Elapsed_Time 5, CPU_Time 4.0
       Partition:  pbs_fcopt_22 - Runtime taken by the partition - Elapsed_Time 214.00, CPU_Time 207.44
          Sending 'pbs_fcopt_15 ./.pbs_mo.ece.pdx.edu_8835/pbs_fcopt_15.etf' to server 'localhost_1_0'...
            Sent 'pbs_fcopt_15 ./.pbs_mo.ece.pdx.edu_8835/pbs_fcopt_15.etf' to server 'localhost_1_0'.
          Received 'pbs_fcopt_36 ./.pbs_mo.ece.pdx.edu_8835/pbs_fcopt_36.etf' from server 'localhost_1_14'. (268877 ms elapsed)
       Partition:  pbs_fcopt_36 - PBS_Generic_Opt-Distributed_Read_DB - Elapsed_Time 2.00, CPU_Time 1.00
       Partition:  pbs_fcopt_36 - PBS_Generic_Opt-Distributed_Generic - Elapsed_Time 4.00, CPU_Time 5.00
       Partition:  pbs_fcopt_36 - PBS_Generic_Opt-First_Cond - Elapsed_Time 253.00, CPU_Time 227.46
       Partition:  pbs_fcopt_36 - PBS_Generic_Opt-Distributed_Prop_Const - Elapsed_Time 4.00, CPU_Time 4.00
       Partition:  pbs_fcopt_36 - PBS_Generic_Opt-Distributed_Gobble - Elapsed_Time 0.00, CPU_Time 0.00
       Partition:  pbs_fcopt_36 - PBS_Generic_Opt-Distributed_Report - Elapsed_Time 0.00, CPU_Time 0.00
       Start - Partition: pbs_fcopt_36 Slack: -157.7 TNS: 160275.6 Cell-Count: 106776 Cell-Area: 9576 
Init-Memory: 2674.96
       Done  - Partition: pbs_fcopt_36 Slack: -123.2 TNS: 106556.0 Cell-Count: 52316 Cell-Area: 6455 
Peak-Memory: 2935.91 Elapsed: 263
       Partition:  pbs_fcopt_36 - PBS_Generic_Opt-Distributed_Write_DB - Elapsed_Time 5.00, CPU_Time 6.00
       pbs_fcopt_36 - PBS_Generic_Opt-Assembly - Elapsed_Time 4, CPU_Time 5.0
       Partition:  pbs_fcopt_36 - Runtime taken by the partition - Elapsed_Time 268.00, CPU_Time 243.46
          Sending 'pbs_fcopt_34 ./.pbs_mo.ece.pdx.edu_8835/pbs_fcopt_34.etf' to server 'localhost_1_14'...
            Sent 'pbs_fcopt_34 ./.pbs_mo.ece.pdx.edu_8835/pbs_fcopt_34.etf' to server 'localhost_1_14'.
          Received 'pbs_fcopt_39 ./.pbs_mo.ece.pdx.edu_8835/pbs_fcopt_39.etf' from server 'localhost_1_10'. (268915 ms elapsed)
          Sending 'pbs_fcopt_16 ./.pbs_mo.ece.pdx.edu_8835/pbs_fcopt_16.etf' to server 'localhost_1_10'...
            Sent 'pbs_fcopt_16 ./.pbs_mo.ece.pdx.edu_8835/pbs_fcopt_16.etf' to server 'localhost_1_10'.
          Received 'pbs_fcopt_21 ./.pbs_mo.ece.pdx.edu_8835/pbs_fcopt_21.etf' from server 'localhost_1_8'. (283828 ms elapsed)
       Partition:  pbs_fcopt_21 - PBS_Generic_Opt-Distributed_Read_DB - Elapsed_Time 2.00, CPU_Time 2.00
       Partition:  pbs_fcopt_21 - PBS_Generic_Opt-Distributed_Generic - Elapsed_Time 4.00, CPU_Time 5.00
       Partition:  pbs_fcopt_21 - PBS_Generic_Opt-First_Cond - Elapsed_Time 268.00, CPU_Time 234.65
       Partition:  pbs_fcopt_21 - PBS_Generic_Opt-Distributed_Prop_Const - Elapsed_Time 4.00, CPU_Time 3.00
       Partition:  pbs_fcopt_21 - PBS_Generic_Opt-Distributed_Gobble - Elapsed_Time 0.00, CPU_Time 0.00
       Partition:  pbs_fcopt_21 - PBS_Generic_Opt-Distributed_Report - Elapsed_Time 0.00, CPU_Time 0.00
       Start - Partition: pbs_fcopt_21 Slack: -157.7 TNS: 160275.6 Cell-Count: 106776 Cell-Area: 9576 
Init-Memory: 2690.19
       Done  - Partition: pbs_fcopt_21 Slack: -123.2 TNS: 106002.6 Cell-Count: 52323 Cell-Area: 6455 
Peak-Memory: 2974.14 Elapsed: 278
       Partition:  pbs_fcopt_21 - PBS_Generic_Opt-Distributed_Write_DB - Elapsed_Time 6.00, CPU_Time 6.00
       pbs_fcopt_21 - PBS_Generic_Opt-Assembly - Elapsed_Time 4, CPU_Time 4.0
       Partition:  pbs_fcopt_21 - Runtime taken by the partition - Elapsed_Time 284.00, CPU_Time 250.65
       Partition:  pbs_fcopt_39 - PBS_Generic_Opt-Distributed_Read_DB - Elapsed_Time 3.00, CPU_Time 3.00
       Partition:  pbs_fcopt_39 - PBS_Generic_Opt-Distributed_Generic - Elapsed_Time 4.00, CPU_Time 5.00
       Partition:  pbs_fcopt_39 - PBS_Generic_Opt-First_Cond - Elapsed_Time 248.00, CPU_Time 221.44
       Partition:  pbs_fcopt_39 - PBS_Generic_Opt-Distributed_Prop_Const - Elapsed_Time 4.00, CPU_Time 3.00
       Partition:  pbs_fcopt_39 - PBS_Generic_Opt-Distributed_Gobble - Elapsed_Time 0.00, CPU_Time 0.00
       Partition:  pbs_fcopt_39 - PBS_Generic_Opt-Distributed_Report - Elapsed_Time 0.00, CPU_Time 0.00
       Start - Partition: pbs_fcopt_39 Slack: -157.7 TNS: 155583.5 Cell-Count: 103819 Cell-Area: 9309 
Init-Memory: 2662.68
       Done  - Partition: pbs_fcopt_39 Slack: -123.2 TNS: 104503.4 Cell-Count: 50875 Cell-Area: 6277 
Peak-Memory: 2935.63 Elapsed: 259
       Partition:  pbs_fcopt_39 - PBS_Generic_Opt-Distributed_Write_DB - Elapsed_Time 6.00, CPU_Time 6.00
       pbs_fcopt_39 - PBS_Generic_Opt-Assembly - Elapsed_Time 3, CPU_Time 3.0
       Partition:  pbs_fcopt_39 - Runtime taken by the partition - Elapsed_Time 265.00, CPU_Time 238.44
          Sending 'pbs_fcopt_30 ./.pbs_mo.ece.pdx.edu_8835/pbs_fcopt_30.etf' to server 'localhost_1_8'...
            Sent 'pbs_fcopt_30 ./.pbs_mo.ece.pdx.edu_8835/pbs_fcopt_30.etf' to server 'localhost_1_8'.
          Received 'pbs_fcopt_19 ./.pbs_mo.ece.pdx.edu_8835/pbs_fcopt_19.etf' from server 'localhost_1_9'. (267549 ms elapsed)
       Partition:  pbs_fcopt_19 - PBS_Generic_Opt-Distributed_Read_DB - Elapsed_Time 3.00, CPU_Time 3.00
       Partition:  pbs_fcopt_19 - PBS_Generic_Opt-Distributed_Generic - Elapsed_Time 4.00, CPU_Time 5.00
       Partition:  pbs_fcopt_19 - PBS_Generic_Opt-First_Cond - Elapsed_Time 249.00, CPU_Time 225.21
       Partition:  pbs_fcopt_19 - PBS_Generic_Opt-Distributed_Prop_Const - Elapsed_Time 4.00, CPU_Time 4.00
       Partition:  pbs_fcopt_19 - PBS_Generic_Opt-Distributed_Gobble - Elapsed_Time 0.00, CPU_Time 0.00
       Partition:  pbs_fcopt_19 - PBS_Generic_Opt-Distributed_Report - Elapsed_Time 0.00, CPU_Time 0.00
       Start - Partition: pbs_fcopt_19 Slack: -157.7 TNS: 155583.5 Cell-Count: 103819 Cell-Area: 9309 
Init-Memory: 2673.30
       Done  - Partition: pbs_fcopt_19 Slack: -123.2 TNS: 104503.4 Cell-Count: 50875 Cell-Area: 6277 
Peak-Memory: 2936.25 Elapsed: 260
       Partition:  pbs_fcopt_19 - PBS_Generic_Opt-Distributed_Write_DB - Elapsed_Time 5.00, CPU_Time 6.00
       pbs_fcopt_19 - PBS_Generic_Opt-Assembly - Elapsed_Time 4, CPU_Time 3.0
       Partition:  pbs_fcopt_19 - Runtime taken by the partition - Elapsed_Time 265.00, CPU_Time 243.21
          Sending 'pbs_fcopt_29 ./.pbs_mo.ece.pdx.edu_8835/pbs_fcopt_29.etf' to server 'localhost_1_9'...
            Sent 'pbs_fcopt_29 ./.pbs_mo.ece.pdx.edu_8835/pbs_fcopt_29.etf' to server 'localhost_1_9'.
          Received 'pbs_fcopt_37 ./.pbs_mo.ece.pdx.edu_8835/pbs_fcopt_37.etf' from server 'localhost_1_11'. (287839 ms elapsed)
       Partition:  pbs_fcopt_37 - PBS_Generic_Opt-Distributed_Read_DB - Elapsed_Time 2.00, CPU_Time 2.00
       Partition:  pbs_fcopt_37 - PBS_Generic_Opt-Distributed_Generic - Elapsed_Time 4.00, CPU_Time 5.00
       Partition:  pbs_fcopt_37 - PBS_Generic_Opt-First_Cond - Elapsed_Time 273.00, CPU_Time 225.98
       Partition:  pbs_fcopt_37 - PBS_Generic_Opt-Distributed_Prop_Const - Elapsed_Time 3.00, CPU_Time 3.00
       Partition:  pbs_fcopt_37 - PBS_Generic_Opt-Distributed_Gobble - Elapsed_Time 0.00, CPU_Time 0.00
       Partition:  pbs_fcopt_37 - PBS_Generic_Opt-Distributed_Report - Elapsed_Time 0.00, CPU_Time 0.00
       Start - Partition: pbs_fcopt_37 Slack: -157.7 TNS: 155711.5 Cell-Count: 103816 Cell-Area: 9310 
Init-Memory: 2676.18
       Done  - Partition: pbs_fcopt_37 Slack: -123.2 TNS: 103255.9 Cell-Count: 50876 Cell-Area: 6276 
Peak-Memory: 2934.13 Elapsed: 282
       Partition:  pbs_fcopt_37 - PBS_Generic_Opt-Distributed_Write_DB - Elapsed_Time 6.00, CPU_Time 6.00
       pbs_fcopt_37 - PBS_Generic_Opt-Assembly - Elapsed_Time 4, CPU_Time 4.0
       Partition:  pbs_fcopt_37 - Runtime taken by the partition - Elapsed_Time 288.00, CPU_Time 241.98
          Sending 'pbs_fcopt_44 ./.pbs_mo.ece.pdx.edu_8835/pbs_fcopt_44.etf' to server 'localhost_1_11'...
            Sent 'pbs_fcopt_44 ./.pbs_mo.ece.pdx.edu_8835/pbs_fcopt_44.etf' to server 'localhost_1_11'.
          Received 'pbs_fcopt_28 ./.pbs_mo.ece.pdx.edu_8835/pbs_fcopt_28.etf' from server 'localhost_1_13'. (278368 ms elapsed)
       Partition:  pbs_fcopt_28 - PBS_Generic_Opt-Distributed_Read_DB - Elapsed_Time 1.00, CPU_Time 2.00
       Partition:  pbs_fcopt_28 - PBS_Generic_Opt-Distributed_Generic - Elapsed_Time 5.00, CPU_Time 5.00
       Partition:  pbs_fcopt_28 - PBS_Generic_Opt-First_Cond - Elapsed_Time 261.00, CPU_Time 215.44
       Partition:  pbs_fcopt_28 - PBS_Generic_Opt-Distributed_Prop_Const - Elapsed_Time 4.00, CPU_Time 4.00
       Partition:  pbs_fcopt_28 - PBS_Generic_Opt-Distributed_Gobble - Elapsed_Time 1.00, CPU_Time 0.00
       Partition:  pbs_fcopt_28 - PBS_Generic_Opt-Distributed_Report - Elapsed_Time 0.00, CPU_Time 0.00
       Start - Partition: pbs_fcopt_28 Slack: -157.7 TNS: 155823.5 Cell-Count: 103810 Cell-Area: 9310 
Init-Memory: 2694.25
       Done  - Partition: pbs_fcopt_28 Slack: -123.2 TNS: 103620.0 Cell-Count: 50866 Cell-Area: 6276 
Peak-Memory: 2939.20 Elapsed: 272
       Partition:  pbs_fcopt_28 - PBS_Generic_Opt-Distributed_Write_DB - Elapsed_Time 5.00, CPU_Time 6.00
       pbs_fcopt_28 - PBS_Generic_Opt-Assembly - Elapsed_Time 3, CPU_Time 3.0
       Partition:  pbs_fcopt_28 - Runtime taken by the partition - Elapsed_Time 277.00, CPU_Time 232.44
          Sending 'pbs_fcopt_49 ./.pbs_mo.ece.pdx.edu_8835/pbs_fcopt_49.etf' to server 'localhost_1_13'...
            Sent 'pbs_fcopt_49 ./.pbs_mo.ece.pdx.edu_8835/pbs_fcopt_49.etf' to server 'localhost_1_13'.
          Received 'pbs_fcopt_18 ./.pbs_mo.ece.pdx.edu_8835/pbs_fcopt_18.etf' from server 'localhost_1_12'. (251856 ms elapsed)
       Partition:  pbs_fcopt_18 - PBS_Generic_Opt-Distributed_Read_DB - Elapsed_Time 1.00, CPU_Time 2.00
       Partition:  pbs_fcopt_18 - PBS_Generic_Opt-Distributed_Generic - Elapsed_Time 5.00, CPU_Time 6.00
       Partition:  pbs_fcopt_18 - PBS_Generic_Opt-First_Cond - Elapsed_Time 236.00, CPU_Time 199.18
       Partition:  pbs_fcopt_18 - PBS_Generic_Opt-Distributed_Prop_Const - Elapsed_Time 3.00, CPU_Time 4.00
       Partition:  pbs_fcopt_18 - PBS_Generic_Opt-Distributed_Gobble - Elapsed_Time 0.00, CPU_Time 0.00
       Partition:  pbs_fcopt_18 - PBS_Generic_Opt-Distributed_Report - Elapsed_Time 0.00, CPU_Time 0.00
       Start - Partition: pbs_fcopt_18 Slack: -157.7 TNS: 155823.5 Cell-Count: 103810 Cell-Area: 9310 
Init-Memory: 2625.32
       Done  - Partition: pbs_fcopt_18 Slack: -123.2 TNS: 103076.0 Cell-Count: 50872 Cell-Area: 6276 
Peak-Memory: 2658.22 Elapsed: 245
       Partition:  pbs_fcopt_18 - PBS_Generic_Opt-Distributed_Write_DB - Elapsed_Time 6.00, CPU_Time 6.00
       pbs_fcopt_18 - PBS_Generic_Opt-Assembly - Elapsed_Time 3, CPU_Time 4.0
       Partition:  pbs_fcopt_18 - Runtime taken by the partition - Elapsed_Time 251.00, CPU_Time 217.18
          Sending 'pbs_fcopt_47 ./.pbs_mo.ece.pdx.edu_8835/pbs_fcopt_47.etf' to server 'localhost_1_12'...
            Sent 'pbs_fcopt_47 ./.pbs_mo.ece.pdx.edu_8835/pbs_fcopt_47.etf' to server 'localhost_1_12'.
          Received 'pbs_fcopt_15 ./.pbs_mo.ece.pdx.edu_8835/pbs_fcopt_15.etf' from server 'localhost_1_0'. (236567 ms elapsed)
       Partition:  pbs_fcopt_15 - PBS_Generic_Opt-Distributed_Read_DB - Elapsed_Time 2.00, CPU_Time 2.00
       Partition:  pbs_fcopt_15 - PBS_Generic_Opt-Distributed_Generic - Elapsed_Time 4.00, CPU_Time 5.00
       Partition:  pbs_fcopt_15 - PBS_Generic_Opt-First_Cond - Elapsed_Time 218.00, CPU_Time 205.18
       Partition:  pbs_fcopt_15 - PBS_Generic_Opt-Distributed_Prop_Const - Elapsed_Time 4.00, CPU_Time 4.00
       Partition:  pbs_fcopt_15 - PBS_Generic_Opt-Distributed_Gobble - Elapsed_Time 0.00, CPU_Time 0.00
       Partition:  pbs_fcopt_15 - PBS_Generic_Opt-Distributed_Report - Elapsed_Time 0.00, CPU_Time 0.00
       Start - Partition: pbs_fcopt_15 Slack: -157.7 TNS: 155823.5 Cell-Count: 103810 Cell-Area: 9310 
Init-Memory: 2620.32
       Done  - Partition: pbs_fcopt_15 Slack: -123.2 TNS: 103076.0 Cell-Count: 50872 Cell-Area: 6276 
Peak-Memory: 2702.75 Elapsed: 228
       Partition:  pbs_fcopt_15 - PBS_Generic_Opt-Distributed_Write_DB - Elapsed_Time 7.00, CPU_Time 8.00
       pbs_fcopt_15 - PBS_Generic_Opt-Assembly - Elapsed_Time 4, CPU_Time 4.0
       Partition:  pbs_fcopt_15 - Runtime taken by the partition - Elapsed_Time 235.00, CPU_Time 224.18
          Sending 'pbs_fcopt_45 ./.pbs_mo.ece.pdx.edu_8835/pbs_fcopt_45.etf' to server 'localhost_1_0'...
            Sent 'pbs_fcopt_45 ./.pbs_mo.ece.pdx.edu_8835/pbs_fcopt_45.etf' to server 'localhost_1_0'.
          Received 'pbs_fcopt_34 ./.pbs_mo.ece.pdx.edu_8835/pbs_fcopt_34.etf' from server 'localhost_1_14'. (252843 ms elapsed)
       Partition:  pbs_fcopt_34 - PBS_Generic_Opt-Distributed_Read_DB - Elapsed_Time 3.00, CPU_Time 3.00
       Partition:  pbs_fcopt_34 - PBS_Generic_Opt-Distributed_Generic - Elapsed_Time 5.00, CPU_Time 6.00
       Partition:  pbs_fcopt_34 - PBS_Generic_Opt-First_Cond - Elapsed_Time 234.00, CPU_Time 219.68
       Partition:  pbs_fcopt_34 - PBS_Generic_Opt-Distributed_Prop_Const - Elapsed_Time 5.00, CPU_Time 4.00
       Partition:  pbs_fcopt_34 - PBS_Generic_Opt-Distributed_Gobble - Elapsed_Time 0.00, CPU_Time 1.00
       Partition:  pbs_fcopt_34 - PBS_Generic_Opt-Distributed_Report - Elapsed_Time 0.00, CPU_Time 0.00
       Start - Partition: pbs_fcopt_34 Slack: -157.7 TNS: 155823.5 Cell-Count: 103810 Cell-Area: 9310 
Init-Memory: 2655.08
       Done  - Partition: pbs_fcopt_34 Slack: -123.2 TNS: 103104.2 Cell-Count: 50869 Cell-Area: 6276 
Peak-Memory: 2935.91 Elapsed: 247
       Partition:  pbs_fcopt_34 - PBS_Generic_Opt-Distributed_Write_DB - Elapsed_Time 6.00, CPU_Time 6.00
       pbs_fcopt_34 - PBS_Generic_Opt-Assembly - Elapsed_Time 4, CPU_Time 4.0
       Partition:  pbs_fcopt_34 - Runtime taken by the partition - Elapsed_Time 253.00, CPU_Time 239.68
          Sending 'pbs_fcopt_1 ./.pbs_mo.ece.pdx.edu_8835/pbs_fcopt_1.etf' to server 'localhost_1_14'...
            Sent 'pbs_fcopt_1 ./.pbs_mo.ece.pdx.edu_8835/pbs_fcopt_1.etf' to server 'localhost_1_14'.
          Received 'pbs_fcopt_16 ./.pbs_mo.ece.pdx.edu_8835/pbs_fcopt_16.etf' from server 'localhost_1_10'. (257424 ms elapsed)
       Partition:  pbs_fcopt_16 - PBS_Generic_Opt-Distributed_Read_DB - Elapsed_Time 2.00, CPU_Time 2.00
       Partition:  pbs_fcopt_16 - PBS_Generic_Opt-Distributed_Generic - Elapsed_Time 4.00, CPU_Time 5.00
       Partition:  pbs_fcopt_16 - PBS_Generic_Opt-First_Cond - Elapsed_Time 240.00, CPU_Time 214.83
       Partition:  pbs_fcopt_16 - PBS_Generic_Opt-Distributed_Prop_Const - Elapsed_Time 5.00, CPU_Time 4.00
       Partition:  pbs_fcopt_16 - PBS_Generic_Opt-Distributed_Gobble - Elapsed_Time 0.00, CPU_Time 0.00
       Partition:  pbs_fcopt_16 - PBS_Generic_Opt-Distributed_Report - Elapsed_Time 0.00, CPU_Time 0.00
       Start - Partition: pbs_fcopt_16 Slack: -157.7 TNS: 151259.4 Cell-Count: 100850 Cell-Area: 9044 
Init-Memory: 2654.81
       Done  - Partition: pbs_fcopt_16 Slack: -123.2 TNS: 100357.5 Cell-Count: 49422 Cell-Area: 6097 
Peak-Memory: 2935.63 Elapsed: 251
       Partition:  pbs_fcopt_16 - PBS_Generic_Opt-Distributed_Write_DB - Elapsed_Time 6.00, CPU_Time 7.00
       pbs_fcopt_16 - PBS_Generic_Opt-Assembly - Elapsed_Time 3, CPU_Time 4.0
       Partition:  pbs_fcopt_16 - Runtime taken by the partition - Elapsed_Time 257.00, CPU_Time 232.83
          Sending 'pbs_fcopt_25 ./.pbs_mo.ece.pdx.edu_8835/pbs_fcopt_25.etf' to server 'localhost_1_10'...
            Sent 'pbs_fcopt_25 ./.pbs_mo.ece.pdx.edu_8835/pbs_fcopt_25.etf' to server 'localhost_1_10'.
          Received 'pbs_fcopt_30 ./.pbs_mo.ece.pdx.edu_8835/pbs_fcopt_30.etf' from server 'localhost_1_8'. (282671 ms elapsed)
       Partition:  pbs_fcopt_30 - PBS_Generic_Opt-Distributed_Read_DB - Elapsed_Time 2.00, CPU_Time 2.00
       Partition:  pbs_fcopt_30 - PBS_Generic_Opt-Distributed_Generic - Elapsed_Time 5.00, CPU_Time 6.00
       Partition:  pbs_fcopt_30 - PBS_Generic_Opt-First_Cond - Elapsed_Time 261.00, CPU_Time 224.99
       Partition:  pbs_fcopt_30 - PBS_Generic_Opt-Distributed_Prop_Const - Elapsed_Time 4.00, CPU_Time 4.00
       Partition:  pbs_fcopt_30 - PBS_Generic_Opt-Distributed_Gobble - Elapsed_Time 1.00, CPU_Time 0.00
       Partition:  pbs_fcopt_30 - PBS_Generic_Opt-Distributed_Report - Elapsed_Time 0.00, CPU_Time 0.00
       Start - Partition: pbs_fcopt_30 Slack: -157.7 TNS: 151371.4 Cell-Count: 100844 Cell-Area: 9044 
Init-Memory: 2670.32
       Done  - Partition: pbs_fcopt_30 Slack: -123.2 TNS: 100205.8 Cell-Count: 49415 Cell-Area: 6096 
Peak-Memory: 2974.14 Elapsed: 273
       Partition:  pbs_fcopt_30 - PBS_Generic_Opt-Distributed_Write_DB - Elapsed_Time 6.00, CPU_Time 7.00
       pbs_fcopt_30 - PBS_Generic_Opt-Assembly - Elapsed_Time 3, CPU_Time 3.0
       Partition:  pbs_fcopt_30 - Runtime taken by the partition - Elapsed_Time 279.00, CPU_Time 243.99
          Sending 'pbs_fcopt_32 ./.pbs_mo.ece.pdx.edu_8835/pbs_fcopt_32.etf' to server 'localhost_1_8'...
            Sent 'pbs_fcopt_32 ./.pbs_mo.ece.pdx.edu_8835/pbs_fcopt_32.etf' to server 'localhost_1_8'.
          Received 'pbs_fcopt_29 ./.pbs_mo.ece.pdx.edu_8835/pbs_fcopt_29.etf' from server 'localhost_1_9'. (288290 ms elapsed)
       Partition:  pbs_fcopt_29 - PBS_Generic_Opt-Distributed_Read_DB - Elapsed_Time 2.00, CPU_Time 3.00
       Partition:  pbs_fcopt_29 - PBS_Generic_Opt-Distributed_Generic - Elapsed_Time 4.00, CPU_Time 5.00
       Partition:  pbs_fcopt_29 - PBS_Generic_Opt-First_Cond - Elapsed_Time 272.00, CPU_Time 215.42
       Partition:  pbs_fcopt_29 - PBS_Generic_Opt-Distributed_Prop_Const - Elapsed_Time 3.00, CPU_Time 3.00
       Partition:  pbs_fcopt_29 - PBS_Generic_Opt-Distributed_Gobble - Elapsed_Time 0.00, CPU_Time 1.00
       Partition:  pbs_fcopt_29 - PBS_Generic_Opt-Distributed_Report - Elapsed_Time 0.00, CPU_Time 0.00
       Start - Partition: pbs_fcopt_29 Slack: -157.7 TNS: 146727.3 Cell-Count: 97887 Cell-Area: 8778 
Init-Memory: 2656.43
       Done  - Partition: pbs_fcopt_29 Slack: -123.2 TNS: 98478.9 Cell-Count: 47963 Cell-Area: 5918 
Peak-Memory: 2936.25 Elapsed: 281
       Partition:  pbs_fcopt_29 - PBS_Generic_Opt-Distributed_Write_DB - Elapsed_Time 5.00, CPU_Time 5.00
       pbs_fcopt_29 - PBS_Generic_Opt-Assembly - Elapsed_Time 4, CPU_Time 4.0
       Partition:  pbs_fcopt_29 - Runtime taken by the partition - Elapsed_Time 286.00, CPU_Time 232.42
          Sending 'pbs_fcopt_40 ./.pbs_mo.ece.pdx.edu_8835/pbs_fcopt_40.etf' to server 'localhost_1_9'...
            Sent 'pbs_fcopt_40 ./.pbs_mo.ece.pdx.edu_8835/pbs_fcopt_40.etf' to server 'localhost_1_9'.
          Received 'pbs_fcopt_44 ./.pbs_mo.ece.pdx.edu_8835/pbs_fcopt_44.etf' from server 'localhost_1_11'. (296398 ms elapsed)
       Partition:  pbs_fcopt_44 - PBS_Generic_Opt-Distributed_Read_DB - Elapsed_Time 2.00, CPU_Time 2.00
       Partition:  pbs_fcopt_44 - PBS_Generic_Opt-Distributed_Generic - Elapsed_Time 4.00, CPU_Time 4.00
       Partition:  pbs_fcopt_44 - PBS_Generic_Opt-First_Cond - Elapsed_Time 280.00, CPU_Time 241.11
       Partition:  pbs_fcopt_44 - PBS_Generic_Opt-Distributed_Prop_Const - Elapsed_Time 5.00, CPU_Time 5.00
       Partition:  pbs_fcopt_44 - PBS_Generic_Opt-Distributed_Gobble - Elapsed_Time 0.00, CPU_Time 0.00
       Partition:  pbs_fcopt_44 - PBS_Generic_Opt-Distributed_Report - Elapsed_Time 0.00, CPU_Time 0.00
       Start - Partition: pbs_fcopt_44 Slack: -704.9 TNS: 127991.5 Cell-Count: 96884 Cell-Area: 8917 
Init-Memory: 2660.31
       Done  - Partition: pbs_fcopt_44 Slack: -335.5 TNS: 66704.6 Cell-Count: 48269 Cell-Area: 5764 
Peak-Memory: 2934.13 Elapsed: 291
       Partition:  pbs_fcopt_44 - PBS_Generic_Opt-Distributed_Write_DB - Elapsed_Time 5.00, CPU_Time 5.00
       pbs_fcopt_44 - PBS_Generic_Opt-Assembly - Elapsed_Time 4, CPU_Time 3.0
       Partition:  pbs_fcopt_44 - Runtime taken by the partition - Elapsed_Time 296.00, CPU_Time 257.11
          Sending 'pbs_fcopt_11 ./.pbs_mo.ece.pdx.edu_8835/pbs_fcopt_11.etf' to server 'localhost_1_11'...
            Sent 'pbs_fcopt_11 ./.pbs_mo.ece.pdx.edu_8835/pbs_fcopt_11.etf' to server 'localhost_1_11'.
          Received 'pbs_fcopt_49 ./.pbs_mo.ece.pdx.edu_8835/pbs_fcopt_49.etf' from server 'localhost_1_13'. (297212 ms elapsed)
       Partition:  pbs_fcopt_49 - PBS_Generic_Opt-Distributed_Read_DB - Elapsed_Time 2.00, CPU_Time 2.00
       Partition:  pbs_fcopt_49 - PBS_Generic_Opt-Distributed_Generic - Elapsed_Time 4.00, CPU_Time 5.00
       Partition:  pbs_fcopt_49 - PBS_Generic_Opt-First_Cond - Elapsed_Time 280.00, CPU_Time 234.06
       Partition:  pbs_fcopt_49 - PBS_Generic_Opt-Distributed_Prop_Const - Elapsed_Time 4.00, CPU_Time 4.00
       Partition:  pbs_fcopt_49 - PBS_Generic_Opt-Distributed_Gobble - Elapsed_Time 1.00, CPU_Time 0.00
       Partition:  pbs_fcopt_49 - PBS_Generic_Opt-Distributed_Report - Elapsed_Time 0.00, CPU_Time 0.00
       Start - Partition: pbs_fcopt_49 Slack: -704.9 TNS: 128520.5 Cell-Count: 96875 Cell-Area: 8916 
Init-Memory: 2664.38
       Done  - Partition: pbs_fcopt_49 Slack: -335.5 TNS: 66355.0 Cell-Count: 48277 Cell-Area: 5764 
Peak-Memory: 2939.20 Elapsed: 291
       Partition:  pbs_fcopt_49 - PBS_Generic_Opt-Distributed_Write_DB - Elapsed_Time 5.00, CPU_Time 6.00
       pbs_fcopt_49 - PBS_Generic_Opt-Assembly - Elapsed_Time 3, CPU_Time 3.0
       Partition:  pbs_fcopt_49 - Runtime taken by the partition - Elapsed_Time 296.00, CPU_Time 251.06
          Sending 'pbs_fcopt_4 ./.pbs_mo.ece.pdx.edu_8835/pbs_fcopt_4.etf' to server 'localhost_1_13'...
            Sent 'pbs_fcopt_4 ./.pbs_mo.ece.pdx.edu_8835/pbs_fcopt_4.etf' to server 'localhost_1_13'.
          Received 'pbs_fcopt_47 ./.pbs_mo.ece.pdx.edu_8835/pbs_fcopt_47.etf' from server 'localhost_1_12'. (301091 ms elapsed)
       Partition:  pbs_fcopt_47 - PBS_Generic_Opt-Distributed_Read_DB - Elapsed_Time 3.00, CPU_Time 3.00
       Partition:  pbs_fcopt_47 - PBS_Generic_Opt-Distributed_Generic - Elapsed_Time 4.00, CPU_Time 5.00
       Partition:  pbs_fcopt_47 - PBS_Generic_Opt-First_Cond - Elapsed_Time 284.00, CPU_Time 234.30
       Partition:  pbs_fcopt_47 - PBS_Generic_Opt-Distributed_Prop_Const - Elapsed_Time 5.00, CPU_Time 4.00
       Partition:  pbs_fcopt_47 - PBS_Generic_Opt-Distributed_Gobble - Elapsed_Time 0.00, CPU_Time 0.00
       Partition:  pbs_fcopt_47 - PBS_Generic_Opt-Distributed_Report - Elapsed_Time 0.00, CPU_Time 0.00
       Start - Partition: pbs_fcopt_47 Slack: -704.9 TNS: 127986.6 Cell-Count: 95596 Cell-Area: 8780 
Init-Memory: 2625.45
       Done  - Partition: pbs_fcopt_47 Slack: -335.5 TNS: 66621.8 Cell-Count: 47446 Cell-Area: 5663 
Peak-Memory: 2658.22 Elapsed: 296
       Partition:  pbs_fcopt_47 - PBS_Generic_Opt-Distributed_Write_DB - Elapsed_Time 5.00, CPU_Time 5.00
       pbs_fcopt_47 - PBS_Generic_Opt-Assembly - Elapsed_Time 3, CPU_Time 3.0
       Partition:  pbs_fcopt_47 - Runtime taken by the partition - Elapsed_Time 301.00, CPU_Time 251.30
          Sending 'pbs_fcopt_43 ./.pbs_mo.ece.pdx.edu_8835/pbs_fcopt_43.etf' to server 'localhost_1_12'...
            Sent 'pbs_fcopt_43 ./.pbs_mo.ece.pdx.edu_8835/pbs_fcopt_43.etf' to server 'localhost_1_12'.
          Received 'pbs_fcopt_45 ./.pbs_mo.ece.pdx.edu_8835/pbs_fcopt_45.etf' from server 'localhost_1_0'. (295891 ms elapsed)
       Partition:  pbs_fcopt_45 - PBS_Generic_Opt-Distributed_Read_DB - Elapsed_Time 2.00, CPU_Time 3.00
       Partition:  pbs_fcopt_45 - PBS_Generic_Opt-Distributed_Generic - Elapsed_Time 4.00, CPU_Time 4.00
       Partition:  pbs_fcopt_45 - PBS_Generic_Opt-First_Cond - Elapsed_Time 280.00, CPU_Time 242.98
       Partition:  pbs_fcopt_45 - PBS_Generic_Opt-Distributed_Prop_Const - Elapsed_Time 4.00, CPU_Time 4.00
       Partition:  pbs_fcopt_45 - PBS_Generic_Opt-Distributed_Gobble - Elapsed_Time 0.00, CPU_Time 0.00
       Partition:  pbs_fcopt_45 - PBS_Generic_Opt-Distributed_Report - Elapsed_Time 0.00, CPU_Time 0.00
       Start - Partition: pbs_fcopt_45 Slack: -704.9 TNS: 128515.6 Cell-Count: 95587 Cell-Area: 8779 
Init-Memory: 2622.45
       Done  - Partition: pbs_fcopt_45 Slack: -335.5 TNS: 66355.0 Cell-Count: 47451 Cell-Area: 5663 
Peak-Memory: 2702.75 Elapsed: 290
       Partition:  pbs_fcopt_45 - PBS_Generic_Opt-Distributed_Write_DB - Elapsed_Time 5.00, CPU_Time 6.00
       pbs_fcopt_45 - PBS_Generic_Opt-Assembly - Elapsed_Time 4, CPU_Time 4.0
       Partition:  pbs_fcopt_45 - Runtime taken by the partition - Elapsed_Time 295.00, CPU_Time 259.98
          Sending 'pbs_fcopt_14 ./.pbs_mo.ece.pdx.edu_8835/pbs_fcopt_14.etf' to server 'localhost_1_0'...
            Sent 'pbs_fcopt_14 ./.pbs_mo.ece.pdx.edu_8835/pbs_fcopt_14.etf' to server 'localhost_1_0'.
          Received 'pbs_fcopt_1 ./.pbs_mo.ece.pdx.edu_8835/pbs_fcopt_1.etf' from server 'localhost_1_14'. (219290 ms elapsed)
       Partition:  pbs_fcopt_1 - PBS_Generic_Opt-Distributed_Read_DB - Elapsed_Time 3.00, CPU_Time 4.00
       Partition:  pbs_fcopt_1 - PBS_Generic_Opt-Distributed_Generic - Elapsed_Time 6.00, CPU_Time 6.00
       Partition:  pbs_fcopt_1 - PBS_Generic_Opt-First_Cond - Elapsed_Time 192.00, CPU_Time 198.63
       Partition:  pbs_fcopt_1 - PBS_Generic_Opt-Distributed_Prop_Const - Elapsed_Time 3.00, CPU_Time 3.00
       Partition:  pbs_fcopt_1 - PBS_Generic_Opt-Distributed_Gobble - Elapsed_Time 0.00, CPU_Time 0.00
       Partition:  pbs_fcopt_1 - PBS_Generic_Opt-Distributed_Report - Elapsed_Time 0.00, CPU_Time 0.00
       Start - Partition: pbs_fcopt_1 Slack: -9.8 TNS: 2089.6 Cell-Count: 94966 Cell-Area: 17599 
Init-Memory: 2654.21
       Done  - Partition: pbs_fcopt_1 Slack: -20.2 TNS: 2212.7 Cell-Count: 95832 Cell-Area: 17626 
Peak-Memory: 2935.91 Elapsed: 204
       Partition:  pbs_fcopt_1 - PBS_Generic_Opt-Distributed_Write_DB - Elapsed_Time 12.00, CPU_Time 13.00
       pbs_fcopt_1 - PBS_Generic_Opt-Assembly - Elapsed_Time 10, CPU_Time 9.0
       Partition:  pbs_fcopt_1 - Runtime taken by the partition - Elapsed_Time 216.00, CPU_Time 224.63
          Sending 'pbs_fcopt_38 ./.pbs_mo.ece.pdx.edu_8835/pbs_fcopt_38.etf' to server 'localhost_1_14'...
            Sent 'pbs_fcopt_38 ./.pbs_mo.ece.pdx.edu_8835/pbs_fcopt_38.etf' to server 'localhost_1_14'.
          Received 'pbs_fcopt_25 ./.pbs_mo.ece.pdx.edu_8835/pbs_fcopt_25.etf' from server 'localhost_1_10'. (238782 ms elapsed)
       Partition:  pbs_fcopt_25 - PBS_Generic_Opt-Distributed_Read_DB - Elapsed_Time 2.00, CPU_Time 3.00
       Partition:  pbs_fcopt_25 - PBS_Generic_Opt-Distributed_Generic - Elapsed_Time 5.00, CPU_Time 5.00
       Partition:  pbs_fcopt_25 - PBS_Generic_Opt-First_Cond - Elapsed_Time 221.00, CPU_Time 185.06
       Partition:  pbs_fcopt_25 - PBS_Generic_Opt-Distributed_Prop_Const - Elapsed_Time 4.00, CPU_Time 3.00
       Partition:  pbs_fcopt_25 - PBS_Generic_Opt-Distributed_Gobble - Elapsed_Time 0.00, CPU_Time 0.00
       Partition:  pbs_fcopt_25 - PBS_Generic_Opt-Distributed_Report - Elapsed_Time 0.00, CPU_Time 0.00
       Start - Partition: pbs_fcopt_25 Slack: -157.7 TNS: 142323.2 Cell-Count: 94921 Cell-Area: 8512 
Init-Memory: 2655.93
       Done  - Partition: pbs_fcopt_25 Slack: -123.2 TNS: 95352.8 Cell-Count: 46505 Cell-Area: 5738 
Peak-Memory: 2935.63 Elapsed: 232
       Partition:  pbs_fcopt_25 - PBS_Generic_Opt-Distributed_Write_DB - Elapsed_Time 5.00, CPU_Time 6.00
       pbs_fcopt_25 - PBS_Generic_Opt-Assembly - Elapsed_Time 4, CPU_Time 3.0
       Partition:  pbs_fcopt_25 - Runtime taken by the partition - Elapsed_Time 237.00, CPU_Time 202.06
          Sending 'pbs_fcopt_46 ./.pbs_mo.ece.pdx.edu_8835/pbs_fcopt_46.etf' to server 'localhost_1_10'...
            Sent 'pbs_fcopt_46 ./.pbs_mo.ece.pdx.edu_8835/pbs_fcopt_46.etf' to server 'localhost_1_10'.
          Received 'pbs_fcopt_4 ./.pbs_mo.ece.pdx.edu_8835/pbs_fcopt_4.etf' from server 'localhost_1_13'. (180948 ms elapsed)
          Sending 'pbs_fcopt_23 ./.pbs_mo.ece.pdx.edu_8835/pbs_fcopt_23.etf' to server 'localhost_1_13'...
            Sent 'pbs_fcopt_23 ./.pbs_mo.ece.pdx.edu_8835/pbs_fcopt_23.etf' to server 'localhost_1_13'.
          Received 'pbs_fcopt_11 ./.pbs_mo.ece.pdx.edu_8835/pbs_fcopt_11.etf' from server 'localhost_1_11'. (184766 ms elapsed)
          Sending 'pbs_fcopt_0 ./.pbs_mo.ece.pdx.edu_8835/pbs_fcopt_0.etf' to server 'localhost_1_11'...
            Sent 'pbs_fcopt_0 ./.pbs_mo.ece.pdx.edu_8835/pbs_fcopt_0.etf' to server 'localhost_1_11'.
          Received 'pbs_fcopt_32 ./.pbs_mo.ece.pdx.edu_8835/pbs_fcopt_32.etf' from server 'localhost_1_8'. (260252 ms elapsed)
       Partition:  pbs_fcopt_32 - PBS_Generic_Opt-Distributed_Read_DB - Elapsed_Time 2.00, CPU_Time 2.00
       Partition:  pbs_fcopt_32 - PBS_Generic_Opt-Distributed_Generic - Elapsed_Time 4.00, CPU_Time 5.00
       Partition:  pbs_fcopt_32 - PBS_Generic_Opt-First_Cond - Elapsed_Time 244.00, CPU_Time 188.39
       Partition:  pbs_fcopt_32 - PBS_Generic_Opt-Distributed_Prop_Const - Elapsed_Time 3.00, CPU_Time 3.00
       Partition:  pbs_fcopt_32 - PBS_Generic_Opt-Distributed_Gobble - Elapsed_Time 0.00, CPU_Time 0.00
       Partition:  pbs_fcopt_32 - PBS_Generic_Opt-Distributed_Report - Elapsed_Time 0.00, CPU_Time 0.00
       Start - Partition: pbs_fcopt_32 Slack: -157.7 TNS: 142227.2 Cell-Count: 94921 Cell-Area: 8511 
Init-Memory: 2669.44
       Done  - Partition: pbs_fcopt_32 Slack: -123.2 TNS: 95808.2 Cell-Count: 46513 Cell-Area: 5739 
Peak-Memory: 2974.14 Elapsed: 253
       Partition:  pbs_fcopt_32 - PBS_Generic_Opt-Distributed_Write_DB - Elapsed_Time 6.00, CPU_Time 7.00
       pbs_fcopt_32 - PBS_Generic_Opt-Assembly - Elapsed_Time 2, CPU_Time 3.0
       Partition:  pbs_fcopt_32 - Runtime taken by the partition - Elapsed_Time 259.00, CPU_Time 205.39
          Sending 'pbs_fcopt_41 ./.pbs_mo.ece.pdx.edu_8835/pbs_fcopt_41.etf' to server 'localhost_1_8'...
            Sent 'pbs_fcopt_41 ./.pbs_mo.ece.pdx.edu_8835/pbs_fcopt_41.etf' to server 'localhost_1_8'.
          Received 'pbs_fcopt_40 ./.pbs_mo.ece.pdx.edu_8835/pbs_fcopt_40.etf' from server 'localhost_1_9'. (262937 ms elapsed)
       Partition:  pbs_fcopt_40 - PBS_Generic_Opt-Distributed_Read_DB - Elapsed_Time 2.00, CPU_Time 2.00
       Partition:  pbs_fcopt_40 - PBS_Generic_Opt-Distributed_Generic - Elapsed_Time 4.00, CPU_Time 5.00
       Partition:  pbs_fcopt_40 - PBS_Generic_Opt-First_Cond - Elapsed_Time 248.00, CPU_Time 181.91
       Partition:  pbs_fcopt_40 - PBS_Generic_Opt-Distributed_Prop_Const - Elapsed_Time 3.00, CPU_Time 3.00
       Partition:  pbs_fcopt_40 - PBS_Generic_Opt-Distributed_Gobble - Elapsed_Time 0.00, CPU_Time 1.00
       Partition:  pbs_fcopt_40 - PBS_Generic_Opt-Distributed_Report - Elapsed_Time 0.00, CPU_Time 0.00
       Start - Partition: pbs_fcopt_40 Slack: -157.7 TNS: 142467.2 Cell-Count: 94912 Cell-Area: 8512 
Init-Memory: 2657.55
       Done  - Partition: pbs_fcopt_40 Slack: -123.2 TNS: 94380.8 Cell-Count: 46510 Cell-Area: 5738 
Peak-Memory: 2936.25 Elapsed: 257
       Partition:  pbs_fcopt_40 - PBS_Generic_Opt-Distributed_Write_DB - Elapsed_Time 5.00, CPU_Time 5.00
       pbs_fcopt_40 - PBS_Generic_Opt-Assembly - Elapsed_Time 3, CPU_Time 3.0
       Partition:  pbs_fcopt_40 - Runtime taken by the partition - Elapsed_Time 262.00, CPU_Time 197.91
       Partition:  pbs_fcopt_11 - PBS_Generic_Opt-Distributed_Read_DB - Elapsed_Time 3.00, CPU_Time 3.00
       Partition:  pbs_fcopt_11 - PBS_Generic_Opt-Distributed_Generic - Elapsed_Time 7.00, CPU_Time 7.00
       Partition:  pbs_fcopt_11 - PBS_Generic_Opt-First_Cond - Elapsed_Time 158.00, CPU_Time 166.08
       Partition:  pbs_fcopt_11 - PBS_Generic_Opt-Distributed_Prop_Const - Elapsed_Time 3.00, CPU_Time 3.00
       Partition:  pbs_fcopt_11 - PBS_Generic_Opt-Distributed_Gobble - Elapsed_Time 0.00, CPU_Time 0.00
       Partition:  pbs_fcopt_11 - PBS_Generic_Opt-Distributed_Report - Elapsed_Time 0.00, CPU_Time 0.00
       Start - Partition: pbs_fcopt_11 Slack: 5.0 TNS: 0.0 Cell-Count: 93808 Cell-Area: 15176 
Init-Memory: 2664.28
       Done  - Partition: pbs_fcopt_11 Slack: 5.0 TNS: 0.0 Cell-Count: 93804 Cell-Area: 15176 
Peak-Memory: 3091.15 Elapsed: 171
       Partition:  pbs_fcopt_11 - PBS_Generic_Opt-Distributed_Write_DB - Elapsed_Time 12.00, CPU_Time 13.00
       pbs_fcopt_11 - PBS_Generic_Opt-Assembly - Elapsed_Time 7, CPU_Time 8.0
       Partition:  pbs_fcopt_11 - Runtime taken by the partition - Elapsed_Time 183.00, CPU_Time 192.08
       Partition:  pbs_fcopt_4 - PBS_Generic_Opt-Distributed_Read_DB - Elapsed_Time 3.00, CPU_Time 3.00
       Partition:  pbs_fcopt_4 - PBS_Generic_Opt-Distributed_Generic - Elapsed_Time 5.00, CPU_Time 6.00
       Partition:  pbs_fcopt_4 - PBS_Generic_Opt-First_Cond - Elapsed_Time 156.00, CPU_Time 157.64
       Partition:  pbs_fcopt_4 - PBS_Generic_Opt-Distributed_Prop_Const - Elapsed_Time 3.00, CPU_Time 3.00
       Partition:  pbs_fcopt_4 - PBS_Generic_Opt-Distributed_Gobble - Elapsed_Time 0.00, CPU_Time 0.00
       Partition:  pbs_fcopt_4 - PBS_Generic_Opt-Distributed_Report - Elapsed_Time 0.00, CPU_Time 0.00
       Start - Partition: pbs_fcopt_4 Slack: -0.4 TNS: 22.4 Cell-Count: 92921 Cell-Area: 14876 
Init-Memory: 2665.35
       Done  - Partition: pbs_fcopt_4 Slack: -0.4 TNS: 22.4 Cell-Count: 92938 Cell-Area: 14856 
Peak-Memory: 2987.42 Elapsed: 167
       Partition:  pbs_fcopt_4 - PBS_Generic_Opt-Distributed_Write_DB - Elapsed_Time 13.00, CPU_Time 13.00
       pbs_fcopt_4 - PBS_Generic_Opt-Assembly - Elapsed_Time 8, CPU_Time 7.0
       Partition:  pbs_fcopt_4 - Runtime taken by the partition - Elapsed_Time 180.00, CPU_Time 182.64
          Sending 'pbs_fcopt_48 ./.pbs_mo.ece.pdx.edu_8835/pbs_fcopt_48.etf' to server 'localhost_1_9'...
            Sent 'pbs_fcopt_48 ./.pbs_mo.ece.pdx.edu_8835/pbs_fcopt_48.etf' to server 'localhost_1_9'.
          Received 'pbs_fcopt_43 ./.pbs_mo.ece.pdx.edu_8835/pbs_fcopt_43.etf' from server 'localhost_1_12'. (227867 ms elapsed)
       Partition:  pbs_fcopt_43 - PBS_Generic_Opt-Distributed_Read_DB - Elapsed_Time 5.00, CPU_Time 2.00
       Partition:  pbs_fcopt_43 - PBS_Generic_Opt-Distributed_Generic - Elapsed_Time 4.00, CPU_Time 5.00
       Partition:  pbs_fcopt_43 - PBS_Generic_Opt-First_Cond - Elapsed_Time 208.00, CPU_Time 187.63
       Partition:  pbs_fcopt_43 - PBS_Generic_Opt-Distributed_Prop_Const - Elapsed_Time 3.00, CPU_Time 3.00
       Partition:  pbs_fcopt_43 - PBS_Generic_Opt-Distributed_Gobble - Elapsed_Time 0.00, CPU_Time 0.00
       Partition:  pbs_fcopt_43 - PBS_Generic_Opt-Distributed_Report - Elapsed_Time 0.00, CPU_Time 0.00
       Start - Partition: pbs_fcopt_43 Slack: -157.7 TNS: 137903.1 Cell-Count: 91952 Cell-Area: 8246 
Init-Memory: 2627.42
       Done  - Partition: pbs_fcopt_43 Slack: -123.2 TNS: 91662.3 Cell-Count: 45060 Cell-Area: 5559 
Peak-Memory: 2659.43 Elapsed: 220
       Partition:  pbs_fcopt_43 - PBS_Generic_Opt-Distributed_Write_DB - Elapsed_Time 5.00, CPU_Time 5.00
       pbs_fcopt_43 - PBS_Generic_Opt-Assembly - Elapsed_Time 2, CPU_Time 3.0
       Partition:  pbs_fcopt_43 - Runtime taken by the partition - Elapsed_Time 225.00, CPU_Time 202.63
          Sending 'pbs_fcopt_8 ./.pbs_mo.ece.pdx.edu_8835/pbs_fcopt_8.etf' to server 'localhost_1_12'...
            Sent 'pbs_fcopt_8 ./.pbs_mo.ece.pdx.edu_8835/pbs_fcopt_8.etf' to server 'localhost_1_12'.
          Received 'pbs_fcopt_14 ./.pbs_mo.ece.pdx.edu_8835/pbs_fcopt_14.etf' from server 'localhost_1_0'. (223032 ms elapsed)
       Partition:  pbs_fcopt_14 - PBS_Generic_Opt-Distributed_Read_DB - Elapsed_Time 2.00, CPU_Time 2.00
       Partition:  pbs_fcopt_14 - PBS_Generic_Opt-Distributed_Generic - Elapsed_Time 3.00, CPU_Time 4.00
       Partition:  pbs_fcopt_14 - PBS_Generic_Opt-First_Cond - Elapsed_Time 209.00, CPU_Time 177.11
       Partition:  pbs_fcopt_14 - PBS_Generic_Opt-Distributed_Prop_Const - Elapsed_Time 3.00, CPU_Time 3.00
       Partition:  pbs_fcopt_14 - PBS_Generic_Opt-Distributed_Gobble - Elapsed_Time 0.00, CPU_Time 1.00
       Partition:  pbs_fcopt_14 - PBS_Generic_Opt-Distributed_Report - Elapsed_Time 0.00, CPU_Time 0.00
       Start - Partition: pbs_fcopt_14 Slack: -157.7 TNS: 138015.1 Cell-Count: 91946 Cell-Area: 8246 
Init-Memory: 2622.42
       Done  - Partition: pbs_fcopt_14 Slack: -123.2 TNS: 91510.6 Cell-Count: 45053 Cell-Area: 5559 
Peak-Memory: 2702.75 Elapsed: 217
       Partition:  pbs_fcopt_14 - PBS_Generic_Opt-Distributed_Write_DB - Elapsed_Time 5.00, CPU_Time 5.00
       pbs_fcopt_14 - PBS_Generic_Opt-Assembly - Elapsed_Time 4, CPU_Time 3.0
       Partition:  pbs_fcopt_14 - Runtime taken by the partition - Elapsed_Time 222.00, CPU_Time 192.11
          Sending 'pbs_fcopt_6 ./.pbs_mo.ece.pdx.edu_8835/pbs_fcopt_6.etf' to server 'localhost_1_0'...
            Sent 'pbs_fcopt_6 ./.pbs_mo.ece.pdx.edu_8835/pbs_fcopt_6.etf' to server 'localhost_1_0'.
          Received 'pbs_fcopt_38 ./.pbs_mo.ece.pdx.edu_8835/pbs_fcopt_38.etf' from server 'localhost_1_14'. (208808 ms elapsed)
       Partition:  pbs_fcopt_38 - PBS_Generic_Opt-Distributed_Read_DB - Elapsed_Time 2.00, CPU_Time 3.00
       Partition:  pbs_fcopt_38 - PBS_Generic_Opt-Distributed_Generic - Elapsed_Time 4.00, CPU_Time 4.00
       Partition:  pbs_fcopt_38 - PBS_Generic_Opt-First_Cond - Elapsed_Time 193.00, CPU_Time 177.41
       Partition:  pbs_fcopt_38 - PBS_Generic_Opt-Distributed_Prop_Const - Elapsed_Time 4.00, CPU_Time 4.00
       Partition:  pbs_fcopt_38 - PBS_Generic_Opt-Distributed_Gobble - Elapsed_Time 0.00, CPU_Time 0.00
       Partition:  pbs_fcopt_38 - PBS_Generic_Opt-Distributed_Report - Elapsed_Time 0.00, CPU_Time 0.00
       Start - Partition: pbs_fcopt_38 Slack: -157.7 TNS: 138015.1 Cell-Count: 91946 Cell-Area: 8246 
Init-Memory: 2702.33
       Done  - Partition: pbs_fcopt_38 Slack: -123.2 TNS: 92026.4 Cell-Count: 45050 Cell-Area: 5559 
Peak-Memory: 2935.91 Elapsed: 203
       Partition:  pbs_fcopt_38 - PBS_Generic_Opt-Distributed_Write_DB - Elapsed_Time 5.00, CPU_Time 5.00
       pbs_fcopt_38 - PBS_Generic_Opt-Assembly - Elapsed_Time 4, CPU_Time 4.0
       Partition:  pbs_fcopt_38 - Runtime taken by the partition - Elapsed_Time 208.00, CPU_Time 193.41
          Sending 'pbs_fcopt_50 ./.pbs_mo.ece.pdx.edu_8835/pbs_fcopt_50.etf' to server 'localhost_1_14'...
            Sent 'pbs_fcopt_50 ./.pbs_mo.ece.pdx.edu_8835/pbs_fcopt_50.etf' to server 'localhost_1_14'.
          Received 'pbs_fcopt_0 ./.pbs_mo.ece.pdx.edu_8835/pbs_fcopt_0.etf' from server 'localhost_1_11'. (164595 ms elapsed)
          Received 'pbs_fcopt_41 ./.pbs_mo.ece.pdx.edu_8835/pbs_fcopt_41.etf' from server 'localhost_1_8'. (193772 ms elapsed)
          Received 'pbs_fcopt_8 ./.pbs_mo.ece.pdx.edu_8835/pbs_fcopt_8.etf' from server 'localhost_1_12'. (172774 ms elapsed)
          Received 'pbs_fcopt_6 ./.pbs_mo.ece.pdx.edu_8835/pbs_fcopt_6.etf' from server 'localhost_1_0'. (148238 ms elapsed)
          Received 'pbs_fcopt_23 ./.pbs_mo.ece.pdx.edu_8835/pbs_fcopt_23.etf' from server 'localhost_1_13'. (244493 ms elapsed)
          Received 'pbs_fcopt_46 ./.pbs_mo.ece.pdx.edu_8835/pbs_fcopt_46.etf' from server 'localhost_1_10'. (282683 ms elapsed)
       Partition:  pbs_fcopt_46 - PBS_Generic_Opt-Distributed_Read_DB - Elapsed_Time 2.00, CPU_Time 2.00
       Partition:  pbs_fcopt_46 - PBS_Generic_Opt-Distributed_Generic - Elapsed_Time 4.00, CPU_Time 5.00
       Partition:  pbs_fcopt_46 - PBS_Generic_Opt-First_Cond - Elapsed_Time 264.00, CPU_Time 222.27
       Partition:  pbs_fcopt_46 - PBS_Generic_Opt-Distributed_Prop_Const - Elapsed_Time 5.00, CPU_Time 4.00
       Partition:  pbs_fcopt_46 - PBS_Generic_Opt-Distributed_Gobble - Elapsed_Time 0.00, CPU_Time 1.00
       Partition:  pbs_fcopt_46 - PBS_Generic_Opt-Distributed_Report - Elapsed_Time 0.00, CPU_Time 0.00
       Start - Partition: pbs_fcopt_46 Slack: -704.9 TNS: 128500.9 Cell-Count: 91723 Cell-Area: 8366 
Init-Memory: 2657.06
       Done  - Partition: pbs_fcopt_46 Slack: -335.5 TNS: 66355.0 Cell-Count: 44970 Cell-Area: 5358 
Peak-Memory: 2935.63 Elapsed: 275
       Partition:  pbs_fcopt_46 - PBS_Generic_Opt-Distributed_Write_DB - Elapsed_Time 4.00, CPU_Time 4.00
       pbs_fcopt_46 - PBS_Generic_Opt-Assembly - Elapsed_Time 4, CPU_Time 4.0
       Partition:  pbs_fcopt_46 - Runtime taken by the partition - Elapsed_Time 279.00, CPU_Time 238.27
       Partition:  pbs_fcopt_23 - PBS_Generic_Opt-Distributed_Read_DB - Elapsed_Time 1.00, CPU_Time 2.00
       Partition:  pbs_fcopt_23 - PBS_Generic_Opt-Distributed_Generic - Elapsed_Time 4.00, CPU_Time 4.00
       Partition:  pbs_fcopt_23 - PBS_Generic_Opt-First_Cond - Elapsed_Time 231.00, CPU_Time 174.83
       Partition:  pbs_fcopt_23 - PBS_Generic_Opt-Distributed_Prop_Const - Elapsed_Time 3.00, CPU_Time 3.00
       Partition:  pbs_fcopt_23 - PBS_Generic_Opt-Distributed_Gobble - Elapsed_Time 0.00, CPU_Time 0.00
       Partition:  pbs_fcopt_23 - PBS_Generic_Opt-Distributed_Report - Elapsed_Time 0.00, CPU_Time 0.00
       Start - Partition: pbs_fcopt_23 Slack: -157.7 TNS: 129110.9 Cell-Count: 86014 Cell-Area: 7714 
Init-Memory: 2981.39
       Done  - Partition: pbs_fcopt_23 Slack: -123.2 TNS: 85713.8 Cell-Count: 42145 Cell-Area: 5200 
Peak-Memory: 3035.45 Elapsed: 239
       Partition:  pbs_fcopt_23 - PBS_Generic_Opt-Distributed_Write_DB - Elapsed_Time 5.00, CPU_Time 4.00
       pbs_fcopt_23 - PBS_Generic_Opt-Assembly - Elapsed_Time 2, CPU_Time 2.0
       Partition:  pbs_fcopt_23 - Runtime taken by the partition - Elapsed_Time 244.00, CPU_Time 187.83
       Partition:  pbs_fcopt_0 - PBS_Generic_Opt-Distributed_Read_DB - Elapsed_Time 2.00, CPU_Time 2.00
       Partition:  pbs_fcopt_0 - PBS_Generic_Opt-Distributed_Generic - Elapsed_Time 5.00, CPU_Time 5.00
       Partition:  pbs_fcopt_0 - PBS_Generic_Opt-First_Cond - Elapsed_Time 144.00, CPU_Time 144.00
       Partition:  pbs_fcopt_0 - PBS_Generic_Opt-Distributed_Prop_Const - Elapsed_Time 2.00, CPU_Time 2.00
       Partition:  pbs_fcopt_0 - PBS_Generic_Opt-Distributed_Gobble - Elapsed_Time 0.00, CPU_Time 0.00
       Partition:  pbs_fcopt_0 - PBS_Generic_Opt-Distributed_Report - Elapsed_Time 0.00, CPU_Time 0.00
       Start - Partition: pbs_fcopt_0 Slack: 121.4 TNS: 0.0 Cell-Count: 83086 Cell-Area: 14505 
Init-Memory: 2933.32
       Done  - Partition: pbs_fcopt_0 Slack: 121.4 TNS: 0.0 Cell-Count: 83074 Cell-Area: 14500 
Peak-Memory: 3091.15 Elapsed: 153
       Partition:  pbs_fcopt_0 - PBS_Generic_Opt-Distributed_Write_DB - Elapsed_Time 11.00, CPU_Time 12.00
       pbs_fcopt_0 - PBS_Generic_Opt-Assembly - Elapsed_Time 5, CPU_Time 5.0
       Partition:  pbs_fcopt_0 - Runtime taken by the partition - Elapsed_Time 164.00, CPU_Time 165.00
       Partition:  pbs_fcopt_41 - PBS_Generic_Opt-Distributed_Read_DB - Elapsed_Time 1.00, CPU_Time 2.00
       Partition:  pbs_fcopt_41 - PBS_Generic_Opt-Distributed_Generic - Elapsed_Time 4.00, CPU_Time 3.00
       Partition:  pbs_fcopt_41 - PBS_Generic_Opt-First_Cond - Elapsed_Time 180.00, CPU_Time 165.30
       Partition:  pbs_fcopt_41 - PBS_Generic_Opt-Distributed_Prop_Const - Elapsed_Time 3.00, CPU_Time 3.00
       Partition:  pbs_fcopt_41 - PBS_Generic_Opt-Distributed_Gobble - Elapsed_Time 0.00, CPU_Time 0.00
       Partition:  pbs_fcopt_41 - PBS_Generic_Opt-Distributed_Report - Elapsed_Time 0.00, CPU_Time 0.00
       Start - Partition: pbs_fcopt_41 Slack: -157.7 TNS: 124498.8 Cell-Count: 83054 Cell-Area: 7448 
Init-Memory: 2670.57
       Done  - Partition: pbs_fcopt_41 Slack: -123.2 TNS: 83194.8 Cell-Count: 40702 Cell-Area: 5021 
Peak-Memory: 2974.14 Elapsed: 188
       Partition:  pbs_fcopt_41 - PBS_Generic_Opt-Distributed_Write_DB - Elapsed_Time 5.00, CPU_Time 6.00
       pbs_fcopt_41 - PBS_Generic_Opt-Assembly - Elapsed_Time 3, CPU_Time 2.0
       Partition:  pbs_fcopt_41 - Runtime taken by the partition - Elapsed_Time 193.00, CPU_Time 179.30
          Received 'pbs_fcopt_48 ./.pbs_mo.ece.pdx.edu_8835/pbs_fcopt_48.etf' from server 'localhost_1_9'. (268766 ms elapsed)
       Partition:  pbs_fcopt_48 - PBS_Generic_Opt-Distributed_Read_DB - Elapsed_Time 2.00, CPU_Time 2.00
       Partition:  pbs_fcopt_48 - PBS_Generic_Opt-Distributed_Generic - Elapsed_Time 4.00, CPU_Time 4.00
       Partition:  pbs_fcopt_48 - PBS_Generic_Opt-First_Cond - Elapsed_Time 250.00, CPU_Time 216.45
       Partition:  pbs_fcopt_48 - PBS_Generic_Opt-Distributed_Prop_Const - Elapsed_Time 4.00, CPU_Time 4.00
       Partition:  pbs_fcopt_48 - PBS_Generic_Opt-Distributed_Gobble - Elapsed_Time 0.00, CPU_Time 0.00
       Partition:  pbs_fcopt_48 - PBS_Generic_Opt-Distributed_Report - Elapsed_Time 0.00, CPU_Time 0.00
       Start - Partition: pbs_fcopt_48 Slack: -704.9 TNS: 102831.1 Cell-Count: 81364 Cell-Area: 7545 
Init-Memory: 2656.68
       Done  - Partition: pbs_fcopt_48 Slack: -335.5 TNS: 53084.0 Cell-Count: 41105 Cell-Area: 4916 
Peak-Memory: 2936.25 Elapsed: 260
       Partition:  pbs_fcopt_48 - PBS_Generic_Opt-Distributed_Write_DB - Elapsed_Time 4.00, CPU_Time 4.00
       pbs_fcopt_48 - PBS_Generic_Opt-Assembly - Elapsed_Time 3, CPU_Time 4.0
       Partition:  pbs_fcopt_48 - Runtime taken by the partition - Elapsed_Time 264.00, CPU_Time 230.45
       Partition:  pbs_fcopt_8 - PBS_Generic_Opt-Distributed_Read_DB - Elapsed_Time 3.00, CPU_Time 3.00
       Partition:  pbs_fcopt_8 - PBS_Generic_Opt-Distributed_Generic - Elapsed_Time 6.00, CPU_Time 7.00
       Partition:  pbs_fcopt_8 - PBS_Generic_Opt-First_Cond - Elapsed_Time 150.00, CPU_Time 149.37
       Partition:  pbs_fcopt_8 - PBS_Generic_Opt-Distributed_Prop_Const - Elapsed_Time 2.00, CPU_Time 3.00
       Partition:  pbs_fcopt_8 - PBS_Generic_Opt-Distributed_Gobble - Elapsed_Time 0.00, CPU_Time 0.00
       Partition:  pbs_fcopt_8 - PBS_Generic_Opt-Distributed_Report - Elapsed_Time 0.00, CPU_Time 0.00
       Start - Partition: pbs_fcopt_8 Slack: -0.7 TNS: 45.3 Cell-Count: 77658 Cell-Area: 14519 
Init-Memory: 2627.54
       Done  - Partition: pbs_fcopt_8 Slack: -0.4 TNS: 0.4 Cell-Count: 77654 Cell-Area: 14519 
Peak-Memory: 3125.82 Elapsed: 161
       Partition:  pbs_fcopt_8 - PBS_Generic_Opt-Distributed_Write_DB - Elapsed_Time 11.00, CPU_Time 11.00
       pbs_fcopt_8 - PBS_Generic_Opt-Assembly - Elapsed_Time 7, CPU_Time 6.0
       Partition:  pbs_fcopt_8 - Runtime taken by the partition - Elapsed_Time 172.00, CPU_Time 173.37
       Partition:  pbs_fcopt_6 - PBS_Generic_Opt-Distributed_Read_DB - Elapsed_Time 2.00, CPU_Time 2.00
       Partition:  pbs_fcopt_6 - PBS_Generic_Opt-Distributed_Generic - Elapsed_Time 4.00, CPU_Time 5.00
       Partition:  pbs_fcopt_6 - PBS_Generic_Opt-First_Cond - Elapsed_Time 130.00, CPU_Time 134.11
       Partition:  pbs_fcopt_6 - PBS_Generic_Opt-Distributed_Prop_Const - Elapsed_Time 2.00, CPU_Time 2.00
       Partition:  pbs_fcopt_6 - PBS_Generic_Opt-Distributed_Gobble - Elapsed_Time 0.00, CPU_Time 0.00
       Partition:  pbs_fcopt_6 - PBS_Generic_Opt-Distributed_Report - Elapsed_Time 0.00, CPU_Time 0.00
       Start - Partition: pbs_fcopt_6 Slack: 5.0 TNS: 0.0 Cell-Count: 73465 Cell-Area: 13304 
Init-Memory: 2622.54
       Done  - Partition: pbs_fcopt_6 Slack: 5.0 TNS: 0.0 Cell-Count: 73465 Cell-Area: 13304 
Peak-Memory: 2961.10 Elapsed: 138
       Partition:  pbs_fcopt_6 - PBS_Generic_Opt-Distributed_Write_DB - Elapsed_Time 9.00, CPU_Time 10.00
       pbs_fcopt_6 - PBS_Generic_Opt-Assembly - Elapsed_Time 5, CPU_Time 6.0
       Partition:  pbs_fcopt_6 - Runtime taken by the partition - Elapsed_Time 147.00, CPU_Time 153.11
          Received 'pbs_fcopt_50 ./.pbs_mo.ece.pdx.edu_8835/pbs_fcopt_50.etf' from server 'localhost_1_14'. (229200 ms elapsed)
       Partition:  pbs_fcopt_50 - PBS_Generic_Opt-Distributed_Read_DB - Elapsed_Time 2.00, CPU_Time 1.00
       Partition:  pbs_fcopt_50 - PBS_Generic_Opt-Distributed_Generic - Elapsed_Time 4.00, CPU_Time 4.00
       Partition:  pbs_fcopt_50 - PBS_Generic_Opt-First_Cond - Elapsed_Time 195.00, CPU_Time 191.05
       Partition:  pbs_fcopt_50 - PBS_Generic_Opt-Distributed_Prop_Const - Elapsed_Time 4.00, CPU_Time 4.00
       Partition:  pbs_fcopt_50 - PBS_Generic_Opt-Distributed_Gobble - Elapsed_Time 0.00, CPU_Time 0.00
       Partition:  pbs_fcopt_50 - PBS_Generic_Opt-Distributed_Report - Elapsed_Time 0.00, CPU_Time 0.00
       Start - Partition: pbs_fcopt_50 Slack: -704.9 TNS: 77990.0 Cell-Count: 64734 Cell-Area: 6408 
Init-Memory: 2701.46
       Done  - Partition: pbs_fcopt_50 Slack: -335.5 TNS: 42551.6 Cell-Count: 34881 Cell-Area: 4385 
Peak-Memory: 2935.91 Elapsed: 205
       Partition:  pbs_fcopt_50 - PBS_Generic_Opt-Distributed_Write_DB - Elapsed_Time 4.00, CPU_Time 3.99
       pbs_fcopt_50 - PBS_Generic_Opt-Assembly - Elapsed_Time 3, CPU_Time 3.0
       Partition:  pbs_fcopt_50 - Runtime taken by the partition - Elapsed_Time 209.00, CPU_Time 204.04
Assembled design in-time

+-----------+----------------+-----+----------------------+---------------------------+
|   Host    |    Machine     | CPU | Physical Memory (MB) | Peak Physical Memory (MB) |
+-----------+----------------+-----+----------------------+---------------------------+
| localhost | mo.ece.pdx.edu |  8  |       20582.7        |          24230.5          |
+-----------+----------------+-----+----------------------+---------------------------+

+----------------+----------------------+---------------------------+
|     Server     | Physical Memory (MB) | Peak Physical Memory (MB) |
+----------------+----------------------+---------------------------+
| localhost_1_0  |      8068.4 [1]      |        11341.7 [1]        |
| localhost_1_12 |      1047.2 [2]      |          [2] [3]          |
| localhost_1_8  |      984.2 [2]       |          [2] [3]          |
| localhost_1_10 |      981.4 [2]       |          [2] [3]          |
| localhost_1_11 |      1011.1 [2]      |          [2] [3]          |
| localhost_1_13 |      1009.7 [2]      |          [2] [3]          |
| localhost_1_14 |      995.8 [2]       |          [2] [3]          |
| localhost_1_9  |      984.6 [2]       |          [2] [3]          |
+----------------+----------------------+---------------------------+
[1] Memory of child processes is included.
[2] Memory is included in parent localhost_1_0.
[3] Peak physical memory is not available for forked background servers.

PBS_Generic_Opt-Post - Elapsed_Time 10491, CPU_Time 10893.394368000001
stamp 'PBS_Generic_Opt-Post' being created for table 'pbs_debug'

  Total Time (Wall) |  Stage Time (Wall)  |   % (Wall)   |    Date - Time     |  Memory   | Stage
--------------------+---------------------+--------------+--------------------+-----------+----------------------
 00:10:12(00:10:22) |  00:00:00(00:00:00) |   0.0(  0.0) |   16:38:41 (May14) |   8.60 GB | PBS_Generic-Start
--------------------+---------------------+--------------+--------------------+-----------+----------------------
 02:29:45(02:25:36) |  02:19:33(02:15:14) |  76.9( 77.3) |   18:53:55 (May14) |  14.88 GB | PBS_Generic-Post_Genopt
--------------------+---------------------+--------------+--------------------+-----------+----------------------
 03:11:45(03:05:13) |  00:41:59(00:39:37) |  23.1( 22.7) |   19:33:32 (May14) |  14.23 GB | PBS_Generic_Opt-Post
--------------------+---------------------+--------------+--------------------+-----------+----------------------
Number of threads: 8 * 1   (id: pbs_debug, time_info v1.57)
Info: (*N*) indicates data that was populated from previously saved time_info database
Info: CPU time includes time of parent + longest thread
PBS_Generic-Postgen HBO Optimizations - Elapsed_Time 82, CPU_Time 83.0
stamp 'PBS_Generic-Postgen HBO Optimizations' being created for table 'pbs_debug'

  Total Time (Wall) |  Stage Time (Wall)  |   % (Wall)   |    Date - Time     |  Memory   | Stage
--------------------+---------------------+--------------+--------------------+-----------+----------------------
 00:10:12(00:10:22) |  00:00:00(00:00:00) |   0.0(  0.0) |   16:38:41 (May14) |   8.60 GB | PBS_Generic-Start
--------------------+---------------------+--------------+--------------------+-----------+----------------------
 02:29:45(02:25:36) |  02:19:33(02:15:14) |  76.3( 76.7) |   18:53:55 (May14) |  14.88 GB | PBS_Generic-Post_Genopt
--------------------+---------------------+--------------+--------------------+-----------+----------------------
 03:11:45(03:05:13) |  00:41:59(00:39:37) |  23.0( 22.5) |   19:33:32 (May14) |  14.23 GB | PBS_Generic_Opt-Post
--------------------+---------------------+--------------+--------------------+-----------+----------------------
 03:13:08(03:06:35) |  00:01:23(00:01:22) |   0.8(  0.8) |   19:34:54 (May14) |  13.48 GB | PBS_Generic-Postgen HBO Optimizations
--------------------+---------------------+--------------+--------------------+-----------+----------------------
Number of threads: 8 * 1   (id: pbs_debug, time_info v1.57)
Info: (*N*) indicates data that was populated from previously saved time_info database
Info: CPU time includes time of parent + longest thread
Starting post syn_generic ultra-effort Boolean optimization
Redundancy removal succeeded.
Done post syn_generic ultra-effort Boolean optimization (741.00 cpu seconds) (180.00 elapsed cpu seconds)
##>====================================== Cadence Confidential (Generic-Logical) ======================================
##>ST Summary (43 partitions in total):
##>--------------------------------------------------------------------------------------------------------------------
##>PARTITION               25        29        23        28        21         9        18        19        17        20
##>--------------------------------------------------------------------------------------------------------------------
##>PRE_WNS               -346      -346      -346      -346      -346      -346      -346      -346      -346      -346
##>PRE_TNS             409600    409664    409600    409664    409664    409568    409664    409664    409664    409600
##>PRE_CNT             104821    104821    104821    104821    104821    104821    104821    104821    104821    104821
##>PRE_PORT_CNT           467       531       467       595       499       451       515       499       515       483
##>PRE_AREA             11248     11248     11248     11248     11248     11248     11248     11248     11248     11248
##>PRE_LEAK_PWR          5873      5873      5873      5873      5873      5873      5873      5873      5873      5873
##>PRE_EX_DEL_CNT         467       531       467       595       499       451       515       499       515       483
##>--------------------------------------------------------------------------------------------------------------------
##>POST_WNS              -157      -157      -157      -157      -157      -157      -157      -157      -157      -157
##>POST_TNS            164615    164727    164567    164727    164727    164487    164727    164727    164727    164567
##>POST_CNT            109748    109742    109748    109742    109742    109751    109742    109742    109742    109748
##>POST_PORT_CNT          467       531       467       595       499       451       515       499       515       483
##>POST_AREA             9842      9842      9842      9842      9842      9841      9842      9842      9842      9842
##>POST_LEAK_PWR         4934      4933      4934      4933      4933      4934      4933      4933      4933      4934
##>POST_EX_DEL_CNT        467       531       467       595       499       451       515       499       515       483
##>--------------------------------------------------------------------------------------------------------------------
##>R:Read DB                3         3         3         3         3         3         2         1         2         1
##>R:Mux Opto              20        20        22        20        21        23        21        20        21        21
##>R:Generic             1461      1454      1431      1424      1420      1416      1420      1415      1410      1412
##>R:Retime                 0         0         0         0         0         0         0         0         0         0
##>R:Clk Gate               0         0         0         0         0         0         0         0         0         0
##>R:Const Prop             3         3         3         4         3         3         3         3         3         2
##>R:Gobble                 0         0         0         0         0         0         0         0         0         1
##>R:Set Targets            0         0         0         0         0         0         0         0         0         0
##>R:Write DB              10        10        10         9        10        10         9         9        11         9
##>R:Misc                   0         0         0         0         0         0         0         0         0         0
##>Total Elapsed         1498      1491      1470      1461      1458      1456      1456      1449      1448      1447
##>====================================================================================================================
##>====================================== Cadence Confidential (Generic-Logical) ======================================
##>ST Summary (49 partitions in total):
##>--------------------------------------------------------------------------------------------------------------------
##>PARTITION               47        44        49        45        31        37        29        21        17        27
##>--------------------------------------------------------------------------------------------------------------------
##>PRE_WNS               -704      -704      -704      -704      -157      -157      -157      -157      -157      -157
##>PRE_TNS             127986    127991    128520    128515    160035    155711    146727    160275    160275    160275
##>PRE_CNT              95596     96884     96875     95587    106785    103816     97887    106776    106776    106776
##>PRE_PORT_CNT           666       762       762       666       451       467       419       515       563       499
##>PRE_AREA              8780      8917      8916      8779      9575      9310      8778      9576      9576      9576
##>PRE_LEAK_PWR          5413      5474      5473      5412      4801      4667      4401      4800      4800      4800
##>PRE_EX_DEL_CNT         666       762       762       666       451       467       419       515       563       499
##>--------------------------------------------------------------------------------------------------------------------
##>POST_WNS              -335      -335      -335      -335      -123      -123      -123      -123      -123      -123
##>POST_TNS             66621     66704     66355     66355    107401    103255     98478    106002    106518    105449
##>POST_CNT             47446     48269     48277     47451     52329     50876     47963     52323     52320     52330
##>POST_PORT_CNT          666       762       762       666       451       467       419       515       563       499
##>POST_AREA             5663      5764      5764      5663      6456      6276      5918      6455      6455      6455
##>POST_LEAK_PWR         2302      2322      2323      2302      2160      2099      1979      2157      2156      2159
##>POST_EX_DEL_CNT        666       762       762       666       451       467       419       515       563       499
##>--------------------------------------------------------------------------------------------------------------------
##>F:Read DB                3         2         2         2         3         2         2         2         2         3
##>F:Mux Opto               0         0         0         0         0         0         0         0         0         0
##>F:Generic                4         4         4         4         4         4         4         4         5         5
##>F:Retime                 0         0         0         0         0         0         0         0         0         0
##>F:Clk Gate               0         0         0         0         0         0         0         0         0         0
##>F:Const Prop             5         5         4         4         3         3         3         4         4         3
##>F:Gobble                 0         0         1         0         1         0         0         0         0         0
##>F:Set Targets          284       280       280       280       273       273       272       268       268       264
##>F:Write DB               5         5         5         5         7         6         5         6         5         6
##>F:Misc                   0         0         0         0         0         0         0         0         0         0
##>Total Elapsed          301       296       296       295       291       288       286       284       284       281
##>====================================================================================================================
##>Main Thread Summary:
##>----------------------------------------------------------------------------------------
##>STEP                           Elapsed       WNS       TNS     Insts      Area    Memory
##>----------------------------------------------------------------------------------------
##>G:Initial                          556         -         -   4356929    572548      8604
##>G:Early Clock Gating                 0         -         -         -         -         -
##>G:Setup                             34         -         -         -         -     21892
##>G:Launch ST                         28         -         -         -         -     21892
##>G:Design Partition                  15         -         -         -         -     21892
##>G:Create Partition Netlists         89         -         -         -         -     21892
##>G:Init Power                         0         -         -         -         -     21892
##>G:Budgeting                        372         -         -         -         -     21892
##>G:Derenv-DB                        100         -         -         -         -     21892
##>G:Debug Outputs                      0         -         -         -         -         -
##>G:ST loading                         2         -         -         -         -     21892
##>G:Distributed                     9103         -         -         -         -     21892
##>G:Timer                            248         -         -         -         -     21892
##>G:Assembly                           5         -         -         -         -     21892
##>G:DFT                               47         -         -         -         -     21892
##>G:Const Prop                        82         -         -   2973351    405025     13477
##>G:Early Clock Gating Cleanup         0         -         -         -         -         -
##>G:PostGen Opt                      232      -335   3875328   2973351    405025     14218
##>G:Misc                             376
##>----------------------------------------------------------------------------------------
##>Total Elapsed                    11289
##>========================================================================================
Info    : Done synthesizing. [SYNTH-2]
        : Done synthesizing 'sys_top' to generic gates.
      flow.cputime  flow.realtime  timing.setup.tns  timing.setup.wns  snapshot
UM:*                                                                   syn_gen
@file(genus.tcl) 103: syn_map
#------------------------------------------------------------------------------------
# Root attributes for category: opt
#------------------------------------------------------------------------------------
# Feature                           | Attribute                | Value            
#------------------------------------------------------------------------------------
# Power optimization effort         | design_power_effort      | none (default)   
# Do not use qbar sequential pins   | dont_use_qbar_seq_pins   | false (default)  
#------------------------------------------------------------------------------------

##Generic Timing Info for library domain: _default_ typical gate delay: 20.9 ps std_slew: 4.2 ps std_load: 0.8 fF
Mapping ChipWare ICG instances in sys_top
Found 0 unmapped ChipWare ICG instances
Mapped 0 of 0 ChipWare ICG instances
Info    : Mapping. [SYNTH-4]
        : Mapping 'sys_top' using 'medium' effort.
Mapper: Libraries have:
	domain _default_: 167 combo usable cells and 23 sequential usable cells
PBS_TechMap-Start - Elapsed_Time 0, CPU_Time 0.0
stamp 'PBS_TechMap-Start' being created for table 'pbs_debug'

  Total Time (Wall) |  Stage Time (Wall)  |   % (Wall)   |    Date - Time     |  Memory   | Stage
--------------------+---------------------+--------------+--------------------+-----------+----------------------
 00:10:12(00:10:22) |  00:00:00(00:00:00) |   0.0(  0.0) |   16:38:41 (May14) |   8.60 GB | PBS_Generic-Start
--------------------+---------------------+--------------+--------------------+-----------+----------------------
 02:29:45(02:25:36) |  02:19:33(02:15:14) |  70.6( 74.5) |   18:53:55 (May14) |  14.88 GB | PBS_Generic-Post_Genopt
--------------------+---------------------+--------------+--------------------+-----------+----------------------
 03:11:45(03:05:13) |  00:41:59(00:39:37) |  21.3( 21.8) |   19:33:32 (May14) |  14.23 GB | PBS_Generic_Opt-Post
--------------------+---------------------+--------------+--------------------+-----------+----------------------
 03:13:08(03:06:35) |  00:01:23(00:01:22) |   0.7(  0.8) |   19:34:54 (May14) |  13.48 GB | PBS_Generic-Postgen HBO Optimizations
--------------------+---------------------+--------------+--------------------+-----------+----------------------
 03:27:48(03:11:54) |  00:14:40(00:05:19) |   7.4(  2.9) |   19:40:13 (May14) |  13.45 GB | PBS_TechMap-Start
--------------------+---------------------+--------------+--------------------+-----------+----------------------
Number of threads: 8 * 1   (id: pbs_debug, time_info v1.57)
Info: (*N*) indicates data that was populated from previously saved time_info database
Info: CPU time includes time of parent + longest thread
PBS_TechMap-Premap HBO Optimizations - Elapsed_Time 81, CPU_Time 81.0
stamp 'PBS_TechMap-Premap HBO Optimizations' being created for table 'pbs_debug'

  Total Time (Wall) |  Stage Time (Wall)  |   % (Wall)   |    Date - Time     |  Memory   | Stage
--------------------+---------------------+--------------+--------------------+-----------+----------------------
 00:10:12(00:10:22) |  00:00:00(00:00:00) |   0.0(  0.0) |   16:38:41 (May14) |   8.60 GB | PBS_Generic-Start
--------------------+---------------------+--------------+--------------------+-----------+----------------------
 02:29:45(02:25:36) |  02:19:33(02:15:14) |  70.1( 73.9) |   18:53:55 (May14) |  14.88 GB | PBS_Generic-Post_Genopt
--------------------+---------------------+--------------+--------------------+-----------+----------------------
 03:11:45(03:05:13) |  00:41:59(00:39:37) |  21.1( 21.7) |   19:33:32 (May14) |  14.23 GB | PBS_Generic_Opt-Post
--------------------+---------------------+--------------+--------------------+-----------+----------------------
 03:13:08(03:06:35) |  00:01:23(00:01:22) |   0.7(  0.7) |   19:34:54 (May14) |  13.48 GB | PBS_Generic-Postgen HBO Optimizations
--------------------+---------------------+--------------+--------------------+-----------+----------------------
 03:27:48(03:11:54) |  00:14:40(00:05:19) |   7.4(  2.9) |   19:40:13 (May14) |  13.45 GB | PBS_TechMap-Start
--------------------+---------------------+--------------+--------------------+-----------+----------------------
 03:29:09(03:13:15) |  00:01:21(00:01:21) |   0.7(  0.7) |   19:41:34 (May14) |  13.45 GB | PBS_TechMap-Premap HBO Optimizations
--------------------+---------------------+--------------+--------------------+-----------+----------------------
Number of threads: 8 * 1   (id: pbs_debug, time_info v1.57)
Info: (*N*) indicates data that was populated from previously saved time_info database
Info: CPU time includes time of parent + longest thread
Info    : The given (sub)design is already uniquified. [TUI-296]
        : design:sys_top.
        : Try running the 'edit_netlist uniquify' command on the parent hierarchy of this (sub)design, if there exists any.
Info    : Enabling Partition Based Synthesis. [PBS-1]
        : Starting distributed mapping.
Updating ST server settings
     Generating lib_script file: /home/iwyse/common/Documents/ECE510/project/510Project/project/cadence/systolic_32x32/.pbs_mo.ece.pdx.edu_8835/lib_script
Start partitioning.  Summary: MEM {curr: 13.4G, peak: 21.4G, phys curr: 13.1G, phys peak: 23.7G}
Design 'sys_top' is partitioned using gs_apart partitioner
Start timing analysis.  Summary: MEM {curr: 13.4G, peak: 21.4G, phys curr: 13.1G, phys peak: 23.7G}
Done timing analysis.  Summary: RT {elapsed: 66s, ST: 85s}, MEM {curr: 13.6G, peak: 21.4G, phys curr: 13.2G, phys peak: 23.7G}
Start partitioning design sys_top
Gathering design stats...
design has 2972566 leaf instances and 4098 data path operators
Partition size: 100000 and number of partitions 30
Partition Number 0, number of instances 741062, tns 24561
Partition Number 1, number of instances 12363, tns 24561
Partition Number 2, number of instances 4581, tns 11712
Partition Number 3, number of instances 12360, tns 23706
Partition Number 4, number of instances 12363, tns 24561
Partition Number 5, number of instances 12362, tns 23706
Partition Number 6, number of instances 88089, tns 23706
Partition Number 7, number of instances 12363, tns 24561
Partition Number 8, number of instances 12361, tns 24561
Partition Number 9, number of instances 12361, tns 24561
Partition Number 10, number of instances 24429, tns 38547
Partition Number 11, number of instances 450496, tns 92915
Partition Number 12, number of instances 93376, tns 154188
Partition Number 13, number of instances 93026, tns 217061
Partition Number 14, number of instances 93044, tns 215426
Partition Number 15, number of instances 93050, tns 214881
Partition Number 16, number of instances 93038, tns 215971
Partition Number 17, number of instances 93056, tns 314896
Partition Number 18, number of instances 93056, tns 214336
Partition Number 19, number of instances 93056, tns 214336
Partition Number 20, number of instances 93020, tns 217606
Partition Number 21, number of instances 46528, tns 107168
Partition Number 22, number of instances 93032, tns 216516
Partition Number 23, number of instances 93008, tns 218696
Partition Number 24, number of instances 92996, tns 219786
Partition Number 25, number of instances 93014, tns 218151
Partition Number 26, number of instances 41956, tns 72053
Partition Number 27, number of instances 93038, tns 215971
Partition Number 28, number of instances 93056, tns 214336
Partition Number 29, number of instances 93026, tns 217061
Partition measurements: total insts: 2972566, number of partitions: 30, max size: 741062, min size: 4581
Partition measurements take CPU time 1.99 secs
Done partitioning.  Summary: RT {elapsed: 433s, ST: 453s}, MEM {curr: 13.7G, peak: 21.4G, phys curr: 13.7G, phys peak: 23.7G}
Start creating partition netlists.  Summary: MEM {curr: 13.7G, peak: 21.4G, phys curr: 13.7G, phys peak: 23.7G}
Done creating partition netlists.  Summary: RT {elapsed: 43s, ST: 41s}, MEM {curr: 14.5G, peak: 21.4G, phys curr: 14.8G, phys peak: 23.7G}
Start budgeting timing for partitions.  Summary: MEM {curr: 14.5G, peak: 21.4G, phys curr: 15.4G, phys peak: 23.7G}
Done budgeting timing for partitions.  Summary: RT {elapsed: 241s, ST: 279s}, MEM {curr: 17.2G, peak: 21.4G, phys curr: 18.0G, phys peak: 23.7G}
Start deriving partition netlists.  Summary: MEM {curr: 17.2G, peak: 21.4G, phys curr: 18.0G, phys peak: 23.7G}
The inst 'pbs_map_1' is selected as pbs candidate. The instance cnt is: '744412'.
The inst 'pbs_map_7' is selected as pbs candidate. The instance cnt is: '88869'.
The inst 'pbs_map_11' is selected as pbs candidate. The instance cnt is: '27501'.
The inst 'pbs_map_12' is selected as pbs candidate. The instance cnt is: '420815'.
The inst 'pbs_map_19' is selected as pbs candidate. The instance cnt is: '93056'.
The inst 'pbs_map_30' is selected as pbs candidate. The instance cnt is: '93026'.
The inst 'pbs_map_15' is selected as pbs candidate. The instance cnt is: '93044'.
The inst 'pbs_map_17' is selected as pbs candidate. The instance cnt is: '93038'.
The inst 'pbs_map_24' is selected as pbs candidate. The instance cnt is: '93008'.
The inst 'pbs_map_25' is selected as pbs candidate. The instance cnt is: '92996'.
The inst 'pbs_map_28' is selected as pbs candidate. The instance cnt is: '93038'.
The inst 'pbs_map_2' is selected as pbs candidate. The instance cnt is: '13147'.
The inst 'pbs_map_3' is selected as pbs candidate. The instance cnt is: '4341'.
The inst 'pbs_map_27' is selected as pbs candidate. The instance cnt is: '46916'.
The inst 'pbs_map_4' is selected as pbs candidate. The instance cnt is: '13144'.
The inst 'pbs_map_5' is selected as pbs candidate. The instance cnt is: '13147'.
The inst 'pbs_map_6' is selected as pbs candidate. The instance cnt is: '13146'.
The inst 'pbs_map_8' is selected as pbs candidate. The instance cnt is: '13147'.
The inst 'pbs_map_9' is selected as pbs candidate. The instance cnt is: '13145'.
The inst 'pbs_map_10' is selected as pbs candidate. The instance cnt is: '13145'.
The inst 'pbs_map_20' is selected as pbs candidate. The instance cnt is: '93056'.
The inst 'pbs_map_22' is selected as pbs candidate. The instance cnt is: '46528'.
The inst 'pbs_map_18' is selected as pbs candidate. The instance cnt is: '93056'.
The inst 'pbs_map_16' is selected as pbs candidate. The instance cnt is: '93050'.
The inst 'pbs_map_14' is selected as pbs candidate. The instance cnt is: '93026'.
The inst 'pbs_map_23' is selected as pbs candidate. The instance cnt is: '93032'.
The inst 'pbs_map_29' is selected as pbs candidate. The instance cnt is: '93056'.
The inst 'pbs_map_26' is selected as pbs candidate. The instance cnt is: '93014'.
The inst 'pbs_map_21' is selected as pbs candidate. The instance cnt is: '93020'.
The inst 'pbs_map_13' is selected as pbs candidate. The instance cnt is: '105647'.
Done deriving partition netlists.  Summary: RT {elapsed: 86s, ST: 86s}, MEM {curr: 17.2G, peak: 21.4G, phys curr: 18.0G, phys peak: 23.7G}
Wait for super-thread servers to finish loading libraries.
Start super thread servers forking.  Summary: MEM {curr: 17.2G, peak: 21.4G, phys curr: 18.0G, phys peak: 23.7G}
Info    : Connection established with super-threading server. [ST-110]
        : The server 'localhost_1_15' is forked process '25929' on this host.
Info    : Connection established with super-threading server. [ST-110]
        : The server 'localhost_1_16' is forked process '25931' on this host.
Info    : Connection established with super-threading server. [ST-110]
        : The server 'localhost_1_17' is forked process '25933' on this host.
Info    : Connection established with super-threading server. [ST-110]
        : The server 'localhost_1_18' is forked process '25935' on this host.
Info    : Connection established with super-threading server. [ST-110]
        : The server 'localhost_1_19' is forked process '25937' on this host.
Warning : Maximum message print count reached. [MESG-11]
        : Maximum print count of '20' reached for message 'ST-110'.
Done super thread servers forking.  Summary: RT {elapsed: 1s, ST: 0s}, MEM {curr: 17.2G, peak: 21.4G, phys curr: 18.0G, phys peak: 23.7G}
        Distributing super-thread jobs: {pbs_map_1 ./.pbs_mo.ece.pdx.edu_8835/pbs_map_1.etf} {pbs_map_12 ./.pbs_mo.ece.pdx.edu_8835/pbs_map_12.etf} {pbs_map_13 ./.pbs_mo.ece.pdx.edu_8835/pbs_map_13.etf} {pbs_map_19 ./.pbs_mo.ece.pdx.edu_8835/pbs_map_19.etf} {pbs_map_29 ./.pbs_mo.ece.pdx.edu_8835/pbs_map_29.etf} {pbs_map_18 ./.pbs_mo.ece.pdx.edu_8835/pbs_map_18.etf} {pbs_map_20 ./.pbs_mo.ece.pdx.edu_8835/pbs_map_20.etf} {pbs_map_16 ./.pbs_mo.ece.pdx.edu_8835/pbs_map_16.etf} {pbs_map_15 ./.pbs_mo.ece.pdx.edu_8835/pbs_map_15.etf} {pbs_map_28 ./.pbs_mo.ece.pdx.edu_8835/pbs_map_28.etf} {pbs_map_17 ./.pbs_mo.ece.pdx.edu_8835/pbs_map_17.etf} {pbs_map_23 ./.pbs_mo.ece.pdx.edu_8835/pbs_map_23.etf} {pbs_map_30 ./.pbs_mo.ece.pdx.edu_8835/pbs_map_30.etf} {pbs_map_14 ./.pbs_mo.ece.pdx.edu_8835/pbs_map_14.etf} {pbs_map_21 ./.pbs_mo.ece.pdx.edu_8835/pbs_map_21.etf} {pbs_map_26 ./.pbs_mo.ece.pdx.edu_8835/pbs_map_26.etf} {pbs_map_24 ./.pbs_mo.ece.pdx.edu_8835/pbs_map_24.etf} {pbs_map_25 ./.pbs_mo.ece.pdx.edu_8835/pbs_map_25.etf} {pbs_map_7 ./.pbs_mo.ece.pdx.edu_8835/pbs_map_7.etf} {pbs_map_27 ./.pbs_mo.ece.pdx.edu_8835/pbs_map_27.etf} {pbs_map_22 ./.pbs_mo.ece.pdx.edu_8835/pbs_map_22.etf} {pbs_map_11 ./.pbs_mo.ece.pdx.edu_8835/pbs_map_11.etf} {pbs_map_8 ./.pbs_mo.ece.pdx.edu_8835/pbs_map_8.etf} {pbs_map_5 ./.pbs_mo.ece.pdx.edu_8835/pbs_map_5.etf} {pbs_map_2 ./.pbs_mo.ece.pdx.edu_8835/pbs_map_2.etf} {pbs_map_6 ./.pbs_mo.ece.pdx.edu_8835/pbs_map_6.etf} {pbs_map_9 ./.pbs_mo.ece.pdx.edu_8835/pbs_map_9.etf} {pbs_map_10 ./.pbs_mo.ece.pdx.edu_8835/pbs_map_10.etf} {pbs_map_4 ./.pbs_mo.ece.pdx.edu_8835/pbs_map_4.etf} {pbs_map_3 ./.pbs_mo.ece.pdx.edu_8835/pbs_map_3.etf}
          Sending 'pbs_map_1 ./.pbs_mo.ece.pdx.edu_8835/pbs_map_1.etf' to server 'localhost_1_19'...
            Sent 'pbs_map_1 ./.pbs_mo.ece.pdx.edu_8835/pbs_map_1.etf' to server 'localhost_1_19'.
          Sending 'pbs_map_12 ./.pbs_mo.ece.pdx.edu_8835/pbs_map_12.etf' to server 'localhost_1_17'...
            Sent 'pbs_map_12 ./.pbs_mo.ece.pdx.edu_8835/pbs_map_12.etf' to server 'localhost_1_17'.
          Sending 'pbs_map_13 ./.pbs_mo.ece.pdx.edu_8835/pbs_map_13.etf' to server 'localhost_1_21'...
            Sent 'pbs_map_13 ./.pbs_mo.ece.pdx.edu_8835/pbs_map_13.etf' to server 'localhost_1_21'.
          Sending 'pbs_map_19 ./.pbs_mo.ece.pdx.edu_8835/pbs_map_19.etf' to server 'localhost_1_20'...
            Sent 'pbs_map_19 ./.pbs_mo.ece.pdx.edu_8835/pbs_map_19.etf' to server 'localhost_1_20'.
          Sending 'pbs_map_29 ./.pbs_mo.ece.pdx.edu_8835/pbs_map_29.etf' to server 'localhost_1_0'...
            Sent 'pbs_map_29 ./.pbs_mo.ece.pdx.edu_8835/pbs_map_29.etf' to server 'localhost_1_0'.
          Sending 'pbs_map_18 ./.pbs_mo.ece.pdx.edu_8835/pbs_map_18.etf' to server 'localhost_1_18'...
            Sent 'pbs_map_18 ./.pbs_mo.ece.pdx.edu_8835/pbs_map_18.etf' to server 'localhost_1_18'.
          Sending 'pbs_map_20 ./.pbs_mo.ece.pdx.edu_8835/pbs_map_20.etf' to server 'localhost_1_16'...
            Sent 'pbs_map_20 ./.pbs_mo.ece.pdx.edu_8835/pbs_map_20.etf' to server 'localhost_1_16'.
          Sending 'pbs_map_16 ./.pbs_mo.ece.pdx.edu_8835/pbs_map_16.etf' to server 'localhost_1_15'...
            Sent 'pbs_map_16 ./.pbs_mo.ece.pdx.edu_8835/pbs_map_16.etf' to server 'localhost_1_15'.
          Received 'pbs_map_29 ./.pbs_mo.ece.pdx.edu_8835/pbs_map_29.etf' from server 'localhost_1_0'. (777989 ms elapsed)
          Sending 'pbs_map_15 ./.pbs_mo.ece.pdx.edu_8835/pbs_map_15.etf' to server 'localhost_1_0'...
            Sent 'pbs_map_15 ./.pbs_mo.ece.pdx.edu_8835/pbs_map_15.etf' to server 'localhost_1_0'.
          Received 'pbs_map_20 ./.pbs_mo.ece.pdx.edu_8835/pbs_map_20.etf' from server 'localhost_1_16'. (839591 ms elapsed)
          Sending 'pbs_map_28 ./.pbs_mo.ece.pdx.edu_8835/pbs_map_28.etf' to server 'localhost_1_16'...
            Sent 'pbs_map_28 ./.pbs_mo.ece.pdx.edu_8835/pbs_map_28.etf' to server 'localhost_1_16'.
          Received 'pbs_map_18 ./.pbs_mo.ece.pdx.edu_8835/pbs_map_18.etf' from server 'localhost_1_18'. (849423 ms elapsed)
          Sending 'pbs_map_17 ./.pbs_mo.ece.pdx.edu_8835/pbs_map_17.etf' to server 'localhost_1_18'...
            Sent 'pbs_map_17 ./.pbs_mo.ece.pdx.edu_8835/pbs_map_17.etf' to server 'localhost_1_18'.
          Received 'pbs_map_19 ./.pbs_mo.ece.pdx.edu_8835/pbs_map_19.etf' from server 'localhost_1_20'. (882476 ms elapsed)
          Sending 'pbs_map_23 ./.pbs_mo.ece.pdx.edu_8835/pbs_map_23.etf' to server 'localhost_1_20'...
            Sent 'pbs_map_23 ./.pbs_mo.ece.pdx.edu_8835/pbs_map_23.etf' to server 'localhost_1_20'.
          Received 'pbs_map_16 ./.pbs_mo.ece.pdx.edu_8835/pbs_map_16.etf' from server 'localhost_1_15'. (915120 ms elapsed)
       Partition:  pbs_map_16 - PBS_Map-Distributed_Read_DB - Elapsed_Time 4.00, CPU_Time 3.00
       Partition:  pbs_map_16 - PBS_Map-Distributed_Map - Elapsed_Time 890.00, CPU_Time 691.54
       Partition:  pbs_map_16 - PBS_Map-Distributed_TNS - Elapsed_Time 0.00, CPU_Time 0.00
       Partition: pbs_map_16:  Partitioning - Elapsed_Time 3.28, CPU_Time 3.28 
       Partition: pbs_map_16:  Constant-Propagation - Elapsed_Time 2.66, CPU_Time 2.62 
       Partition: pbs_map_16:  Logic Structuring - Elapsed_Time 274.11, CPU_Time 272.09 
       Partition: pbs_map_16:  Virtual Mapping - Elapsed_Time 90.87, CPU_Time 118.04 
       Partition: pbs_map_16:  Technology Mapping - Elapsed_Time 113.23, CPU_Time 142.10 
       Partition: pbs_map_16:  Core Map - Elapsed_Time 255.66, CPU_Time 73.03 
       Partition: pbs_map_16:  Global Incremental - Elapsed_Time 112.73, CPU_Time 98.43 
       Partition: pbs_map_16:  Mapper - Elapsed_Time 30.30, CPU_Time 30.28 
       Start - Partition: pbs_map_16 Slack: -129.6 TNS: 199731.2 Cell-Count: 93050 Cell-Area: 11476  
Init-Memory: 2600.02
       Done  - Partition: pbs_map_16 Slack: -30.7 TNS: 27704.7 Cell-Count: 134537 Cell-Area: 11063  
Peak-Memory: 2674.82 Elapsed: 894
       Partition:  pbs_map_16 - PBS_Map-Distributed_Report - Elapsed_Time 14.00, CPU_Time 21.00
       Partition:  pbs_map_16 - PBS_Map-Distributed_Write_DB - Elapsed_Time 6.00, CPU_Time 6.00
       pbs_map_16 - PBS_Map-Assembly - Elapsed_Time 8, CPU_Time 9.0
       Partition:  pbs_map_16 - Runtime taken by the partition - Elapsed_Time 914.00, CPU_Time 721.54
       Partition:  pbs_map_20 - PBS_Map-Distributed_Read_DB - Elapsed_Time 4.00, CPU_Time 3.00
       Partition:  pbs_map_20 - PBS_Map-Distributed_Map - Elapsed_Time 813.00, CPU_Time 705.97
       Partition:  pbs_map_20 - PBS_Map-Distributed_TNS - Elapsed_Time 0.00, CPU_Time 0.00
       Partition: pbs_map_20:  Partitioning - Elapsed_Time 3.29, CPU_Time 3.28 
       Partition: pbs_map_20:  Constant-Propagation - Elapsed_Time 2.25, CPU_Time 2.25 
       Partition: pbs_map_20:  Logic Structuring - Elapsed_Time 281.23, CPU_Time 278.86 
       Partition: pbs_map_20:  Virtual Mapping - Elapsed_Time 92.49, CPU_Time 118.41 
       Partition: pbs_map_20:  Technology Mapping - Elapsed_Time 111.89, CPU_Time 141.70 
       Partition: pbs_map_20:  Core Map - Elapsed_Time 154.80, CPU_Time 69.29 
       Partition: pbs_map_20:  Global Incremental - Elapsed_Time 131.26, CPU_Time 111.35 
       Partition: pbs_map_20:  Mapper - Elapsed_Time 28.89, CPU_Time 28.85 
       Start - Partition: pbs_map_20 Slack: -112.9 TNS: 200179.2 Cell-Count: 93056 Cell-Area: 11476  
Init-Memory: 2600.02
       Done  - Partition: pbs_map_20 Slack: -20.9 TNS: 32608.0 Cell-Count: 142029 Cell-Area: 11386  
Peak-Memory: 2672.80 Elapsed: 817
       Partition:  pbs_map_20 - PBS_Map-Distributed_Report - Elapsed_Time 15.00, CPU_Time 22.00
       Partition:  pbs_map_20 - PBS_Map-Distributed_Write_DB - Elapsed_Time 7.00, CPU_Time 7.00
       pbs_map_20 - PBS_Map-Assembly - Elapsed_Time 9, CPU_Time 9.0
       Partition:  pbs_map_20 - Runtime taken by the partition - Elapsed_Time 838.00, CPU_Time 737.97
       Partition:  pbs_map_18 - PBS_Map-Distributed_Read_DB - Elapsed_Time 4.00, CPU_Time 3.00
       Partition:  pbs_map_18 - PBS_Map-Distributed_Map - Elapsed_Time 826.00, CPU_Time 673.90
       Partition:  pbs_map_18 - PBS_Map-Distributed_TNS - Elapsed_Time 0.00, CPU_Time 0.00
       Partition: pbs_map_18:  Partitioning - Elapsed_Time 3.25, CPU_Time 3.25 
       Partition: pbs_map_18:  Constant-Propagation - Elapsed_Time 9.34, CPU_Time 9.30 
       Partition: pbs_map_18:  Logic Structuring - Elapsed_Time 265.19, CPU_Time 262.67 
       Partition: pbs_map_18:  Virtual Mapping - Elapsed_Time 91.81, CPU_Time 119.06 
       Partition: pbs_map_18:  Technology Mapping - Elapsed_Time 113.77, CPU_Time 143.46 
       Partition: pbs_map_18:  Core Map - Elapsed_Time 208.92, CPU_Time 70.93 
       Partition: pbs_map_18:  Global Incremental - Elapsed_Time 92.38, CPU_Time 80.79 
       Partition: pbs_map_18:  Mapper - Elapsed_Time 34.83, CPU_Time 34.80 
       Start - Partition: pbs_map_18 Slack: -123.8 TNS: 208847.2 Cell-Count: 93056 Cell-Area: 11480  
Init-Memory: 2600.02
       Done  - Partition: pbs_map_18 Slack: -23.7 TNS: 26628.8 Cell-Count: 134249 Cell-Area: 11011  
Peak-Memory: 2666.82 Elapsed: 830
       Partition:  pbs_map_18 - PBS_Map-Distributed_Report - Elapsed_Time 12.00, CPU_Time 19.00
       Partition:  pbs_map_18 - PBS_Map-Distributed_Write_DB - Elapsed_Time 7.00, CPU_Time 6.00
       pbs_map_18 - PBS_Map-Assembly - Elapsed_Time 7, CPU_Time 6.0
       Partition:  pbs_map_18 - Runtime taken by the partition - Elapsed_Time 849.00, CPU_Time 701.90
       Partition:  pbs_map_29 - PBS_Map-Distributed_Read_DB - Elapsed_Time 3.00, CPU_Time 3.00
       Partition:  pbs_map_29 - PBS_Map-Distributed_Map - Elapsed_Time 754.00, CPU_Time 679.19
       Partition:  pbs_map_29 - PBS_Map-Distributed_TNS - Elapsed_Time 0.00, CPU_Time 0.00
       Partition: pbs_map_29:  Partitioning - Elapsed_Time 3.73, CPU_Time 3.75 
       Partition: pbs_map_29:  Constant-Propagation - Elapsed_Time 2.42, CPU_Time 2.41 
       Partition: pbs_map_29:  Logic Structuring - Elapsed_Time 268.43, CPU_Time 266.53 
       Partition: pbs_map_29:  Virtual Mapping - Elapsed_Time 86.93, CPU_Time 109.58 
       Partition: pbs_map_29:  Technology Mapping - Elapsed_Time 108.62, CPU_Time 136.36 
       Partition: pbs_map_29:  Core Map - Elapsed_Time 133.96, CPU_Time 70.09 
       Partition: pbs_map_29:  Global Incremental - Elapsed_Time 111.77, CPU_Time 103.60 
       Partition: pbs_map_29:  Mapper - Elapsed_Time 30.58, CPU_Time 30.61 
       Start - Partition: pbs_map_29 Slack: -112.9 TNS: 200179.2 Cell-Count: 93056 Cell-Area: 11476  
Init-Memory: 2664.05
       Done  - Partition: pbs_map_29 Slack: -20.9 TNS: 32608.0 Cell-Count: 142029 Cell-Area: 11386  
Peak-Memory: 3017.12 Elapsed: 757
       Partition:  pbs_map_29 - PBS_Map-Distributed_Report - Elapsed_Time 13.00, CPU_Time 21.00
       Partition:  pbs_map_29 - PBS_Map-Distributed_Write_DB - Elapsed_Time 7.00, CPU_Time 6.00
       pbs_map_29 - PBS_Map-Assembly - Elapsed_Time 8, CPU_Time 9.0
       Partition:  pbs_map_29 - Runtime taken by the partition - Elapsed_Time 777.00, CPU_Time 709.19
       Partition:  pbs_map_19 - PBS_Map-Distributed_Read_DB - Elapsed_Time 3.00, CPU_Time 3.00
       Partition:  pbs_map_19 - PBS_Map-Distributed_Map - Elapsed_Time 856.00, CPU_Time 685.12
       Partition:  pbs_map_19 - PBS_Map-Distributed_TNS - Elapsed_Time 0.00, CPU_Time 0.00
       Partition: pbs_map_19:  Partitioning - Elapsed_Time 3.71, CPU_Time 3.71 
       Partition: pbs_map_19:  Constant-Propagation - Elapsed_Time 2.40, CPU_Time 2.40 
       Partition: pbs_map_19:  Logic Structuring - Elapsed_Time 261.49, CPU_Time 258.81 
       Partition: pbs_map_19:  Virtual Mapping - Elapsed_Time 90.68, CPU_Time 113.95 
       Partition: pbs_map_19:  Technology Mapping - Elapsed_Time 109.94, CPU_Time 136.51 
       Partition: pbs_map_19:  Core Map - Elapsed_Time 214.14, CPU_Time 69.66 
       Partition: pbs_map_19:  Global Incremental - Elapsed_Time 134.71, CPU_Time 110.17 
       Partition: pbs_map_19:  Mapper - Elapsed_Time 32.11, CPU_Time 32.08 
       Start - Partition: pbs_map_19 Slack: -112.9 TNS: 200179.2 Cell-Count: 93056 Cell-Area: 11476  
Init-Memory: 2600.02
       Done  - Partition: pbs_map_19 Slack: -20.9 TNS: 32608.0 Cell-Count: 142029 Cell-Area: 11386  
Peak-Memory: 2664.80 Elapsed: 860
       Partition:  pbs_map_19 - PBS_Map-Distributed_Report - Elapsed_Time 15.00, CPU_Time 22.00
       Partition:  pbs_map_19 - PBS_Map-Distributed_Write_DB - Elapsed_Time 7.00, CPU_Time 7.00
       pbs_map_19 - PBS_Map-Assembly - Elapsed_Time 7, CPU_Time 7.0
       Partition:  pbs_map_19 - Runtime taken by the partition - Elapsed_Time 881.00, CPU_Time 717.12
          Sending 'pbs_map_30 ./.pbs_mo.ece.pdx.edu_8835/pbs_map_30.etf' to server 'localhost_1_15'...
            Sent 'pbs_map_30 ./.pbs_mo.ece.pdx.edu_8835/pbs_map_30.etf' to server 'localhost_1_15'.
          Received 'pbs_map_13 ./.pbs_mo.ece.pdx.edu_8835/pbs_map_13.etf' from server 'localhost_1_21'. (1022123 ms elapsed)
       Partition:  pbs_map_13 - PBS_Map-Distributed_Read_DB - Elapsed_Time 4.00, CPU_Time 3.00
       Partition:  pbs_map_13 - PBS_Map-Distributed_Map - Elapsed_Time 994.00, CPU_Time 736.59
       Partition:  pbs_map_13 - PBS_Map-Distributed_TNS - Elapsed_Time 0.00, CPU_Time 0.00
       Partition: pbs_map_13:  Partitioning - Elapsed_Time 3.25, CPU_Time 3.25 
       Partition: pbs_map_13:  Constant-Propagation - Elapsed_Time 3.11, CPU_Time 3.09 
       Partition: pbs_map_13:  Logic Structuring - Elapsed_Time 258.30, CPU_Time 256.24 
       Partition: pbs_map_13:  Virtual Mapping - Elapsed_Time 95.78, CPU_Time 117.64 
       Partition: pbs_map_13:  Technology Mapping - Elapsed_Time 132.95, CPU_Time 163.71 
       Partition: pbs_map_13:  Core Map - Elapsed_Time 312.19, CPU_Time 75.53 
       Partition: pbs_map_13:  Global Incremental - Elapsed_Time 131.21, CPU_Time 113.08 
       Partition: pbs_map_13:  Mapper - Elapsed_Time 50.11, CPU_Time 50.08 
       Start - Partition: pbs_map_13 Slack: -335.5 TNS: 153301.0 Cell-Count: 105647 Cell-Area: 12554  
Init-Memory: 2600.02
       Done  - Partition: pbs_map_13 Slack: -156.4 TNS: 55266.5 Cell-Count: 152352 Cell-Area: 12457  
Peak-Memory: 2670.86 Elapsed: 998
       Partition:  pbs_map_13 - PBS_Map-Distributed_Report - Elapsed_Time 15.00, CPU_Time 21.00
       Partition:  pbs_map_13 - PBS_Map-Distributed_Write_DB - Elapsed_Time 8.00, CPU_Time 7.00
       pbs_map_13 - PBS_Map-Assembly - Elapsed_Time 9, CPU_Time 10.0
       Partition:  pbs_map_13 - Runtime taken by the partition - Elapsed_Time 1021.00, CPU_Time 767.59
          Sending 'pbs_map_14 ./.pbs_mo.ece.pdx.edu_8835/pbs_map_14.etf' to server 'localhost_1_21'...
            Sent 'pbs_map_14 ./.pbs_mo.ece.pdx.edu_8835/pbs_map_14.etf' to server 'localhost_1_21'.
          Received 'pbs_map_15 ./.pbs_mo.ece.pdx.edu_8835/pbs_map_15.etf' from server 'localhost_1_0'. (811804 ms elapsed)
          Sending 'pbs_map_21 ./.pbs_mo.ece.pdx.edu_8835/pbs_map_21.etf' to server 'localhost_1_0'...
            Sent 'pbs_map_21 ./.pbs_mo.ece.pdx.edu_8835/pbs_map_21.etf' to server 'localhost_1_0'.
          Received 'pbs_map_28 ./.pbs_mo.ece.pdx.edu_8835/pbs_map_28.etf' from server 'localhost_1_16'. (892041 ms elapsed)
          Sending 'pbs_map_26 ./.pbs_mo.ece.pdx.edu_8835/pbs_map_26.etf' to server 'localhost_1_16'...
            Sent 'pbs_map_26 ./.pbs_mo.ece.pdx.edu_8835/pbs_map_26.etf' to server 'localhost_1_16'.
          Received 'pbs_map_23 ./.pbs_mo.ece.pdx.edu_8835/pbs_map_23.etf' from server 'localhost_1_20'. (852015 ms elapsed)
          Sending 'pbs_map_24 ./.pbs_mo.ece.pdx.edu_8835/pbs_map_24.etf' to server 'localhost_1_20'...
            Sent 'pbs_map_24 ./.pbs_mo.ece.pdx.edu_8835/pbs_map_24.etf' to server 'localhost_1_20'.
          Received 'pbs_map_17 ./.pbs_mo.ece.pdx.edu_8835/pbs_map_17.etf' from server 'localhost_1_18'. (905299 ms elapsed)
          Sending 'pbs_map_25 ./.pbs_mo.ece.pdx.edu_8835/pbs_map_25.etf' to server 'localhost_1_18'...
            Sent 'pbs_map_25 ./.pbs_mo.ece.pdx.edu_8835/pbs_map_25.etf' to server 'localhost_1_18'.
          Received 'pbs_map_30 ./.pbs_mo.ece.pdx.edu_8835/pbs_map_30.etf' from server 'localhost_1_15'. (830920 ms elapsed)
          Sending 'pbs_map_7 ./.pbs_mo.ece.pdx.edu_8835/pbs_map_7.etf' to server 'localhost_1_15'...
            Sent 'pbs_map_7 ./.pbs_mo.ece.pdx.edu_8835/pbs_map_7.etf' to server 'localhost_1_15'.
          Received 'pbs_map_14 ./.pbs_mo.ece.pdx.edu_8835/pbs_map_14.etf' from server 'localhost_1_21'. (851750 ms elapsed)
          Sending 'pbs_map_27 ./.pbs_mo.ece.pdx.edu_8835/pbs_map_27.etf' to server 'localhost_1_21'...
            Sent 'pbs_map_27 ./.pbs_mo.ece.pdx.edu_8835/pbs_map_27.etf' to server 'localhost_1_21'.
          Received 'pbs_map_12 ./.pbs_mo.ece.pdx.edu_8835/pbs_map_12.etf' from server 'localhost_1_17'. (2231865 ms elapsed)
       Partition:  pbs_map_12 - PBS_Map-Distributed_Read_DB - Elapsed_Time 19.00, CPU_Time 17.00
       Partition:  pbs_map_12 - PBS_Map-Distributed_Map - Elapsed_Time 2125.00, CPU_Time 2067.67
       Partition:  pbs_map_12 - PBS_Map-Distributed_TNS - Elapsed_Time 0.00, CPU_Time 0.00
       Partition: pbs_map_12:  Partitioning - Elapsed_Time 17.41, CPU_Time 17.40 
       Partition: pbs_map_12:  Constant-Propagation - Elapsed_Time 10.52, CPU_Time 10.47 
       Partition: pbs_map_12:  Logic Structuring - Elapsed_Time 278.58, CPU_Time 276.65 
       Partition: pbs_map_12:  Virtual Mapping - Elapsed_Time 297.69, CPU_Time 437.69 
       Partition: pbs_map_12:  Technology Mapping - Elapsed_Time 296.68, CPU_Time 330.53 
       Partition: pbs_map_12:  Core Map - Elapsed_Time 486.29, CPU_Time 424.81 
       Partition: pbs_map_12:  Global Incremental - Elapsed_Time 580.24, CPU_Time 585.79 
       Partition: pbs_map_12:  Mapper - Elapsed_Time 121.53, CPU_Time 121.28 
       Start - Partition: pbs_map_12 Slack: -335.5 TNS: 40518.2 Cell-Count: 420815 Cell-Area: 44370  
Init-Memory: 4077.86
       Done  - Partition: pbs_map_12 Slack: -166.2 TNS: 72416.2 Cell-Count: 349617 Cell-Area: 26885  
Peak-Memory: 5692.62 Elapsed: 2146
       Partition:  pbs_map_12 - PBS_Map-Distributed_Report - Elapsed_Time 54.00, CPU_Time 77.00
       Partition:  pbs_map_12 - PBS_Map-Distributed_Write_DB - Elapsed_Time 28.00, CPU_Time 28.00
       pbs_map_12 - PBS_Map-Assembly - Elapsed_Time 38, CPU_Time 38.0
       Partition:  pbs_map_12 - Runtime taken by the partition - Elapsed_Time 2226.00, CPU_Time 2189.67
          Sending 'pbs_map_22 ./.pbs_mo.ece.pdx.edu_8835/pbs_map_22.etf' to server 'localhost_1_17'...
            Sent 'pbs_map_22 ./.pbs_mo.ece.pdx.edu_8835/pbs_map_22.etf' to server 'localhost_1_17'.
          Received 'pbs_map_27 ./.pbs_mo.ece.pdx.edu_8835/pbs_map_27.etf' from server 'localhost_1_21'. (515752 ms elapsed)
          Sending 'pbs_map_11 ./.pbs_mo.ece.pdx.edu_8835/pbs_map_11.etf' to server 'localhost_1_21'...
            Sent 'pbs_map_11 ./.pbs_mo.ece.pdx.edu_8835/pbs_map_11.etf' to server 'localhost_1_21'.
          Received 'pbs_map_21 ./.pbs_mo.ece.pdx.edu_8835/pbs_map_21.etf' from server 'localhost_1_0'. (831352 ms elapsed)
          Sending 'pbs_map_8 ./.pbs_mo.ece.pdx.edu_8835/pbs_map_8.etf' to server 'localhost_1_0'...
            Sent 'pbs_map_8 ./.pbs_mo.ece.pdx.edu_8835/pbs_map_8.etf' to server 'localhost_1_0'.
          Received 'pbs_map_24 ./.pbs_mo.ece.pdx.edu_8835/pbs_map_24.etf' from server 'localhost_1_20'. (814153 ms elapsed)
          Sending 'pbs_map_5 ./.pbs_mo.ece.pdx.edu_8835/pbs_map_5.etf' to server 'localhost_1_20'...
            Sent 'pbs_map_5 ./.pbs_mo.ece.pdx.edu_8835/pbs_map_5.etf' to server 'localhost_1_20'.
          Received 'pbs_map_26 ./.pbs_mo.ece.pdx.edu_8835/pbs_map_26.etf' from server 'localhost_1_16'. (845349 ms elapsed)
          Sending 'pbs_map_2 ./.pbs_mo.ece.pdx.edu_8835/pbs_map_2.etf' to server 'localhost_1_16'...
            Sent 'pbs_map_2 ./.pbs_mo.ece.pdx.edu_8835/pbs_map_2.etf' to server 'localhost_1_16'.
          Received 'pbs_map_25 ./.pbs_mo.ece.pdx.edu_8835/pbs_map_25.etf' from server 'localhost_1_18'. (865246 ms elapsed)
          Sending 'pbs_map_6 ./.pbs_mo.ece.pdx.edu_8835/pbs_map_6.etf' to server 'localhost_1_18'...
            Sent 'pbs_map_6 ./.pbs_mo.ece.pdx.edu_8835/pbs_map_6.etf' to server 'localhost_1_18'.
          Received 'pbs_map_8 ./.pbs_mo.ece.pdx.edu_8835/pbs_map_8.etf' from server 'localhost_1_0'. (206445 ms elapsed)
          Sending 'pbs_map_9 ./.pbs_mo.ece.pdx.edu_8835/pbs_map_9.etf' to server 'localhost_1_0'...
            Sent 'pbs_map_9 ./.pbs_mo.ece.pdx.edu_8835/pbs_map_9.etf' to server 'localhost_1_0'.
          Received 'pbs_map_22 ./.pbs_mo.ece.pdx.edu_8835/pbs_map_22.etf' from server 'localhost_1_17'. (386952 ms elapsed)
          Sending 'pbs_map_10 ./.pbs_mo.ece.pdx.edu_8835/pbs_map_10.etf' to server 'localhost_1_17'...
            Sent 'pbs_map_10 ./.pbs_mo.ece.pdx.edu_8835/pbs_map_10.etf' to server 'localhost_1_17'.
          Received 'pbs_map_7 ./.pbs_mo.ece.pdx.edu_8835/pbs_map_7.etf' from server 'localhost_1_15'. (974352 ms elapsed)
          Sending 'pbs_map_4 ./.pbs_mo.ece.pdx.edu_8835/pbs_map_4.etf' to server 'localhost_1_15'...
            Sent 'pbs_map_4 ./.pbs_mo.ece.pdx.edu_8835/pbs_map_4.etf' to server 'localhost_1_15'.
          Received 'pbs_map_5 ./.pbs_mo.ece.pdx.edu_8835/pbs_map_5.etf' from server 'localhost_1_20'. (220403 ms elapsed)
          Sending 'pbs_map_3 ./.pbs_mo.ece.pdx.edu_8835/pbs_map_3.etf' to server 'localhost_1_20'...
            Sent 'pbs_map_3 ./.pbs_mo.ece.pdx.edu_8835/pbs_map_3.etf' to server 'localhost_1_20'.
          Received 'pbs_map_2 ./.pbs_mo.ece.pdx.edu_8835/pbs_map_2.etf' from server 'localhost_1_16'. (225868 ms elapsed)
          Received 'pbs_map_9 ./.pbs_mo.ece.pdx.edu_8835/pbs_map_9.etf' from server 'localhost_1_0'. (233644 ms elapsed)
          Received 'pbs_map_3 ./.pbs_mo.ece.pdx.edu_8835/pbs_map_3.etf' from server 'localhost_1_20'. (95220 ms elapsed)
          Received 'pbs_map_6 ./.pbs_mo.ece.pdx.edu_8835/pbs_map_6.etf' from server 'localhost_1_18'. (250233 ms elapsed)
          Received 'pbs_map_11 ./.pbs_mo.ece.pdx.edu_8835/pbs_map_11.etf' from server 'localhost_1_21'. (480910 ms elapsed)
          Received 'pbs_map_10 ./.pbs_mo.ece.pdx.edu_8835/pbs_map_10.etf' from server 'localhost_1_17'. (223946 ms elapsed)
          Received 'pbs_map_4 ./.pbs_mo.ece.pdx.edu_8835/pbs_map_4.etf' from server 'localhost_1_15'. (292869 ms elapsed)
          Received 'pbs_map_1 ./.pbs_mo.ece.pdx.edu_8835/pbs_map_1.etf' from server 'localhost_1_19'. (4670387 ms elapsed)
       Partition:  pbs_map_1 - PBS_Map-Distributed_Read_DB - Elapsed_Time 32.00, CPU_Time 27.00
       Partition:  pbs_map_1 - PBS_Map-Distributed_Map - Elapsed_Time 4439.00, CPU_Time 4692.15
       Partition:  pbs_map_1 - PBS_Map-Distributed_TNS - Elapsed_Time 0.00, CPU_Time 0.00
       Partition: pbs_map_1:  Partitioning - Elapsed_Time 51.37, CPU_Time 51.37 
       Partition: pbs_map_1:  Constant-Propagation - Elapsed_Time 39.40, CPU_Time 39.27 
       Partition: pbs_map_1:  Logic Structuring - Elapsed_Time 402.41, CPU_Time 395.78 
       Partition: pbs_map_1:  Virtual Mapping - Elapsed_Time 798.32, CPU_Time 1641.32 
       Partition: pbs_map_1:  Technology Mapping - Elapsed_Time 694.20, CPU_Time 1088.66 
       Partition: pbs_map_1:  Core Map - Elapsed_Time 1071.85, CPU_Time 1257.35 
       Partition: pbs_map_1:  Global Incremental - Elapsed_Time 1013.15, CPU_Time 1087.13 
       Partition: pbs_map_1:  Mapper - Elapsed_Time 279.73, CPU_Time 277.21 
       Start - Partition: pbs_map_1 Slack: -335.5 TNS: 23540.4 Cell-Count: 744412 Cell-Area: 125868  
Init-Memory: 6540.19
       Done  - Partition: pbs_map_1 Slack: -154.2 TNS: 44500.7 Cell-Count: 792695 Cell-Area: 123046  
Peak-Memory: 19061.06 Elapsed: 4475
       Partition:  pbs_map_1 - PBS_Map-Distributed_Report - Elapsed_Time 130.00, CPU_Time 189.00
       Partition:  pbs_map_1 - PBS_Map-Distributed_Write_DB - Elapsed_Time 54.00, CPU_Time 55.00
       pbs_map_1 - PBS_Map-Assembly - Elapsed_Time 79, CPU_Time 80.0
       Partition:  pbs_map_1 - Runtime taken by the partition - Elapsed_Time 4655.00, CPU_Time 4963.15
       Partition:  pbs_map_15 - PBS_Map-Distributed_Read_DB - Elapsed_Time 3.00, CPU_Time 3.00
       Partition:  pbs_map_15 - PBS_Map-Distributed_Map - Elapsed_Time 787.00, CPU_Time 689.86
       Partition:  pbs_map_15 - PBS_Map-Distributed_TNS - Elapsed_Time 0.00, CPU_Time 0.00
       Partition: pbs_map_15:  Partitioning - Elapsed_Time 8.35, CPU_Time 8.39 
       Partition: pbs_map_15:  Constant-Propagation - Elapsed_Time 5.99, CPU_Time 5.97 
       Partition: pbs_map_15:  Logic Structuring - Elapsed_Time 543.05, CPU_Time 538.86 
       Partition: pbs_map_15:  Virtual Mapping - Elapsed_Time 181.17, CPU_Time 233.26 
       Partition: pbs_map_15:  Technology Mapping - Elapsed_Time 221.74, CPU_Time 274.89 
       Partition: pbs_map_15:  Core Map - Elapsed_Time 295.83, CPU_Time 141.22 
       Partition: pbs_map_15:  Global Incremental - Elapsed_Time 209.44, CPU_Time 197.47 
       Partition: pbs_map_15:  Mapper - Elapsed_Time 61.01, CPU_Time 61.05 
       Start - Partition: pbs_map_15 Slack: -129.6 TNS: 200275.2 Cell-Count: 93044 Cell-Area: 11476  
Init-Memory: 2665.26
       Done  - Partition: pbs_map_15 Slack: -32.7 TNS: 28065.4 Cell-Count: 140414 Cell-Area: 11359  
Peak-Memory: 3017.12 Elapsed: 791
       Partition:  pbs_map_15 - PBS_Map-Distributed_Report - Elapsed_Time 14.00, CPU_Time 22.00
       Partition:  pbs_map_15 - PBS_Map-Distributed_Write_DB - Elapsed_Time 7.00, CPU_Time 6.00
       pbs_map_15 - PBS_Map-Assembly - Elapsed_Time 6, CPU_Time 6.0
       Partition:  pbs_map_15 - Runtime taken by the partition - Elapsed_Time 811.00, CPU_Time 720.86
       Partition:  pbs_map_28 - PBS_Map-Distributed_Read_DB - Elapsed_Time 3.00, CPU_Time 3.00
       Partition:  pbs_map_28 - PBS_Map-Distributed_Map - Elapsed_Time 864.00, CPU_Time 700.36
       Partition:  pbs_map_28 - PBS_Map-Distributed_TNS - Elapsed_Time 0.00, CPU_Time 0.00
       Partition: pbs_map_28:  Partitioning - Elapsed_Time 6.57, CPU_Time 6.57 
       Partition: pbs_map_28:  Constant-Propagation - Elapsed_Time 5.67, CPU_Time 5.63 
       Partition: pbs_map_28:  Logic Structuring - Elapsed_Time 568.54, CPU_Time 563.41 
       Partition: pbs_map_28:  Virtual Mapping - Elapsed_Time 183.80, CPU_Time 236.21 
       Partition: pbs_map_28:  Technology Mapping - Elapsed_Time 222.24, CPU_Time 278.17 
       Partition: pbs_map_28:  Core Map - Elapsed_Time 367.24, CPU_Time 137.87 
       Partition: pbs_map_28:  Global Incremental - Elapsed_Time 251.26, CPU_Time 214.09 
       Partition: pbs_map_28:  Mapper - Elapsed_Time 58.90, CPU_Time 58.85 
       Start - Partition: pbs_map_28 Slack: -129.6 TNS: 200819.2 Cell-Count: 93038 Cell-Area: 11476  
Init-Memory: 2674.26
       Done  - Partition: pbs_map_28 Slack: -8.9 TNS: 9503.8 Cell-Count: 142257 Cell-Area: 11487  
Peak-Memory: 2710.10 Elapsed: 868
       Partition:  pbs_map_28 - PBS_Map-Distributed_Report - Elapsed_Time 15.00, CPU_Time 22.00
       Partition:  pbs_map_28 - PBS_Map-Distributed_Write_DB - Elapsed_Time 7.00, CPU_Time 6.00
       pbs_map_28 - PBS_Map-Assembly - Elapsed_Time 7, CPU_Time 7.0
       Partition:  pbs_map_28 - Runtime taken by the partition - Elapsed_Time 889.00, CPU_Time 731.36
       Partition:  pbs_map_17 - PBS_Map-Distributed_Read_DB - Elapsed_Time 2.00, CPU_Time 2.00
       Partition:  pbs_map_17 - PBS_Map-Distributed_Map - Elapsed_Time 881.00, CPU_Time 716.95
       Partition:  pbs_map_17 - PBS_Map-Distributed_TNS - Elapsed_Time 0.00, CPU_Time 0.00
       Partition: pbs_map_17:  Partitioning - Elapsed_Time 7.60, CPU_Time 7.60 
       Partition: pbs_map_17:  Constant-Propagation - Elapsed_Time 13.15, CPU_Time 13.06 
       Partition: pbs_map_17:  Logic Structuring - Elapsed_Time 555.79, CPU_Time 550.62 
       Partition: pbs_map_17:  Virtual Mapping - Elapsed_Time 185.15, CPU_Time 242.01 
       Partition: pbs_map_17:  Technology Mapping - Elapsed_Time 228.08, CPU_Time 279.06 
       Partition: pbs_map_17:  Core Map - Elapsed_Time 412.95, CPU_Time 140.87 
       Partition: pbs_map_17:  Global Incremental - Elapsed_Time 227.27, CPU_Time 187.55 
       Partition: pbs_map_17:  Mapper - Elapsed_Time 63.41, CPU_Time 63.37 
       Start - Partition: pbs_map_17 Slack: -129.6 TNS: 200819.2 Cell-Count: 93038 Cell-Area: 11476  
Init-Memory: 2676.46
       Done  - Partition: pbs_map_17 Slack: -32.8 TNS: 28221.4 Cell-Count: 140378 Cell-Area: 11357  
Peak-Memory: 2712.29 Elapsed: 883
       Partition:  pbs_map_17 - PBS_Map-Distributed_Report - Elapsed_Time 15.00, CPU_Time 22.00
       Partition:  pbs_map_17 - PBS_Map-Distributed_Write_DB - Elapsed_Time 6.00, CPU_Time 6.00
       pbs_map_17 - PBS_Map-Assembly - Elapsed_Time 6, CPU_Time 6.0
       Partition:  pbs_map_17 - Runtime taken by the partition - Elapsed_Time 904.00, CPU_Time 746.95
       Partition:  pbs_map_23 - PBS_Map-Distributed_Read_DB - Elapsed_Time 2.00, CPU_Time 2.00
       Partition:  pbs_map_23 - PBS_Map-Distributed_Map - Elapsed_Time 829.00, CPU_Time 680.88
       Partition:  pbs_map_23 - PBS_Map-Distributed_TNS - Elapsed_Time 0.00, CPU_Time 0.00
       Partition: pbs_map_23:  Partitioning - Elapsed_Time 7.05, CPU_Time 7.05 
       Partition: pbs_map_23:  Constant-Propagation - Elapsed_Time 6.08, CPU_Time 6.04 
       Partition: pbs_map_23:  Logic Structuring - Elapsed_Time 536.81, CPU_Time 531.55 
       Partition: pbs_map_23:  Virtual Mapping - Elapsed_Time 180.01, CPU_Time 226.89 
       Partition: pbs_map_23:  Technology Mapping - Elapsed_Time 223.15, CPU_Time 279.14 
       Partition: pbs_map_23:  Core Map - Elapsed_Time 404.05, CPU_Time 135.14 
       Partition: pbs_map_23:  Global Incremental - Elapsed_Time 252.69, CPU_Time 206.55 
       Partition: pbs_map_23:  Mapper - Elapsed_Time 62.51, CPU_Time 62.46 
       Start - Partition: pbs_map_23 Slack: -129.6 TNS: 200371.2 Cell-Count: 93032 Cell-Area: 11476  
Init-Memory: 2674.26
       Done  - Partition: pbs_map_23 Slack: -29.0 TNS: 36313.4 Cell-Count: 139850 Cell-Area: 11338  
Peak-Memory: 2710.10 Elapsed: 831
       Partition:  pbs_map_23 - PBS_Map-Distributed_Report - Elapsed_Time 14.00, CPU_Time 21.00
       Partition:  pbs_map_23 - PBS_Map-Distributed_Write_DB - Elapsed_Time 6.00, CPU_Time 6.00
       pbs_map_23 - PBS_Map-Assembly - Elapsed_Time 7, CPU_Time 6.0
       Partition:  pbs_map_23 - Runtime taken by the partition - Elapsed_Time 851.00, CPU_Time 709.88
       Partition:  pbs_map_30 - PBS_Map-Distributed_Read_DB - Elapsed_Time 3.00, CPU_Time 3.00
       Partition:  pbs_map_30 - PBS_Map-Distributed_Map - Elapsed_Time 800.00, CPU_Time 674.17
       Partition:  pbs_map_30 - PBS_Map-Distributed_TNS - Elapsed_Time 0.00, CPU_Time 0.00
       Partition: pbs_map_30:  Partitioning - Elapsed_Time 6.48, CPU_Time 6.48 
       Partition: pbs_map_30:  Constant-Propagation - Elapsed_Time 6.76, CPU_Time 6.69 
       Partition: pbs_map_30:  Logic Structuring - Elapsed_Time 548.29, CPU_Time 543.81 
       Partition: pbs_map_30:  Virtual Mapping - Elapsed_Time 183.21, CPU_Time 234.06 
       Partition: pbs_map_30:  Technology Mapping - Elapsed_Time 216.81, CPU_Time 261.65 
       Partition: pbs_map_30:  Core Map - Elapsed_Time 445.03, CPU_Time 141.76 
       Partition: pbs_map_30:  Global Incremental - Elapsed_Time 208.24, CPU_Time 190.91 
       Partition: pbs_map_30:  Mapper - Elapsed_Time 61.00, CPU_Time 60.95 
       Start - Partition: pbs_map_30 Slack: -129.6 TNS: 200915.2 Cell-Count: 93026 Cell-Area: 11476  
Init-Memory: 2676.28
       Done  - Partition: pbs_map_30 Slack: -15.1 TNS: 17064.0 Cell-Count: 137555 Cell-Area: 11181  
Peak-Memory: 2712.11 Elapsed: 803
       Partition:  pbs_map_30 - PBS_Map-Distributed_Report - Elapsed_Time 14.00, CPU_Time 22.00
       Partition:  pbs_map_30 - PBS_Map-Distributed_Write_DB - Elapsed_Time 6.00, CPU_Time 6.00
       pbs_map_30 - PBS_Map-Assembly - Elapsed_Time 6, CPU_Time 7.0
       Partition:  pbs_map_30 - Runtime taken by the partition - Elapsed_Time 823.00, CPU_Time 705.17
       Partition:  pbs_map_14 - PBS_Map-Distributed_Read_DB - Elapsed_Time 2.00, CPU_Time 3.00
       Partition:  pbs_map_14 - PBS_Map-Distributed_Map - Elapsed_Time 826.00, CPU_Time 670.73
       Partition:  pbs_map_14 - PBS_Map-Distributed_TNS - Elapsed_Time 0.00, CPU_Time 0.00
       Partition: pbs_map_14:  Partitioning - Elapsed_Time 6.62, CPU_Time 6.62 
       Partition: pbs_map_14:  Constant-Propagation - Elapsed_Time 6.48, CPU_Time 6.45 
       Partition: pbs_map_14:  Logic Structuring - Elapsed_Time 543.73, CPU_Time 538.74 
       Partition: pbs_map_14:  Virtual Mapping - Elapsed_Time 182.08, CPU_Time 223.68 
       Partition: pbs_map_14:  Technology Mapping - Elapsed_Time 232.51, CPU_Time 280.76 
       Partition: pbs_map_14:  Core Map - Elapsed_Time 492.67, CPU_Time 142.54 
       Partition: pbs_map_14:  Global Incremental - Elapsed_Time 260.99, CPU_Time 203.71 
       Partition: pbs_map_14:  Mapper - Elapsed_Time 80.00, CPU_Time 79.95 
       Start - Partition: pbs_map_14 Slack: -129.6 TNS: 201907.2 Cell-Count: 93026 Cell-Area: 11476  
Init-Memory: 2680.68
       Done  - Partition: pbs_map_14 Slack: -5.6 TNS: 660.4 Cell-Count: 139068 Cell-Area: 11362  
Peak-Memory: 2716.51 Elapsed: 829
       Partition:  pbs_map_14 - PBS_Map-Distributed_Report - Elapsed_Time 14.00, CPU_Time 21.00
       Partition:  pbs_map_14 - PBS_Map-Distributed_Write_DB - Elapsed_Time 6.00, CPU_Time 6.00
       pbs_map_14 - PBS_Map-Assembly - Elapsed_Time 6, CPU_Time 6.0
       Partition:  pbs_map_14 - Runtime taken by the partition - Elapsed_Time 848.00, CPU_Time 700.73
       Partition:  pbs_map_21 - PBS_Map-Distributed_Read_DB - Elapsed_Time 2.00, CPU_Time 1.00
       Partition:  pbs_map_21 - PBS_Map-Distributed_Map - Elapsed_Time 807.00, CPU_Time 663.01
       Partition:  pbs_map_21 - PBS_Map-Distributed_TNS - Elapsed_Time 0.00, CPU_Time 0.00
       Partition: pbs_map_21:  Partitioning - Elapsed_Time 12.14, CPU_Time 12.18 
       Partition: pbs_map_21:  Constant-Propagation - Elapsed_Time 10.07, CPU_Time 10.03 
       Partition: pbs_map_21:  Logic Structuring - Elapsed_Time 799.08, CPU_Time 792.94 
       Partition: pbs_map_21:  Virtual Mapping - Elapsed_Time 265.68, CPU_Time 339.22 
       Partition: pbs_map_21:  Technology Mapping - Elapsed_Time 334.12, CPU_Time 416.51 
       Partition: pbs_map_21:  Core Map - Elapsed_Time 481.77, CPU_Time 206.25 
       Partition: pbs_map_21:  Global Incremental - Elapsed_Time 329.98, CPU_Time 295.80 
       Partition: pbs_map_21:  Mapper - Elapsed_Time 95.02, CPU_Time 95.14 
       Start - Partition: pbs_map_21 Slack: -129.6 TNS: 201459.2 Cell-Count: 93020 Cell-Area: 11476  
Init-Memory: 2656.48
       Done  - Partition: pbs_map_21 Slack: -14.3 TNS: 16439.4 Cell-Count: 137633 Cell-Area: 11186  
Peak-Memory: 3017.12 Elapsed: 810
       Partition:  pbs_map_21 - PBS_Map-Distributed_Report - Elapsed_Time 15.00, CPU_Time 21.00
       Partition:  pbs_map_21 - PBS_Map-Distributed_Write_DB - Elapsed_Time 6.00, CPU_Time 7.00
       pbs_map_21 - PBS_Map-Assembly - Elapsed_Time 6, CPU_Time 6.0
       Partition:  pbs_map_21 - Runtime taken by the partition - Elapsed_Time 830.00, CPU_Time 692.01
       Partition:  pbs_map_26 - PBS_Map-Distributed_Read_DB - Elapsed_Time 3.00, CPU_Time 2.00
       Partition:  pbs_map_26 - PBS_Map-Distributed_Map - Elapsed_Time 821.00, CPU_Time 664.14
       Partition:  pbs_map_26 - PBS_Map-Distributed_TNS - Elapsed_Time 0.00, CPU_Time 0.00
       Partition: pbs_map_26:  Partitioning - Elapsed_Time 10.44, CPU_Time 10.43 
       Partition: pbs_map_26:  Constant-Propagation - Elapsed_Time 9.58, CPU_Time 9.53 
       Partition: pbs_map_26:  Logic Structuring - Elapsed_Time 830.25, CPU_Time 822.85 
       Partition: pbs_map_26:  Virtual Mapping - Elapsed_Time 271.91, CPU_Time 349.21 
       Partition: pbs_map_26:  Technology Mapping - Elapsed_Time 324.69, CPU_Time 400.30 
       Partition: pbs_map_26:  Core Map - Elapsed_Time 578.62, CPU_Time 202.24 
       Partition: pbs_map_26:  Global Incremental - Elapsed_Time 364.60, CPU_Time 318.90 
       Partition: pbs_map_26:  Mapper - Elapsed_Time 89.05, CPU_Time 88.99 
       Start - Partition: pbs_map_26 Slack: -129.6 TNS: 202995.2 Cell-Count: 93014 Cell-Area: 11476  
Init-Memory: 2670.48
       Done  - Partition: pbs_map_26 Slack: -20.4 TNS: 23128.5 Cell-Count: 135518 Cell-Area: 11084  
Peak-Memory: 2710.10 Elapsed: 824
       Partition:  pbs_map_26 - PBS_Map-Distributed_Report - Elapsed_Time 14.00, CPU_Time 21.00
       Partition:  pbs_map_26 - PBS_Map-Distributed_Write_DB - Elapsed_Time 6.00, CPU_Time 6.00
       pbs_map_26 - PBS_Map-Assembly - Elapsed_Time 6, CPU_Time 6.0
       Partition:  pbs_map_26 - Runtime taken by the partition - Elapsed_Time 844.00, CPU_Time 693.14
       Partition:  pbs_map_24 - PBS_Map-Distributed_Read_DB - Elapsed_Time 2.00, CPU_Time 2.00
       Partition:  pbs_map_24 - PBS_Map-Distributed_Map - Elapsed_Time 789.00, CPU_Time 676.26
       Partition:  pbs_map_24 - PBS_Map-Distributed_TNS - Elapsed_Time 0.00, CPU_Time 0.00
       Partition: pbs_map_24:  Partitioning - Elapsed_Time 10.43, CPU_Time 10.43 
       Partition: pbs_map_24:  Constant-Propagation - Elapsed_Time 10.01, CPU_Time 9.97 
       Partition: pbs_map_24:  Logic Structuring - Elapsed_Time 801.00, CPU_Time 793.08 
       Partition: pbs_map_24:  Virtual Mapping - Elapsed_Time 266.94, CPU_Time 336.81 
       Partition: pbs_map_24:  Technology Mapping - Elapsed_Time 336.51, CPU_Time 418.16 
       Partition: pbs_map_24:  Core Map - Elapsed_Time 573.61, CPU_Time 204.03 
       Partition: pbs_map_24:  Global Incremental - Elapsed_Time 363.60, CPU_Time 308.11 
       Partition: pbs_map_24:  Mapper - Elapsed_Time 93.54, CPU_Time 93.46 
       Start - Partition: pbs_map_24 Slack: -129.6 TNS: 203539.2 Cell-Count: 93008 Cell-Area: 11477  
Init-Memory: 2668.48
       Done  - Partition: pbs_map_24 Slack: -32.7 TNS: 29663.2 Cell-Count: 140106 Cell-Area: 11340  
Peak-Memory: 2710.10 Elapsed: 791
       Partition:  pbs_map_24 - PBS_Map-Distributed_Report - Elapsed_Time 15.00, CPU_Time 22.00
       Partition:  pbs_map_24 - PBS_Map-Distributed_Write_DB - Elapsed_Time 6.00, CPU_Time 7.00
       pbs_map_24 - PBS_Map-Assembly - Elapsed_Time 7, CPU_Time 7.0
       Partition:  pbs_map_24 - Runtime taken by the partition - Elapsed_Time 812.00, CPU_Time 707.26
       Partition:  pbs_map_25 - PBS_Map-Distributed_Read_DB - Elapsed_Time 2.00, CPU_Time 2.00
       Partition:  pbs_map_25 - PBS_Map-Distributed_Map - Elapsed_Time 842.00, CPU_Time 697.00
       Partition:  pbs_map_25 - PBS_Map-Distributed_TNS - Elapsed_Time 0.00, CPU_Time 0.00
       Partition: pbs_map_25:  Partitioning - Elapsed_Time 11.25, CPU_Time 11.25 
       Partition: pbs_map_25:  Constant-Propagation - Elapsed_Time 18.08, CPU_Time 17.98 
       Partition: pbs_map_25:  Logic Structuring - Elapsed_Time 833.93, CPU_Time 825.90 
       Partition: pbs_map_25:  Virtual Mapping - Elapsed_Time 279.15, CPU_Time 359.07 
       Partition: pbs_map_25:  Technology Mapping - Elapsed_Time 338.79, CPU_Time 413.69 
       Partition: pbs_map_25:  Core Map - Elapsed_Time 603.10, CPU_Time 211.54 
       Partition: pbs_map_25:  Global Incremental - Elapsed_Time 349.82, CPU_Time 286.68 
       Partition: pbs_map_25:  Mapper - Elapsed_Time 94.76, CPU_Time 94.71 
       Start - Partition: pbs_map_25 Slack: -129.6 TNS: 204627.2 Cell-Count: 92996 Cell-Area: 11477  
Init-Memory: 2672.68
       Done  - Partition: pbs_map_25 Slack: -32.8 TNS: 30217.4 Cell-Count: 140013 Cell-Area: 11333  
Peak-Memory: 2712.29 Elapsed: 844
       Partition:  pbs_map_25 - PBS_Map-Distributed_Report - Elapsed_Time 13.00, CPU_Time 20.00
       Partition:  pbs_map_25 - PBS_Map-Distributed_Write_DB - Elapsed_Time 6.00, CPU_Time 6.00
       pbs_map_25 - PBS_Map-Assembly - Elapsed_Time 6, CPU_Time 6.0
       Partition:  pbs_map_25 - Runtime taken by the partition - Elapsed_Time 863.00, CPU_Time 725.00
       Partition:  pbs_map_7 - PBS_Map-Distributed_Read_DB - Elapsed_Time 4.00, CPU_Time 5.00
       Partition:  pbs_map_7 - PBS_Map-Distributed_Map - Elapsed_Time 930.00, CPU_Time 902.28
       Partition:  pbs_map_7 - PBS_Map-Distributed_TNS - Elapsed_Time 0.00, CPU_Time 0.00
       Partition: pbs_map_7:  Partitioning - Elapsed_Time 12.42, CPU_Time 12.42 
       Partition: pbs_map_7:  Constant-Propagation - Elapsed_Time 11.60, CPU_Time 11.51 
       Partition: pbs_map_7:  Logic Structuring - Elapsed_Time 672.17, CPU_Time 666.46 
       Partition: pbs_map_7:  Virtual Mapping - Elapsed_Time 369.26, CPU_Time 520.41 
       Partition: pbs_map_7:  Technology Mapping - Elapsed_Time 392.89, CPU_Time 469.50 
       Partition: pbs_map_7:  Core Map - Elapsed_Time 634.75, CPU_Time 309.56 
       Partition: pbs_map_7:  Global Incremental - Elapsed_Time 392.91, CPU_Time 372.68 
       Partition: pbs_map_7:  Mapper - Elapsed_Time 106.62, CPU_Time 106.33 
       Start - Partition: pbs_map_7 Slack: -335.5 TNS: 26387.3 Cell-Count: 88869 Cell-Area: 23495  
Init-Memory: 2679.18
       Done  - Partition: pbs_map_7 Slack: -154.2 TNS: 68469.9 Cell-Count: 172311 Cell-Area: 30982  
Peak-Memory: 4175.09 Elapsed: 935
       Partition:  pbs_map_7 - PBS_Map-Distributed_Report - Elapsed_Time 24.00, CPU_Time 35.00
       Partition:  pbs_map_7 - PBS_Map-Distributed_Write_DB - Elapsed_Time 12.00, CPU_Time 12.00
       pbs_map_7 - PBS_Map-Assembly - Elapsed_Time 13, CPU_Time 13.0
       Partition:  pbs_map_7 - Runtime taken by the partition - Elapsed_Time 970.00, CPU_Time 954.28
       Partition:  pbs_map_27 - PBS_Map-Distributed_Read_DB - Elapsed_Time 0.00, CPU_Time 1.00
       Partition:  pbs_map_27 - PBS_Map-Distributed_Map - Elapsed_Time 504.00, CPU_Time 393.16
       Partition:  pbs_map_27 - PBS_Map-Distributed_TNS - Elapsed_Time 0.00, CPU_Time 0.00
       Partition: pbs_map_27:  Partitioning - Elapsed_Time 8.48, CPU_Time 8.48 
       Partition: pbs_map_27:  Constant-Propagation - Elapsed_Time 8.51, CPU_Time 8.45 
       Partition: pbs_map_27:  Logic Structuring - Elapsed_Time 694.29, CPU_Time 688.04 
       Partition: pbs_map_27:  Virtual Mapping - Elapsed_Time 234.55, CPU_Time 289.10 
       Partition: pbs_map_27:  Technology Mapping - Elapsed_Time 308.52, CPU_Time 369.35 
       Partition: pbs_map_27:  Core Map - Elapsed_Time 637.21, CPU_Time 180.62 
       Partition: pbs_map_27:  Global Incremental - Elapsed_Time 313.34, CPU_Time 253.77 
       Partition: pbs_map_27:  Mapper - Elapsed_Time 100.68, CPU_Time 100.62 
       Start - Partition: pbs_map_27 Slack: -335.5 TNS: 72828.6 Cell-Count: 46916 Cell-Area: 5589  
Init-Memory: 2678.90
       Done  - Partition: pbs_map_27 Slack: -176.4 TNS: 24199.6 Cell-Count: 67190 Cell-Area: 5504  
Peak-Memory: 2716.51 Elapsed: 504
       Partition:  pbs_map_27 - PBS_Map-Distributed_Report - Elapsed_Time 5.00, CPU_Time 9.00
       Partition:  pbs_map_27 - PBS_Map-Distributed_Write_DB - Elapsed_Time 4.00, CPU_Time 3.00
       pbs_map_27 - PBS_Map-Assembly - Elapsed_Time 3, CPU_Time 3.0
       Partition:  pbs_map_27 - Runtime taken by the partition - Elapsed_Time 513.00, CPU_Time 406.16
       Partition:  pbs_map_22 - PBS_Map-Distributed_Read_DB - Elapsed_Time 1.00, CPU_Time 1.00
       Partition:  pbs_map_22 - PBS_Map-Distributed_Map - Elapsed_Time 369.00, CPU_Time 344.03
       Partition:  pbs_map_22 - PBS_Map-Distributed_TNS - Elapsed_Time 0.00, CPU_Time 0.00
       Partition: pbs_map_22:  Partitioning - Elapsed_Time 19.08, CPU_Time 19.07 
       Partition: pbs_map_22:  Constant-Propagation - Elapsed_Time 11.68, CPU_Time 11.63 
       Partition: pbs_map_22:  Logic Structuring - Elapsed_Time 423.05, CPU_Time 419.84 
       Partition: pbs_map_22:  Virtual Mapping - Elapsed_Time 340.70, CPU_Time 488.28 
       Partition: pbs_map_22:  Technology Mapping - Elapsed_Time 349.88, CPU_Time 392.01 
       Partition: pbs_map_22:  Core Map - Elapsed_Time 537.69, CPU_Time 457.39 
       Partition: pbs_map_22:  Global Incremental - Elapsed_Time 635.42, CPU_Time 635.98 
       Partition: pbs_map_22:  Mapper - Elapsed_Time 136.69, CPU_Time 136.43 
       Start - Partition: pbs_map_22 Slack: -112.9 TNS: 100089.6 Cell-Count: 46528 Cell-Area: 5738  
Init-Memory: 4077.33
       Done  - Partition: pbs_map_22 Slack: -8.3 TNS: 4780.8 Cell-Count: 71332 Cell-Area: 5754  
Peak-Memory: 5692.62 Elapsed: 370
       Partition:  pbs_map_22 - PBS_Map-Distributed_Report - Elapsed_Time 7.00, CPU_Time 11.00
       Partition:  pbs_map_22 - PBS_Map-Distributed_Write_DB - Elapsed_Time 3.00, CPU_Time 3.00
       pbs_map_22 - PBS_Map-Assembly - Elapsed_Time 4, CPU_Time 3.0
       Partition:  pbs_map_22 - Runtime taken by the partition - Elapsed_Time 380.00, CPU_Time 359.03
       Partition:  pbs_map_11 - PBS_Map-Distributed_Read_DB - Elapsed_Time 1.00, CPU_Time 0.00
       Partition:  pbs_map_11 - PBS_Map-Distributed_Map - Elapsed_Time 472.00, CPU_Time 409.05
       Partition:  pbs_map_11 - PBS_Map-Distributed_TNS - Elapsed_Time 0.00, CPU_Time 0.00
       Partition: pbs_map_11:  Partitioning - Elapsed_Time 9.51, CPU_Time 9.51 
       Partition: pbs_map_11:  Constant-Propagation - Elapsed_Time 10.49, CPU_Time 10.42 
       Partition: pbs_map_11:  Logic Structuring - Elapsed_Time 868.95, CPU_Time 861.05 
       Partition: pbs_map_11:  Virtual Mapping - Elapsed_Time 287.58, CPU_Time 354.48 
       Partition: pbs_map_11:  Technology Mapping - Elapsed_Time 398.36, CPU_Time 477.76 
       Partition: pbs_map_11:  Core Map - Elapsed_Time 730.35, CPU_Time 216.46 
       Partition: pbs_map_11:  Global Incremental - Elapsed_Time 354.96, CPU_Time 291.32 
       Partition: pbs_map_11:  Mapper - Elapsed_Time 115.25, CPU_Time 115.18 
       Start - Partition: pbs_map_11 Slack: -335.5 TNS: 39556.2 Cell-Count: 27501 Cell-Area: 3446  
Init-Memory: 2674.36
       Done  - Partition: pbs_map_11 Slack: -151.8 TNS: 22378.4 Cell-Count: 40500 Cell-Area: 3596  
Peak-Memory: 2716.51 Elapsed: 473
       Partition:  pbs_map_11 - PBS_Map-Distributed_Report - Elapsed_Time 3.00, CPU_Time 6.00
       Partition:  pbs_map_11 - PBS_Map-Distributed_Write_DB - Elapsed_Time 3.00, CPU_Time 2.00
       pbs_map_11 - PBS_Map-Assembly - Elapsed_Time 2, CPU_Time 2.0
       Partition:  pbs_map_11 - Runtime taken by the partition - Elapsed_Time 479.00, CPU_Time 417.05
       Partition:  pbs_map_8 - PBS_Map-Distributed_Read_DB - Elapsed_Time 0.00, CPU_Time 1.00
       Partition:  pbs_map_8 - PBS_Map-Distributed_Map - Elapsed_Time 203.00, CPU_Time 189.38
       Partition:  pbs_map_8 - PBS_Map-Distributed_TNS - Elapsed_Time 0.00, CPU_Time 0.00
       Partition: pbs_map_8:  Partitioning - Elapsed_Time 12.72, CPU_Time 12.76 
       Partition: pbs_map_8:  Constant-Propagation - Elapsed_Time 11.86, CPU_Time 11.81 
       Partition: pbs_map_8:  Logic Structuring - Elapsed_Time 880.11, CPU_Time 873.43 
       Partition: pbs_map_8:  Virtual Mapping - Elapsed_Time 291.66, CPU_Time 370.85 
       Partition: pbs_map_8:  Technology Mapping - Elapsed_Time 377.20, CPU_Time 466.39 
       Partition: pbs_map_8:  Core Map - Elapsed_Time 509.74, CPU_Time 221.98 
       Partition: pbs_map_8:  Global Incremental - Elapsed_Time 346.09, CPU_Time 311.83 
       Partition: pbs_map_8:  Mapper - Elapsed_Time 100.63, CPU_Time 100.77 
       Start - Partition: pbs_map_8 Slack: -335.5 TNS: 23540.4 Cell-Count: 13147 Cell-Area: 1584  
Init-Memory: 2647.70
       Done  - Partition: pbs_map_8 Slack: -154.2 TNS: 6396.6 Cell-Count: 18842 Cell-Area: 1546  
Peak-Memory: 3017.12 Elapsed: 203
       Partition:  pbs_map_8 - PBS_Map-Distributed_Report - Elapsed_Time 2.00, CPU_Time 3.00
       Partition:  pbs_map_8 - PBS_Map-Distributed_Write_DB - Elapsed_Time 1.00, CPU_Time 1.00
       pbs_map_8 - PBS_Map-Assembly - Elapsed_Time 0, CPU_Time 1.0
       Partition:  pbs_map_8 - Runtime taken by the partition - Elapsed_Time 206.00, CPU_Time 194.38
       Partition:  pbs_map_5 - PBS_Map-Distributed_Read_DB - Elapsed_Time 1.00, CPU_Time 0.00
       Partition:  pbs_map_5 - PBS_Map-Distributed_Map - Elapsed_Time 217.00, CPU_Time 191.40
       Partition:  pbs_map_5 - PBS_Map-Distributed_TNS - Elapsed_Time 0.00, CPU_Time 0.00
       Partition: pbs_map_5:  Partitioning - Elapsed_Time 10.96, CPU_Time 10.96 
       Partition: pbs_map_5:  Constant-Propagation - Elapsed_Time 12.18, CPU_Time 12.12 
       Partition: pbs_map_5:  Logic Structuring - Elapsed_Time 881.99, CPU_Time 873.25 
       Partition: pbs_map_5:  Virtual Mapping - Elapsed_Time 293.55, CPU_Time 367.87 
       Partition: pbs_map_5:  Technology Mapping - Elapsed_Time 379.13, CPU_Time 467.92 
       Partition: pbs_map_5:  Core Map - Elapsed_Time 607.37, CPU_Time 220.16 
       Partition: pbs_map_5:  Global Incremental - Elapsed_Time 386.86, CPU_Time 324.09 
       Partition: pbs_map_5:  Mapper - Elapsed_Time 99.85, CPU_Time 99.76 
       Start - Partition: pbs_map_5 Slack: -335.5 TNS: 23540.4 Cell-Count: 13147 Cell-Area: 1584  
Init-Memory: 2665.71
       Done  - Partition: pbs_map_5 Slack: -154.2 TNS: 6396.6 Cell-Count: 18842 Cell-Area: 1546  
Peak-Memory: 2710.10 Elapsed: 218
       Partition:  pbs_map_5 - PBS_Map-Distributed_Report - Elapsed_Time 1.00, CPU_Time 3.00
       Partition:  pbs_map_5 - PBS_Map-Distributed_Write_DB - Elapsed_Time 1.00, CPU_Time 1.00
       pbs_map_5 - PBS_Map-Assembly - Elapsed_Time 1, CPU_Time 1.0
       Partition:  pbs_map_5 - Runtime taken by the partition - Elapsed_Time 220.00, CPU_Time 195.40
       Partition:  pbs_map_2 - PBS_Map-Distributed_Read_DB - Elapsed_Time 1.00, CPU_Time 0.00
       Partition:  pbs_map_2 - PBS_Map-Distributed_Map - Elapsed_Time 223.00, CPU_Time 201.50
       Partition:  pbs_map_2 - PBS_Map-Distributed_TNS - Elapsed_Time 0.00, CPU_Time 0.00
       Partition: pbs_map_2:  Partitioning - Elapsed_Time 10.79, CPU_Time 10.79 
       Partition: pbs_map_2:  Constant-Propagation - Elapsed_Time 11.07, CPU_Time 11.01 
       Partition: pbs_map_2:  Logic Structuring - Elapsed_Time 916.35, CPU_Time 908.12 
       Partition: pbs_map_2:  Virtual Mapping - Elapsed_Time 300.46, CPU_Time 383.52 
       Partition: pbs_map_2:  Technology Mapping - Elapsed_Time 368.97, CPU_Time 452.30 
       Partition: pbs_map_2:  Core Map - Elapsed_Time 612.74, CPU_Time 219.61 
       Partition: pbs_map_2:  Global Incremental - Elapsed_Time 386.07, CPU_Time 336.29 
       Partition: pbs_map_2:  Mapper - Elapsed_Time 94.83, CPU_Time 94.75 
       Start - Partition: pbs_map_2 Slack: -335.5 TNS: 23540.4 Cell-Count: 13147 Cell-Area: 1584  
Init-Memory: 2669.71
       Done  - Partition: pbs_map_2 Slack: -154.2 TNS: 6396.6 Cell-Count: 18842 Cell-Area: 1546  
Peak-Memory: 2710.10 Elapsed: 224
       Partition:  pbs_map_2 - PBS_Map-Distributed_Report - Elapsed_Time 1.00, CPU_Time 3.00
       Partition:  pbs_map_2 - PBS_Map-Distributed_Write_DB - Elapsed_Time 1.00, CPU_Time 1.00
       pbs_map_2 - PBS_Map-Assembly - Elapsed_Time 1, CPU_Time 1.0
       Partition:  pbs_map_2 - Runtime taken by the partition - Elapsed_Time 226.00, CPU_Time 205.50
       Partition:  pbs_map_6 - PBS_Map-Distributed_Read_DB - Elapsed_Time 0.00, CPU_Time 0.00
       Partition:  pbs_map_6 - PBS_Map-Distributed_Map - Elapsed_Time 245.00, CPU_Time 198.96
       Partition:  pbs_map_6 - PBS_Map-Distributed_TNS - Elapsed_Time 0.00, CPU_Time 0.00
       Partition: pbs_map_6:  Partitioning - Elapsed_Time 11.74, CPU_Time 11.74 
       Partition: pbs_map_6:  Constant-Propagation - Elapsed_Time 19.69, CPU_Time 19.57 
       Partition: pbs_map_6:  Logic Structuring - Elapsed_Time 917.18, CPU_Time 908.39 
       Partition: pbs_map_6:  Virtual Mapping - Elapsed_Time 306.65, CPU_Time 395.75 
       Partition: pbs_map_6:  Technology Mapping - Elapsed_Time 383.09, CPU_Time 468.80 
       Partition: pbs_map_6:  Core Map - Elapsed_Time 645.21, CPU_Time 227.71 
       Partition: pbs_map_6:  Global Incremental - Elapsed_Time 388.70, CPU_Time 306.25 
       Partition: pbs_map_6:  Mapper - Elapsed_Time 100.32, CPU_Time 100.26 
       Start - Partition: pbs_map_6 Slack: -335.5 TNS: 23424.9 Cell-Count: 13146 Cell-Area: 1584  
Init-Memory: 2667.91
       Done  - Partition: pbs_map_6 Slack: -154.2 TNS: 6211.1 Cell-Count: 18790 Cell-Area: 1541  
Peak-Memory: 2712.29 Elapsed: 245
       Partition:  pbs_map_6 - PBS_Map-Distributed_Report - Elapsed_Time 2.00, CPU_Time 2.00
       Partition:  pbs_map_6 - PBS_Map-Distributed_Write_DB - Elapsed_Time 0.00, CPU_Time 1.00
       pbs_map_6 - PBS_Map-Assembly - Elapsed_Time 1, CPU_Time 1.0
       Partition:  pbs_map_6 - Runtime taken by the partition - Elapsed_Time 247.00, CPU_Time 201.96
       Partition:  pbs_map_9 - PBS_Map-Distributed_Read_DB - Elapsed_Time 0.00, CPU_Time 1.00
       Partition:  pbs_map_9 - PBS_Map-Distributed_Map - Elapsed_Time 231.00, CPU_Time 208.70
       Partition:  pbs_map_9 - PBS_Map-Distributed_TNS - Elapsed_Time 0.00, CPU_Time 0.00
       Partition: pbs_map_9:  Partitioning - Elapsed_Time 13.23, CPU_Time 13.27 
       Partition: pbs_map_9:  Constant-Propagation - Elapsed_Time 13.64, CPU_Time 13.57 
       Partition: pbs_map_9:  Logic Structuring - Elapsed_Time 966.80, CPU_Time 959.58 
       Partition: pbs_map_9:  Virtual Mapping - Elapsed_Time 322.32, CPU_Time 412.16 
       Partition: pbs_map_9:  Technology Mapping - Elapsed_Time 426.20, CPU_Time 527.81 
       Partition: pbs_map_9:  Core Map - Elapsed_Time 546.11, CPU_Time 240.41 
       Partition: pbs_map_9:  Global Incremental - Elapsed_Time 365.07, CPU_Time 328.40 
       Partition: pbs_map_9:  Mapper - Elapsed_Time 106.32, CPU_Time 106.45 
       Start - Partition: pbs_map_9 Slack: -335.5 TNS: 23318.7 Cell-Count: 13145 Cell-Area: 1584  
Init-Memory: 2642.14
       Done  - Partition: pbs_map_9 Slack: -175.9 TNS: 6300.4 Cell-Count: 18379 Cell-Area: 1519  
Peak-Memory: 3017.12 Elapsed: 231
       Partition:  pbs_map_9 - PBS_Map-Distributed_Report - Elapsed_Time 2.00, CPU_Time 3.00
       Partition:  pbs_map_9 - PBS_Map-Distributed_Write_DB - Elapsed_Time 0.00, CPU_Time 1.00
       pbs_map_9 - PBS_Map-Assembly - Elapsed_Time 1, CPU_Time 1.0
       Partition:  pbs_map_9 - Runtime taken by the partition - Elapsed_Time 233.00, CPU_Time 213.70
       Partition:  pbs_map_10 - PBS_Map-Distributed_Read_DB - Elapsed_Time 0.00, CPU_Time 0.00
       Partition:  pbs_map_10 - PBS_Map-Distributed_Map - Elapsed_Time 217.00, CPU_Time 191.63
       Partition:  pbs_map_10 - PBS_Map-Distributed_TNS - Elapsed_Time 0.00, CPU_Time 0.00
       Partition: pbs_map_10:  Partitioning - Elapsed_Time 19.60, CPU_Time 19.59 
       Partition: pbs_map_10:  Constant-Propagation - Elapsed_Time 13.48, CPU_Time 13.42 
       Partition: pbs_map_10:  Logic Structuring - Elapsed_Time 502.52, CPU_Time 498.55 
       Partition: pbs_map_10:  Virtual Mapping - Elapsed_Time 367.65, CPU_Time 524.59 
       Partition: pbs_map_10:  Technology Mapping - Elapsed_Time 394.70, CPU_Time 453.79 
       Partition: pbs_map_10:  Core Map - Elapsed_Time 578.16, CPU_Time 473.56 
       Partition: pbs_map_10:  Global Incremental - Elapsed_Time 651.46, CPU_Time 652.03 
       Partition: pbs_map_10:  Mapper - Elapsed_Time 142.34, CPU_Time 142.07 
       Start - Partition: pbs_map_10 Slack: -335.5 TNS: 23540.4 Cell-Count: 13145 Cell-Area: 1584  
Init-Memory: 3841.36
       Done  - Partition: pbs_map_10 Slack: -175.9 TNS: 5841.7 Cell-Count: 18347 Cell-Area: 1519  
Peak-Memory: 5692.62 Elapsed: 217
       Partition:  pbs_map_10 - PBS_Map-Distributed_Report - Elapsed_Time 1.00, CPU_Time 2.00
       Partition:  pbs_map_10 - PBS_Map-Distributed_Write_DB - Elapsed_Time 1.00, CPU_Time 1.00
       pbs_map_10 - PBS_Map-Assembly - Elapsed_Time 1, CPU_Time 0.0
       Partition:  pbs_map_10 - Runtime taken by the partition - Elapsed_Time 219.00, CPU_Time 194.63
       Partition:  pbs_map_4 - PBS_Map-Distributed_Read_DB - Elapsed_Time 0.00, CPU_Time 0.00
       Partition:  pbs_map_4 - PBS_Map-Distributed_Map - Elapsed_Time 290.00, CPU_Time 258.33
       Partition:  pbs_map_4 - PBS_Map-Distributed_TNS - Elapsed_Time 0.00, CPU_Time 0.00
       Partition: pbs_map_4:  Partitioning - Elapsed_Time 12.77, CPU_Time 12.77 
       Partition: pbs_map_4:  Constant-Propagation - Elapsed_Time 13.08, CPU_Time 12.98 
       Partition: pbs_map_4:  Logic Structuring - Elapsed_Time 798.93, CPU_Time 792.62 
       Partition: pbs_map_4:  Virtual Mapping - Elapsed_Time 399.35, CPU_Time 589.29 
       Partition: pbs_map_4:  Technology Mapping - Elapsed_Time 447.13, CPU_Time 581.95 
       Partition: pbs_map_4:  Core Map - Elapsed_Time 688.32, CPU_Time 332.87 
       Partition: pbs_map_4:  Global Incremental - Elapsed_Time 410.07, CPU_Time 390.19 
       Partition: pbs_map_4:  Mapper - Elapsed_Time 112.20, CPU_Time 111.89 
       Start - Partition: pbs_map_4 Slack: -335.5 TNS: 23424.9 Cell-Count: 13144 Cell-Area: 1584  
Init-Memory: 3391.57
       Done  - Partition: pbs_map_4 Slack: -175.9 TNS: 5793.8 Cell-Count: 18320 Cell-Area: 1516  
Peak-Memory: 4175.09 Elapsed: 290
       Partition:  pbs_map_4 - PBS_Map-Distributed_Report - Elapsed_Time 2.00, CPU_Time 3.00
       Partition:  pbs_map_4 - PBS_Map-Distributed_Write_DB - Elapsed_Time 0.00, CPU_Time 1.00
       pbs_map_4 - PBS_Map-Assembly - Elapsed_Time 0, CPU_Time 1.0
       Partition:  pbs_map_4 - Runtime taken by the partition - Elapsed_Time 292.00, CPU_Time 262.33
       Partition:  pbs_map_3 - PBS_Map-Distributed_Read_DB - Elapsed_Time 1.00, CPU_Time 0.00
       Partition:  pbs_map_3 - PBS_Map-Distributed_Map - Elapsed_Time 94.00, CPU_Time 75.67
       Partition:  pbs_map_3 - PBS_Map-Distributed_TNS - Elapsed_Time 0.00, CPU_Time 0.00
       Partition: pbs_map_3:  Partitioning - Elapsed_Time 11.07, CPU_Time 11.07 
       Partition: pbs_map_3:  Constant-Propagation - Elapsed_Time 13.01, CPU_Time 12.94 
       Partition: pbs_map_3:  Logic Structuring - Elapsed_Time 913.88, CPU_Time 904.83 
       Partition: pbs_map_3:  Virtual Mapping - Elapsed_Time 304.36, CPU_Time 382.78 
       Partition: pbs_map_3:  Technology Mapping - Elapsed_Time 395.58, CPU_Time 489.60 
       Partition: pbs_map_3:  Core Map - Elapsed_Time 628.41, CPU_Time 226.75 
       Partition: pbs_map_3:  Global Incremental - Elapsed_Time 397.61, CPU_Time 330.87 
       Partition: pbs_map_3:  Mapper - Elapsed_Time 101.77, CPU_Time 101.67 
       Start - Partition: pbs_map_3 Slack: -123.2 TNS: 10355.4 Cell-Count: 4341 Cell-Area: 537  
Init-Memory: 2659.98
       Done  - Partition: pbs_map_3 Slack: -7.6 TNS: 244.5 Cell-Count: 6376 Cell-Area: 522  
Peak-Memory: 2710.10 Elapsed: 95
       Partition:  pbs_map_3 - PBS_Map-Distributed_Report - Elapsed_Time 0.00, CPU_Time 1.00
       Partition:  pbs_map_3 - PBS_Map-Distributed_Write_DB - Elapsed_Time 1.00, CPU_Time 0.00
       pbs_map_3 - PBS_Map-Assembly - Elapsed_Time 1, CPU_Time 0.0
       Partition:  pbs_map_3 - Runtime taken by the partition - Elapsed_Time 96.00, CPU_Time 76.67
Assembled design in-time

State Retention Synthesis Status
================================

Category                         Flops   Percentage
---------------------------------------------------
Total instances                 401417        100.0
Excluded from State Retention   401417        100.0
    - Will not convert          401417        100.0
      - Preserved                    0          0.0
      - Power intent excluded   401417        100.0
    - Could not convert              0          0.0
      - Scan type                    0          0.0
      - No suitable cell             0          0.0
State Retention instances            0          0.0
---------------------------------------------------


+-----------+----------------+-----+----------------------+---------------------------+
|   Host    |    Machine     | CPU | Physical Memory (MB) | Peak Physical Memory (MB) |
+-----------+----------------+-----+----------------------+---------------------------+
| localhost | mo.ece.pdx.edu |  8  |       24892.4        |          40844.8          |
+-----------+----------------+-----+----------------------+---------------------------+

+----------------+----------------------+---------------------------+
|     Server     | Physical Memory (MB) | Peak Physical Memory (MB) |
+----------------+----------------------+---------------------------+
| localhost_1_16 |      822.3 [1]       |          [1] [2]          |
| localhost_1_0  |     10720.7 [3]      |        26968.0 [3]        |
| localhost_1_20 |      824.4 [1]       |          [1] [2]          |
| localhost_1_17 |      1383.9 [1]      |          [1] [2]          |
| localhost_1_15 |      1224.6 [1]      |          [1] [2]          |
| localhost_1_18 |      823.0 [1]       |          [1] [2]          |
| localhost_1_21 |      829.0 [1]       |          [1] [2]          |
| localhost_1_19 |      3941.4 [1]      |          [1] [2]          |
+----------------+----------------------+---------------------------+
[1] Memory is included in parent localhost_1_0.
[2] Peak physical memory is not available for forked background servers.
[3] Memory of child processes is included.

INFO: skipping constant propagation
PBS_Techmap-Global Mapping - Elapsed_Time 5731, CPU_Time 6183.5941539999985
stamp 'PBS_Techmap-Global Mapping' being created for table 'pbs_debug'

  Total Time (Wall) |  Stage Time (Wall)  |   % (Wall)   |    Date - Time     |  Memory   | Stage
--------------------+---------------------+--------------+--------------------+-----------+----------------------
 00:10:12(00:10:22) |  00:00:00(00:00:00) |   0.0(  0.0) |   16:38:41 (May14) |   8.60 GB | PBS_Generic-Start
--------------------+---------------------+--------------+--------------------+-----------+----------------------
 02:29:45(02:25:36) |  02:19:33(02:15:14) |  46.2( 48.6) |   18:53:55 (May14) |  14.88 GB | PBS_Generic-Post_Genopt
--------------------+---------------------+--------------+--------------------+-----------+----------------------
 03:11:45(03:05:13) |  00:41:59(00:39:37) |  13.9( 14.2) |   19:33:32 (May14) |  14.23 GB | PBS_Generic_Opt-Post
--------------------+---------------------+--------------+--------------------+-----------+----------------------
 03:13:08(03:06:35) |  00:01:23(00:01:22) |   0.5(  0.5) |   19:34:54 (May14) |  13.48 GB | PBS_Generic-Postgen HBO Optimizations
--------------------+---------------------+--------------+--------------------+-----------+----------------------
 03:27:48(03:11:54) |  00:14:40(00:05:19) |   4.9(  1.9) |   19:40:13 (May14) |  13.45 GB | PBS_TechMap-Start
--------------------+---------------------+--------------+--------------------+-----------+----------------------
 03:29:09(03:13:15) |  00:01:21(00:01:21) |   0.4(  0.5) |   19:41:34 (May14) |  13.45 GB | PBS_TechMap-Premap HBO Optimizations
--------------------+---------------------+--------------+--------------------+-----------+----------------------
 05:12:12(04:48:46) |  01:43:03(01:35:31) |  34.1( 34.3) |   21:17:05 (May14) |  15.91 GB | PBS_Techmap-Global Mapping
--------------------+---------------------+--------------+--------------------+-----------+----------------------
Number of threads: 8 * 1   (id: pbs_debug, time_info v1.57)
Info: (*N*) indicates data that was populated from previously saved time_info database
Info: CPU time includes time of parent + longest thread
Info    : Wrote formal verification information. [CFM-5]
        : Wrote 'fv/sys_top/fv_map.fv.json' for netlist 'fv/sys_top/fv_map.v.gz'.
Info    : Existing dofile found. Copied as fv/sys_top/rtl_to_fv_map.do~.
Info    : Wrote dofile. [CFM-1]
        : Dofile is 'fv/sys_top/rtl_to_fv_map.do'.
        : RTL names flow is enabled.
PBS_TechMap-Datapath Postmap Operations - Elapsed_Time 809, CPU_Time 850.1976700000014
stamp 'PBS_TechMap-Datapath Postmap Operations' being created for table 'pbs_debug'

  Total Time (Wall) |  Stage Time (Wall)  |   % (Wall)   |    Date - Time     |  Memory   | Stage
--------------------+---------------------+--------------+--------------------+-----------+----------------------
 00:10:12(00:10:22) |  00:00:00(00:00:00) |   0.0(  0.0) |   16:38:41 (May14) |   8.60 GB | PBS_Generic-Start
--------------------+---------------------+--------------+--------------------+-----------+----------------------
 02:29:45(02:25:36) |  02:19:33(02:15:14) |  44.1( 46.3) |   18:53:55 (May14) |  14.88 GB | PBS_Generic-Post_Genopt
--------------------+---------------------+--------------+--------------------+-----------+----------------------
 03:11:45(03:05:13) |  00:41:59(00:39:37) |  13.3( 13.6) |   19:33:32 (May14) |  14.23 GB | PBS_Generic_Opt-Post
--------------------+---------------------+--------------+--------------------+-----------+----------------------
 03:13:08(03:06:35) |  00:01:23(00:01:22) |   0.4(  0.5) |   19:34:54 (May14) |  13.48 GB | PBS_Generic-Postgen HBO Optimizations
--------------------+---------------------+--------------+--------------------+-----------+----------------------
 03:27:48(03:11:54) |  00:14:40(00:05:19) |   4.6(  1.8) |   19:40:13 (May14) |  13.45 GB | PBS_TechMap-Start
--------------------+---------------------+--------------+--------------------+-----------+----------------------
 03:29:09(03:13:15) |  00:01:21(00:01:21) |   0.4(  0.5) |   19:41:34 (May14) |  13.45 GB | PBS_TechMap-Premap HBO Optimizations
--------------------+---------------------+--------------+--------------------+-----------+----------------------
 05:12:12(04:48:46) |  01:43:03(01:35:31) |  32.6( 32.7) |   21:17:05 (May14) |  15.91 GB | PBS_Techmap-Global Mapping
--------------------+---------------------+--------------+--------------------+-----------+----------------------
 05:26:23(05:02:15) |  00:14:10(00:13:29) |   4.5(  4.6) |   21:30:34 (May14) |  14.60 GB | PBS_TechMap-Datapath Postmap Operations
--------------------+---------------------+--------------+--------------------+-----------+----------------------
Number of threads: 8 * 1   (id: pbs_debug, time_info v1.57)
Info: (*N*) indicates data that was populated from previously saved time_info database
Info: CPU time includes time of parent + longest thread
PBS_TechMap-Postmap HBO Optimizations - Elapsed_Time 71, CPU_Time 92.21941099999822
stamp 'PBS_TechMap-Postmap HBO Optimizations' being created for table 'pbs_debug'

  Total Time (Wall) |  Stage Time (Wall)  |   % (Wall)   |    Date - Time     |  Memory   | Stage
--------------------+---------------------+--------------+--------------------+-----------+----------------------
 00:10:12(00:10:22) |  00:00:00(00:00:00) |   0.0(  0.0) |   16:38:41 (May14) |   8.60 GB | PBS_Generic-Start
--------------------+---------------------+--------------+--------------------+-----------+----------------------
 02:29:45(02:25:36) |  02:19:33(02:15:14) |  43.9( 46.1) |   18:53:55 (May14) |  14.88 GB | PBS_Generic-Post_Genopt
--------------------+---------------------+--------------+--------------------+-----------+----------------------
 03:11:45(03:05:13) |  00:41:59(00:39:37) |  13.2( 13.5) |   19:33:32 (May14) |  14.23 GB | PBS_Generic_Opt-Post
--------------------+---------------------+--------------+--------------------+-----------+----------------------
 03:13:08(03:06:35) |  00:01:23(00:01:22) |   0.4(  0.5) |   19:34:54 (May14) |  13.48 GB | PBS_Generic-Postgen HBO Optimizations
--------------------+---------------------+--------------+--------------------+-----------+----------------------
 03:27:48(03:11:54) |  00:14:40(00:05:19) |   4.6(  1.8) |   19:40:13 (May14) |  13.45 GB | PBS_TechMap-Start
--------------------+---------------------+--------------+--------------------+-----------+----------------------
 03:29:09(03:13:15) |  00:01:21(00:01:21) |   0.4(  0.5) |   19:41:34 (May14) |  13.45 GB | PBS_TechMap-Premap HBO Optimizations
--------------------+---------------------+--------------+--------------------+-----------+----------------------
 05:12:12(04:48:46) |  01:43:03(01:35:31) |  32.4( 32.6) |   21:17:05 (May14) |  15.91 GB | PBS_Techmap-Global Mapping
--------------------+---------------------+--------------+--------------------+-----------+----------------------
 05:26:23(05:02:15) |  00:14:10(00:13:29) |   4.5(  4.6) |   21:30:34 (May14) |  14.60 GB | PBS_TechMap-Datapath Postmap Operations
--------------------+---------------------+--------------+--------------------+-----------+----------------------
 05:27:55(05:03:26) |  00:01:32(00:01:11) |   0.5(  0.4) |   21:31:45 (May14) |  14.61 GB | PBS_TechMap-Postmap HBO Optimizations
--------------------+---------------------+--------------+--------------------+-----------+----------------------
Number of threads: 8 * 1   (id: pbs_debug, time_info v1.57)
Info: (*N*) indicates data that was populated from previously saved time_info database
Info: CPU time includes time of parent + longest thread
 Doing ConstProp on design:sys_top ... 

Time taken by ConstProp Step: 00:26:11
PBS_TechMap-Postmap Clock Gating - Elapsed_Time 1609, CPU_Time 1609.0
stamp 'PBS_TechMap-Postmap Clock Gating' being created for table 'pbs_debug'

  Total Time (Wall) |  Stage Time (Wall)  |   % (Wall)   |    Date - Time     |  Memory   | Stage
--------------------+---------------------+--------------+--------------------+-----------+----------------------
 00:10:12(00:10:22) |  00:00:00(00:00:00) |   0.0(  0.0) |   16:38:41 (May14) |   8.60 GB | PBS_Generic-Start
--------------------+---------------------+--------------+--------------------+-----------+----------------------
 02:29:45(02:25:36) |  02:19:33(02:15:14) |  40.5( 42.3) |   18:53:55 (May14) |  14.88 GB | PBS_Generic-Post_Genopt
--------------------+---------------------+--------------+--------------------+-----------+----------------------
 03:11:45(03:05:13) |  00:41:59(00:39:37) |  12.2( 12.4) |   19:33:32 (May14) |  14.23 GB | PBS_Generic_Opt-Post
--------------------+---------------------+--------------+--------------------+-----------+----------------------
 03:13:08(03:06:35) |  00:01:23(00:01:22) |   0.4(  0.4) |   19:34:54 (May14) |  13.48 GB | PBS_Generic-Postgen HBO Optimizations
--------------------+---------------------+--------------+--------------------+-----------+----------------------
 03:27:48(03:11:54) |  00:14:40(00:05:19) |   4.3(  1.7) |   19:40:13 (May14) |  13.45 GB | PBS_TechMap-Start
--------------------+---------------------+--------------+--------------------+-----------+----------------------
 03:29:09(03:13:15) |  00:01:21(00:01:21) |   0.4(  0.4) |   19:41:34 (May14) |  13.45 GB | PBS_TechMap-Premap HBO Optimizations
--------------------+---------------------+--------------+--------------------+-----------+----------------------
 05:12:12(04:48:46) |  01:43:03(01:35:31) |  29.9( 29.9) |   21:17:05 (May14) |  15.91 GB | PBS_Techmap-Global Mapping
--------------------+---------------------+--------------+--------------------+-----------+----------------------
 05:26:23(05:02:15) |  00:14:10(00:13:29) |   4.1(  4.2) |   21:30:34 (May14) |  14.60 GB | PBS_TechMap-Datapath Postmap Operations
--------------------+---------------------+--------------+--------------------+-----------+----------------------
 05:27:55(05:03:26) |  00:01:32(00:01:11) |   0.4(  0.4) |   21:31:45 (May14) |  14.61 GB | PBS_TechMap-Postmap HBO Optimizations
--------------------+---------------------+--------------+--------------------+-----------+----------------------
 05:54:44(05:30:15) |  00:26:49(00:26:49) |   7.8(  8.4) |   21:58:34 (May14) |  14.39 GB | PBS_TechMap-Postmap Clock Gating
--------------------+---------------------+--------------+--------------------+-----------+----------------------
Number of threads: 8 * 1   (id: pbs_debug, time_info v1.57)
Info: (*N*) indicates data that was populated from previously saved time_info database
Info: CPU time includes time of parent + longest thread
-------------------------------------------------------------------------------
 hi_fo_buf                392456     -190   -928085     34996       15
            Worst cost_group: clk, WNS: -190.1
            Path: u_rb/total_cnt_reg[2]/CLK --> m_axis_tdata[246]

           Trick     Calls     Accepts   Attempts    Time(secs) 
-----------------------------------------------------------
       hi_fo_buf      3129  (     3128 /     3128 )  279.85

 
Incremental optimization status
===============================
                                   Group   
                                  Tot Wrst     Total - - DRC Totals - -
                           Total  Weighted      Neg      Max       Max 
Operation                   Area   Slacks      Slack    Trans      Cap 
 init_delay               392456     -190   -928085     34996       15
            Worst cost_group: clk, WNS: -190.1
            Path: u_rb/total_cnt_reg[2]/CLK --> m_axis_tdata[246]
 incr_delay               392559     -138   -897727     34996       15
            Worst cost_group: clk, WNS: -138.7
            Path: u_rb/g_postproc[17].u_gelu/r2_den_reg[1]/CLK -->
                    u_rb/g_postproc[17].u_gelu/r3_y1_reg[16]/D
 incr_delay               392602     -126   -887956     34996       15
            Worst cost_group: clk, WNS: -126.5
            Path: u_rb/g_postproc[7].u_gelu/r2_den_reg[8]/CLK -->
                    u_rb/g_postproc[7].u_gelu/r3_y1_reg[26]/D
 incr_delay               392872     -121   -884041     34996       15
            Worst cost_group: clk, WNS: -121.8
            Path: u_rb/g_postproc[17].u_gelu/r2_den_reg[0]/CLK -->
                    u_rb/g_postproc[17].u_gelu/r3_y1_reg[16]/D
 incr_delay               392896     -118   -882649     34996       15
            Worst cost_group: clk, WNS: -118.8
            Path: u_rb/g_postproc[7].u_gelu/r2_den_reg[8]/CLK -->
                    u_rb/g_postproc[7].u_gelu/r3_y1_reg[26]/D
 incr_delay               392904     -117   -881602     34996       15
            Worst cost_group: clk, WNS: -117.6
            Path: u_rb/g_postproc[18].u_gelu/r2_den_reg[0]/CLK -->
                    u_rb/g_postproc[18].u_gelu/r3_y1_reg[16]/D
 incr_delay               392922     -114   -879670     34996       15
            Worst cost_group: clk, WNS: -114.7
            Path: u_rb/g_postproc[18].u_gelu/r2_den_reg[0]/CLK -->
                    u_rb/g_postproc[18].u_gelu/r3_y1_reg[16]/D
 incr_delay               392934     -114   -879323     34996       15
            Worst cost_group: clk, WNS: -114.3
            Path: u_rb/g_postproc[0].u_gelu/r2_den_reg[8]/CLK -->
                    u_rb/g_postproc[0].u_gelu/r3_y1_reg[26]/D
 incr_delay               392935     -114   -879284     34996       15
            Worst cost_group: clk, WNS: -114.2
            Path: u_rb/g_postproc[0].u_gelu/r2_den_reg[8]/CLK -->
                    u_rb/g_postproc[0].u_gelu/r3_y1_reg[26]/D

           Trick     Calls     Accepts   Attempts    Time(secs) 
-----------------------------------------------------------
       crit_upsz     22241  (     4891 /     5334 )  468.01
    plc_bal_star         0  (        0 /        0 )  0.00
     drc_buftimb         0  (        0 /        0 )  0.00
          plc_st       838  (        0 /        0 )  0.00
    plc_st_fence       838  (        0 /        0 )  0.00
        plc_star       838  (        0 /        0 )  0.00
      plc_laf_st       838  (        0 /        0 )  0.00
 plc_laf_st_fence       838  (        0 /        0 )  0.00
     drc_buftims         0  (        0 /        0 )  0.00
            fopt     12476  (     1293 /     1512 )  95.34
   plc_laf_lo_st       857  (        0 /        0 )  0.00
       plc_lo_st       857  (        0 /        0 )  0.00
        mb_split       857  (        0 /        0 )  0.00

 
Local TNS optimization status
=============================
                                   Group   
                                  Tot Wrst     Total - - DRC Totals - -
                           Total  Weighted      Neg      Max       Max 
Operation                   Area   Slacks      Slack    Trans      Cap 
 init_tns                 392935     -114   -879284     34996       15
            Worst cost_group: clk, WNS: -114.2
            Path: u_rb/g_postproc[0].u_gelu/r2_den_reg[8]/CLK -->
                    u_rb/g_postproc[0].u_gelu/r3_y1_reg[26]/D
 incr_tns                 392950     -114   -834225     34996       15
            Worst cost_group: clk, WNS: -114.2
            Path: u_rb/g_postproc[0].u_gelu/r2_den_reg[8]/CLK -->
                    u_rb/g_postproc[0].u_gelu/r3_y1_reg[26]/D
 incr_tns                 392982     -114   -815126     34996       15
            Worst cost_group: clk, WNS: -114.2
            Path: u_rb/g_postproc[0].u_gelu/r2_den_reg[8]/CLK -->
                    u_rb/g_postproc[0].u_gelu/r3_y1_reg[26]/D
 incr_tns                 393034     -114   -791330     34996       15
            Worst cost_group: clk, WNS: -114.2
            Path: u_rb/g_postproc[0].u_gelu/r2_den_reg[8]/CLK -->
                    u_rb/g_postproc[0].u_gelu/r3_y1_reg[26]/D
 incr_tns                 393066     -114   -763752     34996       15
            Worst cost_group: clk, WNS: -114.2
            Path: u_rb/g_postproc[0].u_gelu/r2_den_reg[8]/CLK -->
                    u_rb/g_postproc[0].u_gelu/r3_y1_reg[26]/D
 incr_tns                 393085     -114   -732828     34996       15
            Worst cost_group: clk, WNS: -114.2
            Path: u_rb/g_postproc[0].u_gelu/r2_den_reg[8]/CLK -->
                    u_rb/g_postproc[0].u_gelu/r3_y1_reg[26]/D
 incr_tns                 393094     -114   -606974     34996       15
            Worst cost_group: clk, WNS: -114.2
            Path: u_rb/g_postproc[0].u_gelu/r2_den_reg[8]/CLK -->
                    u_rb/g_postproc[0].u_gelu/r3_y1_reg[26]/D
 incr_tns                 393100     -114   -587260     34996       15
            Worst cost_group: clk, WNS: -114.2
            Path: u_rb/g_postproc[0].u_gelu/r2_den_reg[8]/CLK -->
                    u_rb/g_postproc[0].u_gelu/r3_y1_reg[26]/D
 incr_tns                 393100     -114   -587260     34996       15
            Worst cost_group: clk, WNS: -114.2
            Path: u_rb/g_postproc[0].u_gelu/r2_den_reg[8]/CLK -->
                    u_rb/g_postproc[0].u_gelu/r3_y1_reg[26]/D

           Trick     Calls     Accepts   Attempts    Time(secs) 
-----------------------------------------------------------
    plc_bal_star         0  (        0 /        0 )  0.00
     drc_buftimb         0  (        0 /        0 )  0.00
     drc_buftims         0  (        0 /        0 )  0.00
       crit_upsz      8000  (     3924 /     5993 )  168.06
   plc_laf_lo_st      4076  (        0 /        0 )  0.01
       plc_lo_st      4076  (        0 /        0 )  0.00
            fopt      4076  (        0 /        1 )  7.06
       crit_dnsz     33025  (     2766 /     4599 )  102.49
             dup      1310  (       97 /      127 )  1.86
        setup_dn      1213  (        0 /        0 )  0.01
        mb_split      1213  (        0 /        0 )  0.03

PBS_TechMap-Postmap Cleanup - Elapsed_Time 1287, CPU_Time 1464.5831249999537
stamp 'PBS_TechMap-Postmap Cleanup' being created for table 'pbs_debug'

  Total Time (Wall) |  Stage Time (Wall)  |   % (Wall)   |    Date - Time     |  Memory   | Stage
--------------------+---------------------+--------------+--------------------+-----------+----------------------
 00:10:12(00:10:22) |  00:00:00(00:00:00) |   0.0(  0.0) |   16:38:41 (May14) |   8.60 GB | PBS_Generic-Start
--------------------+---------------------+--------------+--------------------+-----------+----------------------
 02:29:45(02:25:36) |  02:19:33(02:15:14) |  37.8( 39.6) |   18:53:55 (May14) |  14.88 GB | PBS_Generic-Post_Genopt
--------------------+---------------------+--------------+--------------------+-----------+----------------------
 03:11:45(03:05:13) |  00:41:59(00:39:37) |  11.4( 11.6) |   19:33:32 (May14) |  14.23 GB | PBS_Generic_Opt-Post
--------------------+---------------------+--------------+--------------------+-----------+----------------------
 03:13:08(03:06:35) |  00:01:23(00:01:22) |   0.4(  0.4) |   19:34:54 (May14) |  13.48 GB | PBS_Generic-Postgen HBO Optimizations
--------------------+---------------------+--------------+--------------------+-----------+----------------------
 03:27:48(03:11:54) |  00:14:40(00:05:19) |   4.0(  1.6) |   19:40:13 (May14) |  13.45 GB | PBS_TechMap-Start
--------------------+---------------------+--------------+--------------------+-----------+----------------------
 03:29:09(03:13:15) |  00:01:21(00:01:21) |   0.4(  0.4) |   19:41:34 (May14) |  13.45 GB | PBS_TechMap-Premap HBO Optimizations
--------------------+---------------------+--------------+--------------------+-----------+----------------------
 05:12:12(04:48:46) |  01:43:03(01:35:31) |  27.9( 28.0) |   21:17:05 (May14) |  15.91 GB | PBS_Techmap-Global Mapping
--------------------+---------------------+--------------+--------------------+-----------+----------------------
 05:26:23(05:02:15) |  00:14:10(00:13:29) |   3.8(  4.0) |   21:30:34 (May14) |  14.60 GB | PBS_TechMap-Datapath Postmap Operations
--------------------+---------------------+--------------+--------------------+-----------+----------------------
 05:27:55(05:03:26) |  00:01:32(00:01:11) |   0.4(  0.3) |   21:31:45 (May14) |  14.61 GB | PBS_TechMap-Postmap HBO Optimizations
--------------------+---------------------+--------------+--------------------+-----------+----------------------
 05:54:44(05:30:15) |  00:26:49(00:26:49) |   7.3(  7.9) |   21:58:34 (May14) |  14.39 GB | PBS_TechMap-Postmap Clock Gating
--------------------+---------------------+--------------+--------------------+-----------+----------------------
 06:19:08(05:51:43) |  00:24:24(00:21:28) |   6.6(  6.3) |   22:20:02 (May14) |  14.58 GB | PBS_TechMap-Postmap Cleanup
--------------------+---------------------+--------------+--------------------+-----------+----------------------
Number of threads: 8 * 1   (id: pbs_debug, time_info v1.57)
Info: (*N*) indicates data that was populated from previously saved time_info database
Info: CPU time includes time of parent + longest thread
PBS_Techmap-Post_MBCI - Elapsed_Time 7, CPU_Time 7.0
stamp 'PBS_Techmap-Post_MBCI' being created for table 'pbs_debug'

  Total Time (Wall) |  Stage Time (Wall)  |   % (Wall)   |    Date - Time     |  Memory   | Stage
--------------------+---------------------+--------------+--------------------+-----------+----------------------
 00:10:12(00:10:22) |  00:00:00(00:00:00) |   0.0(  0.0) |   16:38:41 (May14) |   8.60 GB | PBS_Generic-Start
--------------------+---------------------+--------------+--------------------+-----------+----------------------
 02:29:45(02:25:36) |  02:19:33(02:15:14) |  37.8( 39.6) |   18:53:55 (May14) |  14.88 GB | PBS_Generic-Post_Genopt
--------------------+---------------------+--------------+--------------------+-----------+----------------------
 03:11:45(03:05:13) |  00:41:59(00:39:37) |  11.4( 11.6) |   19:33:32 (May14) |  14.23 GB | PBS_Generic_Opt-Post
--------------------+---------------------+--------------+--------------------+-----------+----------------------
 03:13:08(03:06:35) |  00:01:23(00:01:22) |   0.4(  0.4) |   19:34:54 (May14) |  13.48 GB | PBS_Generic-Postgen HBO Optimizations
--------------------+---------------------+--------------+--------------------+-----------+----------------------
 03:27:48(03:11:54) |  00:14:40(00:05:19) |   4.0(  1.6) |   19:40:13 (May14) |  13.45 GB | PBS_TechMap-Start
--------------------+---------------------+--------------+--------------------+-----------+----------------------
 03:29:09(03:13:15) |  00:01:21(00:01:21) |   0.4(  0.4) |   19:41:34 (May14) |  13.45 GB | PBS_TechMap-Premap HBO Optimizations
--------------------+---------------------+--------------+--------------------+-----------+----------------------
 05:12:12(04:48:46) |  01:43:03(01:35:31) |  27.9( 28.0) |   21:17:05 (May14) |  15.91 GB | PBS_Techmap-Global Mapping
--------------------+---------------------+--------------+--------------------+-----------+----------------------
 05:26:23(05:02:15) |  00:14:10(00:13:29) |   3.8(  3.9) |   21:30:34 (May14) |  14.60 GB | PBS_TechMap-Datapath Postmap Operations
--------------------+---------------------+--------------+--------------------+-----------+----------------------
 05:27:55(05:03:26) |  00:01:32(00:01:11) |   0.4(  0.3) |   21:31:45 (May14) |  14.61 GB | PBS_TechMap-Postmap HBO Optimizations
--------------------+---------------------+--------------+--------------------+-----------+----------------------
 05:54:44(05:30:15) |  00:26:49(00:26:49) |   7.3(  7.9) |   21:58:34 (May14) |  14.39 GB | PBS_TechMap-Postmap Clock Gating
--------------------+---------------------+--------------+--------------------+-----------+----------------------
 06:19:08(05:51:43) |  00:24:24(00:21:28) |   6.6(  6.3) |   22:20:02 (May14) |  14.58 GB | PBS_TechMap-Postmap Cleanup
--------------------+---------------------+--------------+--------------------+-----------+----------------------
 06:19:15(05:51:50) |  00:00:07(00:00:07) |   0.0(  0.0) |   22:20:09 (May14) |  14.46 GB | PBS_Techmap-Post_MBCI
--------------------+---------------------+--------------+--------------------+-----------+----------------------
Number of threads: 8 * 1   (id: pbs_debug, time_info v1.57)
Info: (*N*) indicates data that was populated from previously saved time_info database
Info: CPU time includes time of parent + longest thread
##>====================================== Cadence Confidential (Mapping-Logical) ======================================
##>ST Summary (30 partitions in total):
##>--------------------------------------------------------------------------------------------------------------------
##>PARTITION                1        12        13         7        16        17        28        19        25        23
##>--------------------------------------------------------------------------------------------------------------------
##>PRE_WNS               -335      -335      -335      -335      -129      -129      -129      -112      -129      -129
##>PRE_TNS              23540     40518    153301     26387    199731    200819    200819    200179    204627    200371
##>PRE_CNT             744412    420815    105647     88869     93050     93038     93038     93056     92996     93032
##>PRE_PORT_CNT        330368    265551       674     70015      3107      6179      6179      3107      6179      6179
##>PRE_AREA            125868     44370     12554     23495     11476     11476     11476     11476     11477     11476
##>PRE_LEAK_PWR         77772     14777      5341     17941      3841      3839      3839      3843      3830      3838
##>PRE_EX_DEL_CNT      330369    265551       674     70019      3107      6179      6179      3107      6179      6179
##>--------------------------------------------------------------------------------------------------------------------
##>POST_WNS              -154      -166      -156      -154       -30       -32        -8       -20       -32       -29
##>POST_TNS             44500     72416     55266     68469     27704     28221      9503     32608     30217     36313
##>POST_CNT            792695    349617    152352    172311    134537    140378    142257    142029    140013    139850
##>POST_PORT_CNT       330368    265551       674     70015      3107      6179      6179      3107      6179      6179
##>POST_AREA           123046     26885     12457     30982     11063     11357     11487     11386     11333     11338
##>POST_LEAK_PWR       100545     25737     11805     24406     10544     10692     10953     10688     10682     10654
##>POST_EX_DEL_CNT     330369    265551       674     70019      3107      6179      6179      3107      6179      6179
##>--------------------------------------------------------------------------------------------------------------------
##>M:Read DB               32        19         4         4         4         2         3         3         2         2
##>M:Logic Reduce           0         0         0         0         0         0         0         0         0         0
##>M:Partition             51        17         3         5         3         4         3         3         3         3
##>M:Const Prop            39        10         3         4         2         3         3         2         4         3
##>M:Structuring          402       278       258       123       274       290       287       261       278       275
##>M:Virtual Map          798       297        95       186        90        93        91        90        93        89
##>M:Tech Map             694       296       132       176       113       114       110       109       110       113
##>M:Global Incr         1039       592       132       193       115       137       121       136       124       120
##>M:Extreme Map            0         0         0         0         0         0         0         0         0         0
##>M:TNS(D)                 0         0         0         0         0         0         0         0         0         0
##>M:Const Prop(D)          0         0         0         0         0         0         0         0         0         0
##>M:Write DB              54        28         8        12         6         6         7         7         6         6
##>M:Misc                   0         0         0         0         0         0         0         0         0         0
##>Total Elapsed         4655      2226      1021       970       914       904       889       881       863       851
##>====================================================================================================================
##>Main Thread Summary:
##>----------------------------------------------------------------------------------------
##>STEP                           Elapsed       WNS       TNS     Insts      Area    Memory
##>----------------------------------------------------------------------------------------
##>M:Initial                           40         -         -   2972566    404847     13450
##>M:Early Clock Gating                 0         -         -         -         -         -
##>M:Pre Cleanup                       11         -         -   2972566    404847     13450
##>M:Setup                             17         -         -         -         -     21892
##>M:Launch ST                          0         -         -         -         -     21892
##>M:Design Partition                 433      -378   4035797         -         -     21892
##>M:Create Partition Netlists         43         -         -         -         -     21892
##>M:Init Power                         0         -         -         -         -     21892
##>M:Budgeting                        143         -         -         -         -     21892
##>M:Derenv-DB                         86         -         -         -         -     21892
##>M:Debug Outputs                      0         -         -         -         -         -
##>M:ST loading                         1         -         -         -         -     21892
##>M:Distributed                     4671         -         -         -         -     21892
##>M:Timer                            164         -         -         -         -     21892
##>M:Assembly                         170         -         -         -         -     21892
##>M:DFT                               20         -         -         -         -     21892
##>M:DP Operations                    809         -         -   3870400    388753     14600
##>M:Const Prop                         1      -196   1008956   3870400    388753     14600
##>M:Early Clock Gating Cleanup         0         -         -         -         -         -
##>M:Cleanup                         1287      -114    587260   3902700    393100     14581
##>M:MBCI                               7         -         -   3902700    393100     14456
##>M:PostGen Opt                        0         -         -         -         -         -
##>M:Const Gate Removal                 0         -         -         -         -         -
##>M:Misc                            1722
##>----------------------------------------------------------------------------------------
##>Total Elapsed                     9625
##>========================================================================================
##PBS-Mapping-Logical  Partitions:30  Stage Total:9625   Longest:4655   Average:1225   PBS Index:0.26
##>============================================================================================
##> Mapper Target Info for Global Mapping (Cost Group with Worst Target info): 
----------------------------------------------------
|Cost Group|Target|Slack|Diff|Constraint|Partition |
----------------------------------------------------
|clk       |   -50| -163|-7% |      1650|pbs_map_27|
----------------------------------------------------


+-----------+----------------+-----+----------------------+---------------------------+
|   Host    |    Machine     | CPU | Physical Memory (MB) | Peak Physical Memory (MB) |
+-----------+----------------+-----+----------------------+---------------------------+
| localhost | mo.ece.pdx.edu |  1  |       14456.0        |          40844.8          |
+-----------+----------------+-----+----------------------+---------------------------+

+---------------+----------------------+---------------------------+
|    Server     | Physical Memory (MB) | Peak Physical Memory (MB) |
+---------------+----------------------+---------------------------+
| localhost_1_0 |        1729.5        |          26968.0          |
+---------------+----------------------+---------------------------+

Info    : Done mapping. [SYNTH-5]
        : Done mapping 'sys_top'.
      flow.cputime  flow.realtime  timing.setup.tns  timing.setup.wns  snapshot
UM:*                                                                   syn_map
@file(genus.tcl) 104: syn_opt
Warning : The selected flow setting will be removed in a future release. [SYNTH-33]
        : The use of 'syn_opt' for logical only optimization will be obsolete in a future release.
	Transition to 'syn_opt -logical' or 'syn_opt -spatial'.

        : Contact Cadence support to understand current flows.
Info    : Incrementally optimizing. [SYNTH-7]
        : Incrementally optimizing 'sys_top' using 'medium' effort.
PBS_Incr_Opt-Start - Elapsed_Time 0, CPU_Time 0.0
stamp 'PBS_Incr_Opt-Start' being created for table 'pbs_debug'

  Total Time (Wall) |  Stage Time (Wall)  |   % (Wall)   |    Date - Time     |  Memory   | Stage
--------------------+---------------------+--------------+--------------------+-----------+----------------------
 00:10:12(00:10:22) |  00:00:00(00:00:00) |   0.0(  0.0) |   16:38:41 (May14) |   8.60 GB | PBS_Generic-Start
--------------------+---------------------+--------------+--------------------+-----------+----------------------
 02:29:45(02:25:36) |  02:19:33(02:15:14) |  37.5( 39.3) |   18:53:55 (May14) |  14.88 GB | PBS_Generic-Post_Genopt
--------------------+---------------------+--------------+--------------------+-----------+----------------------
 03:11:45(03:05:13) |  00:41:59(00:39:37) |  11.3( 11.5) |   19:33:32 (May14) |  14.23 GB | PBS_Generic_Opt-Post
--------------------+---------------------+--------------+--------------------+-----------+----------------------
 03:13:08(03:06:35) |  00:01:23(00:01:22) |   0.4(  0.4) |   19:34:54 (May14) |  13.48 GB | PBS_Generic-Postgen HBO Optimizations
--------------------+---------------------+--------------+--------------------+-----------+----------------------
 03:27:48(03:11:54) |  00:14:40(00:05:19) |   3.9(  1.5) |   19:40:13 (May14) |  13.45 GB | PBS_TechMap-Start
--------------------+---------------------+--------------+--------------------+-----------+----------------------
 03:29:09(03:13:15) |  00:01:21(00:01:21) |   0.4(  0.4) |   19:41:34 (May14) |  13.45 GB | PBS_TechMap-Premap HBO Optimizations
--------------------+---------------------+--------------+--------------------+-----------+----------------------
 05:12:12(04:48:46) |  01:43:03(01:35:31) |  27.7( 27.7) |   21:17:05 (May14) |  15.91 GB | PBS_Techmap-Global Mapping
--------------------+---------------------+--------------+--------------------+-----------+----------------------
 05:26:23(05:02:15) |  00:14:10(00:13:29) |   3.8(  3.9) |   21:30:34 (May14) |  14.60 GB | PBS_TechMap-Datapath Postmap Operations
--------------------+---------------------+--------------+--------------------+-----------+----------------------
 05:27:55(05:03:26) |  00:01:32(00:01:11) |   0.4(  0.3) |   21:31:45 (May14) |  14.61 GB | PBS_TechMap-Postmap HBO Optimizations
--------------------+---------------------+--------------+--------------------+-----------+----------------------
 05:54:44(05:30:15) |  00:26:49(00:26:49) |   7.2(  7.8) |   21:58:34 (May14) |  14.39 GB | PBS_TechMap-Postmap Clock Gating
--------------------+---------------------+--------------+--------------------+-----------+----------------------
 06:19:08(05:51:43) |  00:24:24(00:21:28) |   6.6(  6.2) |   22:20:02 (May14) |  14.58 GB | PBS_TechMap-Postmap Cleanup
--------------------+---------------------+--------------+--------------------+-----------+----------------------
 06:19:15(05:51:50) |  00:00:07(00:00:07) |   0.0(  0.0) |   22:20:09 (May14) |  14.46 GB | PBS_Techmap-Post_MBCI
--------------------+---------------------+--------------+--------------------+-----------+----------------------
 06:22:18(05:54:47) |  00:03:03(00:02:57) |   0.8(  0.9) |   22:23:06 (May14) |  14.30 GB | PBS_Incr_Opt-Start
--------------------+---------------------+--------------+--------------------+-----------+----------------------
Number of threads: 8 * 1   (id: pbs_debug, time_info v1.57)
Info: (*N*) indicates data that was populated from previously saved time_info database
Info: CPU time includes time of parent + longest thread
Info    : The given (sub)design is already uniquified. [TUI-296]
        : design:sys_top.
PBS_Incr_Opt-Uniquify_Netlist - Elapsed_Time 13, CPU_Time 13.0
stamp 'PBS_Incr_Opt-Uniquify_Netlist' being created for table 'pbs_debug'

  Total Time (Wall) |  Stage Time (Wall)  |   % (Wall)   |    Date - Time     |  Memory   | Stage
--------------------+---------------------+--------------+--------------------+-----------+----------------------
 00:10:12(00:10:22) |  00:00:00(00:00:00) |   0.0(  0.0) |   16:38:41 (May14) |   8.60 GB | PBS_Generic-Start
--------------------+---------------------+--------------+--------------------+-----------+----------------------
 02:29:45(02:25:36) |  02:19:33(02:15:14) |  37.5( 39.2) |   18:53:55 (May14) |  14.88 GB | PBS_Generic-Post_Genopt
--------------------+---------------------+--------------+--------------------+-----------+----------------------
 03:11:45(03:05:13) |  00:41:59(00:39:37) |  11.3( 11.5) |   19:33:32 (May14) |  14.23 GB | PBS_Generic_Opt-Post
--------------------+---------------------+--------------+--------------------+-----------+----------------------
 03:13:08(03:06:35) |  00:01:23(00:01:22) |   0.4(  0.4) |   19:34:54 (May14) |  13.48 GB | PBS_Generic-Postgen HBO Optimizations
--------------------+---------------------+--------------+--------------------+-----------+----------------------
 03:27:48(03:11:54) |  00:14:40(00:05:19) |   3.9(  1.5) |   19:40:13 (May14) |  13.45 GB | PBS_TechMap-Start
--------------------+---------------------+--------------+--------------------+-----------+----------------------
 03:29:09(03:13:15) |  00:01:21(00:01:21) |   0.4(  0.4) |   19:41:34 (May14) |  13.45 GB | PBS_TechMap-Premap HBO Optimizations
--------------------+---------------------+--------------+--------------------+-----------+----------------------
 05:12:12(04:48:46) |  01:43:03(01:35:31) |  27.7( 27.7) |   21:17:05 (May14) |  15.91 GB | PBS_Techmap-Global Mapping
--------------------+---------------------+--------------+--------------------+-----------+----------------------
 05:26:23(05:02:15) |  00:14:10(00:13:29) |   3.8(  3.9) |   21:30:34 (May14) |  14.60 GB | PBS_TechMap-Datapath Postmap Operations
--------------------+---------------------+--------------+--------------------+-----------+----------------------
 05:27:55(05:03:26) |  00:01:32(00:01:11) |   0.4(  0.3) |   21:31:45 (May14) |  14.61 GB | PBS_TechMap-Postmap HBO Optimizations
--------------------+---------------------+--------------+--------------------+-----------+----------------------
 05:54:44(05:30:15) |  00:26:49(00:26:49) |   7.2(  7.8) |   21:58:34 (May14) |  14.39 GB | PBS_TechMap-Postmap Clock Gating
--------------------+---------------------+--------------+--------------------+-----------+----------------------
 06:19:08(05:51:43) |  00:24:24(00:21:28) |   6.6(  6.2) |   22:20:02 (May14) |  14.58 GB | PBS_TechMap-Postmap Cleanup
--------------------+---------------------+--------------+--------------------+-----------+----------------------
 06:19:15(05:51:50) |  00:00:07(00:00:07) |   0.0(  0.0) |   22:20:09 (May14) |  14.46 GB | PBS_Techmap-Post_MBCI
--------------------+---------------------+--------------+--------------------+-----------+----------------------
 06:22:18(05:54:47) |  00:03:03(00:02:57) |   0.8(  0.9) |   22:23:06 (May14) |  14.30 GB | PBS_Incr_Opt-Start
--------------------+---------------------+--------------+--------------------+-----------+----------------------
 06:22:31(05:55:00) |  00:00:13(00:00:13) |   0.1(  0.1) |   22:23:19 (May14) |  14.30 GB | PBS_Incr_Opt-Uniquify_Netlist
--------------------+---------------------+--------------+--------------------+-----------+----------------------
Number of threads: 8 * 1   (id: pbs_debug, time_info v1.57)
Info: (*N*) indicates data that was populated from previously saved time_info database
Info: CPU time includes time of parent + longest thread
 Uniquify netlist ...
 Swap or remap avoided cells ...
                                   Group   
                                  Tot Wrst     Total - - DRC Totals - -
                           Total  Weighted      Neg      Max       Max 
Operation                   Area   Slacks      Slack    Trans      Cap 
 init_iopt                393100     -114   -587260     34996       15
            Worst cost_group: clk, WNS: -114.2
            Path: u_rb/g_postproc[0].u_gelu/r2_den_reg[8]/CLK -->
                    u_rb/g_postproc[0].u_gelu/r3_y1_reg[26]/D
-------------------------------------------------------------------------------
 hi_fo_buf                394979     -114   -584843      8600       15
            Worst cost_group: clk, WNS: -114.2
            Path: u_rb/g_postproc[0].u_gelu/r2_den_reg[8]/CLK -->
                    u_rb/g_postproc[0].u_gelu/r3_y1_reg[26]/D

           Trick     Calls     Accepts   Attempts    Time(secs) 
-----------------------------------------------------------
       hi_fo_buf      1475  (     1010 /     1010 )  77.08

 


                                   Group   
                                  Tot Wrst     Total - - DRC Totals - -
                           Total  Weighted      Neg      Max       Max 
Operation                   Area   Slacks      Slack    Trans      Cap 
 init_delay               394979     -114   -584843      8600       15
            Worst cost_group: clk, WNS: -114.2
            Path: u_rb/g_postproc[0].u_gelu/r2_den_reg[8]/CLK -->
                    u_rb/g_postproc[0].u_gelu/r3_y1_reg[26]/D
 incr_delay               394979     -114   -584839      8600       15
            Worst cost_group: clk, WNS: -114.2
            Path: u_rb/g_postproc[0].u_gelu/r2_den_reg[8]/CLK -->
                    u_rb/g_postproc[0].u_gelu/r3_y1_reg[26]/D

           Trick     Calls     Accepts   Attempts    Time(secs) 
-----------------------------------------------------------
       crit_upsz       252  (        3 /        3 )  0.39
            fopt       279  (        4 /        5 )  0.17

 init_tns                 394979     -114   -584839      8600       15
            Worst cost_group: clk, WNS: -114.2
            Path: u_rb/g_postproc[0].u_gelu/r2_den_reg[8]/CLK -->
                    u_rb/g_postproc[0].u_gelu/r3_y1_reg[26]/D
 incr_tns                 395018     -114   -557820      8600       15
            Worst cost_group: clk, WNS: -114.2
            Path: u_rb/g_postproc[0].u_gelu/r2_den_reg[8]/CLK -->
                    u_rb/g_postproc[0].u_gelu/r3_y1_reg[26]/D
 incr_tns                 395030     -114   -543022      8600       15
            Worst cost_group: clk, WNS: -114.2
            Path: u_rb/g_postproc[0].u_gelu/r2_den_reg[8]/CLK -->
                    u_rb/g_postproc[0].u_gelu/r3_y1_reg[26]/D
 incr_tns                 395030     -114   -543022      8600       15
            Worst cost_group: clk, WNS: -114.2
            Path: u_rb/g_postproc[0].u_gelu/r2_den_reg[8]/CLK -->
                    u_rb/g_postproc[0].u_gelu/r3_y1_reg[26]/D

           Trick     Calls     Accepts   Attempts    Time(secs) 
-----------------------------------------------------------
       crit_upsz      8000  (     1086 /     6555 )  138.72
       crit_dnsz     12336  (      790 /     1198 )  31.26
             dup      6124  (       41 /       74 )  4.44

INIT_CLEAN_UP - Elapsed_Time 368, CPU_Time 406.2003199998944
stamp 'INIT_CLEAN_UP' being created for table 'pbs_debug'

  Total Time (Wall) |  Stage Time (Wall)  |   % (Wall)   |    Date - Time     |  Memory   | Stage
--------------------+---------------------+--------------+--------------------+-----------+----------------------
 00:10:12(00:10:22) |  00:00:00(00:00:00) |   0.0(  0.0) |   16:38:41 (May14) |   8.60 GB | PBS_Generic-Start
--------------------+---------------------+--------------+--------------------+-----------+----------------------
 02:29:45(02:25:36) |  02:19:33(02:15:14) |  36.8( 38.6) |   18:53:55 (May14) |  14.88 GB | PBS_Generic-Post_Genopt
--------------------+---------------------+--------------+--------------------+-----------+----------------------
 03:11:45(03:05:13) |  00:41:59(00:39:37) |  11.1( 11.3) |   19:33:32 (May14) |  14.23 GB | PBS_Generic_Opt-Post
--------------------+---------------------+--------------+--------------------+-----------+----------------------
 03:13:08(03:06:35) |  00:01:23(00:01:22) |   0.4(  0.4) |   19:34:54 (May14) |  13.48 GB | PBS_Generic-Postgen HBO Optimizations
--------------------+---------------------+--------------+--------------------+-----------+----------------------
 03:27:48(03:11:54) |  00:14:40(00:05:19) |   3.9(  1.5) |   19:40:13 (May14) |  13.45 GB | PBS_TechMap-Start
--------------------+---------------------+--------------+--------------------+-----------+----------------------
 03:29:09(03:13:15) |  00:01:21(00:01:21) |   0.4(  0.4) |   19:41:34 (May14) |  13.45 GB | PBS_TechMap-Premap HBO Optimizations
--------------------+---------------------+--------------+--------------------+-----------+----------------------
 05:12:12(04:48:46) |  01:43:03(01:35:31) |  27.2( 27.2) |   21:17:05 (May14) |  15.91 GB | PBS_Techmap-Global Mapping
--------------------+---------------------+--------------+--------------------+-----------+----------------------
 05:26:23(05:02:15) |  00:14:10(00:13:29) |   3.7(  3.8) |   21:30:34 (May14) |  14.60 GB | PBS_TechMap-Datapath Postmap Operations
--------------------+---------------------+--------------+--------------------+-----------+----------------------
 05:27:55(05:03:26) |  00:01:32(00:01:11) |   0.4(  0.3) |   21:31:45 (May14) |  14.61 GB | PBS_TechMap-Postmap HBO Optimizations
--------------------+---------------------+--------------+--------------------+-----------+----------------------
 05:54:44(05:30:15) |  00:26:49(00:26:49) |   7.1(  7.6) |   21:58:34 (May14) |  14.39 GB | PBS_TechMap-Postmap Clock Gating
--------------------+---------------------+--------------+--------------------+-----------+----------------------
 06:19:08(05:51:43) |  00:24:24(00:21:28) |   6.4(  6.1) |   22:20:02 (May14) |  14.58 GB | PBS_TechMap-Postmap Cleanup
--------------------+---------------------+--------------+--------------------+-----------+----------------------
 06:19:15(05:51:50) |  00:00:07(00:00:07) |   0.0(  0.0) |   22:20:09 (May14) |  14.46 GB | PBS_Techmap-Post_MBCI
--------------------+---------------------+--------------+--------------------+-----------+----------------------
 06:22:18(05:54:47) |  00:03:03(00:02:57) |   0.8(  0.8) |   22:23:06 (May14) |  14.30 GB | PBS_Incr_Opt-Start
--------------------+---------------------+--------------+--------------------+-----------+----------------------
 06:22:31(05:55:00) |  00:00:13(00:00:13) |   0.1(  0.1) |   22:23:19 (May14) |  14.30 GB | PBS_Incr_Opt-Uniquify_Netlist
--------------------+---------------------+--------------+--------------------+-----------+----------------------
 06:29:18(06:01:08) |  00:06:46(00:06:08) |   1.8(  1.7) |   22:29:27 (May14) |  14.46 GB | INIT_CLEAN_UP
--------------------+---------------------+--------------+--------------------+-----------+----------------------
Number of threads: 8 * 1   (id: pbs_debug, time_info v1.57)
Info: (*N*) indicates data that was populated from previously saved time_info database
Info: CPU time includes time of parent + longest thread
Updating ST server settings
     Generating lib_script file: /home/iwyse/common/Documents/ECE510/project/510Project/project/cadence/systolic_32x32/.pbs_mo.ece.pdx.edu_8835/lib_script
Warning : This attribute will be obsolete in a next major release. [TUI-32]
        : attribute: 'lp_power_analysis_effort', object type: 'root'
Start partitioning.  Summary: MEM {curr: 14.4G, peak: 21.4G, phys curr: 14.1G, phys peak: 39.9G}
Start timing analysis.  Summary: MEM {curr: 14.4G, peak: 21.4G, phys curr: 14.1G, phys peak: 39.9G}
Done timing analysis.  Summary: RT {elapsed: 66s, ST: 87s}, MEM {curr: 14.4G, peak: 21.4G, phys curr: 14.1G, phys peak: 39.9G}
Design sys_top is partitioned using GPS apart partitioner
Done partitioning.  Summary: RT {elapsed: 118s, ST: 140s}, MEM {curr: 14.5G, peak: 21.4G, phys curr: 14.3G, phys peak: 39.9G}
Start creating partition netlists.  Summary: MEM {curr: 14.5G, peak: 21.4G, phys curr: 14.3G, phys peak: 39.9G}
Done creating partition netlists.  Summary: RT {elapsed: 55s, ST: 50s}, MEM {curr: 16.7G, peak: 21.4G, phys curr: 17.1G, phys peak: 39.9G}
Start budgeting timing for partitions.  Summary: MEM {curr: 16.7G, peak: 21.4G, phys curr: 17.1G, phys peak: 39.9G}
Done budgeting timing for partitions.  Summary: RT {elapsed: 259s, ST: 329s}, MEM {curr: 19.6G, peak: 21.4G, phys curr: 20.4G, phys peak: 39.9G}
Start deriving partition netlists.  Summary: MEM {curr: 19.6G, peak: 21.4G, phys curr: 20.4G, phys peak: 39.9G}
The inst 'pbs_iopt_9' is selected as pbs candidate. The instance cnt is: '61140'.
The inst 'pbs_iopt_12' is selected as pbs candidate. The instance cnt is: '84033'.
The inst 'pbs_iopt_13' is selected as pbs candidate. The instance cnt is: '84033'.
The inst 'pbs_iopt_3' is selected as pbs candidate. The instance cnt is: '84030'.
The inst 'pbs_iopt_4' is selected as pbs candidate. The instance cnt is: '84032'.
The inst 'pbs_iopt_7' is selected as pbs candidate. The instance cnt is: '84026'.
The inst 'pbs_iopt_11' is selected as pbs candidate. The instance cnt is: '84033'.
The inst 'pbs_iopt_1' is selected as pbs candidate. The instance cnt is: '84033'.
The inst 'pbs_iopt_10' is selected as pbs candidate. The instance cnt is: '84030'.
The inst 'pbs_iopt_6' is selected as pbs candidate. The instance cnt is: '84033'.
The inst 'pbs_iopt_0' is selected as pbs candidate. The instance cnt is: '84033'.
The inst 'pbs_iopt_8' is selected as pbs candidate. The instance cnt is: '84025'.
The inst 'pbs_iopt_5' is selected as pbs candidate. The instance cnt is: '84031'.
The inst 'pbs_iopt_14' is selected as pbs candidate. The instance cnt is: '66336'.
The inst 'pbs_iopt_15' is selected as pbs candidate. The instance cnt is: '74340'.
The inst 'pbs_iopt_18' is selected as pbs candidate. The instance cnt is: '78974'.
The inst 'pbs_iopt_19' is selected as pbs candidate. The instance cnt is: '77899'.
The inst 'pbs_iopt_16' is selected as pbs candidate. The instance cnt is: '66617'.
The inst 'pbs_iopt_17' is selected as pbs candidate. The instance cnt is: '68789'.
The inst 'pbs_iopt_22' is selected as pbs candidate. The instance cnt is: '118378'.
The inst 'pbs_iopt_20' is selected as pbs candidate. The instance cnt is: '94436'.
The inst 'pbs_iopt_21' is selected as pbs candidate. The instance cnt is: '11'.
The inst 'pbs_iopt_46' is selected as pbs candidate. The instance cnt is: '85929'.
The inst 'pbs_iopt_28' is selected as pbs candidate. The instance cnt is: '87072'.
The inst 'pbs_iopt_47' is selected as pbs candidate. The instance cnt is: '86815'.
The inst 'pbs_iopt_50' is selected as pbs candidate. The instance cnt is: '86377'.
The inst 'pbs_iopt_48' is selected as pbs candidate. The instance cnt is: '85281'.
The inst 'pbs_iopt_49' is selected as pbs candidate. The instance cnt is: '86442'.
The inst 'pbs_iopt_42' is selected as pbs candidate. The instance cnt is: '81585'.
The inst 'pbs_iopt_38' is selected as pbs candidate. The instance cnt is: '86717'.
The inst 'pbs_iopt_37' is selected as pbs candidate. The instance cnt is: '86532'.
The inst 'pbs_iopt_35' is selected as pbs candidate. The instance cnt is: '70024'.
The inst 'pbs_iopt_34' is selected as pbs candidate. The instance cnt is: '74195'.
The inst 'pbs_iopt_32' is selected as pbs candidate. The instance cnt is: '82882'.
The inst 'pbs_iopt_36' is selected as pbs candidate. The instance cnt is: '85469'.
The inst 'pbs_iopt_33' is selected as pbs candidate. The instance cnt is: '74385'.
The inst 'pbs_iopt_30' is selected as pbs candidate. The instance cnt is: '85514'.
The inst 'pbs_iopt_31' is selected as pbs candidate. The instance cnt is: '85312'.
The inst 'pbs_iopt_39' is selected as pbs candidate. The instance cnt is: '87249'.
The inst 'pbs_iopt_41' is selected as pbs candidate. The instance cnt is: '60583'.
The inst 'pbs_iopt_29' is selected as pbs candidate. The instance cnt is: '87293'.
The inst 'pbs_iopt_24' is selected as pbs candidate. The instance cnt is: '80746'.
The inst 'pbs_iopt_26' is selected as pbs candidate. The instance cnt is: '87215'.
The inst 'pbs_iopt_23' is selected as pbs candidate. The instance cnt is: '86952'.
The inst 'pbs_iopt_25' is selected as pbs candidate. The instance cnt is: '86823'.
The inst 'pbs_iopt_27' is selected as pbs candidate. The instance cnt is: '86725'.
The inst 'pbs_iopt_40' is selected as pbs candidate. The instance cnt is: '68552'.
The inst 'pbs_iopt_44' is selected as pbs candidate. The instance cnt is: '43004'.
The inst 'pbs_iopt_43' is selected as pbs candidate. The instance cnt is: '47478'.
The inst 'pbs_iopt_45' is selected as pbs candidate. The instance cnt is: '68856'.
Done deriving partition netlists.  Summary: RT {elapsed: 47s, ST: 48s}, MEM {curr: 19.7G, peak: 21.4G, phys curr: 20.4G, phys peak: 39.9G}
Wait for super-thread servers to finish loading libraries.
Start super thread servers forking.  Summary: MEM {curr: 19.6G, peak: 21.4G, phys curr: 20.4G, phys peak: 39.9G}
Done super thread servers forking.  Summary: RT {elapsed: 1s, ST: 0s}, MEM {curr: 19.6G, peak: 21.4G, phys curr: 20.4G, phys peak: 39.9G}
        Distributing super-thread jobs: {pbs_iopt_22 ./.pbs_mo.ece.pdx.edu_8835/pbs_iopt_22.etf} {pbs_iopt_20 ./.pbs_mo.ece.pdx.edu_8835/pbs_iopt_20.etf} {pbs_iopt_29 ./.pbs_mo.ece.pdx.edu_8835/pbs_iopt_29.etf} {pbs_iopt_39 ./.pbs_mo.ece.pdx.edu_8835/pbs_iopt_39.etf} {pbs_iopt_26 ./.pbs_mo.ece.pdx.edu_8835/pbs_iopt_26.etf} {pbs_iopt_28 ./.pbs_mo.ece.pdx.edu_8835/pbs_iopt_28.etf} {pbs_iopt_23 ./.pbs_mo.ece.pdx.edu_8835/pbs_iopt_23.etf} {pbs_iopt_25 ./.pbs_mo.ece.pdx.edu_8835/pbs_iopt_25.etf} {pbs_iopt_47 ./.pbs_mo.ece.pdx.edu_8835/pbs_iopt_47.etf} {pbs_iopt_27 ./.pbs_mo.ece.pdx.edu_8835/pbs_iopt_27.etf} {pbs_iopt_38 ./.pbs_mo.ece.pdx.edu_8835/pbs_iopt_38.etf} {pbs_iopt_37 ./.pbs_mo.ece.pdx.edu_8835/pbs_iopt_37.etf} {pbs_iopt_49 ./.pbs_mo.ece.pdx.edu_8835/pbs_iopt_49.etf} {pbs_iopt_50 ./.pbs_mo.ece.pdx.edu_8835/pbs_iopt_50.etf} {pbs_iopt_46 ./.pbs_mo.ece.pdx.edu_8835/pbs_iopt_46.etf} {pbs_iopt_30 ./.pbs_mo.ece.pdx.edu_8835/pbs_iopt_30.etf} {pbs_iopt_36 ./.pbs_mo.ece.pdx.edu_8835/pbs_iopt_36.etf} {pbs_iopt_31 ./.pbs_mo.ece.pdx.edu_8835/pbs_iopt_31.etf} {pbs_iopt_48 ./.pbs_mo.ece.pdx.edu_8835/pbs_iopt_48.etf} {pbs_iopt_11 ./.pbs_mo.ece.pdx.edu_8835/pbs_iopt_11.etf} {pbs_iopt_12 ./.pbs_mo.ece.pdx.edu_8835/pbs_iopt_12.etf} {pbs_iopt_13 ./.pbs_mo.ece.pdx.edu_8835/pbs_iopt_13.etf} {pbs_iopt_0 ./.pbs_mo.ece.pdx.edu_8835/pbs_iopt_0.etf} {pbs_iopt_1 ./.pbs_mo.ece.pdx.edu_8835/pbs_iopt_1.etf} {pbs_iopt_6 ./.pbs_mo.ece.pdx.edu_8835/pbs_iopt_6.etf} {pbs_iopt_4 ./.pbs_mo.ece.pdx.edu_8835/pbs_iopt_4.etf} {pbs_iopt_5 ./.pbs_mo.ece.pdx.edu_8835/pbs_iopt_5.etf} {pbs_iopt_3 ./.pbs_mo.ece.pdx.edu_8835/pbs_iopt_3.etf} {pbs_iopt_10 ./.pbs_mo.ece.pdx.edu_8835/pbs_iopt_10.etf} {pbs_iopt_7 ./.pbs_mo.ece.pdx.edu_8835/pbs_iopt_7.etf} {pbs_iopt_8 ./.pbs_mo.ece.pdx.edu_8835/pbs_iopt_8.etf} {pbs_iopt_32 ./.pbs_mo.ece.pdx.edu_8835/pbs_iopt_32.etf} {pbs_iopt_42 ./.pbs_mo.ece.pdx.edu_8835/pbs_iopt_42.etf} {pbs_iopt_24 ./.pbs_mo.ece.pdx.edu_8835/pbs_iopt_24.etf} {pbs_iopt_18 ./.pbs_mo.ece.pdx.edu_8835/pbs_iopt_18.etf} {pbs_iopt_19 ./.pbs_mo.ece.pdx.edu_8835/pbs_iopt_19.etf} {pbs_iopt_33 ./.pbs_mo.ece.pdx.edu_8835/pbs_iopt_33.etf} {pbs_iopt_15 ./.pbs_mo.ece.pdx.edu_8835/pbs_iopt_15.etf} {pbs_iopt_34 ./.pbs_mo.ece.pdx.edu_8835/pbs_iopt_34.etf} {pbs_iopt_35 ./.pbs_mo.ece.pdx.edu_8835/pbs_iopt_35.etf} {pbs_iopt_45 ./.pbs_mo.ece.pdx.edu_8835/pbs_iopt_45.etf} {pbs_iopt_17 ./.pbs_mo.ece.pdx.edu_8835/pbs_iopt_17.etf} {pbs_iopt_40 ./.pbs_mo.ece.pdx.edu_8835/pbs_iopt_40.etf} {pbs_iopt_16 ./.pbs_mo.ece.pdx.edu_8835/pbs_iopt_16.etf} {pbs_iopt_14 ./.pbs_mo.ece.pdx.edu_8835/pbs_iopt_14.etf} {pbs_iopt_9 ./.pbs_mo.ece.pdx.edu_8835/pbs_iopt_9.etf} {pbs_iopt_41 ./.pbs_mo.ece.pdx.edu_8835/pbs_iopt_41.etf} {pbs_iopt_43 ./.pbs_mo.ece.pdx.edu_8835/pbs_iopt_43.etf} {pbs_iopt_44 ./.pbs_mo.ece.pdx.edu_8835/pbs_iopt_44.etf} {pbs_iopt_21 ./.pbs_mo.ece.pdx.edu_8835/pbs_iopt_21.etf}
          Sending 'pbs_iopt_22 ./.pbs_mo.ece.pdx.edu_8835/pbs_iopt_22.etf' to server 'localhost_1_23'...
            Sent 'pbs_iopt_22 ./.pbs_mo.ece.pdx.edu_8835/pbs_iopt_22.etf' to server 'localhost_1_23'.
          Sending 'pbs_iopt_20 ./.pbs_mo.ece.pdx.edu_8835/pbs_iopt_20.etf' to server 'localhost_1_22'...
            Sent 'pbs_iopt_20 ./.pbs_mo.ece.pdx.edu_8835/pbs_iopt_20.etf' to server 'localhost_1_22'.
          Sending 'pbs_iopt_29 ./.pbs_mo.ece.pdx.edu_8835/pbs_iopt_29.etf' to server 'localhost_1_26'...
            Sent 'pbs_iopt_29 ./.pbs_mo.ece.pdx.edu_8835/pbs_iopt_29.etf' to server 'localhost_1_26'.
          Sending 'pbs_iopt_39 ./.pbs_mo.ece.pdx.edu_8835/pbs_iopt_39.etf' to server 'localhost_1_0'...
            Sent 'pbs_iopt_39 ./.pbs_mo.ece.pdx.edu_8835/pbs_iopt_39.etf' to server 'localhost_1_0'.
          Sending 'pbs_iopt_26 ./.pbs_mo.ece.pdx.edu_8835/pbs_iopt_26.etf' to server 'localhost_1_24'...
            Sent 'pbs_iopt_26 ./.pbs_mo.ece.pdx.edu_8835/pbs_iopt_26.etf' to server 'localhost_1_24'.
          Sending 'pbs_iopt_28 ./.pbs_mo.ece.pdx.edu_8835/pbs_iopt_28.etf' to server 'localhost_1_28'...
            Sent 'pbs_iopt_28 ./.pbs_mo.ece.pdx.edu_8835/pbs_iopt_28.etf' to server 'localhost_1_28'.
          Sending 'pbs_iopt_23 ./.pbs_mo.ece.pdx.edu_8835/pbs_iopt_23.etf' to server 'localhost_1_27'...
            Sent 'pbs_iopt_23 ./.pbs_mo.ece.pdx.edu_8835/pbs_iopt_23.etf' to server 'localhost_1_27'.
          Sending 'pbs_iopt_25 ./.pbs_mo.ece.pdx.edu_8835/pbs_iopt_25.etf' to server 'localhost_1_25'...
            Sent 'pbs_iopt_25 ./.pbs_mo.ece.pdx.edu_8835/pbs_iopt_25.etf' to server 'localhost_1_25'.
          Received 'pbs_iopt_25 ./.pbs_mo.ece.pdx.edu_8835/pbs_iopt_25.etf' from server 'localhost_1_25'. (119933 ms elapsed)
       Partition:  pbs_iopt_25 - PBS_Iopt-Distributed_Read_DB - Elapsed_Time 2.00, CPU_Time 2.00
       Partition:  pbs_iopt_25 - PBS_Iopt-Distributed_Iopt - Elapsed_Time 111.00, CPU_Time 110.00
       Start - Partition: pbs_iopt_25  Slack: -11.7 TNS: 1701.5 Cell-Count: 86823 Cell-Area: 7057  
Init-Memory: 2568.39
       Done  - Partition: pbs_iopt_25  Slack: 0.0 TNS: 0.0 Cell-Count: 78871 Cell-Area: 6632  
Peak-Memory: 2632.43 Elapsed: 114
       Partition:  pbs_iopt_25 - PBS_Iopt-Distributed_Report - Elapsed_Time 1.00, CPU_Time 2.00
       Partition:  pbs_iopt_25 - PBS_Iopt-Distributed_Write_DB - Elapsed_Time 5.00, CPU_Time 5.00
       pbs_iopt_25 - PBS_Iopt-Assembly - Elapsed_Time 5, CPU_Time 5.0
       Partition:  pbs_iopt_25 - Runtime taken by the partition - Elapsed_Time 119.00, CPU_Time 119.00
          Sending 'pbs_iopt_47 ./.pbs_mo.ece.pdx.edu_8835/pbs_iopt_47.etf' to server 'localhost_1_25'...
            Sent 'pbs_iopt_47 ./.pbs_mo.ece.pdx.edu_8835/pbs_iopt_47.etf' to server 'localhost_1_25'.
          Received 'pbs_iopt_23 ./.pbs_mo.ece.pdx.edu_8835/pbs_iopt_23.etf' from server 'localhost_1_27'. (127424 ms elapsed)
       Partition:  pbs_iopt_23 - PBS_Iopt-Distributed_Read_DB - Elapsed_Time 3.00, CPU_Time 3.00
       Partition:  pbs_iopt_23 - PBS_Iopt-Distributed_Iopt - Elapsed_Time 116.00, CPU_Time 116.00
       Start - Partition: pbs_iopt_23  Slack: -17.6 TNS: 3155.6 Cell-Count: 86952 Cell-Area: 7060  
Init-Memory: 2568.39
       Done  - Partition: pbs_iopt_23  Slack: -0.2 TNS: 0.4 Cell-Count: 78857 Cell-Area: 6626  
Peak-Memory: 2632.43 Elapsed: 121
       Partition:  pbs_iopt_23 - PBS_Iopt-Distributed_Report - Elapsed_Time 2.00, CPU_Time 2.00
       Partition:  pbs_iopt_23 - PBS_Iopt-Distributed_Write_DB - Elapsed_Time 5.00, CPU_Time 5.00
       pbs_iopt_23 - PBS_Iopt-Assembly - Elapsed_Time 6, CPU_Time 7.0
       Partition:  pbs_iopt_23 - Runtime taken by the partition - Elapsed_Time 126.00, CPU_Time 126.00
          Sending 'pbs_iopt_27 ./.pbs_mo.ece.pdx.edu_8835/pbs_iopt_27.etf' to server 'localhost_1_27'...
            Sent 'pbs_iopt_27 ./.pbs_mo.ece.pdx.edu_8835/pbs_iopt_27.etf' to server 'localhost_1_27'.
          Received 'pbs_iopt_28 ./.pbs_mo.ece.pdx.edu_8835/pbs_iopt_28.etf' from server 'localhost_1_28'. (133557 ms elapsed)
       Partition:  pbs_iopt_28 - PBS_Iopt-Distributed_Read_DB - Elapsed_Time 3.00, CPU_Time 3.00
       Partition:  pbs_iopt_28 - PBS_Iopt-Distributed_Iopt - Elapsed_Time 114.00, CPU_Time 114.00
       Start - Partition: pbs_iopt_28  Slack: -22.9 TNS: 9299.1 Cell-Count: 87072 Cell-Area: 7066  
Init-Memory: 2568.39
       Done  - Partition: pbs_iopt_28  Slack: -0.3 TNS: 1.8 Cell-Count: 79030 Cell-Area: 6643  
Peak-Memory: 2632.43 Elapsed: 119
       Partition:  pbs_iopt_28 - PBS_Iopt-Distributed_Report - Elapsed_Time 2.00, CPU_Time 2.00
       Partition:  pbs_iopt_28 - PBS_Iopt-Distributed_Write_DB - Elapsed_Time 5.00, CPU_Time 4.00
       pbs_iopt_28 - PBS_Iopt-Assembly - Elapsed_Time 5, CPU_Time 5.0
       Partition:  pbs_iopt_28 - Runtime taken by the partition - Elapsed_Time 124.00, CPU_Time 123.00
          Sending 'pbs_iopt_38 ./.pbs_mo.ece.pdx.edu_8835/pbs_iopt_38.etf' to server 'localhost_1_28'...
            Sent 'pbs_iopt_38 ./.pbs_mo.ece.pdx.edu_8835/pbs_iopt_38.etf' to server 'localhost_1_28'.
          Received 'pbs_iopt_26 ./.pbs_mo.ece.pdx.edu_8835/pbs_iopt_26.etf' from server 'localhost_1_24'. (138653 ms elapsed)
       Partition:  pbs_iopt_26 - PBS_Iopt-Distributed_Read_DB - Elapsed_Time 2.00, CPU_Time 2.00
       Partition:  pbs_iopt_26 - PBS_Iopt-Distributed_Iopt - Elapsed_Time 116.00, CPU_Time 116.00
       Start - Partition: pbs_iopt_26  Slack: -10.5 TNS: 2957.7 Cell-Count: 87215 Cell-Area: 7072  
Init-Memory: 2568.39
       Done  - Partition: pbs_iopt_26  Slack: 0.0 TNS: 0.0 Cell-Count: 79292 Cell-Area: 6648  
Peak-Memory: 2632.43 Elapsed: 120
       Partition:  pbs_iopt_26 - PBS_Iopt-Distributed_Report - Elapsed_Time 2.00, CPU_Time 2.00
       Partition:  pbs_iopt_26 - PBS_Iopt-Distributed_Write_DB - Elapsed_Time 4.00, CPU_Time 4.00
       pbs_iopt_26 - PBS_Iopt-Assembly - Elapsed_Time 7, CPU_Time 6.0
       Partition:  pbs_iopt_26 - Runtime taken by the partition - Elapsed_Time 124.00, CPU_Time 124.00
          Sending 'pbs_iopt_37 ./.pbs_mo.ece.pdx.edu_8835/pbs_iopt_37.etf' to server 'localhost_1_24'...
            Sent 'pbs_iopt_37 ./.pbs_mo.ece.pdx.edu_8835/pbs_iopt_37.etf' to server 'localhost_1_24'.
          Received 'pbs_iopt_29 ./.pbs_mo.ece.pdx.edu_8835/pbs_iopt_29.etf' from server 'localhost_1_26'. (144856 ms elapsed)
          Sending 'pbs_iopt_49 ./.pbs_mo.ece.pdx.edu_8835/pbs_iopt_49.etf' to server 'localhost_1_26'...
            Sent 'pbs_iopt_49 ./.pbs_mo.ece.pdx.edu_8835/pbs_iopt_49.etf' to server 'localhost_1_26'.
          Received 'pbs_iopt_20 ./.pbs_mo.ece.pdx.edu_8835/pbs_iopt_20.etf' from server 'localhost_1_22'. (144856 ms elapsed)
          Sending 'pbs_iopt_50 ./.pbs_mo.ece.pdx.edu_8835/pbs_iopt_50.etf' to server 'localhost_1_22'...
            Sent 'pbs_iopt_50 ./.pbs_mo.ece.pdx.edu_8835/pbs_iopt_50.etf' to server 'localhost_1_22'.
          Received 'pbs_iopt_39 ./.pbs_mo.ece.pdx.edu_8835/pbs_iopt_39.etf' from server 'localhost_1_0'. (144857 ms elapsed)
       Partition:  pbs_iopt_39 - PBS_Iopt-Distributed_Read_DB - Elapsed_Time 3.00, CPU_Time 3.00
       Partition:  pbs_iopt_39 - PBS_Iopt-Distributed_Iopt - Elapsed_Time 128.00, CPU_Time 128.00
       Start - Partition: pbs_iopt_39  Slack: -24.5 TNS: 9558.2 Cell-Count: 87249 Cell-Area: 7080  
Init-Memory: 2632.42
       Done  - Partition: pbs_iopt_39  Slack: -0.4 TNS: 5.0 Cell-Count: 79374 Cell-Area: 6671  
Peak-Memory: 3017.12 Elapsed: 134
       Partition:  pbs_iopt_39 - PBS_Iopt-Distributed_Report - Elapsed_Time 3.00, CPU_Time 3.00
       Partition:  pbs_iopt_39 - PBS_Iopt-Distributed_Write_DB - Elapsed_Time 5.00, CPU_Time 5.00
       pbs_iopt_39 - PBS_Iopt-Assembly - Elapsed_Time 5, CPU_Time 6.0
       Partition:  pbs_iopt_39 - Runtime taken by the partition - Elapsed_Time 139.00, CPU_Time 139.00
       Partition:  pbs_iopt_29 - PBS_Iopt-Distributed_Read_DB - Elapsed_Time 3.00, CPU_Time 3.00
       Partition:  pbs_iopt_29 - PBS_Iopt-Distributed_Iopt - Elapsed_Time 119.00, CPU_Time 119.00
       Start - Partition: pbs_iopt_29  Slack: -24.9 TNS: 10037.8 Cell-Count: 87293 Cell-Area: 7080  
Init-Memory: 2568.39
       Done  - Partition: pbs_iopt_29  Slack: -0.4 TNS: 2.6 Cell-Count: 79399 Cell-Area: 6667  
Peak-Memory: 2632.43 Elapsed: 124
       Partition:  pbs_iopt_29 - PBS_Iopt-Distributed_Report - Elapsed_Time 2.00, CPU_Time 2.00
       Partition:  pbs_iopt_29 - PBS_Iopt-Distributed_Write_DB - Elapsed_Time 5.00, CPU_Time 4.00
       pbs_iopt_29 - PBS_Iopt-Assembly - Elapsed_Time 7, CPU_Time 6.0
       Partition:  pbs_iopt_29 - Runtime taken by the partition - Elapsed_Time 129.00, CPU_Time 128.00
       Partition:  pbs_iopt_20 - PBS_Iopt-Distributed_Read_DB - Elapsed_Time 3.00, CPU_Time 3.00
       Partition:  pbs_iopt_20 - PBS_Iopt-Distributed_Iopt - Elapsed_Time 113.00, CPU_Time 113.00
       Start - Partition: pbs_iopt_20  Slack: 175.3 TNS: 0.0 Cell-Count: 94436 Cell-Area: 15061  
Init-Memory: 2568.39
       Done  - Partition: pbs_iopt_20  Slack: 10.2 TNS: 0.0 Cell-Count: 90499 Cell-Area: 14556  
Peak-Memory: 2632.43 Elapsed: 119
       Partition:  pbs_iopt_20 - PBS_Iopt-Distributed_Report - Elapsed_Time 3.00, CPU_Time 3.00
       Partition:  pbs_iopt_20 - PBS_Iopt-Distributed_Write_DB - Elapsed_Time 6.00, CPU_Time 5.00
       pbs_iopt_20 - PBS_Iopt-Assembly - Elapsed_Time 8, CPU_Time 8.0
       Partition:  pbs_iopt_20 - Runtime taken by the partition - Elapsed_Time 125.00, CPU_Time 124.00
          Sending 'pbs_iopt_46 ./.pbs_mo.ece.pdx.edu_8835/pbs_iopt_46.etf' to server 'localhost_1_0'...
            Sent 'pbs_iopt_46 ./.pbs_mo.ece.pdx.edu_8835/pbs_iopt_46.etf' to server 'localhost_1_0'.
          Received 'pbs_iopt_22 ./.pbs_mo.ece.pdx.edu_8835/pbs_iopt_22.etf' from server 'localhost_1_23'. (171675 ms elapsed)
       Partition:  pbs_iopt_22 - PBS_Iopt-Distributed_Read_DB - Elapsed_Time 4.00, CPU_Time 4.00
       Partition:  pbs_iopt_22 - PBS_Iopt-Distributed_Iopt - Elapsed_Time 156.00, CPU_Time 155.00
       Start - Partition: pbs_iopt_22  Slack: -2.7 TNS: 170.7 Cell-Count: 118378 Cell-Area: 19835  
Init-Memory: 2568.39
       Done  - Partition: pbs_iopt_22  Slack: -0.5 TNS: 2.6 Cell-Count: 113005 Cell-Area: 19187  
Peak-Memory: 2632.43 Elapsed: 163
       Partition:  pbs_iopt_22 - PBS_Iopt-Distributed_Report - Elapsed_Time 3.00, CPU_Time 4.00
       Partition:  pbs_iopt_22 - PBS_Iopt-Distributed_Write_DB - Elapsed_Time 7.00, CPU_Time 7.00
       pbs_iopt_22 - PBS_Iopt-Assembly - Elapsed_Time 9, CPU_Time 9.0
       Partition:  pbs_iopt_22 - Runtime taken by the partition - Elapsed_Time 170.00, CPU_Time 170.00
          Sending 'pbs_iopt_30 ./.pbs_mo.ece.pdx.edu_8835/pbs_iopt_30.etf' to server 'localhost_1_23'...
            Sent 'pbs_iopt_30 ./.pbs_mo.ece.pdx.edu_8835/pbs_iopt_30.etf' to server 'localhost_1_23'.
          Received 'pbs_iopt_47 ./.pbs_mo.ece.pdx.edu_8835/pbs_iopt_47.etf' from server 'localhost_1_25'. (122196 ms elapsed)
       Partition:  pbs_iopt_47 - PBS_Iopt-Distributed_Read_DB - Elapsed_Time 1.00, CPU_Time 2.00
       Partition:  pbs_iopt_47 - PBS_Iopt-Distributed_Iopt - Elapsed_Time 113.00, CPU_Time 112.00
       Start - Partition: pbs_iopt_47  Slack: -37.2 TNS: 3864.5 Cell-Count: 86815 Cell-Area: 7055  
Init-Memory: 2568.39
       Done  - Partition: pbs_iopt_47  Slack: -0.8 TNS: 1.7 Cell-Count: 79040 Cell-Area: 6642  
Peak-Memory: 2632.43 Elapsed: 116
       Partition:  pbs_iopt_47 - PBS_Iopt-Distributed_Report - Elapsed_Time 2.00, CPU_Time 2.00
       Partition:  pbs_iopt_47 - PBS_Iopt-Distributed_Write_DB - Elapsed_Time 5.00, CPU_Time 6.00
       pbs_iopt_47 - PBS_Iopt-Assembly - Elapsed_Time 6, CPU_Time 6.0
       Partition:  pbs_iopt_47 - Runtime taken by the partition - Elapsed_Time 121.00, CPU_Time 122.00
          Sending 'pbs_iopt_36 ./.pbs_mo.ece.pdx.edu_8835/pbs_iopt_36.etf' to server 'localhost_1_25'...
            Sent 'pbs_iopt_36 ./.pbs_mo.ece.pdx.edu_8835/pbs_iopt_36.etf' to server 'localhost_1_25'.
          Received 'pbs_iopt_27 ./.pbs_mo.ece.pdx.edu_8835/pbs_iopt_27.etf' from server 'localhost_1_27'. (123619 ms elapsed)
       Partition:  pbs_iopt_27 - PBS_Iopt-Distributed_Read_DB - Elapsed_Time 3.00, CPU_Time 2.00
       Partition:  pbs_iopt_27 - PBS_Iopt-Distributed_Iopt - Elapsed_Time 113.00, CPU_Time 114.00
       Start - Partition: pbs_iopt_27  Slack: -11.6 TNS: 2161.6 Cell-Count: 86725 Cell-Area: 7052  
Init-Memory: 2568.39
       Done  - Partition: pbs_iopt_27  Slack: 0.0 TNS: 0.0 Cell-Count: 78619 Cell-Area: 6613  
Peak-Memory: 2632.43 Elapsed: 118
       Partition:  pbs_iopt_27 - PBS_Iopt-Distributed_Report - Elapsed_Time 2.00, CPU_Time 2.00
       Partition:  pbs_iopt_27 - PBS_Iopt-Distributed_Write_DB - Elapsed_Time 5.00, CPU_Time 4.00
       pbs_iopt_27 - PBS_Iopt-Assembly - Elapsed_Time 6, CPU_Time 6.0
       Partition:  pbs_iopt_27 - Runtime taken by the partition - Elapsed_Time 123.00, CPU_Time 122.00
          Sending 'pbs_iopt_31 ./.pbs_mo.ece.pdx.edu_8835/pbs_iopt_31.etf' to server 'localhost_1_27'...
            Sent 'pbs_iopt_31 ./.pbs_mo.ece.pdx.edu_8835/pbs_iopt_31.etf' to server 'localhost_1_27'.
          Received 'pbs_iopt_49 ./.pbs_mo.ece.pdx.edu_8835/pbs_iopt_49.etf' from server 'localhost_1_26'. (118799 ms elapsed)
          Sending 'pbs_iopt_48 ./.pbs_mo.ece.pdx.edu_8835/pbs_iopt_48.etf' to server 'localhost_1_26'...
            Sent 'pbs_iopt_48 ./.pbs_mo.ece.pdx.edu_8835/pbs_iopt_48.etf' to server 'localhost_1_26'.
          Received 'pbs_iopt_37 ./.pbs_mo.ece.pdx.edu_8835/pbs_iopt_37.etf' from server 'localhost_1_24'. (120599 ms elapsed)
          Sending 'pbs_iopt_11 ./.pbs_mo.ece.pdx.edu_8835/pbs_iopt_11.etf' to server 'localhost_1_24'...
            Sent 'pbs_iopt_11 ./.pbs_mo.ece.pdx.edu_8835/pbs_iopt_11.etf' to server 'localhost_1_24'.
          Received 'pbs_iopt_38 ./.pbs_mo.ece.pdx.edu_8835/pbs_iopt_38.etf' from server 'localhost_1_28'. (126803 ms elapsed)
       Partition:  pbs_iopt_38 - PBS_Iopt-Distributed_Read_DB - Elapsed_Time 2.00, CPU_Time 2.00
       Partition:  pbs_iopt_38 - PBS_Iopt-Distributed_Iopt - Elapsed_Time 113.00, CPU_Time 113.00
       Start - Partition: pbs_iopt_38  Slack: -40.2 TNS: 13333.0 Cell-Count: 86717 Cell-Area: 7052  
Init-Memory: 2568.39
       Done  - Partition: pbs_iopt_38  Slack: -0.4 TNS: 4.6 Cell-Count: 79086 Cell-Area: 6659  
Peak-Memory: 2632.43 Elapsed: 117
       Partition:  pbs_iopt_38 - PBS_Iopt-Distributed_Report - Elapsed_Time 2.00, CPU_Time 1.00
       Partition:  pbs_iopt_38 - PBS_Iopt-Distributed_Write_DB - Elapsed_Time 5.00, CPU_Time 5.00
       pbs_iopt_38 - PBS_Iopt-Assembly - Elapsed_Time 6, CPU_Time 6.0
       Partition:  pbs_iopt_38 - Runtime taken by the partition - Elapsed_Time 122.00, CPU_Time 121.00
       Partition:  pbs_iopt_37 - PBS_Iopt-Distributed_Read_DB - Elapsed_Time 2.00, CPU_Time 2.00
       Partition:  pbs_iopt_37 - PBS_Iopt-Distributed_Iopt - Elapsed_Time 111.00, CPU_Time 111.00
       Start - Partition: pbs_iopt_37  Slack: -24.9 TNS: 3202.3 Cell-Count: 86532 Cell-Area: 7042  
Init-Memory: 2568.39
       Done  - Partition: pbs_iopt_37  Slack: -0.1 TNS: 0.3 Cell-Count: 78941 Cell-Area: 6633  
Peak-Memory: 2632.43 Elapsed: 115
       Partition:  pbs_iopt_37 - PBS_Iopt-Distributed_Report - Elapsed_Time 2.00, CPU_Time 2.00
       Partition:  pbs_iopt_37 - PBS_Iopt-Distributed_Write_DB - Elapsed_Time 4.00, CPU_Time 5.00
       pbs_iopt_37 - PBS_Iopt-Assembly - Elapsed_Time 6, CPU_Time 6.0
       Partition:  pbs_iopt_37 - Runtime taken by the partition - Elapsed_Time 119.00, CPU_Time 120.00
       Partition:  pbs_iopt_49 - PBS_Iopt-Distributed_Read_DB - Elapsed_Time 2.00, CPU_Time 2.00
       Partition:  pbs_iopt_49 - PBS_Iopt-Distributed_Iopt - Elapsed_Time 109.00, CPU_Time 109.00
       Start - Partition: pbs_iopt_49  Slack: -28.5 TNS: 3155.8 Cell-Count: 86442 Cell-Area: 7038  
Init-Memory: 2568.39
       Done  - Partition: pbs_iopt_49  Slack: 0.0 TNS: 0.0 Cell-Count: 78704 Cell-Area: 6627  
Peak-Memory: 2632.43 Elapsed: 113
       Partition:  pbs_iopt_49 - PBS_Iopt-Distributed_Report - Elapsed_Time 2.00, CPU_Time 2.00
       Partition:  pbs_iopt_49 - PBS_Iopt-Distributed_Write_DB - Elapsed_Time 5.00, CPU_Time 5.00
       pbs_iopt_49 - PBS_Iopt-Assembly - Elapsed_Time 6, CPU_Time 6.0
       Partition:  pbs_iopt_49 - Runtime taken by the partition - Elapsed_Time 118.00, CPU_Time 118.00
          Sending 'pbs_iopt_12 ./.pbs_mo.ece.pdx.edu_8835/pbs_iopt_12.etf' to server 'localhost_1_28'...
            Sent 'pbs_iopt_12 ./.pbs_mo.ece.pdx.edu_8835/pbs_iopt_12.etf' to server 'localhost_1_28'.
          Received 'pbs_iopt_46 ./.pbs_mo.ece.pdx.edu_8835/pbs_iopt_46.etf' from server 'localhost_1_0'. (119788 ms elapsed)
          Sending 'pbs_iopt_13 ./.pbs_mo.ece.pdx.edu_8835/pbs_iopt_13.etf' to server 'localhost_1_0'...
            Sent 'pbs_iopt_13 ./.pbs_mo.ece.pdx.edu_8835/pbs_iopt_13.etf' to server 'localhost_1_0'.
          Received 'pbs_iopt_50 ./.pbs_mo.ece.pdx.edu_8835/pbs_iopt_50.etf' from server 'localhost_1_22'. (139879 ms elapsed)
       Partition:  pbs_iopt_50 - PBS_Iopt-Distributed_Read_DB - Elapsed_Time 2.00, CPU_Time 2.00
       Partition:  pbs_iopt_50 - PBS_Iopt-Distributed_Iopt - Elapsed_Time 117.00, CPU_Time 117.00
       Start - Partition: pbs_iopt_50  Slack: -36.0 TNS: 4710.3 Cell-Count: 86377 Cell-Area: 7036  
Init-Memory: 2568.39
       Done  - Partition: pbs_iopt_50  Slack: -0.2 TNS: 0.2 Cell-Count: 78986 Cell-Area: 6641  
Peak-Memory: 2632.43 Elapsed: 122
       Partition:  pbs_iopt_50 - PBS_Iopt-Distributed_Report - Elapsed_Time 3.00, CPU_Time 2.00
       Partition:  pbs_iopt_50 - PBS_Iopt-Distributed_Write_DB - Elapsed_Time 4.00, CPU_Time 5.00
       pbs_iopt_50 - PBS_Iopt-Assembly - Elapsed_Time 7, CPU_Time 7.0
       Partition:  pbs_iopt_50 - Runtime taken by the partition - Elapsed_Time 126.00, CPU_Time 126.00
       Partition:  pbs_iopt_46 - PBS_Iopt-Distributed_Read_DB - Elapsed_Time 2.00, CPU_Time 3.00
       Partition:  pbs_iopt_46 - PBS_Iopt-Distributed_Iopt - Elapsed_Time 110.00, CPU_Time 110.00
       Start - Partition: pbs_iopt_46  Slack: -25.5 TNS: 6019.6 Cell-Count: 85929 Cell-Area: 7018  
Init-Memory: 2632.42
       Done  - Partition: pbs_iopt_46  Slack: -0.4 TNS: 2.2 Cell-Count: 78236 Cell-Area: 6615  
Peak-Memory: 3017.12 Elapsed: 114
       Partition:  pbs_iopt_46 - PBS_Iopt-Distributed_Report - Elapsed_Time 2.00, CPU_Time 2.00
       Partition:  pbs_iopt_46 - PBS_Iopt-Distributed_Write_DB - Elapsed_Time 5.00, CPU_Time 4.00
       pbs_iopt_46 - PBS_Iopt-Assembly - Elapsed_Time 7, CPU_Time 7.0
       Partition:  pbs_iopt_46 - Runtime taken by the partition - Elapsed_Time 119.00, CPU_Time 119.00
          Sending 'pbs_iopt_0 ./.pbs_mo.ece.pdx.edu_8835/pbs_iopt_0.etf' to server 'localhost_1_22'...
            Sent 'pbs_iopt_0 ./.pbs_mo.ece.pdx.edu_8835/pbs_iopt_0.etf' to server 'localhost_1_22'.
          Received 'pbs_iopt_30 ./.pbs_mo.ece.pdx.edu_8835/pbs_iopt_30.etf' from server 'localhost_1_23'. (120947 ms elapsed)
       Partition:  pbs_iopt_30 - PBS_Iopt-Distributed_Read_DB - Elapsed_Time 2.00, CPU_Time 2.00
       Partition:  pbs_iopt_30 - PBS_Iopt-Distributed_Iopt - Elapsed_Time 112.00, CPU_Time 112.00
       Start - Partition: pbs_iopt_30  Slack: -19.7 TNS: 7972.5 Cell-Count: 85514 Cell-Area: 6906  
Init-Memory: 2568.39
       Done  - Partition: pbs_iopt_30  Slack: -0.8 TNS: 2.1 Cell-Count: 77895 Cell-Area: 6510  
Peak-Memory: 2632.43 Elapsed: 116
       Partition:  pbs_iopt_30 - PBS_Iopt-Distributed_Report - Elapsed_Time 2.00, CPU_Time 2.00
       Partition:  pbs_iopt_30 - PBS_Iopt-Distributed_Write_DB - Elapsed_Time 5.00, CPU_Time 4.00
       pbs_iopt_30 - PBS_Iopt-Assembly - Elapsed_Time 7, CPU_Time 6.0
       Partition:  pbs_iopt_30 - Runtime taken by the partition - Elapsed_Time 121.00, CPU_Time 120.00
          Sending 'pbs_iopt_1 ./.pbs_mo.ece.pdx.edu_8835/pbs_iopt_1.etf' to server 'localhost_1_23'...
            Sent 'pbs_iopt_1 ./.pbs_mo.ece.pdx.edu_8835/pbs_iopt_1.etf' to server 'localhost_1_23'.
          Received 'pbs_iopt_11 ./.pbs_mo.ece.pdx.edu_8835/pbs_iopt_11.etf' from server 'localhost_1_24'. (113417 ms elapsed)
          Sending 'pbs_iopt_6 ./.pbs_mo.ece.pdx.edu_8835/pbs_iopt_6.etf' to server 'localhost_1_24'...
            Sent 'pbs_iopt_6 ./.pbs_mo.ece.pdx.edu_8835/pbs_iopt_6.etf' to server 'localhost_1_24'.
          Received 'pbs_iopt_48 ./.pbs_mo.ece.pdx.edu_8835/pbs_iopt_48.etf' from server 'localhost_1_26'. (120265 ms elapsed)
          Sending 'pbs_iopt_4 ./.pbs_mo.ece.pdx.edu_8835/pbs_iopt_4.etf' to server 'localhost_1_26'...
            Sent 'pbs_iopt_4 ./.pbs_mo.ece.pdx.edu_8835/pbs_iopt_4.etf' to server 'localhost_1_26'.
          Received 'pbs_iopt_36 ./.pbs_mo.ece.pdx.edu_8835/pbs_iopt_36.etf' from server 'localhost_1_25'. (130216 ms elapsed)
       Partition:  pbs_iopt_36 - PBS_Iopt-Distributed_Read_DB - Elapsed_Time 3.00, CPU_Time 3.00
       Partition:  pbs_iopt_36 - PBS_Iopt-Distributed_Iopt - Elapsed_Time 119.00, CPU_Time 118.00
       Start - Partition: pbs_iopt_36  Slack: -27.8 TNS: 8970.2 Cell-Count: 85469 Cell-Area: 6902  
Init-Memory: 2568.39
       Done  - Partition: pbs_iopt_36  Slack: -0.5 TNS: 1.6 Cell-Count: 77876 Cell-Area: 6511  
Peak-Memory: 2632.43 Elapsed: 123
       Partition:  pbs_iopt_36 - PBS_Iopt-Distributed_Report - Elapsed_Time 1.00, CPU_Time 2.00
       Partition:  pbs_iopt_36 - PBS_Iopt-Distributed_Write_DB - Elapsed_Time 5.00, CPU_Time 5.00
       pbs_iopt_36 - PBS_Iopt-Assembly - Elapsed_Time 8, CPU_Time 8.0
       Partition:  pbs_iopt_36 - Runtime taken by the partition - Elapsed_Time 128.00, CPU_Time 128.00
          Sending 'pbs_iopt_5 ./.pbs_mo.ece.pdx.edu_8835/pbs_iopt_5.etf' to server 'localhost_1_25'...
            Sent 'pbs_iopt_5 ./.pbs_mo.ece.pdx.edu_8835/pbs_iopt_5.etf' to server 'localhost_1_25'.
          Received 'pbs_iopt_0 ./.pbs_mo.ece.pdx.edu_8835/pbs_iopt_0.etf' from server 'localhost_1_22'. (94231 ms elapsed)
          Sending 'pbs_iopt_3 ./.pbs_mo.ece.pdx.edu_8835/pbs_iopt_3.etf' to server 'localhost_1_22'...
            Sent 'pbs_iopt_3 ./.pbs_mo.ece.pdx.edu_8835/pbs_iopt_3.etf' to server 'localhost_1_22'.
          Received 'pbs_iopt_13 ./.pbs_mo.ece.pdx.edu_8835/pbs_iopt_13.etf' from server 'localhost_1_0'. (109709 ms elapsed)
          Sending 'pbs_iopt_10 ./.pbs_mo.ece.pdx.edu_8835/pbs_iopt_10.etf' to server 'localhost_1_0'...
            Sent 'pbs_iopt_10 ./.pbs_mo.ece.pdx.edu_8835/pbs_iopt_10.etf' to server 'localhost_1_0'.
          Received 'pbs_iopt_31 ./.pbs_mo.ece.pdx.edu_8835/pbs_iopt_31.etf' from server 'localhost_1_27'. (130980 ms elapsed)
       Partition:  pbs_iopt_31 - PBS_Iopt-Distributed_Read_DB - Elapsed_Time 3.00, CPU_Time 3.00
       Partition:  pbs_iopt_31 - PBS_Iopt-Distributed_Iopt - Elapsed_Time 118.00, CPU_Time 118.00
       Start - Partition: pbs_iopt_31  Slack: -18.6 TNS: 8802.9 Cell-Count: 85312 Cell-Area: 6896  
Init-Memory: 2568.39
       Done  - Partition: pbs_iopt_31  Slack: -0.1 TNS: 0.2 Cell-Count: 77796 Cell-Area: 6510  
Peak-Memory: 2632.43 Elapsed: 123
       Partition:  pbs_iopt_31 - PBS_Iopt-Distributed_Report - Elapsed_Time 2.00, CPU_Time 2.00
       Partition:  pbs_iopt_31 - PBS_Iopt-Distributed_Write_DB - Elapsed_Time 4.00, CPU_Time 4.00
       pbs_iopt_31 - PBS_Iopt-Assembly - Elapsed_Time 7, CPU_Time 7.0
       Partition:  pbs_iopt_31 - Runtime taken by the partition - Elapsed_Time 127.00, CPU_Time 127.00
       Partition:  pbs_iopt_48 - PBS_Iopt-Distributed_Read_DB - Elapsed_Time 2.00, CPU_Time 1.00
       Partition:  pbs_iopt_48 - PBS_Iopt-Distributed_Iopt - Elapsed_Time 111.00, CPU_Time 111.00
       Start - Partition: pbs_iopt_48  Slack: -30.0 TNS: 5632.8 Cell-Count: 85281 Cell-Area: 6976  
Init-Memory: 2568.39
       Done  - Partition: pbs_iopt_48  Slack: 0.0 TNS: 0.0 Cell-Count: 78139 Cell-Area: 6603  
Peak-Memory: 2632.43 Elapsed: 115
       Partition:  pbs_iopt_48 - PBS_Iopt-Distributed_Report - Elapsed_Time 2.00, CPU_Time 2.00
       Partition:  pbs_iopt_48 - PBS_Iopt-Distributed_Write_DB - Elapsed_Time 5.00, CPU_Time 5.00
       pbs_iopt_48 - PBS_Iopt-Assembly - Elapsed_Time 7, CPU_Time 6.0
       Partition:  pbs_iopt_48 - Runtime taken by the partition - Elapsed_Time 120.00, CPU_Time 119.00
       Partition:  pbs_iopt_11 - PBS_Iopt-Distributed_Read_DB - Elapsed_Time 4.00, CPU_Time 4.00
       Partition:  pbs_iopt_11 - PBS_Iopt-Distributed_Iopt - Elapsed_Time 100.00, CPU_Time 100.00
       Start - Partition: pbs_iopt_11  Slack: -7.9 TNS: 1090.0 Cell-Count: 84033 Cell-Area: 11293  
Init-Memory: 2568.39
       Done  - Partition: pbs_iopt_11  Slack: -3.0 TNS: 196.5 Cell-Count: 82366 Cell-Area: 11019  
Peak-Memory: 2632.43 Elapsed: 106
       Partition:  pbs_iopt_11 - PBS_Iopt-Distributed_Report - Elapsed_Time 2.00, CPU_Time 2.00
       Partition:  pbs_iopt_11 - PBS_Iopt-Distributed_Write_DB - Elapsed_Time 7.00, CPU_Time 6.00
       pbs_iopt_11 - PBS_Iopt-Assembly - Elapsed_Time 11, CPU_Time 11.0
       Partition:  pbs_iopt_11 - Runtime taken by the partition - Elapsed_Time 113.00, CPU_Time 112.00
          Sending 'pbs_iopt_7 ./.pbs_mo.ece.pdx.edu_8835/pbs_iopt_7.etf' to server 'localhost_1_27'...
            Sent 'pbs_iopt_7 ./.pbs_mo.ece.pdx.edu_8835/pbs_iopt_7.etf' to server 'localhost_1_27'.
          Received 'pbs_iopt_12 ./.pbs_mo.ece.pdx.edu_8835/pbs_iopt_12.etf' from server 'localhost_1_28'. (135257 ms elapsed)
       Partition:  pbs_iopt_12 - PBS_Iopt-Distributed_Read_DB - Elapsed_Time 4.00, CPU_Time 3.00
       Partition:  pbs_iopt_12 - PBS_Iopt-Distributed_Iopt - Elapsed_Time 115.00, CPU_Time 115.00
       Start - Partition: pbs_iopt_12  Slack: -12.9 TNS: 3068.6 Cell-Count: 84033 Cell-Area: 11325  
Init-Memory: 2568.39
       Done  - Partition: pbs_iopt_12  Slack: -6.1 TNS: 397.7 Cell-Count: 83156 Cell-Area: 11131  
Peak-Memory: 2632.43 Elapsed: 122
       Partition:  pbs_iopt_12 - PBS_Iopt-Distributed_Report - Elapsed_Time 3.00, CPU_Time 3.00
       Partition:  pbs_iopt_12 - PBS_Iopt-Distributed_Write_DB - Elapsed_Time 6.00, CPU_Time 6.00
       pbs_iopt_12 - PBS_Iopt-Assembly - Elapsed_Time 11, CPU_Time 11.0
       Partition:  pbs_iopt_12 - Runtime taken by the partition - Elapsed_Time 128.00, CPU_Time 127.00
       Partition:  pbs_iopt_13 - PBS_Iopt-Distributed_Read_DB - Elapsed_Time 4.00, CPU_Time 4.00
       Partition:  pbs_iopt_13 - PBS_Iopt-Distributed_Iopt - Elapsed_Time 94.00, CPU_Time 93.00
       Start - Partition: pbs_iopt_13  Slack: -9.4 TNS: 1385.2 Cell-Count: 84033 Cell-Area: 11355  
Init-Memory: 2632.42
       Done  - Partition: pbs_iopt_13  Slack: -4.1 TNS: 370.3 Cell-Count: 82372 Cell-Area: 11035  
Peak-Memory: 3017.12 Elapsed: 101
       Partition:  pbs_iopt_13 - PBS_Iopt-Distributed_Report - Elapsed_Time 3.00, CPU_Time 3.00
       Partition:  pbs_iopt_13 - PBS_Iopt-Distributed_Write_DB - Elapsed_Time 8.00, CPU_Time 8.00
       pbs_iopt_13 - PBS_Iopt-Assembly - Elapsed_Time 12, CPU_Time 13.0
       Partition:  pbs_iopt_13 - Runtime taken by the partition - Elapsed_Time 109.00, CPU_Time 108.00
       Partition:  pbs_iopt_0 - PBS_Iopt-Distributed_Read_DB - Elapsed_Time 4.00, CPU_Time 4.00
       Partition:  pbs_iopt_0 - PBS_Iopt-Distributed_Iopt - Elapsed_Time 78.00, CPU_Time 77.00
       Start - Partition: pbs_iopt_0  Slack: -7.0 TNS: 605.6 Cell-Count: 84033 Cell-Area: 11378  
Init-Memory: 2568.39
       Done  - Partition: pbs_iopt_0  Slack: -3.0 TNS: 161.6 Cell-Count: 81340 Cell-Area: 10969  
Peak-Memory: 2632.43 Elapsed: 86
       Partition:  pbs_iopt_0 - PBS_Iopt-Distributed_Report - Elapsed_Time 4.00, CPU_Time 4.00
       Partition:  pbs_iopt_0 - PBS_Iopt-Distributed_Write_DB - Elapsed_Time 7.00, CPU_Time 7.00
       pbs_iopt_0 - PBS_Iopt-Assembly - Elapsed_Time 12, CPU_Time 11.0
       Partition:  pbs_iopt_0 - Runtime taken by the partition - Elapsed_Time 93.00, CPU_Time 92.00
          Sending 'pbs_iopt_8 ./.pbs_mo.ece.pdx.edu_8835/pbs_iopt_8.etf' to server 'localhost_1_28'...
            Sent 'pbs_iopt_8 ./.pbs_mo.ece.pdx.edu_8835/pbs_iopt_8.etf' to server 'localhost_1_28'.
          Received 'pbs_iopt_1 ./.pbs_mo.ece.pdx.edu_8835/pbs_iopt_1.etf' from server 'localhost_1_23'. (145758 ms elapsed)
       Partition:  pbs_iopt_1 - PBS_Iopt-Distributed_Read_DB - Elapsed_Time 3.00, CPU_Time 3.00
       Partition:  pbs_iopt_1 - PBS_Iopt-Distributed_Iopt - Elapsed_Time 120.00, CPU_Time 119.00
       Start - Partition: pbs_iopt_1  Slack: -11.9 TNS: 2742.0 Cell-Count: 84033 Cell-Area: 11282  
Init-Memory: 2568.39
       Done  - Partition: pbs_iopt_1  Slack: -4.5 TNS: 391.6 Cell-Count: 82554 Cell-Area: 11055  
Peak-Memory: 2632.43 Elapsed: 126
       Partition:  pbs_iopt_1 - PBS_Iopt-Distributed_Report - Elapsed_Time 3.00, CPU_Time 3.00
       Partition:  pbs_iopt_1 - PBS_Iopt-Distributed_Write_DB - Elapsed_Time 6.00, CPU_Time 6.00
       pbs_iopt_1 - PBS_Iopt-Assembly - Elapsed_Time 10, CPU_Time 11.0
       Partition:  pbs_iopt_1 - Runtime taken by the partition - Elapsed_Time 132.00, CPU_Time 131.00
          Sending 'pbs_iopt_32 ./.pbs_mo.ece.pdx.edu_8835/pbs_iopt_32.etf' to server 'localhost_1_23'...
            Sent 'pbs_iopt_32 ./.pbs_mo.ece.pdx.edu_8835/pbs_iopt_32.etf' to server 'localhost_1_23'.
          Received 'pbs_iopt_6 ./.pbs_mo.ece.pdx.edu_8835/pbs_iopt_6.etf' from server 'localhost_1_24'. (97383 ms elapsed)
       Partition:  pbs_iopt_6 - PBS_Iopt-Distributed_Read_DB - Elapsed_Time 2.00, CPU_Time 3.00
       Partition:  pbs_iopt_6 - PBS_Iopt-Distributed_Iopt - Elapsed_Time 83.00, CPU_Time 83.00
       Start - Partition: pbs_iopt_6  Slack: -7.4 TNS: 1090.5 Cell-Count: 84033 Cell-Area: 11278  
Init-Memory: 2568.39
       Done  - Partition: pbs_iopt_6  Slack: -3.4 TNS: 236.8 Cell-Count: 82972 Cell-Area: 11114  
Peak-Memory: 2632.43 Elapsed: 89
       Partition:  pbs_iopt_6 - PBS_Iopt-Distributed_Report - Elapsed_Time 4.00, CPU_Time 4.00
       Partition:  pbs_iopt_6 - PBS_Iopt-Distributed_Write_DB - Elapsed_Time 7.00, CPU_Time 6.00
       pbs_iopt_6 - PBS_Iopt-Assembly - Elapsed_Time 12, CPU_Time 12.0
       Partition:  pbs_iopt_6 - Runtime taken by the partition - Elapsed_Time 96.00, CPU_Time 96.00
          Sending 'pbs_iopt_42 ./.pbs_mo.ece.pdx.edu_8835/pbs_iopt_42.etf' to server 'localhost_1_24'...
            Sent 'pbs_iopt_42 ./.pbs_mo.ece.pdx.edu_8835/pbs_iopt_42.etf' to server 'localhost_1_24'.
          Received 'pbs_iopt_3 ./.pbs_mo.ece.pdx.edu_8835/pbs_iopt_3.etf' from server 'localhost_1_22'. (96272 ms elapsed)
          Sending 'pbs_iopt_24 ./.pbs_mo.ece.pdx.edu_8835/pbs_iopt_24.etf' to server 'localhost_1_22'...
            Sent 'pbs_iopt_24 ./.pbs_mo.ece.pdx.edu_8835/pbs_iopt_24.etf' to server 'localhost_1_22'.
          Received 'pbs_iopt_5 ./.pbs_mo.ece.pdx.edu_8835/pbs_iopt_5.etf' from server 'localhost_1_25'. (97070 ms elapsed)
          Sending 'pbs_iopt_18 ./.pbs_mo.ece.pdx.edu_8835/pbs_iopt_18.etf' to server 'localhost_1_25'...
            Sent 'pbs_iopt_18 ./.pbs_mo.ece.pdx.edu_8835/pbs_iopt_18.etf' to server 'localhost_1_25'.
          Received 'pbs_iopt_4 ./.pbs_mo.ece.pdx.edu_8835/pbs_iopt_4.etf' from server 'localhost_1_26'. (105146 ms elapsed)
       Partition:  pbs_iopt_4 - PBS_Iopt-Distributed_Read_DB - Elapsed_Time 2.00, CPU_Time 2.00
       Partition:  pbs_iopt_4 - PBS_Iopt-Distributed_Iopt - Elapsed_Time 90.00, CPU_Time 90.00
       Start - Partition: pbs_iopt_4  Slack: -9.1 TNS: 1513.6 Cell-Count: 84032 Cell-Area: 11224  
Init-Memory: 2568.39
       Done  - Partition: pbs_iopt_4  Slack: -3.2 TNS: 142.0 Cell-Count: 83120 Cell-Area: 11045  
Peak-Memory: 2632.43 Elapsed: 95
       Partition:  pbs_iopt_4 - PBS_Iopt-Distributed_Report - Elapsed_Time 3.00, CPU_Time 3.00
       Partition:  pbs_iopt_4 - PBS_Iopt-Distributed_Write_DB - Elapsed_Time 6.00, CPU_Time 5.00
       pbs_iopt_4 - PBS_Iopt-Assembly - Elapsed_Time 11, CPU_Time 10.0
       Partition:  pbs_iopt_4 - Runtime taken by the partition - Elapsed_Time 101.00, CPU_Time 100.00
       Partition:  pbs_iopt_5 - PBS_Iopt-Distributed_Read_DB - Elapsed_Time 3.00, CPU_Time 3.00
       Partition:  pbs_iopt_5 - PBS_Iopt-Distributed_Iopt - Elapsed_Time 77.00, CPU_Time 77.00
       Start - Partition: pbs_iopt_5  Slack: -8.0 TNS: 485.2 Cell-Count: 84031 Cell-Area: 11403  
Init-Memory: 2568.39
       Done  - Partition: pbs_iopt_5  Slack: -2.9 TNS: 152.7 Cell-Count: 81007 Cell-Area: 10926  
Peak-Memory: 2632.43 Elapsed: 84
       Partition:  pbs_iopt_5 - PBS_Iopt-Distributed_Report - Elapsed_Time 4.00, CPU_Time 4.00
       Partition:  pbs_iopt_5 - PBS_Iopt-Distributed_Write_DB - Elapsed_Time 7.00, CPU_Time 7.00
       pbs_iopt_5 - PBS_Iopt-Assembly - Elapsed_Time 12, CPU_Time 13.0
       Partition:  pbs_iopt_5 - Runtime taken by the partition - Elapsed_Time 91.00, CPU_Time 91.00
       Partition:  pbs_iopt_3 - PBS_Iopt-Distributed_Read_DB - Elapsed_Time 2.00, CPU_Time 3.00
       Partition:  pbs_iopt_3 - PBS_Iopt-Distributed_Iopt - Elapsed_Time 84.00, CPU_Time 83.00
       Start - Partition: pbs_iopt_3  Slack: -8.3 TNS: 903.9 Cell-Count: 84030 Cell-Area: 11227  
Init-Memory: 2568.39
       Done  - Partition: pbs_iopt_3  Slack: -3.6 TNS: 156.0 Cell-Count: 82814 Cell-Area: 11032  
Peak-Memory: 2632.43 Elapsed: 89
       Partition:  pbs_iopt_3 - PBS_Iopt-Distributed_Report - Elapsed_Time 3.00, CPU_Time 3.00
       Partition:  pbs_iopt_3 - PBS_Iopt-Distributed_Write_DB - Elapsed_Time 6.00, CPU_Time 6.00
       pbs_iopt_3 - PBS_Iopt-Assembly - Elapsed_Time 11, CPU_Time 10.0
       Partition:  pbs_iopt_3 - Runtime taken by the partition - Elapsed_Time 95.00, CPU_Time 95.00
          Sending 'pbs_iopt_19 ./.pbs_mo.ece.pdx.edu_8835/pbs_iopt_19.etf' to server 'localhost_1_26'...
            Sent 'pbs_iopt_19 ./.pbs_mo.ece.pdx.edu_8835/pbs_iopt_19.etf' to server 'localhost_1_26'.
          Received 'pbs_iopt_7 ./.pbs_mo.ece.pdx.edu_8835/pbs_iopt_7.etf' from server 'localhost_1_27'. (104864 ms elapsed)
          Sending 'pbs_iopt_33 ./.pbs_mo.ece.pdx.edu_8835/pbs_iopt_33.etf' to server 'localhost_1_27'...
            Sent 'pbs_iopt_33 ./.pbs_mo.ece.pdx.edu_8835/pbs_iopt_33.etf' to server 'localhost_1_27'.
          Received 'pbs_iopt_10 ./.pbs_mo.ece.pdx.edu_8835/pbs_iopt_10.etf' from server 'localhost_1_0'. (131345 ms elapsed)
       Partition:  pbs_iopt_10 - PBS_Iopt-Distributed_Read_DB - Elapsed_Time 4.00, CPU_Time 4.00
       Partition:  pbs_iopt_10 - PBS_Iopt-Distributed_Iopt - Elapsed_Time 117.00, CPU_Time 117.00
       Start - Partition: pbs_iopt_10  Slack: -11.1 TNS: 2373.7 Cell-Count: 84030 Cell-Area: 11271  
Init-Memory: 2632.42
       Done  - Partition: pbs_iopt_10  Slack: -5.1 TNS: 455.0 Cell-Count: 82630 Cell-Area: 11046  
Peak-Memory: 3017.12 Elapsed: 124
       Partition:  pbs_iopt_10 - PBS_Iopt-Distributed_Report - Elapsed_Time 3.00, CPU_Time 3.00
       Partition:  pbs_iopt_10 - PBS_Iopt-Distributed_Write_DB - Elapsed_Time 6.00, CPU_Time 6.00
       pbs_iopt_10 - PBS_Iopt-Assembly - Elapsed_Time 10, CPU_Time 10.0
       Partition:  pbs_iopt_10 - Runtime taken by the partition - Elapsed_Time 130.00, CPU_Time 130.00
       Partition:  pbs_iopt_7 - PBS_Iopt-Distributed_Read_DB - Elapsed_Time 3.00, CPU_Time 3.00
       Partition:  pbs_iopt_7 - PBS_Iopt-Distributed_Iopt - Elapsed_Time 91.00, CPU_Time 91.00
       Start - Partition: pbs_iopt_7  Slack: -10.9 TNS: 1630.3 Cell-Count: 84026 Cell-Area: 11266  
Init-Memory: 2568.39
       Done  - Partition: pbs_iopt_7  Slack: -4.6 TNS: 397.8 Cell-Count: 82861 Cell-Area: 11039  
Peak-Memory: 2632.43 Elapsed: 97
       Partition:  pbs_iopt_7 - PBS_Iopt-Distributed_Report - Elapsed_Time 3.00, CPU_Time 3.00
       Partition:  pbs_iopt_7 - PBS_Iopt-Distributed_Write_DB - Elapsed_Time 6.00, CPU_Time 6.00
       pbs_iopt_7 - PBS_Iopt-Assembly - Elapsed_Time 11, CPU_Time 11.0
       Partition:  pbs_iopt_7 - Runtime taken by the partition - Elapsed_Time 103.00, CPU_Time 103.00
          Sending 'pbs_iopt_15 ./.pbs_mo.ece.pdx.edu_8835/pbs_iopt_15.etf' to server 'localhost_1_0'...
            Sent 'pbs_iopt_15 ./.pbs_mo.ece.pdx.edu_8835/pbs_iopt_15.etf' to server 'localhost_1_0'.
          Received 'pbs_iopt_8 ./.pbs_mo.ece.pdx.edu_8835/pbs_iopt_8.etf' from server 'localhost_1_28'. (94329 ms elapsed)
       Partition:  pbs_iopt_8 - PBS_Iopt-Distributed_Read_DB - Elapsed_Time 3.00, CPU_Time 3.00
       Partition:  pbs_iopt_8 - PBS_Iopt-Distributed_Iopt - Elapsed_Time 80.00, CPU_Time 80.00
       Start - Partition: pbs_iopt_8  Slack: -6.2 TNS: 559.4 Cell-Count: 84025 Cell-Area: 11350  
Init-Memory: 2568.39
       Done  - Partition: pbs_iopt_8  Slack: -3.2 TNS: 165.2 Cell-Count: 81899 Cell-Area: 10996  
Peak-Memory: 2632.43 Elapsed: 86
       Partition:  pbs_iopt_8 - PBS_Iopt-Distributed_Report - Elapsed_Time 3.00, CPU_Time 3.00
       Partition:  pbs_iopt_8 - PBS_Iopt-Distributed_Write_DB - Elapsed_Time 7.00, CPU_Time 6.00
       pbs_iopt_8 - PBS_Iopt-Assembly - Elapsed_Time 11, CPU_Time 12.0
       Partition:  pbs_iopt_8 - Runtime taken by the partition - Elapsed_Time 93.00, CPU_Time 92.00
          Sending 'pbs_iopt_34 ./.pbs_mo.ece.pdx.edu_8835/pbs_iopt_34.etf' to server 'localhost_1_28'...
            Sent 'pbs_iopt_34 ./.pbs_mo.ece.pdx.edu_8835/pbs_iopt_34.etf' to server 'localhost_1_28'.
          Received 'pbs_iopt_32 ./.pbs_mo.ece.pdx.edu_8835/pbs_iopt_32.etf' from server 'localhost_1_23'. (124184 ms elapsed)
       Partition:  pbs_iopt_32 - PBS_Iopt-Distributed_Read_DB - Elapsed_Time 3.00, CPU_Time 2.00
       Partition:  pbs_iopt_32 - PBS_Iopt-Distributed_Iopt - Elapsed_Time 114.00, CPU_Time 114.00
       Start - Partition: pbs_iopt_32  Slack: -18.7 TNS: 6465.2 Cell-Count: 82882 Cell-Area: 6708  
Init-Memory: 2568.39
       Done  - Partition: pbs_iopt_32  Slack: -0.6 TNS: 0.9 Cell-Count: 75664 Cell-Area: 6333  
Peak-Memory: 2632.43 Elapsed: 119
       Partition:  pbs_iopt_32 - PBS_Iopt-Distributed_Report - Elapsed_Time 2.00, CPU_Time 2.00
       Partition:  pbs_iopt_32 - PBS_Iopt-Distributed_Write_DB - Elapsed_Time 5.00, CPU_Time 5.00
       pbs_iopt_32 - PBS_Iopt-Assembly - Elapsed_Time 6, CPU_Time 6.0
       Partition:  pbs_iopt_32 - Runtime taken by the partition - Elapsed_Time 124.00, CPU_Time 123.00
          Sending 'pbs_iopt_35 ./.pbs_mo.ece.pdx.edu_8835/pbs_iopt_35.etf' to server 'localhost_1_23'...
            Sent 'pbs_iopt_35 ./.pbs_mo.ece.pdx.edu_8835/pbs_iopt_35.etf' to server 'localhost_1_23'.
          Received 'pbs_iopt_42 ./.pbs_mo.ece.pdx.edu_8835/pbs_iopt_42.etf' from server 'localhost_1_24'. (116477 ms elapsed)
       Partition:  pbs_iopt_42 - PBS_Iopt-Distributed_Read_DB - Elapsed_Time 2.00, CPU_Time 2.00
       Partition:  pbs_iopt_42 - PBS_Iopt-Distributed_Iopt - Elapsed_Time 107.00, CPU_Time 107.00
       Start - Partition: pbs_iopt_42  Slack: -25.8 TNS: 4717.3 Cell-Count: 81585 Cell-Area: 6655  
Init-Memory: 2568.39
       Done  - Partition: pbs_iopt_42  Slack: -0.4 TNS: 1.5 Cell-Count: 74652 Cell-Area: 6289  
Peak-Memory: 2632.43 Elapsed: 111
       Partition:  pbs_iopt_42 - PBS_Iopt-Distributed_Report - Elapsed_Time 2.00, CPU_Time 2.00
       Partition:  pbs_iopt_42 - PBS_Iopt-Distributed_Write_DB - Elapsed_Time 4.00, CPU_Time 4.00
       pbs_iopt_42 - PBS_Iopt-Assembly - Elapsed_Time 7, CPU_Time 6.0
       Partition:  pbs_iopt_42 - Runtime taken by the partition - Elapsed_Time 115.00, CPU_Time 115.00
          Sending 'pbs_iopt_45 ./.pbs_mo.ece.pdx.edu_8835/pbs_iopt_45.etf' to server 'localhost_1_24'...
            Sent 'pbs_iopt_45 ./.pbs_mo.ece.pdx.edu_8835/pbs_iopt_45.etf' to server 'localhost_1_24'.
          Received 'pbs_iopt_24 ./.pbs_mo.ece.pdx.edu_8835/pbs_iopt_24.etf' from server 'localhost_1_22'. (123055 ms elapsed)
       Partition:  pbs_iopt_24 - PBS_Iopt-Distributed_Read_DB - Elapsed_Time 2.00, CPU_Time 2.00
       Partition:  pbs_iopt_24 - PBS_Iopt-Distributed_Iopt - Elapsed_Time 113.00, CPU_Time 113.00
       Start - Partition: pbs_iopt_24  Slack: -24.9 TNS: 9916.9 Cell-Count: 80746 Cell-Area: 6549  
Init-Memory: 2568.39
       Done  - Partition: pbs_iopt_24  Slack: -0.4 TNS: 6.0 Cell-Count: 73412 Cell-Area: 6167  
Peak-Memory: 2632.43 Elapsed: 117
       Partition:  pbs_iopt_24 - PBS_Iopt-Distributed_Report - Elapsed_Time 2.00, CPU_Time 1.00
       Partition:  pbs_iopt_24 - PBS_Iopt-Distributed_Write_DB - Elapsed_Time 5.00, CPU_Time 6.00
       pbs_iopt_24 - PBS_Iopt-Assembly - Elapsed_Time 5, CPU_Time 5.0
       Partition:  pbs_iopt_24 - Runtime taken by the partition - Elapsed_Time 122.00, CPU_Time 122.00
          Sending 'pbs_iopt_17 ./.pbs_mo.ece.pdx.edu_8835/pbs_iopt_17.etf' to server 'localhost_1_22'...
            Sent 'pbs_iopt_17 ./.pbs_mo.ece.pdx.edu_8835/pbs_iopt_17.etf' to server 'localhost_1_22'.
          Received 'pbs_iopt_33 ./.pbs_mo.ece.pdx.edu_8835/pbs_iopt_33.etf' from server 'localhost_1_27'. (110103 ms elapsed)
          Sending 'pbs_iopt_40 ./.pbs_mo.ece.pdx.edu_8835/pbs_iopt_40.etf' to server 'localhost_1_27'...
            Sent 'pbs_iopt_40 ./.pbs_mo.ece.pdx.edu_8835/pbs_iopt_40.etf' to server 'localhost_1_27'.
          Received 'pbs_iopt_34 ./.pbs_mo.ece.pdx.edu_8835/pbs_iopt_34.etf' from server 'localhost_1_28'. (112749 ms elapsed)
          Sending 'pbs_iopt_16 ./.pbs_mo.ece.pdx.edu_8835/pbs_iopt_16.etf' to server 'localhost_1_28'...
            Sent 'pbs_iopt_16 ./.pbs_mo.ece.pdx.edu_8835/pbs_iopt_16.etf' to server 'localhost_1_28'.
          Received 'pbs_iopt_35 ./.pbs_mo.ece.pdx.edu_8835/pbs_iopt_35.etf' from server 'localhost_1_23'. (103686 ms elapsed)
          Sending 'pbs_iopt_14 ./.pbs_mo.ece.pdx.edu_8835/pbs_iopt_14.etf' to server 'localhost_1_23'...
            Sent 'pbs_iopt_14 ./.pbs_mo.ece.pdx.edu_8835/pbs_iopt_14.etf' to server 'localhost_1_23'.
          Received 'pbs_iopt_45 ./.pbs_mo.ece.pdx.edu_8835/pbs_iopt_45.etf' from server 'localhost_1_24'. (96278 ms elapsed)
          Sending 'pbs_iopt_9 ./.pbs_mo.ece.pdx.edu_8835/pbs_iopt_9.etf' to server 'localhost_1_24'...
            Sent 'pbs_iopt_9 ./.pbs_mo.ece.pdx.edu_8835/pbs_iopt_9.etf' to server 'localhost_1_24'.
          Received 'pbs_iopt_40 ./.pbs_mo.ece.pdx.edu_8835/pbs_iopt_40.etf' from server 'localhost_1_27'. (98657 ms elapsed)
          Sending 'pbs_iopt_41 ./.pbs_mo.ece.pdx.edu_8835/pbs_iopt_41.etf' to server 'localhost_1_27'...
            Sent 'pbs_iopt_41 ./.pbs_mo.ece.pdx.edu_8835/pbs_iopt_41.etf' to server 'localhost_1_27'.
          Received 'pbs_iopt_9 ./.pbs_mo.ece.pdx.edu_8835/pbs_iopt_9.etf' from server 'localhost_1_24'. (103111 ms elapsed)
          Sending 'pbs_iopt_43 ./.pbs_mo.ece.pdx.edu_8835/pbs_iopt_43.etf' to server 'localhost_1_24'...
            Sent 'pbs_iopt_43 ./.pbs_mo.ece.pdx.edu_8835/pbs_iopt_43.etf' to server 'localhost_1_24'.
          Received 'pbs_iopt_41 ./.pbs_mo.ece.pdx.edu_8835/pbs_iopt_41.etf' from server 'localhost_1_27'. (87447 ms elapsed)
          Sending 'pbs_iopt_44 ./.pbs_mo.ece.pdx.edu_8835/pbs_iopt_44.etf' to server 'localhost_1_27'...
            Sent 'pbs_iopt_44 ./.pbs_mo.ece.pdx.edu_8835/pbs_iopt_44.etf' to server 'localhost_1_27'.
          Received 'pbs_iopt_43 ./.pbs_mo.ece.pdx.edu_8835/pbs_iopt_43.etf' from server 'localhost_1_24'. (62431 ms elapsed)
          Sending 'pbs_iopt_21 ./.pbs_mo.ece.pdx.edu_8835/pbs_iopt_21.etf' to server 'localhost_1_24'...
            Sent 'pbs_iopt_21 ./.pbs_mo.ece.pdx.edu_8835/pbs_iopt_21.etf' to server 'localhost_1_24'.
          Received 'pbs_iopt_21 ./.pbs_mo.ece.pdx.edu_8835/pbs_iopt_21.etf' from server 'localhost_1_24'. (73 ms elapsed)
          Received 'pbs_iopt_44 ./.pbs_mo.ece.pdx.edu_8835/pbs_iopt_44.etf' from server 'localhost_1_27'. (61360 ms elapsed)
          Received 'pbs_iopt_18 ./.pbs_mo.ece.pdx.edu_8835/pbs_iopt_18.etf' from server 'localhost_1_25'. (639462 ms elapsed)
       Partition:  pbs_iopt_18 - PBS_Iopt-Distributed_Read_DB - Elapsed_Time 1.00, CPU_Time 1.00
       Partition:  pbs_iopt_18 - PBS_Iopt-Distributed_Iopt - Elapsed_Time 631.00, CPU_Time 628.00
       Start - Partition: pbs_iopt_18  Slack: -114.2 TNS: 17493.5 Cell-Count: 78974 Cell-Area: 6495  
Init-Memory: 2568.39
       Done  - Partition: pbs_iopt_18  Slack: -5.1 TNS: 260.9 Cell-Count: 73426 Cell-Area: 6226  
Peak-Memory: 2632.43 Elapsed: 634
       Partition:  pbs_iopt_18 - PBS_Iopt-Distributed_Report - Elapsed_Time 2.00, CPU_Time 2.00
       Partition:  pbs_iopt_18 - PBS_Iopt-Distributed_Write_DB - Elapsed_Time 5.00, CPU_Time 5.00
       pbs_iopt_18 - PBS_Iopt-Assembly - Elapsed_Time 8, CPU_Time 8.0
       Partition:  pbs_iopt_18 - Runtime taken by the partition - Elapsed_Time 639.00, CPU_Time 636.00
          Received 'pbs_iopt_19 ./.pbs_mo.ece.pdx.edu_8835/pbs_iopt_19.etf' from server 'localhost_1_26'. (648393 ms elapsed)
       Partition:  pbs_iopt_19 - PBS_Iopt-Distributed_Read_DB - Elapsed_Time 1.00, CPU_Time 1.00
       Partition:  pbs_iopt_19 - PBS_Iopt-Distributed_Iopt - Elapsed_Time 640.00, CPU_Time 638.00
       Start - Partition: pbs_iopt_19  Slack: -114.2 TNS: 15352.9 Cell-Count: 77899 Cell-Area: 6424  
Init-Memory: 2568.39
       Done  - Partition: pbs_iopt_19  Slack: -11.2 TNS: 1047.0 Cell-Count: 72025 Cell-Area: 6135  
Peak-Memory: 2632.43 Elapsed: 643
       Partition:  pbs_iopt_19 - PBS_Iopt-Distributed_Report - Elapsed_Time 2.00, CPU_Time 1.00
       Partition:  pbs_iopt_19 - PBS_Iopt-Distributed_Write_DB - Elapsed_Time 4.00, CPU_Time 5.00
       pbs_iopt_19 - PBS_Iopt-Assembly - Elapsed_Time 6, CPU_Time 6.0
       Partition:  pbs_iopt_19 - Runtime taken by the partition - Elapsed_Time 647.00, CPU_Time 645.00
       Partition:  pbs_iopt_33 - PBS_Iopt-Distributed_Read_DB - Elapsed_Time 2.00, CPU_Time 2.00
       Partition:  pbs_iopt_33 - PBS_Iopt-Distributed_Iopt - Elapsed_Time 102.00, CPU_Time 102.00
       Start - Partition: pbs_iopt_33  Slack: -26.1 TNS: 8305.9 Cell-Count: 74385 Cell-Area: 6015  
Init-Memory: 2568.39
       Done  - Partition: pbs_iopt_33  Slack: -0.5 TNS: 3.9 Cell-Count: 67704 Cell-Area: 5669  
Peak-Memory: 2632.43 Elapsed: 106
       Partition:  pbs_iopt_33 - PBS_Iopt-Distributed_Report - Elapsed_Time 2.00, CPU_Time 1.00
       Partition:  pbs_iopt_33 - PBS_Iopt-Distributed_Write_DB - Elapsed_Time 4.00, CPU_Time 4.00
       pbs_iopt_33 - PBS_Iopt-Assembly - Elapsed_Time 6, CPU_Time 6.0
       Partition:  pbs_iopt_33 - Runtime taken by the partition - Elapsed_Time 110.00, CPU_Time 109.00
          Received 'pbs_iopt_15 ./.pbs_mo.ece.pdx.edu_8835/pbs_iopt_15.etf' from server 'localhost_1_0'. (660924 ms elapsed)
       Partition:  pbs_iopt_15 - PBS_Iopt-Distributed_Read_DB - Elapsed_Time 2.00, CPU_Time 2.00
       Partition:  pbs_iopt_15 - PBS_Iopt-Distributed_Iopt - Elapsed_Time 653.00, CPU_Time 651.00
       Start - Partition: pbs_iopt_15  Slack: -114.1 TNS: 21202.5 Cell-Count: 74340 Cell-Area: 6132  
Init-Memory: 2632.42
       Done  - Partition: pbs_iopt_15  Slack: -4.7 TNS: 206.9 Cell-Count: 69421 Cell-Area: 5896  
Peak-Memory: 3017.12 Elapsed: 657
       Partition:  pbs_iopt_15 - PBS_Iopt-Distributed_Report - Elapsed_Time 2.00, CPU_Time 1.00
       Partition:  pbs_iopt_15 - PBS_Iopt-Distributed_Write_DB - Elapsed_Time 4.00, CPU_Time 4.00
       pbs_iopt_15 - PBS_Iopt-Assembly - Elapsed_Time 5, CPU_Time 4.0
       Partition:  pbs_iopt_15 - Runtime taken by the partition - Elapsed_Time 661.00, CPU_Time 658.00
       Partition:  pbs_iopt_34 - PBS_Iopt-Distributed_Read_DB - Elapsed_Time 2.00, CPU_Time 1.00
       Partition:  pbs_iopt_34 - PBS_Iopt-Distributed_Iopt - Elapsed_Time 105.00, CPU_Time 105.00
       Start - Partition: pbs_iopt_34  Slack: -22.0 TNS: 9370.6 Cell-Count: 74195 Cell-Area: 6002  
Init-Memory: 2568.39
       Done  - Partition: pbs_iopt_34  Slack: -1.0 TNS: 2.9 Cell-Count: 67755 Cell-Area: 5675  
Peak-Memory: 2632.43 Elapsed: 108
       Partition:  pbs_iopt_34 - PBS_Iopt-Distributed_Report - Elapsed_Time 1.00, CPU_Time 2.00
       Partition:  pbs_iopt_34 - PBS_Iopt-Distributed_Write_DB - Elapsed_Time 5.00, CPU_Time 4.00
       pbs_iopt_34 - PBS_Iopt-Assembly - Elapsed_Time 4, CPU_Time 5.0
       Partition:  pbs_iopt_34 - Runtime taken by the partition - Elapsed_Time 113.00, CPU_Time 112.00
       Partition:  pbs_iopt_35 - PBS_Iopt-Distributed_Read_DB - Elapsed_Time 2.00, CPU_Time 2.00
       Partition:  pbs_iopt_35 - PBS_Iopt-Distributed_Iopt - Elapsed_Time 96.00, CPU_Time 96.00
       Start - Partition: pbs_iopt_35  Slack: -23.7 TNS: 8186.4 Cell-Count: 70024 Cell-Area: 5661  
Init-Memory: 2568.39
       Done  - Partition: pbs_iopt_35  Slack: -0.3 TNS: 2.6 Cell-Count: 63935 Cell-Area: 5353  
Peak-Memory: 2632.43 Elapsed: 99
       Partition:  pbs_iopt_35 - PBS_Iopt-Distributed_Report - Elapsed_Time 1.00, CPU_Time 1.00
       Partition:  pbs_iopt_35 - PBS_Iopt-Distributed_Write_DB - Elapsed_Time 4.00, CPU_Time 4.00
       pbs_iopt_35 - PBS_Iopt-Assembly - Elapsed_Time 4, CPU_Time 4.0
       Partition:  pbs_iopt_35 - Runtime taken by the partition - Elapsed_Time 103.00, CPU_Time 103.00
       Partition:  pbs_iopt_45 - PBS_Iopt-Distributed_Read_DB - Elapsed_Time 2.00, CPU_Time 2.00
       Partition:  pbs_iopt_45 - PBS_Iopt-Distributed_Iopt - Elapsed_Time 87.00, CPU_Time 87.00
       Start - Partition: pbs_iopt_45  Slack: -12.3 TNS: 1895.1 Cell-Count: 68856 Cell-Area: 5611  
Init-Memory: 2568.39
       Done  - Partition: pbs_iopt_45  Slack: 0.0 TNS: 0.0 Cell-Count: 62526 Cell-Area: 5278  
Peak-Memory: 2632.43 Elapsed: 90
       Partition:  pbs_iopt_45 - PBS_Iopt-Distributed_Report - Elapsed_Time 1.00, CPU_Time 1.00
       Partition:  pbs_iopt_45 - PBS_Iopt-Distributed_Write_DB - Elapsed_Time 5.00, CPU_Time 5.00
       pbs_iopt_45 - PBS_Iopt-Assembly - Elapsed_Time 4, CPU_Time 4.0
       Partition:  pbs_iopt_45 - Runtime taken by the partition - Elapsed_Time 95.00, CPU_Time 95.00
          Received 'pbs_iopt_16 ./.pbs_mo.ece.pdx.edu_8835/pbs_iopt_16.etf' from server 'localhost_1_28'. (552246 ms elapsed)
          Received 'pbs_iopt_17 ./.pbs_mo.ece.pdx.edu_8835/pbs_iopt_17.etf' from server 'localhost_1_22'. (607535 ms elapsed)
       Partition:  pbs_iopt_17 - PBS_Iopt-Distributed_Read_DB - Elapsed_Time 1.00, CPU_Time 1.00
       Partition:  pbs_iopt_17 - PBS_Iopt-Distributed_Iopt - Elapsed_Time 585.00, CPU_Time 582.00
       Start - Partition: pbs_iopt_17  Slack: -114.1 TNS: 16592.7 Cell-Count: 68789 Cell-Area: 5669  
Init-Memory: 2568.39
       Done  - Partition: pbs_iopt_17  Slack: -2.4 TNS: 63.1 Cell-Count: 63644 Cell-Area: 5417  
Peak-Memory: 2632.43 Elapsed: 588
       Partition:  pbs_iopt_17 - PBS_Iopt-Distributed_Report - Elapsed_Time 2.00, CPU_Time 2.00
       Partition:  pbs_iopt_17 - PBS_Iopt-Distributed_Write_DB - Elapsed_Time 5.00, CPU_Time 5.00
       pbs_iopt_17 - PBS_Iopt-Assembly - Elapsed_Time 5, CPU_Time 5.0
       Partition:  pbs_iopt_17 - Runtime taken by the partition - Elapsed_Time 593.00, CPU_Time 590.00
       Partition:  pbs_iopt_40 - PBS_Iopt-Distributed_Read_DB - Elapsed_Time 1.00, CPU_Time 2.00
       Partition:  pbs_iopt_40 - PBS_Iopt-Distributed_Iopt - Elapsed_Time 90.00, CPU_Time 89.00
       Start - Partition: pbs_iopt_40  Slack: -25.2 TNS: 6519.5 Cell-Count: 68552 Cell-Area: 5603  
Init-Memory: 2568.39
       Done  - Partition: pbs_iopt_40  Slack: -1.0 TNS: 5.1 Cell-Count: 62551 Cell-Area: 5289  
Peak-Memory: 2632.43 Elapsed: 93
       Partition:  pbs_iopt_40 - PBS_Iopt-Distributed_Report - Elapsed_Time 2.00, CPU_Time 2.00
       Partition:  pbs_iopt_40 - PBS_Iopt-Distributed_Write_DB - Elapsed_Time 5.00, CPU_Time 5.00
       pbs_iopt_40 - PBS_Iopt-Assembly - Elapsed_Time 4, CPU_Time 4.0
       Partition:  pbs_iopt_40 - Runtime taken by the partition - Elapsed_Time 98.00, CPU_Time 98.00
       Partition:  pbs_iopt_16 - PBS_Iopt-Distributed_Read_DB - Elapsed_Time 2.00, CPU_Time 2.00
       Partition:  pbs_iopt_16 - PBS_Iopt-Distributed_Iopt - Elapsed_Time 544.00, CPU_Time 542.00
       Start - Partition: pbs_iopt_16  Slack: -114.2 TNS: 15677.0 Cell-Count: 66617 Cell-Area: 5473  
Init-Memory: 2568.39
       Done  - Partition: pbs_iopt_16  Slack: -4.3 TNS: 229.4 Cell-Count: 61693 Cell-Area: 5240  
Peak-Memory: 2632.43 Elapsed: 547
       Partition:  pbs_iopt_16 - PBS_Iopt-Distributed_Report - Elapsed_Time 1.00, CPU_Time 1.00
       Partition:  pbs_iopt_16 - PBS_Iopt-Distributed_Write_DB - Elapsed_Time 3.00, CPU_Time 3.00
       pbs_iopt_16 - PBS_Iopt-Assembly - Elapsed_Time 4, CPU_Time 4.0
       Partition:  pbs_iopt_16 - Runtime taken by the partition - Elapsed_Time 550.00, CPU_Time 548.00
          Received 'pbs_iopt_14 ./.pbs_mo.ece.pdx.edu_8835/pbs_iopt_14.etf' from server 'localhost_1_23'. (598756 ms elapsed)
       Partition:  pbs_iopt_14 - PBS_Iopt-Distributed_Read_DB - Elapsed_Time 2.00, CPU_Time 2.00
       Partition:  pbs_iopt_14 - PBS_Iopt-Distributed_Iopt - Elapsed_Time 592.00, CPU_Time 589.00
       Start - Partition: pbs_iopt_14  Slack: -114.2 TNS: 14551.3 Cell-Count: 66336 Cell-Area: 5458  
Init-Memory: 2568.39
       Done  - Partition: pbs_iopt_14  Slack: -0.6 TNS: 3.7 Cell-Count: 61236 Cell-Area: 5206  
Peak-Memory: 2632.43 Elapsed: 595
       Partition:  pbs_iopt_14 - PBS_Iopt-Distributed_Report - Elapsed_Time 1.00, CPU_Time 2.00
       Partition:  pbs_iopt_14 - PBS_Iopt-Distributed_Write_DB - Elapsed_Time 4.00, CPU_Time 3.00
       pbs_iopt_14 - PBS_Iopt-Assembly - Elapsed_Time 4, CPU_Time 4.0
       Partition:  pbs_iopt_14 - Runtime taken by the partition - Elapsed_Time 599.00, CPU_Time 596.00
       Partition:  pbs_iopt_9 - PBS_Iopt-Distributed_Read_DB - Elapsed_Time 3.00, CPU_Time 3.00
       Partition:  pbs_iopt_9 - PBS_Iopt-Distributed_Iopt - Elapsed_Time 91.00, CPU_Time 91.00
       Start - Partition: pbs_iopt_9  Slack: -17.9 TNS: 7484.4 Cell-Count: 61140 Cell-Area: 8310  
Init-Memory: 2575.58
       Done  - Partition: pbs_iopt_9  Slack: -8.1 TNS: 895.1 Cell-Count: 59325 Cell-Area: 8058  
Peak-Memory: 2632.43 Elapsed: 97
       Partition:  pbs_iopt_9 - PBS_Iopt-Distributed_Report - Elapsed_Time 3.00, CPU_Time 2.00
       Partition:  pbs_iopt_9 - PBS_Iopt-Distributed_Write_DB - Elapsed_Time 5.00, CPU_Time 6.00
       pbs_iopt_9 - PBS_Iopt-Assembly - Elapsed_Time 10, CPU_Time 10.0
       Partition:  pbs_iopt_9 - Runtime taken by the partition - Elapsed_Time 102.00, CPU_Time 102.00
       Partition:  pbs_iopt_41 - PBS_Iopt-Distributed_Read_DB - Elapsed_Time 1.00, CPU_Time 2.00
       Partition:  pbs_iopt_41 - PBS_Iopt-Distributed_Iopt - Elapsed_Time 81.00, CPU_Time 80.00
       Start - Partition: pbs_iopt_41  Slack: -10.2 TNS: 1128.0 Cell-Count: 60583 Cell-Area: 4928  
Init-Memory: 2568.39
       Done  - Partition: pbs_iopt_41  Slack: 0.0 TNS: 0.0 Cell-Count: 55051 Cell-Area: 4631  
Peak-Memory: 2632.43 Elapsed: 83
       Partition:  pbs_iopt_41 - PBS_Iopt-Distributed_Report - Elapsed_Time 1.00, CPU_Time 1.00
       Partition:  pbs_iopt_41 - PBS_Iopt-Distributed_Write_DB - Elapsed_Time 4.00, CPU_Time 4.00
       pbs_iopt_41 - PBS_Iopt-Assembly - Elapsed_Time 5, CPU_Time 5.0
       Partition:  pbs_iopt_41 - Runtime taken by the partition - Elapsed_Time 87.00, CPU_Time 87.00
       Partition:  pbs_iopt_43 - PBS_Iopt-Distributed_Read_DB - Elapsed_Time 1.00, CPU_Time 0.00
       Partition:  pbs_iopt_43 - PBS_Iopt-Distributed_Iopt - Elapsed_Time 56.00, CPU_Time 56.00
       Start - Partition: pbs_iopt_43  Slack: -10.2 TNS: 941.4 Cell-Count: 47478 Cell-Area: 3865  
Init-Memory: 2575.58
       Done  - Partition: pbs_iopt_43  Slack: 0.0 TNS: 0.0 Cell-Count: 43153 Cell-Area: 3633  
Peak-Memory: 2632.43 Elapsed: 58
       Partition:  pbs_iopt_43 - PBS_Iopt-Distributed_Report - Elapsed_Time 1.00, CPU_Time 2.00
       Partition:  pbs_iopt_43 - PBS_Iopt-Distributed_Write_DB - Elapsed_Time 4.00, CPU_Time 3.00
       pbs_iopt_43 - PBS_Iopt-Assembly - Elapsed_Time 3, CPU_Time 3.0
       Partition:  pbs_iopt_43 - Runtime taken by the partition - Elapsed_Time 62.00, CPU_Time 61.00
       Partition:  pbs_iopt_44 - PBS_Iopt-Distributed_Read_DB - Elapsed_Time 1.00, CPU_Time 1.00
       Partition:  pbs_iopt_44 - PBS_Iopt-Distributed_Iopt - Elapsed_Time 57.00, CPU_Time 56.00
       Start - Partition: pbs_iopt_44  Slack: -19.4 TNS: 2930.6 Cell-Count: 43004 Cell-Area: 3508  
Init-Memory: 2568.39
       Done  - Partition: pbs_iopt_44  Slack: -0.4 TNS: 3.2 Cell-Count: 39171 Cell-Area: 3306  
Peak-Memory: 2632.43 Elapsed: 58
       Partition:  pbs_iopt_44 - PBS_Iopt-Distributed_Report - Elapsed_Time 0.00, CPU_Time 1.00
       Partition:  pbs_iopt_44 - PBS_Iopt-Distributed_Write_DB - Elapsed_Time 3.00, CPU_Time 3.00
       pbs_iopt_44 - PBS_Iopt-Assembly - Elapsed_Time 3, CPU_Time 3.0
       Partition:  pbs_iopt_44 - Runtime taken by the partition - Elapsed_Time 61.00, CPU_Time 61.00
       Partition:  pbs_iopt_21 - PBS_Iopt-Distributed_Read_DB - Elapsed_Time 0.00, CPU_Time 0.00
       Partition:  pbs_iopt_21 - PBS_Iopt-Distributed_Iopt - Elapsed_Time 0.00, CPU_Time 0.00
       Start - Partition: pbs_iopt_21  Slack: 43.9 TNS: 0.0 Cell-Count: 11 Cell-Area: 1  
Init-Memory: 2575.58
       Done  - Partition: pbs_iopt_21  Slack: 43.9 TNS: 0.0 Cell-Count: 11 Cell-Area: 1  
Peak-Memory: 2632.43 Elapsed: 0
       Partition:  pbs_iopt_21 - PBS_Iopt-Distributed_Report - Elapsed_Time 0.00, CPU_Time 0.00
       Partition:  pbs_iopt_21 - PBS_Iopt-Distributed_Write_DB - Elapsed_Time 0.00, CPU_Time 0.00
       pbs_iopt_21 - PBS_Iopt-Assembly - Elapsed_Time 0, CPU_Time 0.0
       Partition:  pbs_iopt_21 - Runtime taken by the partition - Elapsed_Time 0.00, CPU_Time 0.00
Assembled design in-time

+-----------+----------------+-----+----------------------+---------------------------+
|   Host    |    Machine     | CPU | Physical Memory (MB) | Peak Physical Memory (MB) |
+-----------+----------------+-----+----------------------+---------------------------+
| localhost | mo.ece.pdx.edu |  8  |       20599.0        |          40844.8          |
+-----------+----------------+-----+----------------------+---------------------------+

+----------------+----------------------+---------------------------+
|     Server     | Physical Memory (MB) | Peak Physical Memory (MB) |
+----------------+----------------------+---------------------------+
| localhost_1_0  |      5350.4 [1]      |        26968.0 [1]        |
| localhost_1_26 |      645.6 [2]       |          [2] [3]          |
| localhost_1_23 |      766.4 [2]       |          [2] [3]          |
| localhost_1_27 |      646.3 [2]       |          [2] [3]          |
| localhost_1_24 |      644.3 [2]       |          [2] [3]          |
| localhost_1_22 |      655.4 [2]       |          [2] [3]          |
| localhost_1_25 |      654.6 [2]       |          [2] [3]          |
| localhost_1_28 |      650.9 [2]       |          [2] [3]          |
+----------------+----------------------+---------------------------+
[1] Memory of child processes is included.
[2] Memory is included in parent localhost_1_0.
[3] Peak physical memory is not available for forked background servers.

1ST_ST - Elapsed_Time 1883, CPU_Time 2239.852955000002
stamp '1ST_ST' being created for table 'pbs_debug'

  Total Time (Wall) |  Stage Time (Wall)  |   % (Wall)   |    Date - Time     |  Memory   | Stage
--------------------+---------------------+--------------+--------------------+-----------+----------------------
 00:10:12(00:10:22) |  00:00:00(00:00:00) |   0.0(  0.0) |   16:38:41 (May14) |   8.60 GB | PBS_Generic-Start
--------------------+---------------------+--------------+--------------------+-----------+----------------------
 02:29:45(02:25:36) |  02:19:33(02:15:14) |  33.5( 35.4) |   18:53:55 (May14) |  14.88 GB | PBS_Generic-Post_Genopt
--------------------+---------------------+--------------+--------------------+-----------+----------------------
 03:11:45(03:05:13) |  00:41:59(00:39:37) |  10.1( 10.4) |   19:33:32 (May14) |  14.23 GB | PBS_Generic_Opt-Post
--------------------+---------------------+--------------+--------------------+-----------+----------------------
 03:13:08(03:06:35) |  00:01:23(00:01:22) |   0.3(  0.4) |   19:34:54 (May14) |  13.48 GB | PBS_Generic-Postgen HBO Optimizations
--------------------+---------------------+--------------+--------------------+-----------+----------------------
 03:27:48(03:11:54) |  00:14:40(00:05:19) |   3.5(  1.4) |   19:40:13 (May14) |  13.45 GB | PBS_TechMap-Start
--------------------+---------------------+--------------+--------------------+-----------+----------------------
 03:29:09(03:13:15) |  00:01:21(00:01:21) |   0.3(  0.4) |   19:41:34 (May14) |  13.45 GB | PBS_TechMap-Premap HBO Optimizations
--------------------+---------------------+--------------+--------------------+-----------+----------------------
 05:12:12(04:48:46) |  01:43:03(01:35:31) |  24.7( 25.0) |   21:17:05 (May14) |  15.91 GB | PBS_Techmap-Global Mapping
--------------------+---------------------+--------------+--------------------+-----------+----------------------
 05:26:23(05:02:15) |  00:14:10(00:13:29) |   3.4(  3.5) |   21:30:34 (May14) |  14.60 GB | PBS_TechMap-Datapath Postmap Operations
--------------------+---------------------+--------------+--------------------+-----------+----------------------
 05:27:55(05:03:26) |  00:01:32(00:01:11) |   0.4(  0.3) |   21:31:45 (May14) |  14.61 GB | PBS_TechMap-Postmap HBO Optimizations
--------------------+---------------------+--------------+--------------------+-----------+----------------------
 05:54:44(05:30:15) |  00:26:49(00:26:49) |   6.4(  7.0) |   21:58:34 (May14) |  14.39 GB | PBS_TechMap-Postmap Clock Gating
--------------------+---------------------+--------------+--------------------+-----------+----------------------
 06:19:08(05:51:43) |  00:24:24(00:21:28) |   5.9(  5.6) |   22:20:02 (May14) |  14.58 GB | PBS_TechMap-Postmap Cleanup
--------------------+---------------------+--------------+--------------------+-----------+----------------------
 06:19:15(05:51:50) |  00:00:07(00:00:07) |   0.0(  0.0) |   22:20:09 (May14) |  14.46 GB | PBS_Techmap-Post_MBCI
--------------------+---------------------+--------------+--------------------+-----------+----------------------
 06:22:18(05:54:47) |  00:03:03(00:02:57) |   0.7(  0.8) |   22:23:06 (May14) |  14.30 GB | PBS_Incr_Opt-Start
--------------------+---------------------+--------------+--------------------+-----------+----------------------
 06:22:31(05:55:00) |  00:00:13(00:00:13) |   0.1(  0.1) |   22:23:19 (May14) |  14.30 GB | PBS_Incr_Opt-Uniquify_Netlist
--------------------+---------------------+--------------+--------------------+-----------+----------------------
 06:29:18(06:01:08) |  00:06:46(00:06:08) |   1.6(  1.6) |   22:29:27 (May14) |  14.46 GB | INIT_CLEAN_UP
--------------------+---------------------+--------------+--------------------+-----------+----------------------
 07:06:38(06:32:32) |  00:37:19(00:31:24) |   9.0(  8.2) |   23:00:51 (May14) |  16.98 GB | 1ST_ST
--------------------+---------------------+--------------+--------------------+-----------+----------------------
Number of threads: 8 * 1   (id: pbs_debug, time_info v1.57)
Info: (*N*) indicates data that was populated from previously saved time_info database
Info: CPU time includes time of parent + longest thread
-------------------------------------------------------------------------------
 hi_fo_buf                382419      -43   -420745      3488        0
            Worst cost_group: clk, WNS: -43.9
            Path: u_rb/total_cnt_reg[4]/CLK --> m_axis_tdata[140]

           Trick     Calls     Accepts   Attempts    Time(secs) 
-----------------------------------------------------------
       hi_fo_buf      2329  (     2284 /     2284 )  176.31

 


                                   Group   
                                  Tot Wrst     Total - - DRC Totals - -
                           Total  Weighted      Neg      Max       Max 
Operation                   Area   Slacks      Slack    Trans      Cap 
 init_delay               382419      -43   -420745      3488        0
            Worst cost_group: clk, WNS: -43.9
            Path: u_rb/total_cnt_reg[4]/CLK --> m_axis_tdata[140]
 incr_delay               384219      -11   -192647      3488        0
            Worst cost_group: clk, WNS: -11.2
            Path: u_rb/g_postproc[20].u_gelu/r2_den_reg[1]/CLK -->
                    u_rb/g_postproc[20].u_gelu/r3_y1_reg[29]/D
 incr_delay               384274      -10   -182109      3488        0
            Worst cost_group: clk, WNS: -10.7
            Path: u_rb/g_postproc[3].u_gelu/r2_den_reg[4]/CLK -->
                    u_rb/g_postproc[3].u_gelu/r3_y1_reg[29]/D
 incr_delay               384274      -10   -182109      3488        0
            Worst cost_group: clk, WNS: -10.7
            Path: u_rb/g_postproc[3].u_gelu/r2_den_reg[0]/CLK -->
                    u_rb/g_postproc[3].u_gelu/r3_y1_reg[29]/D

           Trick     Calls     Accepts   Attempts    Time(secs) 
-----------------------------------------------------------
       crit_upsz     11690  (     5318 /     5941 )  559.04
            fopt     16509  (     5308 /     5418 )  342.52

 init_tns                 384274      -10   -182109      3488        0
            Worst cost_group: clk, WNS: -10.7
            Path: u_rb/g_postproc[3].u_gelu/r2_den_reg[0]/CLK -->
                    u_rb/g_postproc[3].u_gelu/r3_y1_reg[29]/D
 incr_tns                 384288      -10   -161313      3488        0
            Worst cost_group: clk, WNS: -10.7
            Path: u_stagger/stage_reg[16][16][2]/CLK -->
                    u_array/g_row[16].g_col[11].u_pe/psum_out_reg[5]/D
 incr_tns                 384300      -10   -145590      3488        0
            Worst cost_group: clk, WNS: -10.7
            Path: u_rb/g_postproc[3].u_gelu/r2_den_reg[0]/CLK -->
                    u_rb/g_postproc[3].u_gelu/r3_y1_reg[29]/D
 incr_tns                 384309      -10   -131651      3488        0
            Worst cost_group: clk, WNS: -10.7
            Path: u_rb/g_postproc[3].u_gelu/r2_den_reg[0]/CLK -->
                    u_rb/g_postproc[3].u_gelu/r3_y1_reg[29]/D
 incr_tns                 384317      -10   -120731      3488        0
            Worst cost_group: clk, WNS: -10.7
            Path: u_stagger/stage_reg[0][0][1]/CLK -->
                    u_array/g_row[0].g_col[26].u_pe/psum_out_reg[3]/D
 incr_tns                 384330      -10   -105339      3488        0
            Worst cost_group: clk, WNS: -10.7
            Path: u_rb/g_postproc[3].u_gelu/r2_den_reg[0]/CLK -->
                    u_rb/g_postproc[3].u_gelu/r3_y1_reg[29]/D
 incr_tns                 384338      -10    -96261      3488        0
            Worst cost_group: clk, WNS: -10.7
            Path: u_rb/g_postproc[3].u_gelu/r2_den_reg[0]/CLK -->
                    u_rb/g_postproc[3].u_gelu/r3_y1_reg[29]/D
 incr_tns                 384338      -10    -96261      3488        0
            Worst cost_group: clk, WNS: -10.7
            Path: u_rb/g_postproc[3].u_gelu/r2_den_reg[0]/CLK -->
                    u_rb/g_postproc[3].u_gelu/r3_y1_reg[29]/D

           Trick     Calls     Accepts   Attempts    Time(secs) 
-----------------------------------------------------------
       crit_upsz      8000  (     2826 /     4892 )  494.35
       crit_dnsz     35674  (     2850 /     4970 )  192.90
             dup      2324  (       12 /       22 )  3.60

INTRMD_CLEAN_UP - Elapsed_Time 1926, CPU_Time 2427.815196000003
stamp 'INTRMD_CLEAN_UP' being created for table 'pbs_debug'

  Total Time (Wall) |  Stage Time (Wall)  |   % (Wall)   |    Date - Time     |  Memory   | Stage
--------------------+---------------------+--------------+--------------------+-----------+----------------------
 00:10:12(00:10:22) |  00:00:00(00:00:00) |   0.0(  0.0) |   16:38:41 (May14) |   8.60 GB | PBS_Generic-Start
--------------------+---------------------+--------------+--------------------+-----------+----------------------
 02:29:45(02:25:36) |  02:19:33(02:15:14) |  30.5( 32.6) |   18:53:55 (May14) |  14.88 GB | PBS_Generic-Post_Genopt
--------------------+---------------------+--------------+--------------------+-----------+----------------------
 03:11:45(03:05:13) |  00:41:59(00:39:37) |   9.2(  9.6) |   19:33:32 (May14) |  14.23 GB | PBS_Generic_Opt-Post
--------------------+---------------------+--------------+--------------------+-----------+----------------------
 03:13:08(03:06:35) |  00:01:23(00:01:22) |   0.3(  0.3) |   19:34:54 (May14) |  13.48 GB | PBS_Generic-Postgen HBO Optimizations
--------------------+---------------------+--------------+--------------------+-----------+----------------------
 03:27:48(03:11:54) |  00:14:40(00:05:19) |   3.2(  1.3) |   19:40:13 (May14) |  13.45 GB | PBS_TechMap-Start
--------------------+---------------------+--------------+--------------------+-----------+----------------------
 03:29:09(03:13:15) |  00:01:21(00:01:21) |   0.3(  0.3) |   19:41:34 (May14) |  13.45 GB | PBS_TechMap-Premap HBO Optimizations
--------------------+---------------------+--------------+--------------------+-----------+----------------------
 05:12:12(04:48:46) |  01:43:03(01:35:31) |  22.6( 23.1) |   21:17:05 (May14) |  15.91 GB | PBS_Techmap-Global Mapping
--------------------+---------------------+--------------+--------------------+-----------+----------------------
 05:26:23(05:02:15) |  00:14:10(00:13:29) |   3.1(  3.3) |   21:30:34 (May14) |  14.60 GB | PBS_TechMap-Datapath Postmap Operations
--------------------+---------------------+--------------+--------------------+-----------+----------------------
 05:27:55(05:03:26) |  00:01:32(00:01:11) |   0.3(  0.3) |   21:31:45 (May14) |  14.61 GB | PBS_TechMap-Postmap HBO Optimizations
--------------------+---------------------+--------------+--------------------+-----------+----------------------
 05:54:44(05:30:15) |  00:26:49(00:26:49) |   5.9(  6.5) |   21:58:34 (May14) |  14.39 GB | PBS_TechMap-Postmap Clock Gating
--------------------+---------------------+--------------+--------------------+-----------+----------------------
 06:19:08(05:51:43) |  00:24:24(00:21:28) |   5.3(  5.2) |   22:20:02 (May14) |  14.58 GB | PBS_TechMap-Postmap Cleanup
--------------------+---------------------+--------------+--------------------+-----------+----------------------
 06:19:15(05:51:50) |  00:00:07(00:00:07) |   0.0(  0.0) |   22:20:09 (May14) |  14.46 GB | PBS_Techmap-Post_MBCI
--------------------+---------------------+--------------+--------------------+-----------+----------------------
 06:22:18(05:54:47) |  00:03:03(00:02:57) |   0.7(  0.7) |   22:23:06 (May14) |  14.30 GB | PBS_Incr_Opt-Start
--------------------+---------------------+--------------+--------------------+-----------+----------------------
 06:22:31(05:55:00) |  00:00:13(00:00:13) |   0.0(  0.1) |   22:23:19 (May14) |  14.30 GB | PBS_Incr_Opt-Uniquify_Netlist
--------------------+---------------------+--------------+--------------------+-----------+----------------------
 06:29:18(06:01:08) |  00:06:46(00:06:08) |   1.5(  1.5) |   22:29:27 (May14) |  14.46 GB | INIT_CLEAN_UP
--------------------+---------------------+--------------+--------------------+-----------+----------------------
 07:06:38(06:32:32) |  00:37:19(00:31:24) |   8.2(  7.6) |   23:00:51 (May14) |  16.98 GB | 1ST_ST
--------------------+---------------------+--------------+--------------------+-----------+----------------------
 07:47:05(07:04:38) |  00:40:27(00:32:06) |   8.9(  7.7) |   23:32:57 (May14) |  17.00 GB | INTRMD_CLEAN_UP
--------------------+---------------------+--------------+--------------------+-----------+----------------------
Number of threads: 8 * 1   (id: pbs_debug, time_info v1.57)
Info: (*N*) indicates data that was populated from previously saved time_info database
Info: CPU time includes time of parent + longest thread
CRB_ST - Elapsed_Time 0, CPU_Time 0.0
stamp 'CRB_ST' being created for table 'pbs_debug'

  Total Time (Wall) |  Stage Time (Wall)  |   % (Wall)   |    Date - Time     |  Memory   | Stage
--------------------+---------------------+--------------+--------------------+-----------+----------------------
 00:10:12(00:10:22) |  00:00:00(00:00:00) |   0.0(  0.0) |   16:38:41 (May14) |   8.60 GB | PBS_Generic-Start
--------------------+---------------------+--------------+--------------------+-----------+----------------------
 02:29:45(02:25:36) |  02:19:33(02:15:14) |  30.5( 32.6) |   18:53:55 (May14) |  14.88 GB | PBS_Generic-Post_Genopt
--------------------+---------------------+--------------+--------------------+-----------+----------------------
 03:11:45(03:05:13) |  00:41:59(00:39:37) |   9.2(  9.6) |   19:33:32 (May14) |  14.23 GB | PBS_Generic_Opt-Post
--------------------+---------------------+--------------+--------------------+-----------+----------------------
 03:13:08(03:06:35) |  00:01:23(00:01:22) |   0.3(  0.3) |   19:34:54 (May14) |  13.48 GB | PBS_Generic-Postgen HBO Optimizations
--------------------+---------------------+--------------+--------------------+-----------+----------------------
 03:27:48(03:11:54) |  00:14:40(00:05:19) |   3.2(  1.3) |   19:40:13 (May14) |  13.45 GB | PBS_TechMap-Start
--------------------+---------------------+--------------+--------------------+-----------+----------------------
 03:29:09(03:13:15) |  00:01:21(00:01:21) |   0.3(  0.3) |   19:41:34 (May14) |  13.45 GB | PBS_TechMap-Premap HBO Optimizations
--------------------+---------------------+--------------+--------------------+-----------+----------------------
 05:12:12(04:48:46) |  01:43:03(01:35:31) |  22.6( 23.1) |   21:17:05 (May14) |  15.91 GB | PBS_Techmap-Global Mapping
--------------------+---------------------+--------------+--------------------+-----------+----------------------
 05:26:23(05:02:15) |  00:14:10(00:13:29) |   3.1(  3.3) |   21:30:34 (May14) |  14.60 GB | PBS_TechMap-Datapath Postmap Operations
--------------------+---------------------+--------------+--------------------+-----------+----------------------
 05:27:55(05:03:26) |  00:01:32(00:01:11) |   0.3(  0.3) |   21:31:45 (May14) |  14.61 GB | PBS_TechMap-Postmap HBO Optimizations
--------------------+---------------------+--------------+--------------------+-----------+----------------------
 05:54:44(05:30:15) |  00:26:49(00:26:49) |   5.9(  6.5) |   21:58:34 (May14) |  14.39 GB | PBS_TechMap-Postmap Clock Gating
--------------------+---------------------+--------------+--------------------+-----------+----------------------
 06:19:08(05:51:43) |  00:24:24(00:21:28) |   5.3(  5.2) |   22:20:02 (May14) |  14.58 GB | PBS_TechMap-Postmap Cleanup
--------------------+---------------------+--------------+--------------------+-----------+----------------------
 06:19:15(05:51:50) |  00:00:07(00:00:07) |   0.0(  0.0) |   22:20:09 (May14) |  14.46 GB | PBS_Techmap-Post_MBCI
--------------------+---------------------+--------------+--------------------+-----------+----------------------
 06:22:18(05:54:47) |  00:03:03(00:02:57) |   0.7(  0.7) |   22:23:06 (May14) |  14.30 GB | PBS_Incr_Opt-Start
--------------------+---------------------+--------------+--------------------+-----------+----------------------
 06:22:31(05:55:00) |  00:00:13(00:00:13) |   0.0(  0.1) |   22:23:19 (May14) |  14.30 GB | PBS_Incr_Opt-Uniquify_Netlist
--------------------+---------------------+--------------+--------------------+-----------+----------------------
 06:29:18(06:01:08) |  00:06:46(00:06:08) |   1.5(  1.5) |   22:29:27 (May14) |  14.46 GB | INIT_CLEAN_UP
--------------------+---------------------+--------------+--------------------+-----------+----------------------
 07:06:38(06:32:32) |  00:37:19(00:31:24) |   8.2(  7.6) |   23:00:51 (May14) |  16.98 GB | 1ST_ST
--------------------+---------------------+--------------+--------------------+-----------+----------------------
 07:47:05(07:04:38) |  00:40:27(00:32:06) |   8.9(  7.7) |   23:32:57 (May14) |  17.00 GB | INTRMD_CLEAN_UP
--------------------+---------------------+--------------+--------------------+-----------+----------------------
 07:47:05(07:04:38) |  00:00:00(00:00:00) |   0.0(  0.0) |   23:32:57 (May14) |  17.00 GB | CRB_ST
--------------------+---------------------+--------------+--------------------+-----------+----------------------
Number of threads: 8 * 1   (id: pbs_debug, time_info v1.57)
Info: (*N*) indicates data that was populated from previously saved time_info database
Info: CPU time includes time of parent + longest thread
 


                                   Group   
                                  Tot Wrst     Total - - DRC Totals - -
                           Total  Weighted      Neg      Max       Max 
Operation                   Area   Slacks      Slack    Trans      Cap 
 init_delay               384338      -10    -96261      3488        0
            Worst cost_group: clk, WNS: -10.7
            Path: u_rb/g_postproc[3].u_gelu/r2_den_reg[0]/CLK -->
                    u_rb/g_postproc[3].u_gelu/r3_y1_reg[29]/D
 incr_delay               384339      -10    -96230      3488        0
            Worst cost_group: clk, WNS: -10.7
            Path: u_rb/g_postproc[18].u_gelu/r2_den_reg[8]/CLK -->
                    u_rb/g_postproc[18].u_gelu/r3_y1_reg[16]/D
 incr_delay               384341      -10    -96184      3488        0
            Worst cost_group: clk, WNS: -10.4
            Path: u_rb/g_postproc[20].u_gelu/r2_den_reg[1]/CLK -->
                    u_rb/g_postproc[20].u_gelu/r3_y1_reg[29]/D
 incr_delay               384342      -10    -95923      3488        0
            Worst cost_group: clk, WNS: -10.2
            Path: u_rb/g_postproc[20].u_gelu/r2_den_reg[1]/CLK -->
                    u_rb/g_postproc[20].u_gelu/r3_y1_reg[29]/D
 incr_delay               384343      -10    -95592      3488        0
            Worst cost_group: clk, WNS: -10.0
            Path: u_rb/g_postproc[20].u_gelu/r2_den_reg[0]/CLK -->
                    u_rb/g_postproc[20].u_gelu/r3_y1_reg[17]/D
 incr_delay               384346       -9    -95471      3488        0
            Worst cost_group: clk, WNS: -9.8
            Path: u_rb/g_postproc[5].u_gelu/r2_den_reg[1]/CLK -->
                    u_rb/g_postproc[5].u_gelu/r3_y1_reg[16]/D
 incr_delay               384346       -9    -95464      3488        0
            Worst cost_group: clk, WNS: -9.8
            Path: u_rb/g_postproc[18].u_gelu/r2_den_reg[1]/CLK -->
                    u_rb/g_postproc[18].u_gelu/r3_y1_reg[16]/D

           Trick     Calls     Accepts   Attempts    Time(secs) 
-----------------------------------------------------------
       crit_upsz      1498  (      121 /      155 )  11.97
             dup       640  (        3 /        4 )  1.05
            fopt      1156  (       36 /       59 )  5.27
             exp       158  (        4 /       98 )  11.23
       gcomp_tim       688  (        9 /       16 )  3.54

 init_tns                 384346       -9    -95464      3488        0
            Worst cost_group: clk, WNS: -9.8
            Path: u_rb/g_postproc[18].u_gelu/r2_den_reg[1]/CLK -->
                    u_rb/g_postproc[18].u_gelu/r3_y1_reg[16]/D
 incr_tns                 384362       -9    -82184      3488        0
            Worst cost_group: clk, WNS: -9.8
            Path: u_stagger/stage_reg[0][0][3]/CLK -->
                    u_array/g_row[0].g_col[23].u_pe/psum_out_reg[3]/D
 incr_tns                 384381       -9    -67672      3488        0
            Worst cost_group: clk, WNS: -9.8
            Path: u_stagger/stage_reg[0][0][3]/CLK -->
                    u_array/g_row[0].g_col[23].u_pe/psum_out_reg[3]/D
 incr_tns                 384391       -9    -60059      3488        0
            Worst cost_group: clk, WNS: -9.8
            Path: u_stagger/stage_reg[0][0][3]/CLK -->
                    u_array/g_row[0].g_col[23].u_pe/psum_out_reg[3]/D
 incr_tns                 384510       -9    -48753      3488        0
            Worst cost_group: clk, WNS: -9.8
            Path: u_rb/g_postproc[18].u_gelu/r2_den_reg[1]/CLK -->
                    u_rb/g_postproc[18].u_gelu/r3_y1_reg[16]/D
 incr_tns                 384513       -9    -33429      3488        0
            Worst cost_group: clk, WNS: -9.8
            Path: u_rb/g_postproc[18].u_gelu/r2_den_reg[1]/CLK -->
                    u_rb/g_postproc[18].u_gelu/r3_y1_reg[16]/D
 incr_tns                 384637       -9    -24395      3488        0
            Worst cost_group: clk, WNS: -9.8
            Path: u_rb/g_postproc[18].u_gelu/r2_den_reg[1]/CLK -->
                    u_rb/g_postproc[18].u_gelu/r3_y1_reg[16]/D
 incr_tns                 384873       -9    -17970      3488        0
            Worst cost_group: clk, WNS: -9.8
            Path: u_rb/g_postproc[18].u_gelu/r2_den_reg[1]/CLK -->
                    u_rb/g_postproc[18].u_gelu/r3_y1_reg[16]/D
 incr_tns                 384875       -9    -13060      3488        0
            Worst cost_group: clk, WNS: -9.8
            Path: u_rb/g_postproc[18].u_gelu/r2_den_reg[1]/CLK -->
                    u_rb/g_postproc[18].u_gelu/r3_y1_reg[16]/D
 incr_tns                 384875       -9    -11375      3488        0
            Worst cost_group: clk, WNS: -9.8
            Path: u_rb/g_postproc[18].u_gelu/r2_den_reg[1]/CLK -->
                    u_rb/g_postproc[18].u_gelu/r3_y1_reg[16]/D
 incr_tns                 384876       -9     -8018      3488        0
            Worst cost_group: clk, WNS: -9.8
            Path: u_rb/g_postproc[18].u_gelu/r2_den_reg[1]/CLK -->
                    u_rb/g_postproc[18].u_gelu/r3_y1_reg[16]/D
 incr_tns                 384877       -9     -6157      3488        0
            Worst cost_group: clk, WNS: -9.8
            Path: u_rb/g_postproc[18].u_gelu/r2_den_reg[1]/CLK -->
                    u_rb/g_postproc[18].u_gelu/r3_y1_reg[16]/D
 incr_tns                 385112       -9     -2617      3488        0
            Worst cost_group: clk, WNS: -9.8
            Path: u_rb/g_postproc[18].u_gelu/r2_den_reg[1]/CLK -->
                    u_rb/g_postproc[18].u_gelu/r3_y1_reg[16]/D
 incr_tns                 385226       -9      -755      3488        0
            Worst cost_group: clk, WNS: -9.5
            Path: u_rb/g_postproc[4].u_gelu/r2_den_reg[10]/CLK -->
                    u_rb/g_postproc[4].u_gelu/r3_y1_reg[16]/D
 incr_tns                 385226       -9      -755      3488        0
            Worst cost_group: clk, WNS: -9.5
            Path: u_rb/g_postproc[4].u_gelu/r2_den_reg[10]/CLK -->
                    u_rb/g_postproc[4].u_gelu/r3_y1_reg[16]/D

           Trick     Calls     Accepts   Attempts    Time(secs) 
-----------------------------------------------------------
       crit_upsz     39299  (     6351 /    16271 )  767.84
            fopt     32948  (       10 /       11 )  77.31
       crit_dnsz     95812  (     5948 /    14919 )  519.65
             dup     26990  (      443 /     1060 )  53.71
       crr_local     26547  (      164 /      701 )  65.87

 init_delay               385226       -9      -755      3488        0
            Worst cost_group: clk, WNS: -9.5
            Path: u_rb/g_postproc[4].u_gelu/r2_den_reg[10]/CLK -->
                    u_rb/g_postproc[4].u_gelu/r3_y1_reg[16]/D
 incr_delay               385226       -9      -755      3488        0
            Worst cost_group: clk, WNS: -9.5
            Path: u_rb/g_postproc[4].u_gelu/r2_den_reg[10]/CLK -->
                    u_rb/g_postproc[4].u_gelu/r3_y1_reg[16]/D
 incr_delay               385226       -9      -729      3488        0
            Worst cost_group: clk, WNS: -9.2
            Path: u_rb/g_postproc[18].u_gelu/r2_den_reg[1]/CLK -->
                    u_rb/g_postproc[18].u_gelu/r3_y1_reg[23]/D
 incr_delay               385227       -9      -721      3488        0
            Worst cost_group: clk, WNS: -9.1
            Path: u_rb/g_postproc[18].u_gelu/r2_den_reg[1]/CLK -->
                    u_rb/g_postproc[18].u_gelu/r3_y1_reg[24]/D
 incr_delay               385228       -9      -721      3488        0
            Worst cost_group: clk, WNS: -9.1
            Path: u_rb/g_postproc[18].u_gelu/r2_den_reg[1]/CLK -->
                    u_rb/g_postproc[18].u_gelu/r3_y1_reg[24]/D
 incr_delay               385228       -8      -702      3488        0
            Worst cost_group: clk, WNS: -8.2
            Path: u_rb/g_postproc[5].u_gelu/r2_den_reg[1]/CLK -->
                    u_rb/g_postproc[5].u_gelu/r3_y1_reg[16]/D
 incr_delay               385229       -7      -673      3488        0
            Worst cost_group: clk, WNS: -7.7
            Path: u_rb/g_postproc[5].u_gelu/r2_den_reg[0]/CLK -->
                    u_rb/g_postproc[5].u_gelu/r3_y1_reg[16]/D
 incr_delay               385229       -7      -674      3488        0
            Worst cost_group: clk, WNS: -7.7
            Path: u_rb/g_postproc[5].u_gelu/r2_den_reg[0]/CLK -->
                    u_rb/g_postproc[5].u_gelu/r3_y1_reg[16]/D
 incr_delay               385230       -7      -653      3488        0
            Worst cost_group: clk, WNS: -7.3
            Path: u_rb/g_postproc[5].u_gelu/r2_den_reg[1]/CLK -->
                    u_rb/g_postproc[5].u_gelu/r3_y1_reg[22]/D
 incr_delay               385231       -6      -598      3488        0
            Worst cost_group: clk, WNS: -6.5
            Path: u_rb/g_postproc[18].u_gelu/r2_den_reg[1]/CLK -->
                    u_rb/g_postproc[18].u_gelu/r3_y1_reg[16]/D
 incr_delay               385232       -5      -534      3488        0
            Worst cost_group: clk, WNS: -5.6
            Path: u_rb/g_postproc[4].u_gelu/r2_den_reg[10]/CLK -->
                    u_rb/g_postproc[4].u_gelu/r3_y1_reg[28]/D
 incr_delay               385232       -5      -527      3488        0
            Worst cost_group: clk, WNS: -5.5
            Path: u_rb/g_postproc[20].u_gelu/r2_den_reg[1]/CLK -->
                    u_rb/g_postproc[20].u_gelu/r3_y1_reg[28]/D
 incr_delay               385233       -4      -477      3488        0
            Worst cost_group: clk, WNS: -4.7
            Path: u_rb/g_postproc[5].u_gelu/r2_den_reg[1]/CLK -->
                    u_rb/g_postproc[5].u_gelu/r3_y1_reg[16]/D
 incr_delay               385233       -4      -477      3488        0
            Worst cost_group: clk, WNS: -4.7
            Path: u_rb/g_postproc[5].u_gelu/r2_den_reg[1]/CLK -->
                    u_rb/g_postproc[5].u_gelu/r3_y1_reg[16]/D
 incr_delay               385234       -4      -436      3488        0
            Worst cost_group: clk, WNS: -4.0
            Path: u_rb/g_postproc[26].u_gelu/r2_den_reg[2]/CLK -->
                    u_rb/g_postproc[26].u_gelu/r3_y1_reg[26]/D
 incr_delay               385236       -3      -386      3488        0
            Worst cost_group: clk, WNS: -3.6
            Path: u_rb/g_postproc[4].u_gelu/r2_den_reg[10]/CLK -->
                    u_rb/g_postproc[4].u_gelu/r3_y1_reg[29]/D
 incr_delay               385235       -3      -386      3488        0
            Worst cost_group: clk, WNS: -3.6
            Path: u_rb/g_postproc[4].u_gelu/r2_den_reg[10]/CLK -->
                    u_rb/g_postproc[4].u_gelu/r3_y1_reg[29]/D
 incr_delay               385236       -3      -365      3488        0
            Worst cost_group: clk, WNS: -3.4
            Path: u_rb/g_postproc[17].u_gelu/r2_den_reg[8]/CLK -->
                    u_rb/g_postproc[17].u_gelu/r3_y1_reg[16]/D
 incr_delay               385236       -3      -359      3488        0
            Worst cost_group: clk, WNS: -3.3
            Path: u_rb/g_postproc[22].u_gelu/r2_den_reg[2]/CLK -->
                    u_rb/g_postproc[22].u_gelu/r3_y1_reg[30]/D
 incr_delay               385237       -3      -326      3488        0
            Worst cost_group: clk, WNS: -3.1
            Path: u_rb/g_postproc[4].u_gelu/r2_den_reg[10]/CLK -->
                    u_rb/g_postproc[4].u_gelu/r3_y1_reg[30]/D
 incr_delay               385238       -3      -306      3488        0
            Worst cost_group: clk, WNS: -3.0
            Path: u_rb/g_postproc[1].u_gelu/r2_den_reg[0]/CLK -->
                    u_rb/g_postproc[1].u_gelu/r3_y1_reg[30]/D
 incr_delay               385238       -3      -302      3488        0
            Worst cost_group: clk, WNS: -3.0
            Path: u_rb/g_postproc[0].u_gelu/r2_den_reg[12]/CLK -->
                    u_rb/g_postproc[0].u_gelu/r3_y1_reg[18]/D
 incr_delay               385238       -2      -296      3488        0
            Worst cost_group: clk, WNS: -2.9
            Path: u_rb/g_postproc[9].u_gelu/r2_den_reg[15]/CLK -->
                    u_rb/g_postproc[9].u_gelu/r3_y1_reg[28]/D
 incr_delay               385239       -2      -278      3488        0
            Worst cost_group: clk, WNS: -2.8
            Path: u_rb/g_postproc[5].u_gelu/r2_den_reg[1]/CLK -->
                    u_rb/g_postproc[5].u_gelu/r3_y1_reg[29]/D
 incr_delay               385239       -2      -273      3488        0
            Worst cost_group: clk, WNS: -2.8
            Path: u_rb/g_postproc[4].u_gelu/r2_den_reg[10]/CLK -->
                    u_rb/g_postproc[4].u_gelu/r3_y1_reg[30]/D
 incr_delay               385239       -2      -263      3488        0
            Worst cost_group: clk, WNS: -2.7
            Path: u_rb/g_postproc[26].u_gelu/r2_den_reg[2]/CLK -->
                    u_rb/g_postproc[26].u_gelu/r3_y1_reg[26]/D
 incr_delay               385239       -2      -259      3488        0
            Worst cost_group: clk, WNS: -2.7
            Path: u_rb/g_postproc[17].u_gelu/r2_den_reg[2]/CLK -->
                    u_rb/g_postproc[17].u_gelu/r3_y1_reg[16]/D
 incr_delay               385239       -2      -239      3488        0
            Worst cost_group: clk, WNS: -2.5
            Path: u_rb/g_postproc[20].u_gelu/r2_den_reg[1]/CLK -->
                    u_rb/g_postproc[20].u_gelu/r3_y1_reg[28]/D
 incr_delay               385239       -2      -233      3488        0
            Worst cost_group: clk, WNS: -2.4
            Path: u_rb/g_postproc[2].u_gelu/r2_den_reg[2]/CLK -->
                    u_rb/g_postproc[2].u_gelu/r3_y1_reg[19]/D
 incr_delay               385239       -1      -170      3488        0
            Worst cost_group: clk, WNS: -1.8
            Path: u_rb/g_postproc[26].u_gelu/r2_den_reg[2]/CLK -->
                    u_rb/g_postproc[26].u_gelu/r3_y1_reg[26]/D
 incr_delay               385239       -1      -169      3488        0
            Worst cost_group: clk, WNS: -1.8
            Path: u_rb/g_postproc[9].u_gelu/r2_den_reg[15]/CLK -->
                    u_rb/g_postproc[9].u_gelu/r3_y1_reg[30]/D
 incr_delay               385240       -1      -149      3488        0
            Worst cost_group: clk, WNS: -1.6
            Path: u_rb/g_postproc[25].u_gelu/r2_den_reg[12]/CLK -->
                    u_rb/g_postproc[25].u_gelu/r3_y1_reg[20]/D
 incr_delay               385240       -1      -140      3488        0
            Worst cost_group: clk, WNS: -1.5
            Path: u_rb/g_postproc[25].u_gelu/r2_den_reg[12]/CLK -->
                    u_rb/g_postproc[25].u_gelu/r3_y1_reg[20]/D
 incr_delay               385240       -1      -139      3488        0
            Worst cost_group: clk, WNS: -1.5
            Path: u_rb/g_postproc[9].u_gelu/r2_den_reg[15]/CLK -->
                    u_rb/g_postproc[9].u_gelu/r3_y1_reg[16]/D
 incr_delay               385241       -1      -106      3488        0
            Worst cost_group: clk, WNS: -1.2
            Path: u_rb/g_postproc[12].u_gelu/r2_den_reg[1]/CLK -->
                    u_rb/g_postproc[12].u_gelu/r3_y1_reg[16]/D
 incr_delay               385240       -1      -103      3488        0
            Worst cost_group: clk, WNS: -1.2
            Path: u_rb/g_postproc[0].u_gelu/r2_den_reg[12]/CLK -->
                    u_rb/g_postproc[0].u_gelu/r3_y1_reg[28]/D
 incr_delay               385240       -1       -98      3488        0
            Worst cost_group: clk, WNS: -1.1
            Path: u_rb/g_postproc[30].u_gelu/r2_den_reg[1]/CLK -->
                    u_rb/g_postproc[30].u_gelu/r3_y1_reg[28]/D
 incr_delay               385241        0       -87      3488        0
            Worst cost_group: clk, WNS: 0.9
            Path: u_rb/g_postproc[17].u_gelu/r2_den_reg[4]/CLK -->
                    u_rb/g_postproc[17].u_gelu/r3_y1_reg[16]/D
 incr_delay               385241        0       -85      3488        0
            Worst cost_group: clk, WNS: 0.9
            Path: u_rb/g_postproc[30].u_gelu/r2_den_reg[1]/CLK -->
                    u_rb/g_postproc[30].u_gelu/r3_y1_reg[28]/D

           Trick     Calls     Accepts   Attempts    Time(secs) 
-----------------------------------------------------------
         crr_220       166  (       12 /      162 )  15.09
        crr_glob       319  (        6 /       12 )  1.00
         crr_320        67  (        6 /       65 )  5.45
        crr_glob       184  (        4 /        6 )  0.34
         crr_330        36  (        1 /       35 )  5.72
        crr_glob        88  (        0 /        1 )  0.22
         crr_230       105  (        5 /      104 )  16.17
        crr_glob       214  (        3 /        5 )  0.61
         crr_130        94  (        2 /       91 )  9.20
        crr_glob       140  (        1 /        2 )  0.34
         crr_420        34  (        0 /       33 )  4.19
         crr_510        30  (        1 /       29 )  2.26
        crr_glob        89  (        0 /        1 )  0.10
         crr_310        43  (        3 /       42 )  2.14
        crr_glob        89  (        0 /        3 )  0.15
         crr_200       381  (       70 /      370 )  5.58
        crr_glob       931  (       57 /       70 )  1.30
         crr_300       355  (       42 /      342 )  6.31
        crr_glob       850  (       35 /       42 )  1.04
         crr_400       341  (       21 /      321 )  7.21
        crr_glob       888  (       15 /       21 )  0.86
         crr_410        33  (        0 /       32 )  1.83
         crr_500       123  (       13 /      120 )  3.30
        crr_glob       344  (       13 /       13 )  0.39
         crr_120       356  (       49 /      349 )  18.02
        crr_glob       857  (       32 /       49 )  1.67
         crr_111       358  (       58 /      358 )  12.61
        crr_glob       962  (       39 /       58 )  1.59
         crr_210       350  (       39 /      339 )  11.74
        crr_glob       624  (       28 /       39 )  1.17
         crr_110       385  (       77 /      377 )  9.10
        crr_glob       992  (       48 /       77 )  1.66
         crr_600        26  (        2 /       22 )  0.60
        crr_glob        95  (        1 /        2 )  0.08
         crr_610        25  (        0 /       22 )  1.60
         crr_101       372  (       54 /      354 )  5.52
        crr_glob       818  (       38 /       54 )  1.11
         crr_201       356  (       54 /      354 )  7.84
        crr_glob       930  (       39 /       54 )  1.34
         crr_211       315  (       13 /      313 )  16.57
        crr_glob       488  (        8 /       13 )  1.00
       crit_upsz      3215  (      157 /      197 )  4.84
            fopt      2594  (       38 /       85 )  2.81
       crit_dnsz      2607  (       20 /       21 )  2.22
             dup       866  (        1 /        2 )  0.20
            fopt      2594  (       38 /       85 )  2.81
             exp       277  (        8 /      165 )  5.39
       gate_deco       581  (        2 /        2 )  2.12
       gcomp_tim      1154  (       12 /       25 )  3.06
 init_drc                 385241        0       -85      3488        0
            Worst cost_group: clk, WNS: 0.9
            Path: u_rb/g_postproc[30].u_gelu/r2_den_reg[1]/CLK -->
                    u_rb/g_postproc[30].u_gelu/r3_y1_reg[28]/D
 incr_max_trans           385241        0       -85         0        0
            Worst cost_group: clk, WNS: 0.9
            Path: u_rb/g_postproc[30].u_gelu/r2_den_reg[1]/CLK -->
                    u_rb/g_postproc[30].u_gelu/r3_y1_reg[28]/D

           Trick     Calls     Accepts   Attempts    Time(secs) 
-----------------------------------------------------------
        drc_bufs         2  (        1 /        1 )  1.90


           Trick     Calls     Accepts   Attempts    Time(secs) 
-----------------------------------------------------------


           Trick     Calls     Accepts   Attempts    Time(secs) 
-----------------------------------------------------------


# Incremental Optimization Runtime Summary: 
                       Step    Elapsed Time(s)         Runtime(s)   WNS(ps)           TNS(ps)           CELL AREA         Leakage Power     Dynamic Power  
##***************************************************************************************************************************************************************
##                     INIT        63 (1.0  %)       138 (2.0  %)   -114.2            587260            393100            NA             NA             
##         HIGH_FANOUT_OPTO        82 (1.4  %)       105 (1.5  %)   -114.2            584843            394979            NA             NA             
##               SCORE_INIT         0 (0.0  %)         0 (0.0  %)   -114.2            584843            394979            NA             NA             
##                 WNS_OPTO         1 (0.0  %)         0 (0.0  %)   -114.2            584839            394979            NA             NA             
##                 TNS_OPTO       204 (3.4  %)       216 (3.2  %)   -114.2            543022            395029            NA             NA             
##                 FIRST_ST      1864 (31.0 %)      1481 (21.6 %)   NOT_TIMED         NOT_TIMED         378430            NA             NA             
##                     INIT        70 (1.2  %)       140 (2.0  %)   -44.0             420850            378430            NA             NA             
##         HIGH_FANOUT_OPTO       192 (3.2  %)       250 (3.7  %)   -43.9             420745            382418            NA             NA             
##               SCORE_INIT         0 (0.0  %)         0 (0.0  %)   -43.9             420745            382418            NA             NA             
##                 WNS_OPTO       911 (15.2 %)       987 (14.4 %)   -10.7             182109            384273            NA             NA             
##                 TNS_OPTO       733 (12.2 %)      1147 (16.8 %)   -10.7             96261             384338            NA             NA             
##                     INIT         4 (0.1  %)         4 (0.1  %)   -10.7             96261             384338            NA             NA             
##               LATCH_OPTO         1 (0.0  %)         0 (0.0  %)   -10.7             96261             384338            NA             NA             
##               SCORE_INIT         0 (0.0  %)         0 (0.0  %)   -10.7             96261             384338            NA             NA             
##                 WNS_OPTO        37 (0.6  %)        40 (0.6  %)   -9.8              95464             384345            NA             NA             
##                 TNS_OPTO      1592 (26.5 %)      2071 (30.3 %)   -9.5              755               385226            NA             NA             
##             WNS_CRR_OPTO       206 (3.4  %)       209 (3.1  %)   -0.9              85                385240            NA             NA             
##                 DRC_OPTO         5 (0.1  %)         9 (0.1  %)   -0.9              85                385240            NA             NA             
##***************************************************************************************************************************************************************
                                 6005                 6842 

Done incrementally optimizing.
==================================
Stage : FINAL_CLEAN_UP 
==================================
  =================
   Message Summary
  =================
----------------------------------------------------------------------------------------------------------------
|    Id     |  Sev  |Count|                                    Message Text                                    |
----------------------------------------------------------------------------------------------------------------
|CDFG-250   |Info   |   25|Processing multi-dimensional arrays.                                                |
|CDFG-372   |Info   |    9|Bitwidth mismatch in assignment.                                                    |
|           |       |     |Review and make sure the mismatch is intentional. Genus can possibly issue bitwidth |
|           |       |     | mismatch warning for explicit assignments present in RTL as-well-as for implicit   |
|           |       |     | assignments inferred by the tool. For example, in case of enum declaration without |
|           |       |     | value, the tool will implicitly assign value to the enum variables. It also issues |
|           |       |     | the warning for any bitwidth mismatch that appears in this implicit assignment.    |
|CDFG-472   |Warning|    1|Unreachable statements for case item.                                               |
|CDFG-508   |Warning|  498|Removing unused register.                                                           |
|           |       |     |Genus removes the flip-flop or latch inferred for an unused signal or variable. To  |
|           |       |     | preserve the flip-flop or latch, set the hdl_preserve_unused_registers attribute to|
|           |       |     | true or use a pragma in the RTL.                                                   |
|CDFG-567   |Info   | 1128|Instantiating Subdesign.                                                            |
|CDFG-738   |Info   |   25|Common subexpression eliminated.                                                    |
|CDFG-739   |Info   |   25|Common subexpression kept.                                                          |
|CDFG-769   |Info   |    1|Identified sum-of-products logic to be optimized during syn_generic.                |
|CDFG-818   |Warning|    1|Using default parameter value for module elaboration.                               |
|CFM-1      |Info   |    1|Wrote dofile.                                                                       |
|CFM-5      |Info   |    1|Wrote formal verification information.                                              |
|CWD-19     |Info   |   58|An implementation was inferred.                                                     |
|ELAB-1     |Info   |    1|Elaborating Design.                                                                 |
|ELAB-2     |Info   |   13|Elaborating Subdesign.                                                              |
|ELAB-3     |Info   |    1|Done Elaborating Design.                                                            |
|ELABUTL-132|Info   | 1027|Unused instance port.                                                               |
|           |       |     |Please check the reported scenario of unconnected instance port to ensure that it   |
|           |       |     | matches the design intent.                                                         |
|GLO-12     |Info   | 1248|Replacing a flip-flop with a logic constant 0.                                      |
|           |       |     |To prevent this optimization, set the 'optimize_constant_0_flops' root attribute to |
|           |       |     | 'false' or 'optimize_constant_0_seq' instance attribute to 'false'. You can also   |
|           |       |     | see the complete list of deleted sequential with command 'report sequential        |
|           |       |     | -deleted' (on Reason 'constant0').                                                 |
|GLO-34     |Info   |    3|Deleting instances not driving any primary outputs.                                 |
|           |       |     |Optimizations such as constant propagation or redundancy removal could change the   |
|           |       |     | connections so a hierarchical instance does not drive any primary outputs anymore. |
|           |       |     | To see the list of deleted hierarchical instances, set the 'information_level'     |
|           |       |     | attribute to 2 or above. If the message is truncated set the message attribute     |
|           |       |     | 'truncate' to false to see the complete list. To prevent this optimization, set the|
|           |       |     | 'delete_unloaded_insts' root/subdesign attribute to 'false' or 'preserve' instance |
|           |       |     | attribute to 'true'.                                                               |
|GLO-40     |Info   |    1|Combinational hierarchical blocks with identical inputs have been merged.           |
|           |       |     |This optimization usually reduces design area. To prevent merging of combinational  |
|           |       |     | hierarchical blocks, set the 'merge_combinational_hier_instances' root attribute to|
|           |       |     | 'false' or the 'merge_combinational_hier_instance' instance attribute to 'false'.  |
|LBR-155    |Info   |    2|Mismatch in unateness between 'timing_sense' attribute and the function.            |
|           |       |     |The 'timing_sense' attribute will be respected.                                     |
|LBR-162    |Info   |   17|Both 'pos_unate' and 'neg_unate' timing_sense arcs have been processed.             |
|           |       |     |Setting the 'timing_sense' to non_unate.                                            |
|LBR-412    |Info   |    5|Created nominal operating condition.                                                |
|           |       |     |The nominal operating condition is represented, either by the nominal PVT values    |
|           |       |     | specified in the library source                                                    |
|           |       |     | (via nom_process,nom_voltage and nom_temperature respectively)                     |
|           |       |     | , or by the default PVT values (1.0,1.0,1.0).                                      |
|PA-7       |Info   |    4|Resetting power analysis results.                                                   |
|           |       |     |All computed switching activities are removed.                                      |
|PBS-1      |Info   |    2|Enabling Partition Based Synthesis.                                                 |
|SDC-200    |Warning|    1|Unsupported SDC command.                                                            |
|           |       |     |The current version of Genus does not support this SDC command and ignores it.      |
|           |       |     | However, future versions may be enhanced to support this command. This SDC command |
|           |       |     | will be added to the Tcl variable $::dc::sdc_unsupported_commands_write_sdc. The   |
|           |       |     | contents of this variable will be written out during write_sdc.                    |
|ST-110     |Info   |   29|Connection established with super-threading server.                                 |
|           |       |     |The tool is entering super-threading mode and has established a connection with a   |
|           |       |     | CPU server process.  This is enabled by the root attributes 'super_thread_servers' |
|           |       |     | or 'auto_super_thread'.                                                            |
|ST-112     |Info   |   28|A super-threading server has been shut down normally.                               |
|           |       |     |A super-threaded optimization is complete and a CPU server was successfully shut    |
|           |       |     | down.                                                                              |
|ST-120     |Info   |    1|Attempting to launch a super-threading server.                                      |
|           |       |     |The tool is entering super-threading mode and is launching a CPU server process.    |
|           |       |     | This is enabled by the root attribute 'super_thread_servers' or                    |
|           |       |     | 'auto_super_thread'.                                                               |
|ST-128     |Info   |    5|Super thread servers are launched successfully.                                     |
|SYNTH-1    |Info   |    1|Synthesizing.                                                                       |
|SYNTH-2    |Info   |    1|Done synthesizing.                                                                  |
|SYNTH-4    |Info   |    1|Mapping.                                                                            |
|SYNTH-5    |Info   |    1|Done mapping.                                                                       |
|SYNTH-7    |Info   |    1|Incrementally optimizing.                                                           |
|SYNTH-33   |Warning|    1|The selected flow setting will be removed in a future release.                      |
|           |       |     |Contact Cadence support to understand current flows.                                |
|TIM-1000   |Info   |    1|Multimode clock gating check is disabled.                                           |
|TUI-32     |Warning|    1|This attribute will be obsolete in a next major release.                            |
|TUI-296    |Info   |    2|The given (sub)design is already uniquified.                                        |
|           |       |     |Try running the 'edit_netlist uniquify' command on the parent hierarchy of this     |
|           |       |     | (sub)design, if there exists any.                                                  |
----------------------------------------------------------------------------------------------------------------
FINAL_CLEAN_UP - Elapsed_Time 1872, CPU_Time 2329.233574999984
stamp 'FINAL_CLEAN_UP' being created for table 'pbs_debug'

  Total Time (Wall) |  Stage Time (Wall)  |   % (Wall)   |    Date - Time     |  Memory   | Stage
--------------------+---------------------+--------------+--------------------+-----------+----------------------
 00:10:12(00:10:22) |  00:00:00(00:00:00) |   0.0(  0.0) |   16:38:41 (May14) |   8.60 GB | PBS_Generic-Start
--------------------+---------------------+--------------+--------------------+-----------+----------------------
 02:29:45(02:25:36) |  02:19:33(02:15:14) |  28.2( 30.4) |   18:53:55 (May14) |  14.88 GB | PBS_Generic-Post_Genopt
--------------------+---------------------+--------------+--------------------+-----------+----------------------
 03:11:45(03:05:13) |  00:41:59(00:39:37) |   8.5(  8.9) |   19:33:32 (May14) |  14.23 GB | PBS_Generic_Opt-Post
--------------------+---------------------+--------------+--------------------+-----------+----------------------
 03:13:08(03:06:35) |  00:01:23(00:01:22) |   0.3(  0.3) |   19:34:54 (May14) |  13.48 GB | PBS_Generic-Postgen HBO Optimizations
--------------------+---------------------+--------------+--------------------+-----------+----------------------
 03:27:48(03:11:54) |  00:14:40(00:05:19) |   3.0(  1.2) |   19:40:13 (May14) |  13.45 GB | PBS_TechMap-Start
--------------------+---------------------+--------------+--------------------+-----------+----------------------
 03:29:09(03:13:15) |  00:01:21(00:01:21) |   0.3(  0.3) |   19:41:34 (May14) |  13.45 GB | PBS_TechMap-Premap HBO Optimizations
--------------------+---------------------+--------------+--------------------+-----------+----------------------
 05:12:12(04:48:46) |  01:43:03(01:35:31) |  20.8( 21.4) |   21:17:05 (May14) |  15.91 GB | PBS_Techmap-Global Mapping
--------------------+---------------------+--------------+--------------------+-----------+----------------------
 05:26:23(05:02:15) |  00:14:10(00:13:29) |   2.9(  3.0) |   21:30:34 (May14) |  14.60 GB | PBS_TechMap-Datapath Postmap Operations
--------------------+---------------------+--------------+--------------------+-----------+----------------------
 05:27:55(05:03:26) |  00:01:32(00:01:11) |   0.3(  0.3) |   21:31:45 (May14) |  14.61 GB | PBS_TechMap-Postmap HBO Optimizations
--------------------+---------------------+--------------+--------------------+-----------+----------------------
 05:54:44(05:30:15) |  00:26:49(00:26:49) |   5.4(  6.0) |   21:58:34 (May14) |  14.39 GB | PBS_TechMap-Postmap Clock Gating
--------------------+---------------------+--------------+--------------------+-----------+----------------------
 06:19:08(05:51:43) |  00:24:24(00:21:28) |   4.9(  4.8) |   22:20:02 (May14) |  14.58 GB | PBS_TechMap-Postmap Cleanup
--------------------+---------------------+--------------+--------------------+-----------+----------------------
 06:19:15(05:51:50) |  00:00:07(00:00:07) |   0.0(  0.0) |   22:20:09 (May14) |  14.46 GB | PBS_Techmap-Post_MBCI
--------------------+---------------------+--------------+--------------------+-----------+----------------------
 06:22:18(05:54:47) |  00:03:03(00:02:57) |   0.6(  0.7) |   22:23:06 (May14) |  14.30 GB | PBS_Incr_Opt-Start
--------------------+---------------------+--------------+--------------------+-----------+----------------------
 06:22:31(05:55:00) |  00:00:13(00:00:13) |   0.0(  0.0) |   22:23:19 (May14) |  14.30 GB | PBS_Incr_Opt-Uniquify_Netlist
--------------------+---------------------+--------------+--------------------+-----------+----------------------
 06:29:18(06:01:08) |  00:06:46(00:06:08) |   1.4(  1.4) |   22:29:27 (May14) |  14.46 GB | INIT_CLEAN_UP
--------------------+---------------------+--------------+--------------------+-----------+----------------------
 07:06:38(06:32:32) |  00:37:19(00:31:24) |   7.5(  7.0) |   23:00:51 (May14) |  16.98 GB | 1ST_ST
--------------------+---------------------+--------------+--------------------+-----------+----------------------
 07:47:05(07:04:38) |  00:40:27(00:32:06) |   8.2(  7.2) |   23:32:57 (May14) |  17.00 GB | INTRMD_CLEAN_UP
--------------------+---------------------+--------------+--------------------+-----------+----------------------
 07:47:05(07:04:38) |  00:00:00(00:00:00) |   0.0(  0.0) |   23:32:57 (May14) |  17.00 GB | CRB_ST
--------------------+---------------------+--------------+--------------------+-----------+----------------------
 08:25:55(07:35:50) |  00:38:49(00:31:12) |   7.8(  7.0) |    0:04:09 (May15) |  16.99 GB | FINAL_CLEAN_UP
--------------------+---------------------+--------------+--------------------+-----------+----------------------
Number of threads: 8 * 1   (id: pbs_debug, time_info v1.57)
Info: (*N*) indicates data that was populated from previously saved time_info database
Info: CPU time includes time of parent + longest thread
Info    : Done incrementally optimizing. [SYNTH-8]
        : Done incrementally optimizing 'sys_top'.
      flow.cputime  flow.realtime  timing.setup.tns  timing.setup.wns  snapshot
UM:*                                                                   syn_opt
@file(genus.tcl) 107: file mkdir reports
@file(genus.tcl) 108: report_timing  -nworst 10        > reports/timing.rpt
@file(genus.tcl) 109: report_area                      > reports/area.rpt
@file(genus.tcl) 110: report_power                     > reports/power.rpt
Info    : Joules engine is used. [RPT-16]
        : Joules engine is being used for the command report_power.
Info   : ACTP-0001 [ACTPInfo] Activity propagation started for stim#0 netlist
       : sys_top
Info   : ACTP-0009 [ACTPInfo] Activity Propagation Progress Report :   0%   1%   2%   3%   4%   5%   6%   7%   8%   9%  10%  11%  12%  13%  14%  15%  16%  17%  18%  19%  20%  21%  22%  23%  24%  25%  26%  27%  28%  29%  30%  31%  32%  33%  34%  35%  36%  37%  38%  39%  40%  41%  42%  43%  44%  45%  46%  47%  48%  49%  50%  51%  52%  53%  54%  55%  56%  57%  58%  59%  60%  61%  62%  63%  64%  65%  66%  67%  68%  69%  70%  71%  72%  73%  74%  75%  76%  77%  78%  79%  80%  81%  82%  83%  84%  85%  86%  87%  88%  89%  90%  91%  92%  93%  94%  95%  96%  97%  98%  99% 100%
Info   : ACTP-0001 Activity propagation ended for stim#0
Info   : PWRA-0001 [PwrInfo] compute_power effective options 
       : -mode : vectorless
       : -skip_propagation : 1
       : -frequency_scaling_factor : 1.0
       : -use_clock_freq : stim
       : -stim :/stim#0
       : -fromGenus : 1
Info   : ACTP-0001 Timing initialization started
Info   : ACTP-0001 Timing initialization ended
Info   : PWRA-0002 [PwrInfo] Skipping activity propagation due to -skip_ap
       : option....
Warning: PWRA-0302 [PwrWarn] Frequency scaling is not applicable for vectorless
       : flow. Ignoring frequency scaling.
Warning: PWRA-0304 [PwrWarn] -stim option is not applicable with vectorless mode
       : of power analysis, ignored this option.
Info   : PWRA-0002 Started 'vectorless' power computation.
Info   : PWRA-0009 [PwrInfo] Power Computation Progress Report :   0%   1%   2%   3%   4%   5%   6%   7%   8%   9%  10%  11%  12%  13%  14%  15%  16%  17%  18%  19%  20%  21%  22%  23%  24%  25%  26%  27%  28%  29%  30%  31%  32%  33%  34%  35%  36%  37%  38%  39%  40%  41%  42%  43%  44%  45%  46%  47%  48%  49%  50%  51%  52%  53%  54%  55%  56%  57%  58%  59%  60%  61%  62%  63%  64%  65%  66%  67%  68%  69%  70%  71%  72%  73%  74%  75%  76%  77%  78%  79%  80%  81%  82%  83%  84%  85%  86%  87%  88%  89%  90%  91%  92%  93%  94%  95%  96%  97%  98%  99% 100%
Info   : PWRA-0002 Finished power computation.
Info   : PWRA-0007 [PwrInfo] Completed successfully.
       : Info=6, Warn=2, Error=0, Fatal=0
Output file: reports/power.rpt
@file(genus.tcl) 111: report_qor                       > reports/qor.rpt
@file(genus.tcl) 112: report_cells                     > reports/cells.rpt
Error: The command report_cells has not been licensed at startup time. Please launch genus using option -lic_startup_options Joules_RTL_Power.
@file(genus.tcl) 115: file mkdir outputs
@file(genus.tcl) 116: write_hdl      > outputs/sys_top_netlist.v
@file(genus.tcl) 117: write_sdc      > outputs/sys_top.sdc
Finished SDC export (command execution time mm:ss (real) = 02:47).
@file(genus.tcl) 118: write_do_lec   > outputs/lec.do
#@ End verbose source ./genus.tcl
[::write_do_lec]: The required '-revised_design <string>' is missing.
Encountered problems processing file: genus.tcl
WARNING: This version of the tool is 833 days old.
@genus:root: 2> exitE
Lic Summary:
[00:22:01.350848] Cdslmd servers: gashapon
[00:22:01.350914] Feature usage summary:
[00:22:01.350922] Genus_Synthesis


+-----------+----------------+-----+----------------------+---------------------------+
|   Host    |    Machine     | CPU | Physical Memory (MB) | Peak Physical Memory (MB) |
+-----------+----------------+-----+----------------------+---------------------------+
| localhost | mo.ece.pdx.edu |  1  |       19944.2        |          40844.8          |
+-----------+----------------+-----+----------------------+---------------------------+

+---------------+----------------------+---------------------------+
|    Server     | Physical Memory (MB) | Peak Physical Memory (MB) |
+---------------+----------------------+---------------------------+
| localhost_1_0 |        1727.0        |          26968.0          |
+---------------+----------------------+---------------------------+

Info    : A super-threading server has been shut down normally. [ST-112]
        : The server 'localhost_1_0' was process '12486' on this host.
        : A super-threaded optimization is complete and a CPU server was successfully shut down.
============================================
PBS_map Index: 0.26  PBS_overall Index: 0.26
============================================
Normal exit.
