TMPDIR is being set to /tmp/genus_temp_2016_auto.ece.pdx.edu_iwyse_u2iB1g
Cadence Genus(TM) Synthesis Solution.
Copyright 2024 Cadence Design Systems, Inc. All rights reserved worldwide.
Cadence and the Cadence logo are registered trademarks and Genus is a trademark
of Cadence Design Systems, Inc. in the United States and other countries.

[15:31:28.427937] Configured Lic search path (23.02-s003): 5280@cadence-lic.cecs.pdx.edu

Version: 23.10-p004_1, built Thu Feb 01 13:43:46 PST 2024
Options: -no_gui -files genus.tcl 
Date:    Mon May 04 15:31:28 2026
Host:    auto.ece.pdx.edu (x86_64 w/Linux 3.10.0-1160.119.1.el7.x86_64) (1core*32cpus*32physical cpus*Intel Xeon Processor (Cascadelake) 16384KB) (125666820KB)
PID:     2016
OS:      CentOS Linux release 7.9.2009 (Core)

Checking out license: Genus_Synthesis
[15:31:28.004440] Periodic Lic check successful
[15:31:28.528769] Feature usage summary:
[15:31:28.528769] Genus_Synthesis



***********************************************************************************************************
***********************************************************************************************************



Finished executable startup (1 second elapsed).

Loading tool scripts...
Finished loading tool scripts (15 seconds elapsed).

WARNING: The genus.tcl file in the current directory /home/iwyse/common/Documents/ECE510/project/510Project/project/cadence/systolic_16x32 is no longer loaded at startup.
         You should change the name to genus_startup.tcl if you want it loaded at startup.
#@ Processing -files option
@genus:root: 1> source genus.tcl
#@ Begin verbose source ./genus.tcl
@file(genus.tcl) 24: set script_dir   [file dirname [file normalize [info script]]]
@file(genus.tcl) 25: set asap7_root   [file normalize $script_dir/../asap7/asap7sc7p5t_28]
@file(genus.tcl) 26: set asap7_lib_dir $asap7_root/LIB/NLDM
@file(genus.tcl) 27: set asap7_lef_dir $asap7_root/LEF
@file(genus.tcl) 29: set lib_tt_simple $asap7_lib_dir/asap7sc7p5t_SIMPLE_RVT_TT_nldm_211120.lib
@file(genus.tcl) 30: set lib_tt_invbuf $asap7_lib_dir/asap7sc7p5t_INVBUF_RVT_TT_nldm_220122.lib
@file(genus.tcl) 31: set lib_tt_seq    $asap7_lib_dir/asap7sc7p5t_SEQ_RVT_TT_nldm_220123.lib
@file(genus.tcl) 32: set lib_tt_ao     $asap7_lib_dir/asap7sc7p5t_AO_RVT_TT_nldm_211120.lib
@file(genus.tcl) 33: set lib_tt_oa     $asap7_lib_dir/asap7sc7p5t_OA_RVT_TT_nldm_211120.lib
@file(genus.tcl) 36: set_db init_lib_search_path     $asap7_lib_dir
  Setting attribute of root '/': 'init_lib_search_path' = /home/iwyse/common/Documents/ECE510/project/510Project/project/cadence/asap7/asap7sc7p5t_28/LIB/NLDM
@file(genus.tcl) 37: set_db init_hdl_search_path     ../../HDL_Systolic_16x32
  Setting attribute of root '/': 'init_hdl_search_path' = ../../HDL_Systolic_16x32
@file(genus.tcl) 39: set_db syn_generic_effort   medium
  Setting attribute of root '/': 'syn_generic_effort' = medium
@file(genus.tcl) 40: set_db syn_map_effort       medium
  Setting attribute of root '/': 'syn_map_effort' = medium
@file(genus.tcl) 41: set_db syn_opt_effort       medium
  Setting attribute of root '/': 'syn_opt_effort' = medium
@file(genus.tcl) 45: set_db auto_ungroup         none
  Setting attribute of root '/': 'auto_ungroup' = none
@file(genus.tcl) 48: read_libs [list $lib_tt_simple $lib_tt_invbuf $lib_tt_seq $lib_tt_ao $lib_tt_oa]
Info    : Created nominal operating condition. [LBR-412]
        : Operating condition '_nominal_' was created for the PVT values (1.000000, 0.700000, 25.000000) in library 'asap7sc7p5t_SIMPLE_RVT_TT_nldm_211120.lib'.
        : The nominal operating condition is represented, either by the nominal PVT values specified in the library source (via nom_process,nom_voltage and nom_temperature respectively), or by the default PVT values (1.0,1.0,1.0).
Info    : Created nominal operating condition. [LBR-412]
        : Operating condition '_nominal_' was created for the PVT values (1.000000, 0.700000, 25.000000) in library 'asap7sc7p5t_INVBUF_RVT_TT_nldm_220122.lib'.
Info    : Created nominal operating condition. [LBR-412]
        : Operating condition '_nominal_' was created for the PVT values (1.000000, 0.700000, 25.000000) in library 'asap7sc7p5t_SEQ_RVT_TT_nldm_220123.lib'.
Info    : Created nominal operating condition. [LBR-412]
        : Operating condition '_nominal_' was created for the PVT values (1.000000, 0.700000, 25.000000) in library 'asap7sc7p5t_AO_RVT_TT_nldm_211120.lib'.
Info    : Created nominal operating condition. [LBR-412]
        : Operating condition '_nominal_' was created for the PVT values (1.000000, 0.700000, 25.000000) in library 'asap7sc7p5t_OA_RVT_TT_nldm_211120.lib'.
@file(genus.tcl) 51: read_hdl -sv               ../../HDL_Systolic_16x32/bf16_mul.sv
@file(genus.tcl) 52: read_hdl -sv               ../../HDL_Systolic_16x32/bf16_fp32_add.sv
@file(genus.tcl) 53: read_hdl -sv               ../../HDL_Systolic_16x32/bf16_mac_unit.sv
@file(genus.tcl) 54: read_hdl -sv               ../../HDL_Systolic_16x32/pe.sv
@file(genus.tcl) 55: read_hdl -sv               ../../HDL_Systolic_16x32/systolic_16x32.sv
@file(genus.tcl) 56: read_hdl -sv               ../../HDL_Systolic_16x32/weight_sram.sv
@file(genus.tcl) 57: read_hdl -sv               ../../HDL_Systolic_16x32/act_sram.sv
@file(genus.tcl) 58: read_hdl -sv               ../../HDL_Systolic_16x32/output_sram.sv
@file(genus.tcl) 59: read_hdl -sv               ../../HDL_Systolic_16x32/axi.sv
@file(genus.tcl) 60: read_hdl -sv               ../../HDL_Systolic_16x32/controller.sv
@file(genus.tcl) 61: read_hdl -sv               ../../HDL_Systolic_16x32/axi_readback.sv
@file(genus.tcl) 62: read_hdl -sv               ../../HDL_Systolic_16x32/top.sv
@file(genus.tcl) 65: elaborate sys_top
  Libraries have 167 usable logic and 23 usable sequential lib-cells.
Info    : Elaborating Design. [ELAB-1]
        : Elaborating top-level block 'sys_top' from file './../../HDL_Systolic_16x32/top.sv'.
Warning : Using default parameter value for module elaboration. [CDFG-818]
        : Elaborating block 'sys_top' with default parameters value.
Warning : Signal or variable has multiple drivers, including a constant driver. [CDFG2G-623]
        : 'out_wdata' in module 'controller_ROWS16_COLS32_ACT_WIDTH16_WT_WIDTH16_PSUM_WIDTH32_ADDR_WIDTH4' in file './../../HDL_Systolic_16x32/controller.sv' on line 66, column 49.
        : Some tools may not accept this HDL.
Warning : Signal or variable has multiple drivers. [CDFG2G-622]
        : 'out_wdata[0]' in module 'controller_ROWS16_COLS32_ACT_WIDTH16_WT_WIDTH16_PSUM_WIDTH32_ADDR_WIDTH4'.
        : This may cause simulation mismatches between the original and synthesized designs.
Warning : Signal or variable has multiple drivers. [CDFG2G-622]
        : 'out_wdata[1]' in module 'controller_ROWS16_COLS32_ACT_WIDTH16_WT_WIDTH16_PSUM_WIDTH32_ADDR_WIDTH4'.
Warning : Signal or variable has multiple drivers. [CDFG2G-622]
        : 'out_wdata[2]' in module 'controller_ROWS16_COLS32_ACT_WIDTH16_WT_WIDTH16_PSUM_WIDTH32_ADDR_WIDTH4'.
Warning : Signal or variable has multiple drivers. [CDFG2G-622]
        : 'out_wdata[3]' in module 'controller_ROWS16_COLS32_ACT_WIDTH16_WT_WIDTH16_PSUM_WIDTH32_ADDR_WIDTH4'.
Warning : Signal or variable has multiple drivers. [CDFG2G-622]
        : 'out_wdata[4]' in module 'controller_ROWS16_COLS32_ACT_WIDTH16_WT_WIDTH16_PSUM_WIDTH32_ADDR_WIDTH4'.
Warning : Signal or variable has multiple drivers. [CDFG2G-622]
        : 'out_wdata[5]' in module 'controller_ROWS16_COLS32_ACT_WIDTH16_WT_WIDTH16_PSUM_WIDTH32_ADDR_WIDTH4'.
Warning : Signal or variable has multiple drivers. [CDFG2G-622]
        : 'out_wdata[6]' in module 'controller_ROWS16_COLS32_ACT_WIDTH16_WT_WIDTH16_PSUM_WIDTH32_ADDR_WIDTH4'.
Warning : Signal or variable has multiple drivers. [CDFG2G-622]
        : 'out_wdata[7]' in module 'controller_ROWS16_COLS32_ACT_WIDTH16_WT_WIDTH16_PSUM_WIDTH32_ADDR_WIDTH4'.
Warning : Signal or variable has multiple drivers. [CDFG2G-622]
        : 'out_wdata[8]' in module 'controller_ROWS16_COLS32_ACT_WIDTH16_WT_WIDTH16_PSUM_WIDTH32_ADDR_WIDTH4'.
Warning : Signal or variable has multiple drivers. [CDFG2G-622]
        : 'out_wdata[9]' in module 'controller_ROWS16_COLS32_ACT_WIDTH16_WT_WIDTH16_PSUM_WIDTH32_ADDR_WIDTH4'.
Warning : Signal or variable has multiple drivers. [CDFG2G-622]
        : 'out_wdata[10]' in module 'controller_ROWS16_COLS32_ACT_WIDTH16_WT_WIDTH16_PSUM_WIDTH32_ADDR_WIDTH4'.
Warning : Signal or variable has multiple drivers. [CDFG2G-622]
        : 'out_wdata[11]' in module 'controller_ROWS16_COLS32_ACT_WIDTH16_WT_WIDTH16_PSUM_WIDTH32_ADDR_WIDTH4'.
Warning : Signal or variable has multiple drivers. [CDFG2G-622]
        : 'out_wdata[12]' in module 'controller_ROWS16_COLS32_ACT_WIDTH16_WT_WIDTH16_PSUM_WIDTH32_ADDR_WIDTH4'.
Warning : Signal or variable has multiple drivers. [CDFG2G-622]
        : 'out_wdata[13]' in module 'controller_ROWS16_COLS32_ACT_WIDTH16_WT_WIDTH16_PSUM_WIDTH32_ADDR_WIDTH4'.
Warning : Signal or variable has multiple drivers. [CDFG2G-622]
        : 'out_wdata[14]' in module 'controller_ROWS16_COLS32_ACT_WIDTH16_WT_WIDTH16_PSUM_WIDTH32_ADDR_WIDTH4'.
Warning : Signal or variable has multiple drivers. [CDFG2G-622]
        : 'out_wdata[15]' in module 'controller_ROWS16_COLS32_ACT_WIDTH16_WT_WIDTH16_PSUM_WIDTH32_ADDR_WIDTH4'.
Warning : Signal or variable has multiple drivers. [CDFG2G-622]
        : 'out_wdata[16]' in module 'controller_ROWS16_COLS32_ACT_WIDTH16_WT_WIDTH16_PSUM_WIDTH32_ADDR_WIDTH4'.
Warning : Signal or variable has multiple drivers. [CDFG2G-622]
        : 'out_wdata[17]' in module 'controller_ROWS16_COLS32_ACT_WIDTH16_WT_WIDTH16_PSUM_WIDTH32_ADDR_WIDTH4'.
Warning : Signal or variable has multiple drivers. [CDFG2G-622]
        : 'out_wdata[18]' in module 'controller_ROWS16_COLS32_ACT_WIDTH16_WT_WIDTH16_PSUM_WIDTH32_ADDR_WIDTH4'.
Warning : Signal or variable has multiple drivers. [CDFG2G-622]
        : 'out_wdata[19]' in module 'controller_ROWS16_COLS32_ACT_WIDTH16_WT_WIDTH16_PSUM_WIDTH32_ADDR_WIDTH4'.
Warning : Maximum message print count reached. [MESG-11]
        : Maximum print count of '20' reached for message 'CDFG2G-622'.
Info    : Done Elaborating Design. [ELAB-3]
        : Done elaborating 'sys_top'.
Checking for analog nets...
Check completed for analog nets.
Checking for source RTL...
Check completed for source RTL.
Running Unified Mux Engine Tricks...
Completed Unified Mux Engine Tricks

Stage: post_elab
-------------------------------------------------------
| Trick             | Accepts | Rejects | Runtime (s) | 
-------------------------------------------------------
| ume_constant_bmux |       0 |       0 |        0.00 | 
| ume_merge         |       0 |       0 |        0.00 | 
| ume_ssm           |       0 |       0 |        0.00 | 
| ume_cse           |       1 |       0 |        0.85 | 
| ume_shrink        |       0 |       0 |        0.00 | 
| ume_sweep         |       0 |       0 |        0.00 | 
| ume_constant_bmux |       0 |       0 |        0.00 | 
| ume_merge         |       0 |       0 |        0.00 | 
| ume_ssm           |       0 |       0 |        0.00 | 
| ume_cse           |       0 |       0 |        0.85 | 
| ume_shrink        |       0 |       0 |        0.00 | 
| ume_sweep         |       0 |       0 |        0.00 | 
-------------------------------------------------------
Starting optimize datapath shifters [v1.0] (stage: post_elab, startdef: sys_top, recur: true)
Completed optimize datapath shifters (accepts: 0, rejects: 0, runtime: 0.000s)
Starting clip mux common data inputs [v1.0] (stage: post_elab, startdef: sys_top, recur: true)
Completed clip mux common data inputs (accepts: 0, rejects: 0, runtime: 0.002s)
Starting clip the non-user hierarchies [v2.0] (stage: post_elab, startdef: sys_top, recur: true)
Completed clip the non-user hierarchies (accepts: 1, rejects: 0, runtime: 0.498s)
Starting basic netlist cleanup [v1.0] (stage: post_elab, startdef: sys_top, recur: true)
Completed basic netlist cleanup (accepts: 0, rejects: 0, runtime: 0.001s)

Stage: post_elab
--------------------------------------------------------------------
| Transform                      | Accepts | Rejects | Runtime (s) | 
--------------------------------------------------------------------
| hlo_optimize_datapath_shifters |       0 |       0 |        0.00 | 
| hlo_clip_mux_input             |       0 |       0 |        0.00 | 
| hlo_clip                       |       1 |       0 |        0.50 | 
| hlo_cleanup                    |       0 |       0 |        0.00 | 
--------------------------------------------------------------------
UM:   flow.cputime  flow.realtime  timing.setup.tns  timing.setup.wns  snapshot
UM:*                                                                   elaborate
@file(genus.tcl) 66: check_design -unresolved


 	 Check Design Report (c)
	 ------------------- 

  Unresolved References & Empty Modules
  ------------------------------------- 
No unresolved references in design 'sys_top'

No empty modules in design 'sys_top'

  Done Checking the design.
@file(genus.tcl) 71: read_sdc constraints.sdc
Warning : Unsupported SDC command. [SDC-200] [set_propagated_clock]
        : The 'set_propagated_clock' command on line '9' of the SDC file 'constraints.sdc' is not supported.
        : The current version of Genus does not support this SDC command and ignores it. However, future versions may be enhanced to support this command. This SDC command will be added to the Tcl variable $::dc::sdc_unsupported_commands_write_sdc. The contents of this variable will be written out during write_sdc.
Statistics for commands executed by read_sdc:
 "all_clocks"               - successful      1 , failed      0 (runtime  0.00)
 "all_inputs"               - successful      1 , failed      0 (runtime  0.00)
 "all_outputs"              - successful      1 , failed      0 (runtime  0.00)
 "create_clock"             - successful      1 , failed      0 (runtime  0.01)
 "get_ports"                - successful      6 , failed      0 (runtime  0.01)
 "set_driving_cell"         - successful      1 , failed      0 (runtime  0.01)
 "set_false_path"           - successful      1 , failed      0 (runtime  0.00)
 "set_input_delay"          - successful      4 , failed      0 (runtime  0.01)
 "set_load"                 - successful      1 , failed      0 (runtime  0.00)
 "set_output_delay"         - successful      4 , failed      0 (runtime  0.00)
 "set_propagated_clock"     - successful      1 , failed      0 (runtime  0.00)
read_sdc completed in 00:00:00 (hh:mm:ss)
@file(genus.tcl) 74: syn_generic

Stage: pre_early_cg
-----------------------------------------------
| Transform | Accepts | Rejects | Runtime (s) | 
-----------------------------------------------
-----------------------------------------------
Mapping ChipWare ICG instances in sys_top
Found 0 unmapped ChipWare ICG instances
Mapped 0 of 0 ChipWare ICG instances
##Generic Timing Info for library domain: _default_ typical gate delay: 20.9 ps std_slew: 4.2 ps std_load: 0.8 fF
Starting mux data reorder optimization [v1.0] (stage: pre_to_gen_setup, startdef: sys_top, recur: true)
Completed mux data reorder optimization (accepts: 0, rejects: 0, runtime: 0.002s)

Stage: pre_to_gen_setup
-----------------------------------------------------
| Transform       | Accepts | Rejects | Runtime (s) | 
-----------------------------------------------------
| hlo_mux_reorder |       0 |       0 |        0.00 | 
-----------------------------------------------------
Info    : Deleting instances not driving any primary outputs. [GLO-34]
        : Deleting 8192 sequential instances.
        : Optimizations such as constant propagation or redundancy removal could change the connections so a hierarchical instance does not drive any primary outputs anymore. To see the list of deleted hierarchical instances, set the 'information_level' attribute to 2 or above. If the message is truncated set the message attribute 'truncate' to false to see the complete list. To prevent this optimization, set the 'delete_unloaded_insts' root/subdesign attribute to 'false' or 'preserve' instance attribute to 'true'.
Running DP early constant propagation (netlist sys_top)...
Running DP early redundancy removal
Completed DP early redundancy removal on sys_top (runtime = 4.0s)
...done running DP early constant propagation (79 seconds CPU time, netlist sys_top).
Info    : Deleting instances not driving any primary outputs. [GLO-34]
        : Deleting 2 hierarchical instances.
Info    : Synthesizing. [SYNTH-1]
        : Synthesizing 'sys_top' to generic gates using 'medium' effort.
Running Synthesis Turbo Flow Version 3.
PBS_Generic-Start - Elapsed_Time 0, CPU_Time 0.0
stamp 'PBS_Generic-Start' being created for table 'pbs_debug'

  Total Time (Wall) |  Stage Time (Wall)  |   % (Wall)   |    Date - Time     |  Memory   | Stage
--------------------+---------------------+--------------+--------------------+-----------+----------------------
 00:02:23(00:02:23) |  00:00:00(00:00:00) |   0.0(  0.0) |   15:33:53 (May04) |   3.33 GB | PBS_Generic-Start
--------------------+---------------------+--------------+--------------------+-----------+----------------------
Number of threads: 8 * 1   (id: pbs_debug, time_info v1.57)
Info: (*N*) indicates data that was populated from previously saved time_info database
Info: CPU time includes time of parent + longest thread
Info    : Enabling Partition Based Synthesis. [PBS-1]
        : Starting distributed generic optimization.
Info    : Attempting to launch a super-threading server. [ST-120]
        : Attempting to Launch server 1 of 8.
        : The tool is entering super-threading mode and is launching a CPU server process.  This is enabled by the root attribute 'super_thread_servers' or 'auto_super_thread'.
Info    : Connection established with super-threading server. [ST-110]
        : The server 'localhost_1_0' is process '2507' on this host.
        : The tool is entering super-threading mode and has established a connection with a CPU server process.  This is enabled by the root attributes 'super_thread_servers' or 'auto_super_thread'.
     Generating lib_script file: /home/iwyse/common/Documents/ECE510/project/510Project/project/cadence/systolic_16x32/.pbs_auto.ece.pdx.edu_2016/lib_script
Start partitioning.  Summary: MEM {curr: 4.0G, peak: 5.4G, phys curr: 3.5G, phys peak: 4.7G}
Start partitioning design sys_top for generic optimization.
Total generic instances for partitioning: 1501920
	Generic partition 0: size 43232
	Generic partition 1: size 105413
	Generic partition 2: size 105413
	Generic partition 3: size 105413
	Generic partition 4: size 99715
	Generic partition 5: size 105413
	Generic partition 6: size 99715
	Generic partition 7: size 105413
	Generic partition 8: size 105413
	Generic partition 9: size 105413
	Generic partition 10: size 105413
	Generic partition 11: size 105413
	Generic partition 12: size 105413
	Generic partition 13: size 99715
	Generic partition 14: size 105413
Done partitioning.  Summary: RT {elapsed: 1s, ST: 1s}, MEM {curr: 4.0G, peak: 5.4G, phys curr: 3.5G, phys peak: 4.7G}
Start creating partition netlists.  Summary: MEM {curr: 4.0G, peak: 5.4G, phys curr: 3.5G, phys peak: 4.7G}
Done creating partition netlists.  Summary: RT {elapsed: 12s, ST: 11s}, MEM {curr: 5.1G, peak: 5.4G, phys curr: 3.8G, phys peak: 4.7G}
Start budgeting timing for partitions.  Summary: MEM {curr: 5.1G, peak: 5.4G, phys curr: 3.8G, phys peak: 4.7G}
Done budgeting timing for partitions.  Summary: RT {elapsed: 96s, ST: 113s}, MEM {curr: 7.5G, peak: 7.5G, phys curr: 7.3G, phys peak: 7.3G}
Start deriving partition netlists.  Summary: MEM {curr: 7.5G, peak: 7.5G, phys curr: 7.3G, phys peak: 7.3G}
The inst 'pbs_genopt_0' is selected as pbs candidate. The instance cnt is: '43232'.
The inst 'pbs_genopt_1' is selected as pbs candidate. The instance cnt is: '105413'.
The inst 'pbs_genopt_2' is selected as pbs candidate. The instance cnt is: '105413'.
The inst 'pbs_genopt_3' is selected as pbs candidate. The instance cnt is: '105413'.
The inst 'pbs_genopt_4' is selected as pbs candidate. The instance cnt is: '99715'.
The inst 'pbs_genopt_5' is selected as pbs candidate. The instance cnt is: '105413'.
The inst 'pbs_genopt_6' is selected as pbs candidate. The instance cnt is: '99715'.
The inst 'pbs_genopt_7' is selected as pbs candidate. The instance cnt is: '105413'.
The inst 'pbs_genopt_8' is selected as pbs candidate. The instance cnt is: '105413'.
The inst 'pbs_genopt_9' is selected as pbs candidate. The instance cnt is: '105413'.
The inst 'pbs_genopt_10' is selected as pbs candidate. The instance cnt is: '105413'.
The inst 'pbs_genopt_11' is selected as pbs candidate. The instance cnt is: '105413'.
The inst 'pbs_genopt_12' is selected as pbs candidate. The instance cnt is: '105413'.
The inst 'pbs_genopt_13' is selected as pbs candidate. The instance cnt is: '99715'.
The inst 'pbs_genopt_14' is selected as pbs candidate. The instance cnt is: '105413'.
Done deriving partition netlists.  Summary: RT {elapsed: 18s, ST: 17s}, MEM {curr: 7.6G, peak: 7.7G, phys curr: 7.4G, phys peak: 7.4G}
Wait for super-thread servers to finish loading libraries.
Start super thread servers forking.  Summary: MEM {curr: 5.9G, peak: 7.7G, phys curr: 7.4G, phys peak: 7.4G}
                  Library loading done successfully on server 'localhost_1_0'.
Info    : Connection established with super-threading server. [ST-110]
        : The server 'localhost_1_1' is forked process '3016' on this host.
Info    : Connection established with super-threading server. [ST-110]
        : The server 'localhost_1_2' is forked process '3018' on this host.
Info    : Connection established with super-threading server. [ST-110]
        : The server 'localhost_1_3' is forked process '3020' on this host.
Info    : Connection established with super-threading server. [ST-110]
        : The server 'localhost_1_4' is forked process '3022' on this host.
Info    : Connection established with super-threading server. [ST-110]
        : The server 'localhost_1_5' is forked process '3025' on this host.
Info    : Connection established with super-threading server. [ST-110]
        : The server 'localhost_1_6' is forked process '3028' on this host.
Info    : Connection established with super-threading server. [ST-110]
        : The server 'localhost_1_7' is forked process '3030' on this host.
Done super thread servers forking.  Summary: RT {elapsed: 1s, ST: 1s}, MEM {curr: 5.9G, peak: 7.7G, phys curr: 7.4G, phys peak: 7.4G}
        Distributing super-thread jobs: {pbs_genopt_7 ./.pbs_auto.ece.pdx.edu_2016/pbs_genopt_7.etf} {pbs_genopt_1 ./.pbs_auto.ece.pdx.edu_2016/pbs_genopt_1.etf} {pbs_genopt_2 ./.pbs_auto.ece.pdx.edu_2016/pbs_genopt_2.etf} {pbs_genopt_3 ./.pbs_auto.ece.pdx.edu_2016/pbs_genopt_3.etf} {pbs_genopt_14 ./.pbs_auto.ece.pdx.edu_2016/pbs_genopt_14.etf} {pbs_genopt_5 ./.pbs_auto.ece.pdx.edu_2016/pbs_genopt_5.etf} {pbs_genopt_12 ./.pbs_auto.ece.pdx.edu_2016/pbs_genopt_12.etf} {pbs_genopt_11 ./.pbs_auto.ece.pdx.edu_2016/pbs_genopt_11.etf} {pbs_genopt_8 ./.pbs_auto.ece.pdx.edu_2016/pbs_genopt_8.etf} {pbs_genopt_9 ./.pbs_auto.ece.pdx.edu_2016/pbs_genopt_9.etf} {pbs_genopt_10 ./.pbs_auto.ece.pdx.edu_2016/pbs_genopt_10.etf} {pbs_genopt_6 ./.pbs_auto.ece.pdx.edu_2016/pbs_genopt_6.etf} {pbs_genopt_13 ./.pbs_auto.ece.pdx.edu_2016/pbs_genopt_13.etf} {pbs_genopt_4 ./.pbs_auto.ece.pdx.edu_2016/pbs_genopt_4.etf} {pbs_genopt_0 ./.pbs_auto.ece.pdx.edu_2016/pbs_genopt_0.etf}
          Sending 'pbs_genopt_7 ./.pbs_auto.ece.pdx.edu_2016/pbs_genopt_7.etf' to server 'localhost_1_6'...
            Sent 'pbs_genopt_7 ./.pbs_auto.ece.pdx.edu_2016/pbs_genopt_7.etf' to server 'localhost_1_6'.
          Sending 'pbs_genopt_1 ./.pbs_auto.ece.pdx.edu_2016/pbs_genopt_1.etf' to server 'localhost_1_3'...
            Sent 'pbs_genopt_1 ./.pbs_auto.ece.pdx.edu_2016/pbs_genopt_1.etf' to server 'localhost_1_3'.
          Sending 'pbs_genopt_2 ./.pbs_auto.ece.pdx.edu_2016/pbs_genopt_2.etf' to server 'localhost_1_2'...
            Sent 'pbs_genopt_2 ./.pbs_auto.ece.pdx.edu_2016/pbs_genopt_2.etf' to server 'localhost_1_2'.
          Sending 'pbs_genopt_3 ./.pbs_auto.ece.pdx.edu_2016/pbs_genopt_3.etf' to server 'localhost_1_7'...
            Sent 'pbs_genopt_3 ./.pbs_auto.ece.pdx.edu_2016/pbs_genopt_3.etf' to server 'localhost_1_7'.
          Sending 'pbs_genopt_14 ./.pbs_auto.ece.pdx.edu_2016/pbs_genopt_14.etf' to server 'localhost_1_5'...
            Sent 'pbs_genopt_14 ./.pbs_auto.ece.pdx.edu_2016/pbs_genopt_14.etf' to server 'localhost_1_5'.
          Sending 'pbs_genopt_5 ./.pbs_auto.ece.pdx.edu_2016/pbs_genopt_5.etf' to server 'localhost_1_0'...
            Sent 'pbs_genopt_5 ./.pbs_auto.ece.pdx.edu_2016/pbs_genopt_5.etf' to server 'localhost_1_0'.
          Sending 'pbs_genopt_12 ./.pbs_auto.ece.pdx.edu_2016/pbs_genopt_12.etf' to server 'localhost_1_4'...
            Sent 'pbs_genopt_12 ./.pbs_auto.ece.pdx.edu_2016/pbs_genopt_12.etf' to server 'localhost_1_4'.
          Sending 'pbs_genopt_11 ./.pbs_auto.ece.pdx.edu_2016/pbs_genopt_11.etf' to server 'localhost_1_1'...
            Sent 'pbs_genopt_11 ./.pbs_auto.ece.pdx.edu_2016/pbs_genopt_11.etf' to server 'localhost_1_1'.
          Received 'pbs_genopt_12 ./.pbs_auto.ece.pdx.edu_2016/pbs_genopt_12.etf' from server 'localhost_1_4'. (1468302 ms elapsed)
          Sending 'pbs_genopt_8 ./.pbs_auto.ece.pdx.edu_2016/pbs_genopt_8.etf' to server 'localhost_1_4'...
            Sent 'pbs_genopt_8 ./.pbs_auto.ece.pdx.edu_2016/pbs_genopt_8.etf' to server 'localhost_1_4'.
          Received 'pbs_genopt_5 ./.pbs_auto.ece.pdx.edu_2016/pbs_genopt_5.etf' from server 'localhost_1_0'. (1484114 ms elapsed)
          Sending 'pbs_genopt_9 ./.pbs_auto.ece.pdx.edu_2016/pbs_genopt_9.etf' to server 'localhost_1_0'...
            Sent 'pbs_genopt_9 ./.pbs_auto.ece.pdx.edu_2016/pbs_genopt_9.etf' to server 'localhost_1_0'.
          Received 'pbs_genopt_3 ./.pbs_auto.ece.pdx.edu_2016/pbs_genopt_3.etf' from server 'localhost_1_7'. (1499000 ms elapsed)
          Sending 'pbs_genopt_10 ./.pbs_auto.ece.pdx.edu_2016/pbs_genopt_10.etf' to server 'localhost_1_7'...
            Sent 'pbs_genopt_10 ./.pbs_auto.ece.pdx.edu_2016/pbs_genopt_10.etf' to server 'localhost_1_7'.
          Received 'pbs_genopt_11 ./.pbs_auto.ece.pdx.edu_2016/pbs_genopt_11.etf' from server 'localhost_1_1'. (1513404 ms elapsed)
       Partition:  pbs_genopt_11 - PBS_Generic_Opt-Distributed_Read_DB - Elapsed_Time 3.00, CPU_Time 3.00
       Partition:  pbs_genopt_11 - PBS_Generic_Opt-Distributed_Generic - Elapsed_Time 1497.00, CPU_Time 1494.00
       Partition:  pbs_genopt_11 - PBS_Generic_Opt-Distributed_Prop_Const - Elapsed_Time 2.00, CPU_Time 3.00
       Partition:  pbs_genopt_11 - PBS_Generic_Opt-Distributed_Gobble - Elapsed_Time 1.00, CPU_Time 0.00
       Partition:  pbs_genopt_11 - PBS_Generic_Opt-Distributed_Report - Elapsed_Time 0.00, CPU_Time 0.00
       Start - Partition: pbs_genopt_11 Slack: -472.2 TNS: 557536.0 Cell-Count: 105413 Cell-Area: 11420 
Init-Memory: 1596.27
       Done  - Partition: pbs_genopt_11 Slack: -242.6 TNS: 241393.3 Cell-Count: 114194 Cell-Area: 10244 
Peak-Memory: 2495.36 Elapsed: 1503
       Partition:  pbs_genopt_11 - PBS_Generic_Opt-Distributed_Write_DB - Elapsed_Time 9.00, CPU_Time 10.00
       pbs_genopt_11 - PBS_Generic_Opt-Assembly - Elapsed_Time 7, CPU_Time 7.0
       Partition:  pbs_genopt_11 - Runtime taken by the partition - Elapsed_Time 1512.00, CPU_Time 1510.00
       Partition:  pbs_genopt_12 - PBS_Generic_Opt-Distributed_Read_DB - Elapsed_Time 3.00, CPU_Time 3.00
       Partition:  pbs_genopt_12 - PBS_Generic_Opt-Distributed_Generic - Elapsed_Time 1451.00, CPU_Time 1448.00
       Partition:  pbs_genopt_12 - PBS_Generic_Opt-Distributed_Prop_Const - Elapsed_Time 3.00, CPU_Time 3.00
       Partition:  pbs_genopt_12 - PBS_Generic_Opt-Distributed_Gobble - Elapsed_Time 0.00, CPU_Time 0.00
       Partition:  pbs_genopt_12 - PBS_Generic_Opt-Distributed_Report - Elapsed_Time 0.00, CPU_Time 0.00
       Start - Partition: pbs_genopt_12 Slack: -476.6 TNS: 561660.8 Cell-Count: 105413 Cell-Area: 11420 
Init-Memory: 1596.27
       Done  - Partition: pbs_genopt_12 Slack: -238.7 TNS: 257182.1 Cell-Count: 114251 Cell-Area: 10238 
Peak-Memory: 2593.05 Elapsed: 1457
       Partition:  pbs_genopt_12 - PBS_Generic_Opt-Distributed_Write_DB - Elapsed_Time 10.00, CPU_Time 11.00
       pbs_genopt_12 - PBS_Generic_Opt-Assembly - Elapsed_Time 5, CPU_Time 4.0
       Partition:  pbs_genopt_12 - Runtime taken by the partition - Elapsed_Time 1467.00, CPU_Time 1465.00
       Partition:  pbs_genopt_5 - PBS_Generic_Opt-Distributed_Read_DB - Elapsed_Time 3.00, CPU_Time 3.00
       Partition:  pbs_genopt_5 - PBS_Generic_Opt-Distributed_Generic - Elapsed_Time 1467.00, CPU_Time 1466.00
       Partition:  pbs_genopt_5 - PBS_Generic_Opt-Distributed_Prop_Const - Elapsed_Time 3.00, CPU_Time 2.00
       Partition:  pbs_genopt_5 - PBS_Generic_Opt-Distributed_Gobble - Elapsed_Time 0.00, CPU_Time 1.00
       Partition:  pbs_genopt_5 - PBS_Generic_Opt-Distributed_Report - Elapsed_Time 0.00, CPU_Time 0.00
       Start - Partition: pbs_genopt_5 Slack: -472.2 TNS: 557536.0 Cell-Count: 105413 Cell-Area: 11420 
Init-Memory: 1595.27
       Done  - Partition: pbs_genopt_5 Slack: -242.6 TNS: 252385.3 Cell-Count: 114209 Cell-Area: 10235 
Peak-Memory: 2500.05 Elapsed: 1473
       Partition:  pbs_genopt_5 - PBS_Generic_Opt-Distributed_Write_DB - Elapsed_Time 10.00, CPU_Time 10.00
       pbs_genopt_5 - PBS_Generic_Opt-Assembly - Elapsed_Time 4, CPU_Time 5.0
       Partition:  pbs_genopt_5 - Runtime taken by the partition - Elapsed_Time 1483.00, CPU_Time 1482.00
          Sending 'pbs_genopt_6 ./.pbs_auto.ece.pdx.edu_2016/pbs_genopt_6.etf' to server 'localhost_1_1'...
            Sent 'pbs_genopt_6 ./.pbs_auto.ece.pdx.edu_2016/pbs_genopt_6.etf' to server 'localhost_1_1'.
          Received 'pbs_genopt_2 ./.pbs_auto.ece.pdx.edu_2016/pbs_genopt_2.etf' from server 'localhost_1_2'. (1529898 ms elapsed)
          Sending 'pbs_genopt_13 ./.pbs_auto.ece.pdx.edu_2016/pbs_genopt_13.etf' to server 'localhost_1_2'...
            Sent 'pbs_genopt_13 ./.pbs_auto.ece.pdx.edu_2016/pbs_genopt_13.etf' to server 'localhost_1_2'.
          Received 'pbs_genopt_1 ./.pbs_auto.ece.pdx.edu_2016/pbs_genopt_1.etf' from server 'localhost_1_3'. (1529898 ms elapsed)
          Sending 'pbs_genopt_4 ./.pbs_auto.ece.pdx.edu_2016/pbs_genopt_4.etf' to server 'localhost_1_3'...
            Sent 'pbs_genopt_4 ./.pbs_auto.ece.pdx.edu_2016/pbs_genopt_4.etf' to server 'localhost_1_3'.
          Received 'pbs_genopt_7 ./.pbs_auto.ece.pdx.edu_2016/pbs_genopt_7.etf' from server 'localhost_1_6'. (1529900 ms elapsed)
          Sending 'pbs_genopt_0 ./.pbs_auto.ece.pdx.edu_2016/pbs_genopt_0.etf' to server 'localhost_1_6'...
            Sent 'pbs_genopt_0 ./.pbs_auto.ece.pdx.edu_2016/pbs_genopt_0.etf' to server 'localhost_1_6'.
          Received 'pbs_genopt_14 ./.pbs_auto.ece.pdx.edu_2016/pbs_genopt_14.etf' from server 'localhost_1_5'. (1535395 ms elapsed)
       Partition:  pbs_genopt_14 - PBS_Generic_Opt-Distributed_Read_DB - Elapsed_Time 3.00, CPU_Time 3.00
       Partition:  pbs_genopt_14 - PBS_Generic_Opt-Distributed_Generic - Elapsed_Time 1519.00, CPU_Time 1516.00
       Partition:  pbs_genopt_14 - PBS_Generic_Opt-Distributed_Prop_Const - Elapsed_Time 2.00, CPU_Time 3.00
       Partition:  pbs_genopt_14 - PBS_Generic_Opt-Distributed_Gobble - Elapsed_Time 1.00, CPU_Time 1.00
       Partition:  pbs_genopt_14 - PBS_Generic_Opt-Distributed_Report - Elapsed_Time 0.00, CPU_Time 0.00
       Start - Partition: pbs_genopt_14 Slack: -474.4 TNS: 558944.0 Cell-Count: 105413 Cell-Area: 11420 
Init-Memory: 1596.27
       Done  - Partition: pbs_genopt_14 Slack: -242.6 TNS: 245258.9 Cell-Count: 114186 Cell-Area: 10234 
Peak-Memory: 2566.36 Elapsed: 1525
       Partition:  pbs_genopt_14 - PBS_Generic_Opt-Distributed_Write_DB - Elapsed_Time 9.00, CPU_Time 9.98
       pbs_genopt_14 - PBS_Generic_Opt-Assembly - Elapsed_Time 6, CPU_Time 5.0
       Partition:  pbs_genopt_14 - Runtime taken by the partition - Elapsed_Time 1534.00, CPU_Time 1532.98
       Partition:  pbs_genopt_3 - PBS_Generic_Opt-Distributed_Read_DB - Elapsed_Time 2.00, CPU_Time 2.00
       Partition:  pbs_genopt_3 - PBS_Generic_Opt-Distributed_Generic - Elapsed_Time 1484.00, CPU_Time 1481.00
       Partition:  pbs_genopt_3 - PBS_Generic_Opt-Distributed_Prop_Const - Elapsed_Time 2.00, CPU_Time 3.00
       Partition:  pbs_genopt_3 - PBS_Generic_Opt-Distributed_Gobble - Elapsed_Time 1.00, CPU_Time 0.00
       Partition:  pbs_genopt_3 - PBS_Generic_Opt-Distributed_Report - Elapsed_Time 0.00, CPU_Time 0.00
       Start - Partition: pbs_genopt_3 Slack: -472.2 TNS: 558448.0 Cell-Count: 105413 Cell-Area: 11420 
Init-Memory: 1596.27
       Done  - Partition: pbs_genopt_3 Slack: -242.6 TNS: 238209.3 Cell-Count: 114178 Cell-Area: 10239 
Peak-Memory: 2565.05 Elapsed: 1489
       Partition:  pbs_genopt_3 - PBS_Generic_Opt-Distributed_Write_DB - Elapsed_Time 9.00, CPU_Time 10.00
       pbs_genopt_3 - PBS_Generic_Opt-Assembly - Elapsed_Time 4, CPU_Time 5.0
       Partition:  pbs_genopt_3 - Runtime taken by the partition - Elapsed_Time 1498.00, CPU_Time 1496.00
       Partition:  pbs_genopt_2 - PBS_Generic_Opt-Distributed_Read_DB - Elapsed_Time 2.00, CPU_Time 2.00
       Partition:  pbs_genopt_2 - PBS_Generic_Opt-Distributed_Generic - Elapsed_Time 1513.00, CPU_Time 1511.00
       Partition:  pbs_genopt_2 - PBS_Generic_Opt-Distributed_Prop_Const - Elapsed_Time 3.00, CPU_Time 3.00
       Partition:  pbs_genopt_2 - PBS_Generic_Opt-Distributed_Gobble - Elapsed_Time 0.00, CPU_Time 0.00
       Partition:  pbs_genopt_2 - PBS_Generic_Opt-Distributed_Report - Elapsed_Time 0.00, CPU_Time 0.00
       Start - Partition: pbs_genopt_2 Slack: -472.2 TNS: 557536.0 Cell-Count: 105413 Cell-Area: 11420 
Init-Memory: 1595.27
       Done  - Partition: pbs_genopt_2 Slack: -242.6 TNS: 249454.1 Cell-Count: 114189 Cell-Area: 10232 
Peak-Memory: 2497.05 Elapsed: 1518
       Partition:  pbs_genopt_2 - PBS_Generic_Opt-Distributed_Write_DB - Elapsed_Time 11.00, CPU_Time 10.98
       pbs_genopt_2 - PBS_Generic_Opt-Assembly - Elapsed_Time 5, CPU_Time 4.0
       Partition:  pbs_genopt_2 - Runtime taken by the partition - Elapsed_Time 1529.00, CPU_Time 1526.98
       Partition:  pbs_genopt_1 - PBS_Generic_Opt-Distributed_Read_DB - Elapsed_Time 3.00, CPU_Time 3.00
       Partition:  pbs_genopt_1 - PBS_Generic_Opt-Distributed_Generic - Elapsed_Time 1506.00, CPU_Time 1504.00
       Partition:  pbs_genopt_1 - PBS_Generic_Opt-Distributed_Prop_Const - Elapsed_Time 3.00, CPU_Time 2.00
       Partition:  pbs_genopt_1 - PBS_Generic_Opt-Distributed_Gobble - Elapsed_Time 0.00, CPU_Time 1.00
       Partition:  pbs_genopt_1 - PBS_Generic_Opt-Distributed_Report - Elapsed_Time 0.00, CPU_Time 0.00
       Start - Partition: pbs_genopt_1 Slack: -474.4 TNS: 559011.2 Cell-Count: 105413 Cell-Area: 11420 
Init-Memory: 1596.27
       Done  - Partition: pbs_genopt_1 Slack: -242.6 TNS: 249466.9 Cell-Count: 114224 Cell-Area: 10240 
Peak-Memory: 2527.05 Elapsed: 1512
       Partition:  pbs_genopt_1 - PBS_Generic_Opt-Distributed_Write_DB - Elapsed_Time 10.00, CPU_Time 9.98
       pbs_genopt_1 - PBS_Generic_Opt-Assembly - Elapsed_Time 4, CPU_Time 5.0
       Partition:  pbs_genopt_1 - Runtime taken by the partition - Elapsed_Time 1522.00, CPU_Time 1519.98
       Partition:  pbs_genopt_7 - PBS_Generic_Opt-Distributed_Read_DB - Elapsed_Time 3.00, CPU_Time 3.00
       Partition:  pbs_genopt_7 - PBS_Generic_Opt-Distributed_Generic - Elapsed_Time 1511.00, CPU_Time 1508.00
       Partition:  pbs_genopt_7 - PBS_Generic_Opt-Distributed_Prop_Const - Elapsed_Time 3.00, CPU_Time 3.00
       Partition:  pbs_genopt_7 - PBS_Generic_Opt-Distributed_Gobble - Elapsed_Time 0.00, CPU_Time 0.00
       Partition:  pbs_genopt_7 - PBS_Generic_Opt-Distributed_Report - Elapsed_Time 0.00, CPU_Time 0.00
       Start - Partition: pbs_genopt_7 Slack: -472.2 TNS: 557536.0 Cell-Count: 105413 Cell-Area: 11420 
Init-Memory: 1595.27
       Done  - Partition: pbs_genopt_7 Slack: -242.6 TNS: 252385.3 Cell-Count: 114209 Cell-Area: 10235 
Peak-Memory: 2493.05 Elapsed: 1517
       Partition:  pbs_genopt_7 - PBS_Generic_Opt-Distributed_Write_DB - Elapsed_Time 10.00, CPU_Time 10.99
       pbs_genopt_7 - PBS_Generic_Opt-Assembly - Elapsed_Time 5, CPU_Time 4.0
       Partition:  pbs_genopt_7 - Runtime taken by the partition - Elapsed_Time 1527.00, CPU_Time 1524.99
          Received 'pbs_genopt_0 ./.pbs_auto.ece.pdx.edu_2016/pbs_genopt_0.etf' from server 'localhost_1_6'. (53014 ms elapsed)
          Received 'pbs_genopt_4 ./.pbs_auto.ece.pdx.edu_2016/pbs_genopt_4.etf' from server 'localhost_1_3'. (1384482 ms elapsed)
          Received 'pbs_genopt_6 ./.pbs_auto.ece.pdx.edu_2016/pbs_genopt_6.etf' from server 'localhost_1_1'. (1422845 ms elapsed)
          Received 'pbs_genopt_10 ./.pbs_auto.ece.pdx.edu_2016/pbs_genopt_10.etf' from server 'localhost_1_7'. (1476556 ms elapsed)
          Received 'pbs_genopt_13 ./.pbs_auto.ece.pdx.edu_2016/pbs_genopt_13.etf' from server 'localhost_1_2'. (1450416 ms elapsed)
          Received 'pbs_genopt_8 ./.pbs_auto.ece.pdx.edu_2016/pbs_genopt_8.etf' from server 'localhost_1_4'. (1512012 ms elapsed)
       Partition:  pbs_genopt_8 - PBS_Generic_Opt-Distributed_Read_DB - Elapsed_Time 2.00, CPU_Time 2.00
       Partition:  pbs_genopt_8 - PBS_Generic_Opt-Distributed_Generic - Elapsed_Time 1496.00, CPU_Time 1495.00
       Partition:  pbs_genopt_8 - PBS_Generic_Opt-Distributed_Prop_Const - Elapsed_Time 3.00, CPU_Time 3.00
       Partition:  pbs_genopt_8 - PBS_Generic_Opt-Distributed_Gobble - Elapsed_Time 0.00, CPU_Time 0.00
       Partition:  pbs_genopt_8 - PBS_Generic_Opt-Distributed_Report - Elapsed_Time 0.00, CPU_Time 0.00
       Start - Partition: pbs_genopt_8 Slack: -472.2 TNS: 557536.0 Cell-Count: 105413 Cell-Area: 11420 
Init-Memory: 2593.05
       Done  - Partition: pbs_genopt_8 Slack: -242.6 TNS: 252385.3 Cell-Count: 114209 Cell-Area: 10235 
Peak-Memory: 2625.06 Elapsed: 1501
       Partition:  pbs_genopt_8 - PBS_Generic_Opt-Distributed_Write_DB - Elapsed_Time 10.00, CPU_Time 10.00
       pbs_genopt_8 - PBS_Generic_Opt-Assembly - Elapsed_Time 6, CPU_Time 6.0
       Partition:  pbs_genopt_8 - Runtime taken by the partition - Elapsed_Time 1511.00, CPU_Time 1510.00
          Received 'pbs_genopt_9 ./.pbs_auto.ece.pdx.edu_2016/pbs_genopt_9.etf' from server 'localhost_1_0'. (1528666 ms elapsed)
       Partition:  pbs_genopt_9 - PBS_Generic_Opt-Distributed_Read_DB - Elapsed_Time 2.00, CPU_Time 2.00
       Partition:  pbs_genopt_9 - PBS_Generic_Opt-Distributed_Generic - Elapsed_Time 1513.00, CPU_Time 1515.00
       Partition:  pbs_genopt_9 - PBS_Generic_Opt-Distributed_Prop_Const - Elapsed_Time 3.00, CPU_Time 3.00
       Partition:  pbs_genopt_9 - PBS_Generic_Opt-Distributed_Gobble - Elapsed_Time 0.00, CPU_Time 0.00
       Partition:  pbs_genopt_9 - PBS_Generic_Opt-Distributed_Report - Elapsed_Time 0.00, CPU_Time 0.00
       Start - Partition: pbs_genopt_9 Slack: -472.2 TNS: 557536.0 Cell-Count: 105413 Cell-Area: 11420 
Init-Memory: 2500.05
       Done  - Partition: pbs_genopt_9 Slack: -242.6 TNS: 238462.1 Cell-Count: 114190 Cell-Area: 10246 
Peak-Memory: 2532.06 Elapsed: 1518
       Partition:  pbs_genopt_9 - PBS_Generic_Opt-Distributed_Write_DB - Elapsed_Time 10.00, CPU_Time 10.00
       pbs_genopt_9 - PBS_Generic_Opt-Assembly - Elapsed_Time 6, CPU_Time 6.0
       Partition:  pbs_genopt_9 - Runtime taken by the partition - Elapsed_Time 1528.00, CPU_Time 1530.00
       Partition:  pbs_genopt_10 - PBS_Generic_Opt-Distributed_Read_DB - Elapsed_Time 3.00, CPU_Time 3.00
       Partition:  pbs_genopt_10 - PBS_Generic_Opt-Distributed_Generic - Elapsed_Time 1461.00, CPU_Time 1460.00
       Partition:  pbs_genopt_10 - PBS_Generic_Opt-Distributed_Prop_Const - Elapsed_Time 3.00, CPU_Time 3.00
       Partition:  pbs_genopt_10 - PBS_Generic_Opt-Distributed_Gobble - Elapsed_Time 0.00, CPU_Time 0.00
       Partition:  pbs_genopt_10 - PBS_Generic_Opt-Distributed_Report - Elapsed_Time 0.00, CPU_Time 0.00
       Start - Partition: pbs_genopt_10 Slack: -472.2 TNS: 557536.0 Cell-Count: 105413 Cell-Area: 11420 
Init-Memory: 2565.05
       Done  - Partition: pbs_genopt_10 Slack: -242.6 TNS: 249454.1 Cell-Count: 114189 Cell-Area: 10232 
Peak-Memory: 2597.06 Elapsed: 1467
       Partition:  pbs_genopt_10 - PBS_Generic_Opt-Distributed_Write_DB - Elapsed_Time 9.00, CPU_Time 9.00
       pbs_genopt_10 - PBS_Generic_Opt-Assembly - Elapsed_Time 4, CPU_Time 4.0
       Partition:  pbs_genopt_10 - Runtime taken by the partition - Elapsed_Time 1476.00, CPU_Time 1475.00
       Partition:  pbs_genopt_6 - PBS_Generic_Opt-Distributed_Read_DB - Elapsed_Time 3.00, CPU_Time 3.00
       Partition:  pbs_genopt_6 - PBS_Generic_Opt-Distributed_Generic - Elapsed_Time 1406.00, CPU_Time 1404.00
       Partition:  pbs_genopt_6 - PBS_Generic_Opt-Distributed_Prop_Const - Elapsed_Time 3.00, CPU_Time 3.00
       Partition:  pbs_genopt_6 - PBS_Generic_Opt-Distributed_Gobble - Elapsed_Time 0.00, CPU_Time 0.00
       Partition:  pbs_genopt_6 - PBS_Generic_Opt-Distributed_Report - Elapsed_Time 0.00, CPU_Time 0.00
       Start - Partition: pbs_genopt_6 Slack: -472.2 TNS: 527033.6 Cell-Count: 99715 Cell-Area: 10803 
Init-Memory: 2495.36
       Done  - Partition: pbs_genopt_6 Slack: -242.6 TNS: 242460.3 Cell-Count: 108038 Cell-Area: 9678 
Peak-Memory: 2527.38 Elapsed: 1412
       Partition:  pbs_genopt_6 - PBS_Generic_Opt-Distributed_Write_DB - Elapsed_Time 10.00, CPU_Time 10.00
       pbs_genopt_6 - PBS_Generic_Opt-Assembly - Elapsed_Time 4, CPU_Time 4.0
       Partition:  pbs_genopt_6 - Runtime taken by the partition - Elapsed_Time 1422.00, CPU_Time 1420.00
       Partition:  pbs_genopt_13 - PBS_Generic_Opt-Distributed_Read_DB - Elapsed_Time 1.00, CPU_Time 2.00
       Partition:  pbs_genopt_13 - PBS_Generic_Opt-Distributed_Generic - Elapsed_Time 1436.00, CPU_Time 1435.00
       Partition:  pbs_genopt_13 - PBS_Generic_Opt-Distributed_Prop_Const - Elapsed_Time 3.00, CPU_Time 2.00
       Partition:  pbs_genopt_13 - PBS_Generic_Opt-Distributed_Gobble - Elapsed_Time 0.00, CPU_Time 0.00
       Partition:  pbs_genopt_13 - PBS_Generic_Opt-Distributed_Report - Elapsed_Time 0.00, CPU_Time 0.00
       Start - Partition: pbs_genopt_13 Slack: -476.6 TNS: 533792.0 Cell-Count: 99715 Cell-Area: 10803 
Init-Memory: 2497.05
       Done  - Partition: pbs_genopt_13 Slack: -218.0 TNS: 223359.5 Cell-Count: 107965 Cell-Area: 9680 
Peak-Memory: 2552.05 Elapsed: 1440
       Partition:  pbs_genopt_13 - PBS_Generic_Opt-Distributed_Write_DB - Elapsed_Time 9.00, CPU_Time 10.00
       pbs_genopt_13 - PBS_Generic_Opt-Assembly - Elapsed_Time 4, CPU_Time 4.0
       Partition:  pbs_genopt_13 - Runtime taken by the partition - Elapsed_Time 1449.00, CPU_Time 1449.00
       Partition:  pbs_genopt_4 - PBS_Generic_Opt-Distributed_Read_DB - Elapsed_Time 2.00, CPU_Time 3.00
       Partition:  pbs_genopt_4 - PBS_Generic_Opt-Distributed_Generic - Elapsed_Time 1370.00, CPU_Time 1369.00
       Partition:  pbs_genopt_4 - PBS_Generic_Opt-Distributed_Prop_Const - Elapsed_Time 3.00, CPU_Time 3.00
       Partition:  pbs_genopt_4 - PBS_Generic_Opt-Distributed_Gobble - Elapsed_Time 0.00, CPU_Time 0.00
       Partition:  pbs_genopt_4 - PBS_Generic_Opt-Distributed_Report - Elapsed_Time 0.00, CPU_Time 0.00
       Start - Partition: pbs_genopt_4 Slack: -474.4 TNS: 527174.4 Cell-Count: 99715 Cell-Area: 10803 
Init-Memory: 2527.05
       Done  - Partition: pbs_genopt_4 Slack: -242.6 TNS: 244908.3 Cell-Count: 108041 Cell-Area: 9676 
Peak-Memory: 2559.06 Elapsed: 1375
       Partition:  pbs_genopt_4 - PBS_Generic_Opt-Distributed_Write_DB - Elapsed_Time 8.00, CPU_Time 9.00
       pbs_genopt_4 - PBS_Generic_Opt-Assembly - Elapsed_Time 4, CPU_Time 5.0
       Partition:  pbs_genopt_4 - Runtime taken by the partition - Elapsed_Time 1383.00, CPU_Time 1384.00
       Partition:  pbs_genopt_0 - PBS_Generic_Opt-Distributed_Read_DB - Elapsed_Time 1.00, CPU_Time 1.00
       Partition:  pbs_genopt_0 - PBS_Generic_Opt-Distributed_Generic - Elapsed_Time 43.00, CPU_Time 43.00
       Partition:  pbs_genopt_0 - PBS_Generic_Opt-Distributed_Prop_Const - Elapsed_Time 2.00, CPU_Time 2.00
       Partition:  pbs_genopt_0 - PBS_Generic_Opt-Distributed_Gobble - Elapsed_Time 0.00, CPU_Time 0.00
       Partition:  pbs_genopt_0 - PBS_Generic_Opt-Distributed_Report - Elapsed_Time 0.00, CPU_Time 0.00
       Start - Partition: pbs_genopt_0 Slack: -13.0 TNS: 2604.8 Cell-Count: 43232 Cell-Area: 14087 
Init-Memory: 2493.05
       Done  - Partition: pbs_genopt_0 Slack: -13.0 TNS: 2604.8 Cell-Count: 42204 Cell-Area: 13912 
Peak-Memory: 2525.06 Elapsed: 46
       Partition:  pbs_genopt_0 - PBS_Generic_Opt-Distributed_Write_DB - Elapsed_Time 6.00, CPU_Time 6.98
       pbs_genopt_0 - PBS_Generic_Opt-Assembly - Elapsed_Time 4, CPU_Time 3.0
       Partition:  pbs_genopt_0 - Runtime taken by the partition - Elapsed_Time 52.00, CPU_Time 52.98
Assembled design in-time
Background Table : HLO::pre_to_gen_setup 
---------------------------------------------------------------------
| Transform       | Accepts | Rejects | Runtime (s) | Netlist ID    | 
---------------------------------------------------------------------
| hlo_mux_reorder |       0 |       0 |        0.19 | pbs_genopt_9  | 
| hlo_mux_reorder |       0 |       0 |        0.19 | pbs_genopt_8  | 
| hlo_mux_reorder |       0 |       0 |        0.17 | pbs_genopt_7  | 
| hlo_mux_reorder |       0 |       0 |        0.17 | pbs_genopt_6  | 
| hlo_mux_reorder |       0 |       0 |        0.17 | pbs_genopt_5  | 
| hlo_mux_reorder |       0 |       0 |        0.16 | pbs_genopt_4  | 
| hlo_mux_reorder |       0 |       0 |        0.18 | pbs_genopt_3  | 
| hlo_mux_reorder |       0 |       0 |        0.18 | pbs_genopt_2  | 
| hlo_mux_reorder |       0 |       0 |        0.22 | pbs_genopt_14 | 
| hlo_mux_reorder |       0 |       0 |        0.18 | pbs_genopt_13 | 
| hlo_mux_reorder |       0 |       0 |        0.16 | pbs_genopt_12 | 
| hlo_mux_reorder |       0 |       0 |        0.17 | pbs_genopt_11 | 
| hlo_mux_reorder |       0 |       0 |        0.18 | pbs_genopt_10 | 
| hlo_mux_reorder |       0 |       0 |        0.25 | pbs_genopt_1  | 
| hlo_mux_reorder |       0 |       0 |        0.41 | pbs_genopt_0  | 
---------------------------------------------------------------------
 
Background Table : HLO::post_to_gen_setup 
---------------------------------------------------------------------
| Transform       | Accepts | Rejects | Runtime (s) | Netlist ID    | 
---------------------------------------------------------------------
| hlo_mux_reorder |       0 |       0 |        0.00 | pbs_genopt_9  | 
| hlo_mux_reorder |       0 |       0 |        0.00 | pbs_genopt_8  | 
| hlo_mux_reorder |       0 |       0 |        0.00 | pbs_genopt_7  | 
| hlo_mux_reorder |       0 |       0 |        0.00 | pbs_genopt_6  | 
| hlo_mux_reorder |       0 |       0 |        0.00 | pbs_genopt_5  | 
| hlo_mux_reorder |       0 |       0 |        0.00 | pbs_genopt_4  | 
| hlo_mux_reorder |       0 |       0 |        0.00 | pbs_genopt_3  | 
| hlo_mux_reorder |       0 |       0 |        0.00 | pbs_genopt_2  | 
| hlo_mux_reorder |       0 |       0 |        0.00 | pbs_genopt_14 | 
| hlo_mux_reorder |       0 |       0 |        0.00 | pbs_genopt_13 | 
| hlo_mux_reorder |       0 |       0 |        0.00 | pbs_genopt_12 | 
| hlo_mux_reorder |       0 |       0 |        0.00 | pbs_genopt_11 | 
| hlo_mux_reorder |       0 |       0 |        0.00 | pbs_genopt_10 | 
| hlo_mux_reorder |       0 |       0 |        0.00 | pbs_genopt_1  | 
| hlo_mux_reorder |       0 |       0 |        0.00 | pbs_genopt_0  | 
---------------------------------------------------------------------
 
Background Table : UME::pre_hlo_rtlopt 
---------------------------------------------------------------
| Trick     | Accepts | Rejects | Runtime (s) | Netlist ID    | 
---------------------------------------------------------------
| ume_share |       0 |       0 |        0.00 | pbs_genopt_9  | 
| ume_sweep |       0 |       0 |        0.00 |               |
| ume_ssm   |       0 |       0 |        0.00 |               |
| ume_share |       0 |       0 |        0.00 | pbs_genopt_8  | 
| ume_sweep |       0 |       0 |        0.00 |               |
| ume_ssm   |       0 |       0 |        0.00 |               |
| ume_share |       0 |       0 |        0.00 | pbs_genopt_7  | 
| ume_sweep |       0 |       0 |        0.00 |               |
| ume_ssm   |       0 |       0 |        0.00 |               |
| ume_share |       0 |       0 |        0.00 | pbs_genopt_6  | 
| ume_sweep |       0 |       0 |        0.00 |               |
| ume_ssm   |       0 |       0 |        0.00 |               |
| ume_share |       0 |       0 |        0.00 | pbs_genopt_5  | 
| ume_sweep |       0 |       0 |        0.00 |               |
| ume_ssm   |       0 |       0 |        0.00 |               |
| ume_share |       0 |       0 |        0.00 | pbs_genopt_4  | 
| ume_sweep |       0 |       0 |        0.00 |               |
| ume_ssm   |       0 |       0 |        0.00 |               |
| ume_share |       0 |       0 |        0.00 | pbs_genopt_3  | 
| ume_sweep |       0 |       0 |        0.00 |               |
| ume_ssm   |       0 |       0 |        0.00 |               |
| ume_share |       0 |       0 |        0.00 | pbs_genopt_2  | 
| ume_sweep |       0 |       0 |        0.00 |               |
| ume_ssm   |       0 |       0 |        0.00 |               |
| ume_share |       0 |       0 |        0.00 | pbs_genopt_14 | 
| ume_sweep |       0 |       0 |        0.00 |               |
| ume_ssm   |       0 |       0 |        0.00 |               |
| ume_share |       0 |       0 |        0.00 | pbs_genopt_13 | 
| ume_sweep |       0 |       0 |        0.00 |               |
| ume_ssm   |       0 |       0 |        0.00 |               |
| ume_share |       0 |       0 |        0.00 | pbs_genopt_12 | 
| ume_sweep |       0 |       0 |        0.00 |               |
| ume_ssm   |       0 |       0 |        0.00 |               |
| ume_share |       0 |       0 |        0.00 | pbs_genopt_11 | 
| ume_sweep |       0 |       0 |        0.00 |               |
| ume_ssm   |       0 |       0 |        0.00 |               |
| ume_share |       0 |       0 |        0.00 | pbs_genopt_10 | 
| ume_sweep |       0 |       0 |        0.00 |               |
| ume_ssm   |       0 |       0 |        0.00 |               |
| ume_share |       0 |       0 |        0.00 | pbs_genopt_1  | 
| ume_sweep |       0 |       0 |        0.00 |               |
| ume_ssm   |       0 |       0 |        0.00 |               |
| ume_share |       0 |       0 |        0.01 | pbs_genopt_0  | 
| ume_sweep |       0 |       0 |        0.01 |               |
| ume_ssm   |       0 |       0 |        0.00 |               |
---------------------------------------------------------------
 
Background Table : HLO::pre_rtlopt 
---------------------------------------------------------------------------------
| Transform                   | Accepts | Rejects | Runtime (s) | Netlist ID    | 
---------------------------------------------------------------------------------
| hlo_cleanup                 |       0 |       0 |        0.00 | pbs_genopt_9  | 
| hlo_clip                    |       0 |       0 |        0.00 |               |
| hlo_clip_mux_input          |       0 |       0 |        0.00 |               |
| hlo_redundancy_removal_word |      37 |       0 |       12.24 |               |
| hlo_datapath_recast         |       0 |       0 |        0.00 |               |
| hlo_optimize_datapath       |       0 |       0 |        0.00 |               |
| hlo_mux_consolidation       |       0 |       0 |        0.01 |               |
| hlo_mux_cascade_opt         |       0 |       0 |        0.00 |               |
| hlo_reduce_operator_chain   |       0 |       0 |        0.00 |               |
| hlo_identity_transform      |       0 |       0 |        0.01 |               |
| hlo_restructure             |       0 |       0 |        0.02 |               |
| hlo_reconv_opt              |       0 |       0 |        0.00 |               |
| hlo_inequality_transform    |       0 |       0 |        0.17 |               |
| hlo_constant_mux_opt        |       0 |       0 |        0.00 |               |
| hlo_mux_consolidation       |       0 |       0 |        0.01 |               |
| hlo_mux_cascade_opt         |       0 |       0 |        0.00 |               |
| hlo_chop_mux                |       0 |       0 |        0.00 |               |
| hlo_mux_decode              |       0 |       0 |        0.00 |               |
| hlo_decode_mux_sandwich     |       0 |       0 |        0.00 |               |
| hlo_infer_macro             |       0 |       0 |        0.16 |               |
| hlo_recase_casebox          |       0 |       0 |        0.18 |               |
| hlo_cleanup                 |       0 |       0 |        0.00 | pbs_genopt_8  | 
| hlo_clip                    |       0 |       0 |        0.00 |               |
| hlo_clip_mux_input          |       0 |       0 |        0.00 |               |
| hlo_redundancy_removal_word |      37 |       0 |       12.16 |               |
| hlo_datapath_recast         |       0 |       0 |        0.00 |               |
| hlo_optimize_datapath       |       0 |       0 |        0.00 |               |
| hlo_mux_consolidation       |       0 |       0 |        0.01 |               |
| hlo_mux_cascade_opt         |       0 |       0 |        0.00 |               |
| hlo_reduce_operator_chain   |       0 |       0 |        0.00 |               |
| hlo_identity_transform      |       0 |       0 |        0.01 |               |
| hlo_restructure             |       0 |       0 |        0.02 |               |
| hlo_reconv_opt              |       0 |       0 |        0.00 |               |
| hlo_inequality_transform    |       0 |       0 |        0.17 |               |
| hlo_constant_mux_opt        |       0 |       0 |        0.00 |               |
| hlo_mux_consolidation       |       0 |       0 |        0.01 |               |
| hlo_mux_cascade_opt         |       0 |       0 |        0.01 |               |
| hlo_chop_mux                |       0 |       0 |        0.00 |               |
| hlo_mux_decode              |       0 |       0 |        0.00 |               |
| hlo_decode_mux_sandwich     |       0 |       0 |        0.00 |               |
| hlo_infer_macro             |       0 |       0 |        0.17 |               |
| hlo_recase_casebox          |       0 |       0 |        0.19 |               |
| hlo_cleanup                 |       0 |       0 |        0.00 | pbs_genopt_7  | 
| hlo_clip                    |       0 |       0 |        0.00 |               |
| hlo_clip_mux_input          |       0 |       0 |        0.00 |               |
| hlo_redundancy_removal_word |      37 |       0 |       12.31 |               |
| hlo_datapath_recast         |       0 |       0 |        0.00 |               |
| hlo_optimize_datapath       |       0 |       0 |        0.00 |               |
| hlo_mux_consolidation       |       0 |       0 |        0.01 |               |
| hlo_mux_cascade_opt         |       0 |       0 |        0.00 |               |
| hlo_reduce_operator_chain   |       0 |       0 |        0.00 |               |
| hlo_identity_transform      |       0 |       0 |        0.01 |               |
| hlo_restructure             |       0 |       0 |        0.02 |               |
| hlo_reconv_opt              |       0 |       0 |        0.00 |               |
| hlo_inequality_transform    |       0 |       0 |        0.16 |               |
| hlo_constant_mux_opt        |       0 |       0 |        0.00 |               |
| hlo_mux_consolidation       |       0 |       0 |        0.01 |               |
| hlo_mux_cascade_opt         |       0 |       0 |        0.00 |               |
| hlo_chop_mux                |       0 |       0 |        0.00 |               |
| hlo_mux_decode              |       0 |       0 |        0.00 |               |
| hlo_decode_mux_sandwich     |       0 |       0 |        0.00 |               |
| hlo_infer_macro             |       0 |       0 |        0.15 |               |
| hlo_recase_casebox          |       0 |       0 |        0.17 |               |
| hlo_cleanup                 |       0 |       0 |        0.00 | pbs_genopt_6  | 
| hlo_clip                    |       0 |       0 |        0.00 |               |
| hlo_clip_mux_input          |       0 |       0 |        0.00 |               |
| hlo_redundancy_removal_word |      35 |       0 |       11.35 |               |
| hlo_datapath_recast         |       0 |       0 |        0.00 |               |
| hlo_optimize_datapath       |       0 |       0 |        0.00 |               |
| hlo_mux_consolidation       |       0 |       0 |        0.00 |               |
| hlo_mux_cascade_opt         |       0 |       0 |        0.00 |               |
| hlo_reduce_operator_chain   |       0 |       0 |        0.00 |               |
| hlo_identity_transform      |       0 |       0 |        0.01 |               |
| hlo_restructure             |       0 |       0 |        0.02 |               |
| hlo_reconv_opt              |       0 |       0 |        0.00 |               |
| hlo_inequality_transform    |       0 |       0 |        0.16 |               |
| hlo_constant_mux_opt        |       0 |       0 |        0.00 |               |
| hlo_mux_consolidation       |       0 |       0 |        0.01 |               |
| hlo_mux_cascade_opt         |       0 |       0 |        0.00 |               |
| hlo_chop_mux                |       0 |       0 |        0.00 |               |
| hlo_mux_decode              |       0 |       0 |        0.00 |               |
| hlo_decode_mux_sandwich     |       0 |       0 |        0.00 |               |
| hlo_infer_macro             |       0 |       0 |        0.15 |               |
| hlo_recase_casebox          |       0 |       0 |        0.16 |               |
| hlo_cleanup                 |       0 |       0 |        0.00 | pbs_genopt_5  | 
| hlo_clip                    |       0 |       0 |        0.00 |               |
| hlo_clip_mux_input          |       0 |       0 |        0.00 |               |
| hlo_redundancy_removal_word |      37 |       0 |       11.77 |               |
| hlo_datapath_recast         |       0 |       0 |        0.00 |               |
| hlo_optimize_datapath       |       0 |       0 |        0.00 |               |
| hlo_mux_consolidation       |       0 |       0 |        0.01 |               |
| hlo_mux_cascade_opt         |       0 |       0 |        0.00 |               |
| hlo_reduce_operator_chain   |       0 |       0 |        0.00 |               |
| hlo_identity_transform      |       0 |       0 |        0.01 |               |
| hlo_restructure             |       0 |       0 |        0.02 |               |
| hlo_reconv_opt              |       0 |       0 |        0.00 |               |
| hlo_inequality_transform    |       0 |       0 |        0.16 |               |
| hlo_constant_mux_opt        |       0 |       0 |        0.00 |               |
| hlo_mux_consolidation       |       0 |       0 |        0.01 |               |
| hlo_mux_cascade_opt         |       0 |       0 |        0.00 |               |
| hlo_chop_mux                |       0 |       0 |        0.00 |               |
| hlo_mux_decode              |       0 |       0 |        0.00 |               |
| hlo_decode_mux_sandwich     |       0 |       0 |        0.00 |               |
| hlo_infer_macro             |       0 |       0 |        0.15 |               |
| hlo_recase_casebox          |       0 |       0 |        0.17 |               |
| hlo_cleanup                 |       0 |       0 |        0.00 | pbs_genopt_4  | 
| hlo_clip                    |       0 |       0 |        0.00 |               |
| hlo_clip_mux_input          |       0 |       0 |        0.00 |               |
| hlo_redundancy_removal_word |      35 |       0 |       11.09 |               |
| hlo_datapath_recast         |       0 |       0 |        0.00 |               |
| hlo_optimize_datapath       |       0 |       0 |        0.00 |               |
| hlo_mux_consolidation       |       0 |       0 |        0.00 |               |
| hlo_mux_cascade_opt         |       0 |       0 |        0.00 |               |
| hlo_reduce_operator_chain   |       0 |       0 |        0.00 |               |
| hlo_identity_transform      |       0 |       0 |        0.01 |               |
| hlo_restructure             |       0 |       0 |        0.01 |               |
| hlo_reconv_opt              |       0 |       0 |        0.00 |               |
| hlo_inequality_transform    |       0 |       0 |        0.14 |               |
| hlo_constant_mux_opt        |       0 |       0 |        0.00 |               |
| hlo_mux_consolidation       |       0 |       0 |        0.01 |               |
| hlo_mux_cascade_opt         |       0 |       0 |        0.00 |               |
| hlo_chop_mux                |       0 |       0 |        0.00 |               |
| hlo_mux_decode              |       0 |       0 |        0.00 |               |
| hlo_decode_mux_sandwich     |       0 |       0 |        0.00 |               |
| hlo_infer_macro             |       0 |       0 |        0.13 |               |
| hlo_recase_casebox          |       0 |       0 |        0.16 |               |
| hlo_cleanup                 |       0 |       0 |        0.00 | pbs_genopt_3  | 
| hlo_clip                    |       0 |       0 |        0.00 |               |
| hlo_clip_mux_input          |       0 |       0 |        0.00 |               |
| hlo_redundancy_removal_word |      37 |       0 |       11.78 |               |
| hlo_datapath_recast         |       0 |       0 |        0.00 |               |
| hlo_optimize_datapath       |       0 |       0 |        0.00 |               |
| hlo_mux_consolidation       |       0 |       0 |        0.01 |               |
| hlo_mux_cascade_opt         |       0 |       0 |        0.00 |               |
| hlo_reduce_operator_chain   |       0 |       0 |        0.00 |               |
| hlo_identity_transform      |       0 |       0 |        0.01 |               |
| hlo_restructure             |       0 |       0 |        0.02 |               |
| hlo_reconv_opt              |       0 |       0 |        0.00 |               |
| hlo_inequality_transform    |       0 |       0 |        0.17 |               |
| hlo_constant_mux_opt        |       0 |       0 |        0.00 |               |
| hlo_mux_consolidation       |       0 |       0 |        0.01 |               |
| hlo_mux_cascade_opt         |       0 |       0 |        0.00 |               |
| hlo_chop_mux                |       0 |       0 |        0.00 |               |
| hlo_mux_decode              |       0 |       0 |        0.00 |               |
| hlo_decode_mux_sandwich     |       0 |       0 |        0.00 |               |
| hlo_infer_macro             |       0 |       0 |        0.16 |               |
| hlo_recase_casebox          |       0 |       0 |        0.17 |               |
| hlo_cleanup                 |       0 |       0 |        0.00 | pbs_genopt_2  | 
| hlo_clip                    |       0 |       0 |        0.00 |               |
| hlo_clip_mux_input          |       0 |       0 |        0.00 |               |
| hlo_redundancy_removal_word |      37 |       0 |       12.28 |               |
| hlo_datapath_recast         |       0 |       0 |        0.00 |               |
| hlo_optimize_datapath       |       0 |       0 |        0.00 |               |
| hlo_mux_consolidation       |       0 |       0 |        0.00 |               |
| hlo_mux_cascade_opt         |       0 |       0 |        0.00 |               |
| hlo_reduce_operator_chain   |       0 |       0 |        0.00 |               |
| hlo_identity_transform      |       0 |       0 |        0.01 |               |
| hlo_restructure             |       0 |       0 |        0.02 |               |
| hlo_reconv_opt              |       0 |       0 |        0.00 |               |
| hlo_inequality_transform    |       0 |       0 |        0.16 |               |
| hlo_constant_mux_opt        |       0 |       0 |        0.00 |               |
| hlo_mux_consolidation       |       0 |       0 |        0.01 |               |
| hlo_mux_cascade_opt         |       0 |       0 |        0.00 |               |
| hlo_chop_mux                |       0 |       0 |        0.00 |               |
| hlo_mux_decode              |       0 |       0 |        0.00 |               |
| hlo_decode_mux_sandwich     |       0 |       0 |        0.00 |               |
| hlo_infer_macro             |       0 |       0 |        0.15 |               |
| hlo_recase_casebox          |       0 |       0 |        0.17 |               |
| hlo_cleanup                 |       0 |       0 |        0.00 | pbs_genopt_14 | 
| hlo_clip                    |       0 |       0 |        0.00 |               |
| hlo_clip_mux_input          |       0 |       0 |        0.00 |               |
| hlo_redundancy_removal_word |      37 |       0 |       12.27 |               |
| hlo_datapath_recast         |       0 |       0 |        0.00 |               |
| hlo_optimize_datapath       |       0 |       0 |        0.00 |               |
| hlo_mux_consolidation       |       0 |       0 |        0.01 |               |
| hlo_mux_cascade_opt         |       0 |       0 |        0.00 |               |
| hlo_reduce_operator_chain   |       0 |       0 |        0.00 |               |
| hlo_identity_transform      |       0 |       0 |        0.02 |               |
| hlo_restructure             |       0 |       0 |        0.02 |               |
| hlo_reconv_opt              |       0 |       0 |        0.00 |               |
| hlo_inequality_transform    |       0 |       0 |        0.17 |               |
| hlo_constant_mux_opt        |       0 |       0 |        0.01 |               |
| hlo_mux_consolidation       |       0 |       0 |        0.01 |               |
| hlo_mux_cascade_opt         |       0 |       0 |        0.00 |               |
| hlo_chop_mux                |       0 |       0 |        0.00 |               |
| hlo_mux_decode              |       0 |       0 |        0.00 |               |
| hlo_decode_mux_sandwich     |       0 |       0 |        0.00 |               |
| hlo_infer_macro             |       0 |       0 |        0.15 |               |
| hlo_recase_casebox          |       0 |       0 |        0.16 |               |
| hlo_cleanup                 |       0 |       0 |        0.00 | pbs_genopt_13 | 
| hlo_clip                    |       0 |       0 |        0.00 |               |
| hlo_clip_mux_input          |       0 |       0 |        0.00 |               |
| hlo_redundancy_removal_word |      35 |       0 |       11.38 |               |
| hlo_datapath_recast         |       0 |       0 |        0.00 |               |
| hlo_optimize_datapath       |       0 |       0 |        0.00 |               |
| hlo_mux_consolidation       |       0 |       0 |        0.01 |               |
| hlo_mux_cascade_opt         |       0 |       0 |        0.00 |               |
| hlo_reduce_operator_chain   |       0 |       0 |        0.00 |               |
| hlo_identity_transform      |       0 |       0 |        0.01 |               |
| hlo_restructure             |       0 |       0 |        0.02 |               |
| hlo_reconv_opt              |       0 |       0 |        0.00 |               |
| hlo_inequality_transform    |       0 |       0 |        0.16 |               |
| hlo_constant_mux_opt        |       0 |       0 |        0.00 |               |
| hlo_mux_consolidation       |       0 |       0 |        0.01 |               |
| hlo_mux_cascade_opt         |       0 |       0 |        0.00 |               |
| hlo_chop_mux                |       0 |       0 |        0.00 |               |
| hlo_mux_decode              |       0 |       0 |        0.00 |               |
| hlo_decode_mux_sandwich     |       0 |       0 |        0.00 |               |
| hlo_infer_macro             |       0 |       0 |        0.16 |               |
| hlo_recase_casebox          |       0 |       0 |        0.17 |               |
| hlo_cleanup                 |       0 |       0 |        0.00 | pbs_genopt_12 | 
| hlo_clip                    |       0 |       0 |        0.00 |               |
| hlo_clip_mux_input          |       0 |       0 |        0.00 |               |
| hlo_redundancy_removal_word |      37 |       0 |       11.66 |               |
| hlo_datapath_recast         |       0 |       0 |        0.00 |               |
| hlo_optimize_datapath       |       0 |       0 |        0.00 |               |
| hlo_mux_consolidation       |       0 |       0 |        0.01 |               |
| hlo_mux_cascade_opt         |       0 |       0 |        0.00 |               |
| hlo_reduce_operator_chain   |       0 |       0 |        0.00 |               |
| hlo_identity_transform      |       0 |       0 |        0.01 |               |
| hlo_restructure             |       0 |       0 |        0.02 |               |
| hlo_reconv_opt              |       0 |       0 |        0.00 |               |
| hlo_inequality_transform    |       0 |       0 |        0.16 |               |
| hlo_constant_mux_opt        |       0 |       0 |        0.00 |               |
| hlo_mux_consolidation       |       0 |       0 |        0.01 |               |
| hlo_mux_cascade_opt         |       0 |       0 |        0.00 |               |
| hlo_chop_mux                |       0 |       0 |        0.00 |               |
| hlo_mux_decode              |       0 |       0 |        0.00 |               |
| hlo_decode_mux_sandwich     |       0 |       0 |        0.00 |               |
| hlo_infer_macro             |       0 |       0 |        0.15 |               |
| hlo_recase_casebox          |       0 |       0 |        0.15 |               |
| hlo_cleanup                 |       0 |       0 |        0.00 | pbs_genopt_11 | 
| hlo_clip                    |       0 |       0 |        0.00 |               |
| hlo_clip_mux_input          |       0 |       0 |        0.00 |               |
| hlo_redundancy_removal_word |      37 |       0 |       13.52 |               |
| hlo_datapath_recast         |       0 |       0 |        0.00 |               |
| hlo_optimize_datapath       |       0 |       0 |        0.00 |               |
| hlo_mux_consolidation       |       0 |       0 |        0.01 |               |
| hlo_mux_cascade_opt         |       0 |       0 |        0.01 |               |
| hlo_reduce_operator_chain   |       0 |       0 |        0.01 |               |
| hlo_identity_transform      |       0 |       0 |        0.02 |               |
| hlo_restructure             |       0 |       0 |        0.03 |               |
| hlo_reconv_opt              |       0 |       0 |        0.00 |               |
| hlo_inequality_transform    |       0 |       0 |        0.20 |               |
| hlo_constant_mux_opt        |       0 |       0 |        0.01 |               |
| hlo_mux_consolidation       |       0 |       0 |        0.01 |               |
| hlo_mux_cascade_opt         |       0 |       0 |        0.01 |               |
| hlo_chop_mux                |       0 |       0 |        0.00 |               |
| hlo_mux_decode              |       0 |       0 |        0.00 |               |
| hlo_decode_mux_sandwich     |       0 |       0 |        0.00 |               |
| hlo_infer_macro             |       0 |       0 |        0.19 |               |
| hlo_recase_casebox          |       0 |       0 |        0.22 |               |
| hlo_cleanup                 |       0 |       0 |        0.00 | pbs_genopt_10 | 
| hlo_clip                    |       0 |       0 |        0.00 |               |
| hlo_clip_mux_input          |       0 |       0 |        0.00 |               |
| hlo_redundancy_removal_word |      37 |       0 |       11.65 |               |
| hlo_datapath_recast         |       0 |       0 |        0.00 |               |
| hlo_optimize_datapath       |       0 |       0 |        0.00 |               |
| hlo_mux_consolidation       |       0 |       0 |        0.01 |               |
| hlo_mux_cascade_opt         |       0 |       0 |        0.00 |               |
| hlo_reduce_operator_chain   |       0 |       0 |        0.00 |               |
| hlo_identity_transform      |       0 |       0 |        0.01 |               |
| hlo_restructure             |       0 |       0 |        0.02 |               |
| hlo_reconv_opt              |       0 |       0 |        0.00 |               |
| hlo_inequality_transform    |       0 |       0 |        0.15 |               |
| hlo_constant_mux_opt        |       0 |       0 |        0.00 |               |
| hlo_mux_consolidation       |       0 |       0 |        0.01 |               |
| hlo_mux_cascade_opt         |       0 |       0 |        0.00 |               |
| hlo_chop_mux                |       0 |       0 |        0.00 |               |
| hlo_mux_decode              |       0 |       0 |        0.00 |               |
| hlo_decode_mux_sandwich     |       0 |       0 |        0.00 |               |
| hlo_infer_macro             |       0 |       0 |        0.14 |               |
| hlo_recase_casebox          |       0 |       0 |        0.15 |               |
| hlo_cleanup                 |       0 |       0 |        0.00 | pbs_genopt_1  | 
| hlo_clip                    |       0 |       0 |        0.00 |               |
| hlo_clip_mux_input          |       0 |       0 |        0.00 |               |
| hlo_redundancy_removal_word |      37 |       0 |       12.13 |               |
| hlo_datapath_recast         |       0 |       0 |        0.00 |               |
| hlo_optimize_datapath       |       0 |       0 |        0.00 |               |
| hlo_mux_consolidation       |       0 |       0 |        0.01 |               |
| hlo_mux_cascade_opt         |       0 |       0 |        0.01 |               |
| hlo_reduce_operator_chain   |       0 |       0 |        0.00 |               |
| hlo_identity_transform      |       0 |       0 |        0.02 |               |
| hlo_restructure             |       0 |       0 |        0.02 |               |
| hlo_reconv_opt              |       0 |       0 |        0.00 |               |
| hlo_inequality_transform    |       0 |       0 |        0.17 |               |
| hlo_constant_mux_opt        |       0 |       0 |        0.00 |               |
| hlo_mux_consolidation       |       0 |       0 |        0.01 |               |
| hlo_mux_cascade_opt         |       0 |       0 |        0.00 |               |
| hlo_chop_mux                |       0 |       0 |        0.00 |               |
| hlo_mux_decode              |       0 |       0 |        0.00 |               |
| hlo_decode_mux_sandwich     |       0 |       0 |        0.00 |               |
| hlo_infer_macro             |       0 |       0 |        0.15 |               |
| hlo_recase_casebox          |       0 |       0 |        0.18 |               |
| hlo_cleanup                 |       0 |       0 |        0.00 | pbs_genopt_0  | 
| hlo_clip                    |       0 |       0 |        0.00 |               |
| hlo_clip_mux_input          |       0 |       0 |        0.00 |               |
| hlo_redundancy_removal_word |       0 |       0 |        0.36 |               |
| hlo_datapath_recast         |       0 |       0 |        0.00 |               |
| hlo_optimize_datapath       |       0 |       0 |        0.00 |               |
| hlo_mux_consolidation       |       0 |       0 |        0.01 |               |
| hlo_mux_cascade_opt         |       0 |       0 |        0.00 |               |
| hlo_reduce_operator_chain   |       0 |       0 |        0.00 |               |
| hlo_identity_transform      |       0 |       0 |        0.01 |               |
| hlo_restructure             |       0 |       0 |        0.06 |               |
| hlo_reconv_opt              |       0 |       0 |        0.00 |               |
| hlo_inequality_transform    |       0 |       0 |        0.11 |               |
| hlo_constant_mux_opt        |       0 |       0 |        0.00 |               |
| hlo_mux_consolidation       |       0 |       0 |        0.01 |               |
| hlo_mux_cascade_opt         |       0 |       0 |        0.00 |               |
| hlo_chop_mux                |       0 |       0 |        0.00 |               |
| hlo_mux_decode              |       0 |       0 |        0.00 |               |
| hlo_decode_mux_sandwich     |       0 |       0 |        0.00 |               |
| hlo_infer_macro             |       0 |       0 |        0.11 |               |
| hlo_recase_casebox          |       0 |       0 |        0.32 |               |
---------------------------------------------------------------------------------
 
Background Table : UME::post_hlo_rtlopt 
-----------------------------------------------------------------
| Trick       | Accepts | Rejects | Runtime (s) | Netlist ID    | 
-----------------------------------------------------------------
| ume_runtime |       0 |       0 |        0.00 | pbs_genopt_9  | 
| ume_runtime |       0 |       0 |        0.00 | pbs_genopt_8  | 
| ume_runtime |       0 |       0 |        0.00 | pbs_genopt_7  | 
| ume_runtime |       0 |       0 |        0.00 | pbs_genopt_6  | 
| ume_runtime |       0 |       0 |        0.00 | pbs_genopt_5  | 
| ume_runtime |       0 |       0 |        0.00 | pbs_genopt_4  | 
| ume_runtime |       0 |       0 |        0.00 | pbs_genopt_3  | 
| ume_runtime |       0 |       0 |        0.00 | pbs_genopt_2  | 
| ume_runtime |       0 |       0 |        0.00 | pbs_genopt_14 | 
| ume_runtime |       0 |       0 |        0.00 | pbs_genopt_13 | 
| ume_runtime |       0 |       0 |        0.00 | pbs_genopt_12 | 
| ume_runtime |       0 |       0 |        0.00 | pbs_genopt_11 | 
| ume_runtime |       0 |       0 |        0.00 | pbs_genopt_10 | 
| ume_runtime |       0 |       0 |        0.00 | pbs_genopt_1  | 
| ume_runtime |       9 |       0 |        0.00 | pbs_genopt_0  | 
| ume_runtime |       9 |       0 |        0.00 |               |
-----------------------------------------------------------------
 
Background Table : HLO::post_rtlopt 
--------------------------------------------------------------------------------
| Transform                  | Accepts | Rejects | Runtime (s) | Netlist ID    | 
--------------------------------------------------------------------------------
| hlo_mux_reorder            |       0 |       0 |        0.00 | pbs_genopt_9  | 
| hlo_logic_reduction        |       0 |       0 |        0.01 |               |
| hlo_redundancy_removal_bit |       0 |       0 |        3.99 |               |
| hlo_mux_reorder            |       0 |       0 |        0.00 | pbs_genopt_8  | 
| hlo_logic_reduction        |       0 |       0 |        0.01 |               |
| hlo_redundancy_removal_bit |       0 |       0 |        4.03 |               |
| hlo_mux_reorder            |       0 |       0 |        0.00 | pbs_genopt_7  | 
| hlo_logic_reduction        |       0 |       0 |        0.01 |               |
| hlo_redundancy_removal_bit |       0 |       0 |        4.33 |               |
| hlo_mux_reorder            |       0 |       0 |        0.00 | pbs_genopt_6  | 
| hlo_logic_reduction        |       0 |       0 |        0.00 |               |
| hlo_redundancy_removal_bit |       0 |       0 |        3.69 |               |
| hlo_mux_reorder            |       0 |       0 |        0.00 | pbs_genopt_5  | 
| hlo_logic_reduction        |       0 |       0 |        0.01 |               |
| hlo_redundancy_removal_bit |       0 |       0 |        4.19 |               |
| hlo_mux_reorder            |       0 |       0 |        0.00 | pbs_genopt_4  | 
| hlo_logic_reduction        |       0 |       0 |        0.01 |               |
| hlo_redundancy_removal_bit |       0 |       0 |        3.83 |               |
| hlo_mux_reorder            |       0 |       0 |        0.00 | pbs_genopt_3  | 
| hlo_logic_reduction        |       0 |       0 |        0.01 |               |
| hlo_redundancy_removal_bit |       0 |       0 |        4.13 |               |
| hlo_mux_reorder            |       0 |       0 |        0.00 | pbs_genopt_2  | 
| hlo_logic_reduction        |       0 |       0 |        0.01 |               |
| hlo_redundancy_removal_bit |       0 |       0 |        4.32 |               |
| hlo_mux_reorder            |       0 |       0 |        0.00 | pbs_genopt_14 | 
| hlo_logic_reduction        |       0 |       0 |        0.01 |               |
| hlo_redundancy_removal_bit |       0 |       0 |        4.40 |               |
| hlo_mux_reorder            |       0 |       0 |        0.00 | pbs_genopt_13 | 
| hlo_logic_reduction        |       0 |       0 |        0.01 |               |
| hlo_redundancy_removal_bit |       0 |       0 |        4.07 |               |
| hlo_mux_reorder            |       0 |       0 |        0.00 | pbs_genopt_12 | 
| hlo_logic_reduction        |       0 |       0 |        0.01 |               |
| hlo_redundancy_removal_bit |       0 |       0 |        3.98 |               |
| hlo_mux_reorder            |       0 |       0 |        0.00 | pbs_genopt_11 | 
| hlo_logic_reduction        |       0 |       0 |        0.01 |               |
| hlo_redundancy_removal_bit |       0 |       0 |        4.16 |               |
| hlo_mux_reorder            |       0 |       0 |        0.00 | pbs_genopt_10 | 
| hlo_logic_reduction        |       0 |       0 |        0.01 |               |
| hlo_redundancy_removal_bit |       0 |       0 |        4.08 |               |
| hlo_mux_reorder            |       0 |       0 |        0.00 | pbs_genopt_1  | 
| hlo_logic_reduction        |       0 |       0 |        0.01 |               |
| hlo_redundancy_removal_bit |       0 |       0 |        4.43 |               |
| hlo_mux_reorder            |       0 |       0 |        0.00 | pbs_genopt_0  | 
| hlo_logic_reduction        |       0 |       0 |        0.00 |               |
| hlo_redundancy_removal_bit |       0 |       0 |        0.37 |               |
--------------------------------------------------------------------------------
 
Background Table : HLO::post_muxopt 
---------------------------------------------------------------------
| Transform       | Accepts | Rejects | Runtime (s) | Netlist ID    | 
---------------------------------------------------------------------
| hlo_speculation |       0 |       0 |        1.66 | pbs_genopt_9  | 
| hlo_speculation |       0 |       0 |        1.71 | pbs_genopt_8  | 
| hlo_speculation |       0 |       0 |        2.10 | pbs_genopt_7  | 
| hlo_speculation |       0 |       0 |        1.54 | pbs_genopt_6  | 
| hlo_speculation |       0 |       0 |        1.98 | pbs_genopt_5  | 
| hlo_speculation |       0 |       0 |        1.67 | pbs_genopt_4  | 
| hlo_speculation |       0 |       0 |        1.94 | pbs_genopt_3  | 
| hlo_speculation |       0 |       0 |        2.04 | pbs_genopt_2  | 
| hlo_speculation |       0 |       0 |        2.02 | pbs_genopt_14 | 
| hlo_speculation |       0 |       0 |        1.88 | pbs_genopt_13 | 
| hlo_speculation |       0 |       0 |        1.76 | pbs_genopt_12 | 
| hlo_speculation |       0 |       0 |        1.88 | pbs_genopt_11 | 
| hlo_speculation |       0 |       0 |        1.81 | pbs_genopt_10 | 
| hlo_speculation |       0 |       0 |        2.16 | pbs_genopt_1  | 
| hlo_speculation |       0 |       0 |        1.98 | pbs_genopt_0  | 
---------------------------------------------------------------------
 

+-----------+------------------+-----+----------------------+---------------------------+
|   Host    |     Machine      | CPU | Physical Memory (MB) | Peak Physical Memory (MB) |
+-----------+------------------+-----+----------------------+---------------------------+
| localhost | auto.ece.pdx.edu |  8  |       15644.2        |          15987.3          |
+-----------+------------------+-----+----------------------+---------------------------+

+---------------+----------------------+---------------------------+
|    Server     | Physical Memory (MB) | Peak Physical Memory (MB) |
+---------------+----------------------+---------------------------+
| localhost_1_6 |      1299.2 [1]      |          [1] [2]          |
| localhost_1_1 |      1318.1 [1]      |          [1] [2]          |
| localhost_1_0 |     10848.2 [3]      |        11251.3 [3]        |
| localhost_1_4 |      1398.2 [1]      |          [1] [2]          |
| localhost_1_7 |      1371.6 [1]      |          [1] [2]          |
| localhost_1_5 |      1390.9 [1]      |          [1] [2]          |
| localhost_1_2 |      1384.6 [1]      |          [1] [2]          |
| localhost_1_3 |      1340.0 [1]      |          [1] [2]          |
+---------------+----------------------+---------------------------+
[1] Memory is included in parent localhost_1_0.
[2] Peak physical memory is not available for forked background servers.
[3] Memory of child processes is included.

PBS_Generic-Post_Genopt - Elapsed_Time 3254, CPU_Time 3309.843415
stamp 'PBS_Generic-Post_Genopt' being created for table 'pbs_debug'

  Total Time (Wall) |  Stage Time (Wall)  |   % (Wall)   |    Date - Time     |  Memory   | Stage
--------------------+---------------------+--------------+--------------------+-----------+----------------------
 00:02:23(00:02:23) |  00:00:00(00:00:00) |   0.0(  0.0) |   15:33:53 (May04) |   3.33 GB | PBS_Generic-Start
--------------------+---------------------+--------------+--------------------+-----------+----------------------
 00:57:33(00:56:37) |  00:55:10(00:54:14) | 100.0(100.0) |   16:28:07 (May04) |   6.48 GB | PBS_Generic-Post_Genopt
--------------------+---------------------+--------------+--------------------+-----------+----------------------
Number of threads: 8 * 1   (id: pbs_debug, time_info v1.57)
Info: (*N*) indicates data that was populated from previously saved time_info database
Info: CPU time includes time of parent + longest thread
Updating ST server settings
     Generating lib_script file: /home/iwyse/common/Documents/ECE510/project/510Project/project/cadence/systolic_16x32/.pbs_auto.ece.pdx.edu_2016/lib_script
Start partitioning.  Summary: MEM {curr: 5.6G, peak: 7.7G, phys curr: 6.3G, phys peak: 15.6G}
Start partitioning design sys_top for generic optimization.
Total generic instances for partitioning: 1622476
	Generic partition 0: size 42204
	Generic partition 1: size 98758
	Generic partition 2: size 98764
	Generic partition 3: size 98771
	Generic partition 4: size 98765
	Generic partition 5: size 98760
	Generic partition 6: size 98772
	Generic partition 7: size 98756
	Generic partition 8: size 98770
	Generic partition 9: size 98767
	Generic partition 10: size 98771
	Generic partition 11: size 98767
	Generic partition 12: size 98774
	Generic partition 13: size 98762
	Generic partition 14: size 98775
	Generic partition 15: size 98763
	Generic partition 16: size 98777
Done partitioning.  Summary: RT {elapsed: 2s, ST: 2s}, MEM {curr: 5.6G, peak: 7.7G, phys curr: 6.3G, phys peak: 15.6G}
Start creating partition netlists.  Summary: MEM {curr: 5.6G, peak: 7.7G, phys curr: 6.3G, phys peak: 15.6G}
Done creating partition netlists.  Summary: RT {elapsed: 11s, ST: 10s}, MEM {curr: 5.6G, peak: 7.7G, phys curr: 6.3G, phys peak: 15.6G}
Start budgeting timing for partitions.  Summary: MEM {curr: 5.6G, peak: 7.7G, phys curr: 6.3G, phys peak: 15.6G}
Done budgeting timing for partitions.  Summary: RT {elapsed: 74s, ST: 89s}, MEM {curr: 6.2G, peak: 7.7G, phys curr: 7.0G, phys peak: 15.6G}
Start deriving partition netlists.  Summary: MEM {curr: 6.2G, peak: 7.7G, phys curr: 7.0G, phys peak: 15.6G}
The inst 'pbs_fcopt_0' is selected as pbs candidate. The instance cnt is: '42204'.
The inst 'pbs_fcopt_1' is selected as pbs candidate. The instance cnt is: '98758'.
The inst 'pbs_fcopt_2' is selected as pbs candidate. The instance cnt is: '98764'.
The inst 'pbs_fcopt_3' is selected as pbs candidate. The instance cnt is: '98771'.
The inst 'pbs_fcopt_4' is selected as pbs candidate. The instance cnt is: '98765'.
The inst 'pbs_fcopt_5' is selected as pbs candidate. The instance cnt is: '98760'.
The inst 'pbs_fcopt_6' is selected as pbs candidate. The instance cnt is: '98772'.
The inst 'pbs_fcopt_7' is selected as pbs candidate. The instance cnt is: '98756'.
The inst 'pbs_fcopt_8' is selected as pbs candidate. The instance cnt is: '98770'.
The inst 'pbs_fcopt_9' is selected as pbs candidate. The instance cnt is: '98767'.
The inst 'pbs_fcopt_10' is selected as pbs candidate. The instance cnt is: '98771'.
The inst 'pbs_fcopt_11' is selected as pbs candidate. The instance cnt is: '98767'.
The inst 'pbs_fcopt_12' is selected as pbs candidate. The instance cnt is: '98774'.
The inst 'pbs_fcopt_13' is selected as pbs candidate. The instance cnt is: '98762'.
The inst 'pbs_fcopt_14' is selected as pbs candidate. The instance cnt is: '98775'.
The inst 'pbs_fcopt_15' is selected as pbs candidate. The instance cnt is: '98763'.
The inst 'pbs_fcopt_16' is selected as pbs candidate. The instance cnt is: '98777'.
Done deriving partition netlists.  Summary: RT {elapsed: 16s, ST: 16s}, MEM {curr: 6.2G, peak: 7.7G, phys curr: 7.0G, phys peak: 15.6G}
Wait for super-thread servers to finish loading libraries.
Start super thread servers forking.  Summary: MEM {curr: 6.1G, peak: 7.7G, phys curr: 7.0G, phys peak: 15.6G}
Info    : Connection established with super-threading server. [ST-110]
        : The server 'localhost_1_8' is forked process '11384' on this host.
Info    : Connection established with super-threading server. [ST-110]
        : The server 'localhost_1_9' is forked process '11386' on this host.
Info    : Connection established with super-threading server. [ST-110]
        : The server 'localhost_1_10' is forked process '11389' on this host.
Info    : Connection established with super-threading server. [ST-110]
        : The server 'localhost_1_11' is forked process '11391' on this host.
Info    : Connection established with super-threading server. [ST-110]
        : The server 'localhost_1_12' is forked process '11397' on this host.
Info    : Connection established with super-threading server. [ST-110]
        : The server 'localhost_1_13' is forked process '11427' on this host.
Info    : Connection established with super-threading server. [ST-110]
        : The server 'localhost_1_14' is forked process '11453' on this host.
Done super thread servers forking.  Summary: RT {elapsed: 1s, ST: 0s}, MEM {curr: 6.1G, peak: 7.7G, phys curr: 7.0G, phys peak: 15.6G}
        Distributing super-thread jobs: {pbs_fcopt_16 ./.pbs_auto.ece.pdx.edu_2016/pbs_fcopt_16.etf} {pbs_fcopt_14 ./.pbs_auto.ece.pdx.edu_2016/pbs_fcopt_14.etf} {pbs_fcopt_12 ./.pbs_auto.ece.pdx.edu_2016/pbs_fcopt_12.etf} {pbs_fcopt_6 ./.pbs_auto.ece.pdx.edu_2016/pbs_fcopt_6.etf} {pbs_fcopt_10 ./.pbs_auto.ece.pdx.edu_2016/pbs_fcopt_10.etf} {pbs_fcopt_3 ./.pbs_auto.ece.pdx.edu_2016/pbs_fcopt_3.etf} {pbs_fcopt_8 ./.pbs_auto.ece.pdx.edu_2016/pbs_fcopt_8.etf} {pbs_fcopt_9 ./.pbs_auto.ece.pdx.edu_2016/pbs_fcopt_9.etf} {pbs_fcopt_11 ./.pbs_auto.ece.pdx.edu_2016/pbs_fcopt_11.etf} {pbs_fcopt_4 ./.pbs_auto.ece.pdx.edu_2016/pbs_fcopt_4.etf} {pbs_fcopt_2 ./.pbs_auto.ece.pdx.edu_2016/pbs_fcopt_2.etf} {pbs_fcopt_15 ./.pbs_auto.ece.pdx.edu_2016/pbs_fcopt_15.etf} {pbs_fcopt_13 ./.pbs_auto.ece.pdx.edu_2016/pbs_fcopt_13.etf} {pbs_fcopt_5 ./.pbs_auto.ece.pdx.edu_2016/pbs_fcopt_5.etf} {pbs_fcopt_1 ./.pbs_auto.ece.pdx.edu_2016/pbs_fcopt_1.etf} {pbs_fcopt_7 ./.pbs_auto.ece.pdx.edu_2016/pbs_fcopt_7.etf} {pbs_fcopt_0 ./.pbs_auto.ece.pdx.edu_2016/pbs_fcopt_0.etf}
          Sending 'pbs_fcopt_16 ./.pbs_auto.ece.pdx.edu_2016/pbs_fcopt_16.etf' to server 'localhost_1_14'...
            Sent 'pbs_fcopt_16 ./.pbs_auto.ece.pdx.edu_2016/pbs_fcopt_16.etf' to server 'localhost_1_14'.
          Sending 'pbs_fcopt_14 ./.pbs_auto.ece.pdx.edu_2016/pbs_fcopt_14.etf' to server 'localhost_1_11'...
            Sent 'pbs_fcopt_14 ./.pbs_auto.ece.pdx.edu_2016/pbs_fcopt_14.etf' to server 'localhost_1_11'.
          Sending 'pbs_fcopt_12 ./.pbs_auto.ece.pdx.edu_2016/pbs_fcopt_12.etf' to server 'localhost_1_10'...
            Sent 'pbs_fcopt_12 ./.pbs_auto.ece.pdx.edu_2016/pbs_fcopt_12.etf' to server 'localhost_1_10'.
          Sending 'pbs_fcopt_6 ./.pbs_auto.ece.pdx.edu_2016/pbs_fcopt_6.etf' to server 'localhost_1_13'...
            Sent 'pbs_fcopt_6 ./.pbs_auto.ece.pdx.edu_2016/pbs_fcopt_6.etf' to server 'localhost_1_13'.
          Sending 'pbs_fcopt_10 ./.pbs_auto.ece.pdx.edu_2016/pbs_fcopt_10.etf' to server 'localhost_1_8'...
            Sent 'pbs_fcopt_10 ./.pbs_auto.ece.pdx.edu_2016/pbs_fcopt_10.etf' to server 'localhost_1_8'.
          Sending 'pbs_fcopt_3 ./.pbs_auto.ece.pdx.edu_2016/pbs_fcopt_3.etf' to server 'localhost_1_12'...
            Sent 'pbs_fcopt_3 ./.pbs_auto.ece.pdx.edu_2016/pbs_fcopt_3.etf' to server 'localhost_1_12'.
          Sending 'pbs_fcopt_8 ./.pbs_auto.ece.pdx.edu_2016/pbs_fcopt_8.etf' to server 'localhost_1_0'...
            Sent 'pbs_fcopt_8 ./.pbs_auto.ece.pdx.edu_2016/pbs_fcopt_8.etf' to server 'localhost_1_0'.
          Sending 'pbs_fcopt_9 ./.pbs_auto.ece.pdx.edu_2016/pbs_fcopt_9.etf' to server 'localhost_1_9'...
            Sent 'pbs_fcopt_9 ./.pbs_auto.ece.pdx.edu_2016/pbs_fcopt_9.etf' to server 'localhost_1_9'.
          Received 'pbs_fcopt_8 ./.pbs_auto.ece.pdx.edu_2016/pbs_fcopt_8.etf' from server 'localhost_1_0'. (242533 ms elapsed)
          Sending 'pbs_fcopt_11 ./.pbs_auto.ece.pdx.edu_2016/pbs_fcopt_11.etf' to server 'localhost_1_0'...
            Sent 'pbs_fcopt_11 ./.pbs_auto.ece.pdx.edu_2016/pbs_fcopt_11.etf' to server 'localhost_1_0'.
          Received 'pbs_fcopt_14 ./.pbs_auto.ece.pdx.edu_2016/pbs_fcopt_14.etf' from server 'localhost_1_11'. (244912 ms elapsed)
          Sending 'pbs_fcopt_4 ./.pbs_auto.ece.pdx.edu_2016/pbs_fcopt_4.etf' to server 'localhost_1_11'...
            Sent 'pbs_fcopt_4 ./.pbs_auto.ece.pdx.edu_2016/pbs_fcopt_4.etf' to server 'localhost_1_11'.
          Received 'pbs_fcopt_12 ./.pbs_auto.ece.pdx.edu_2016/pbs_fcopt_12.etf' from server 'localhost_1_10'. (248020 ms elapsed)
          Sending 'pbs_fcopt_2 ./.pbs_auto.ece.pdx.edu_2016/pbs_fcopt_2.etf' to server 'localhost_1_10'...
            Sent 'pbs_fcopt_2 ./.pbs_auto.ece.pdx.edu_2016/pbs_fcopt_2.etf' to server 'localhost_1_10'.
          Received 'pbs_fcopt_9 ./.pbs_auto.ece.pdx.edu_2016/pbs_fcopt_9.etf' from server 'localhost_1_9'. (248788 ms elapsed)
       Partition:  pbs_fcopt_9 - PBS_Generic_Opt-Distributed_Read_DB - Elapsed_Time 4.00, CPU_Time 3.00
       Partition:  pbs_fcopt_9 - PBS_Generic_Opt-Distributed_Generic - Elapsed_Time 4.00, CPU_Time 4.00
       Partition:  pbs_fcopt_9 - PBS_Generic_Opt-First_Cond - Elapsed_Time 232.00, CPU_Time 190.14
       Partition:  pbs_fcopt_9 - PBS_Generic_Opt-Distributed_Prop_Const - Elapsed_Time 4.00, CPU_Time 4.00
       Partition:  pbs_fcopt_9 - PBS_Generic_Opt-Distributed_Gobble - Elapsed_Time 0.00, CPU_Time 0.00
       Partition:  pbs_fcopt_9 - PBS_Generic_Opt-Distributed_Report - Elapsed_Time 0.00, CPU_Time 0.00
       Start - Partition: pbs_fcopt_9 Slack: -247.5 TNS: 222156.8 Cell-Count: 98767 Cell-Area: 8853 
Init-Memory: 2400.02
       Done  - Partition: pbs_fcopt_9 Slack: -204.2 TNS: 176515.0 Cell-Count: 47051 Cell-Area: 5873 
Peak-Memory: 2484.00 Elapsed: 244
       Partition:  pbs_fcopt_9 - PBS_Generic_Opt-Distributed_Write_DB - Elapsed_Time 5.00, CPU_Time 5.00
       pbs_fcopt_9 - PBS_Generic_Opt-Assembly - Elapsed_Time 3, CPU_Time 2.0
       Partition:  pbs_fcopt_9 - Runtime taken by the partition - Elapsed_Time 249.00, CPU_Time 206.14
       Partition:  pbs_fcopt_8 - PBS_Generic_Opt-Distributed_Read_DB - Elapsed_Time 2.00, CPU_Time 2.00
       Partition:  pbs_fcopt_8 - PBS_Generic_Opt-Distributed_Generic - Elapsed_Time 4.00, CPU_Time 4.00
       Partition:  pbs_fcopt_8 - PBS_Generic_Opt-First_Cond - Elapsed_Time 227.00, CPU_Time 193.61
       Partition:  pbs_fcopt_8 - PBS_Generic_Opt-Distributed_Prop_Const - Elapsed_Time 3.00, CPU_Time 3.00
       Partition:  pbs_fcopt_8 - PBS_Generic_Opt-Distributed_Gobble - Elapsed_Time 0.00, CPU_Time 0.00
       Partition:  pbs_fcopt_8 - PBS_Generic_Opt-Distributed_Report - Elapsed_Time 0.00, CPU_Time 0.00
       Start - Partition: pbs_fcopt_8 Slack: -247.5 TNS: 224201.6 Cell-Count: 98770 Cell-Area: 8851 
Init-Memory: 2464.05
       Done  - Partition: pbs_fcopt_8 Slack: -204.2 TNS: 176481.6 Cell-Count: 47069 Cell-Area: 5872 
Peak-Memory: 2532.06 Elapsed: 236
       Partition:  pbs_fcopt_8 - PBS_Generic_Opt-Distributed_Write_DB - Elapsed_Time 6.00, CPU_Time 6.00
       pbs_fcopt_8 - PBS_Generic_Opt-Assembly - Elapsed_Time 2, CPU_Time 3.0
       Partition:  pbs_fcopt_8 - Runtime taken by the partition - Elapsed_Time 242.00, CPU_Time 208.61
          Sending 'pbs_fcopt_15 ./.pbs_auto.ece.pdx.edu_2016/pbs_fcopt_15.etf' to server 'localhost_1_9'...
            Sent 'pbs_fcopt_15 ./.pbs_auto.ece.pdx.edu_2016/pbs_fcopt_15.etf' to server 'localhost_1_9'.
          Received 'pbs_fcopt_10 ./.pbs_auto.ece.pdx.edu_2016/pbs_fcopt_10.etf' from server 'localhost_1_8'. (253642 ms elapsed)
          Sending 'pbs_fcopt_13 ./.pbs_auto.ece.pdx.edu_2016/pbs_fcopt_13.etf' to server 'localhost_1_8'...
            Sent 'pbs_fcopt_13 ./.pbs_auto.ece.pdx.edu_2016/pbs_fcopt_13.etf' to server 'localhost_1_8'.
          Received 'pbs_fcopt_3 ./.pbs_auto.ece.pdx.edu_2016/pbs_fcopt_3.etf' from server 'localhost_1_12'. (254815 ms elapsed)
       Partition:  pbs_fcopt_3 - PBS_Generic_Opt-Distributed_Read_DB - Elapsed_Time 4.00, CPU_Time 3.00
       Partition:  pbs_fcopt_3 - PBS_Generic_Opt-Distributed_Generic - Elapsed_Time 5.00, CPU_Time 5.00
       Partition:  pbs_fcopt_3 - PBS_Generic_Opt-First_Cond - Elapsed_Time 238.00, CPU_Time 188.23
       Partition:  pbs_fcopt_3 - PBS_Generic_Opt-Distributed_Prop_Const - Elapsed_Time 3.00, CPU_Time 3.00
       Partition:  pbs_fcopt_3 - PBS_Generic_Opt-Distributed_Gobble - Elapsed_Time 0.00, CPU_Time 0.00
       Partition:  pbs_fcopt_3 - PBS_Generic_Opt-Distributed_Report - Elapsed_Time 0.00, CPU_Time 0.00
       Start - Partition: pbs_fcopt_3 Slack: -247.5 TNS: 224934.4 Cell-Count: 98771 Cell-Area: 8850 
Init-Memory: 2400.02
       Done  - Partition: pbs_fcopt_3 Slack: -204.2 TNS: 175001.5 Cell-Count: 47074 Cell-Area: 5872 
Peak-Memory: 2487.00 Elapsed: 250
       Partition:  pbs_fcopt_3 - PBS_Generic_Opt-Distributed_Write_DB - Elapsed_Time 5.00, CPU_Time 4.99
       pbs_fcopt_3 - PBS_Generic_Opt-Assembly - Elapsed_Time 2, CPU_Time 2.0
       Partition:  pbs_fcopt_3 - Runtime taken by the partition - Elapsed_Time 255.00, CPU_Time 204.22
       Partition:  pbs_fcopt_10 - PBS_Generic_Opt-Distributed_Read_DB - Elapsed_Time 4.00, CPU_Time 3.00
       Partition:  pbs_fcopt_10 - PBS_Generic_Opt-Distributed_Generic - Elapsed_Time 4.00, CPU_Time 4.00
       Partition:  pbs_fcopt_10 - PBS_Generic_Opt-First_Cond - Elapsed_Time 233.00, CPU_Time 192.37
       Partition:  pbs_fcopt_10 - PBS_Generic_Opt-Distributed_Prop_Const - Elapsed_Time 3.00, CPU_Time 3.00
       Partition:  pbs_fcopt_10 - PBS_Generic_Opt-Distributed_Gobble - Elapsed_Time 0.00, CPU_Time 0.00
       Partition:  pbs_fcopt_10 - PBS_Generic_Opt-Distributed_Report - Elapsed_Time 0.00, CPU_Time 0.00
       Start - Partition: pbs_fcopt_10 Slack: -247.5 TNS: 224934.4 Cell-Count: 98771 Cell-Area: 8850 
Init-Memory: 2400.02
       Done  - Partition: pbs_fcopt_10 Slack: -204.2 TNS: 175001.5 Cell-Count: 47074 Cell-Area: 5872 
Peak-Memory: 2484.00 Elapsed: 244
       Partition:  pbs_fcopt_10 - PBS_Generic_Opt-Distributed_Write_DB - Elapsed_Time 5.00, CPU_Time 6.00
       pbs_fcopt_10 - PBS_Generic_Opt-Assembly - Elapsed_Time 3, CPU_Time 2.0
       Partition:  pbs_fcopt_10 - Runtime taken by the partition - Elapsed_Time 249.00, CPU_Time 208.37
          Sending 'pbs_fcopt_5 ./.pbs_auto.ece.pdx.edu_2016/pbs_fcopt_5.etf' to server 'localhost_1_12'...
            Sent 'pbs_fcopt_5 ./.pbs_auto.ece.pdx.edu_2016/pbs_fcopt_5.etf' to server 'localhost_1_12'.
          Received 'pbs_fcopt_16 ./.pbs_auto.ece.pdx.edu_2016/pbs_fcopt_16.etf' from server 'localhost_1_14'. (264741 ms elapsed)
          Sending 'pbs_fcopt_1 ./.pbs_auto.ece.pdx.edu_2016/pbs_fcopt_1.etf' to server 'localhost_1_14'...
            Sent 'pbs_fcopt_1 ./.pbs_auto.ece.pdx.edu_2016/pbs_fcopt_1.etf' to server 'localhost_1_14'.
          Received 'pbs_fcopt_6 ./.pbs_auto.ece.pdx.edu_2016/pbs_fcopt_6.etf' from server 'localhost_1_13'. (277197 ms elapsed)
       Partition:  pbs_fcopt_6 - PBS_Generic_Opt-Distributed_Read_DB - Elapsed_Time 4.00, CPU_Time 3.00
       Partition:  pbs_fcopt_6 - PBS_Generic_Opt-Distributed_Generic - Elapsed_Time 5.00, CPU_Time 5.00
       Partition:  pbs_fcopt_6 - PBS_Generic_Opt-First_Cond - Elapsed_Time 258.00, CPU_Time 195.97
       Partition:  pbs_fcopt_6 - PBS_Generic_Opt-Distributed_Prop_Const - Elapsed_Time 4.00, CPU_Time 4.00
       Partition:  pbs_fcopt_6 - PBS_Generic_Opt-Distributed_Gobble - Elapsed_Time 0.00, CPU_Time 0.00
       Partition:  pbs_fcopt_6 - PBS_Generic_Opt-Distributed_Report - Elapsed_Time 0.00, CPU_Time 0.00
       Start - Partition: pbs_fcopt_6 Slack: -247.5 TNS: 225705.6 Cell-Count: 98772 Cell-Area: 8850 
Init-Memory: 2400.02
       Done  - Partition: pbs_fcopt_6 Slack: -204.2 TNS: 176400.8 Cell-Count: 47084 Cell-Area: 5874 
Peak-Memory: 2486.00 Elapsed: 271
       Partition:  pbs_fcopt_6 - PBS_Generic_Opt-Distributed_Write_DB - Elapsed_Time 6.00, CPU_Time 7.00
       pbs_fcopt_6 - PBS_Generic_Opt-Assembly - Elapsed_Time 3, CPU_Time 4.0
       Partition:  pbs_fcopt_6 - Runtime taken by the partition - Elapsed_Time 277.00, CPU_Time 214.97
       Partition:  pbs_fcopt_12 - PBS_Generic_Opt-Distributed_Read_DB - Elapsed_Time 4.00, CPU_Time 3.00
       Partition:  pbs_fcopt_12 - PBS_Generic_Opt-Distributed_Generic - Elapsed_Time 4.00, CPU_Time 4.00
       Partition:  pbs_fcopt_12 - PBS_Generic_Opt-First_Cond - Elapsed_Time 232.00, CPU_Time 192.98
       Partition:  pbs_fcopt_12 - PBS_Generic_Opt-Distributed_Prop_Const - Elapsed_Time 3.00, CPU_Time 4.00
       Partition:  pbs_fcopt_12 - PBS_Generic_Opt-Distributed_Gobble - Elapsed_Time 0.00, CPU_Time 0.00
       Partition:  pbs_fcopt_12 - PBS_Generic_Opt-Distributed_Report - Elapsed_Time 0.00, CPU_Time 0.00
       Start - Partition: pbs_fcopt_12 Slack: -247.5 TNS: 227132.8 Cell-Count: 98774 Cell-Area: 8848 
Init-Memory: 2400.02
       Done  - Partition: pbs_fcopt_12 Slack: -204.2 TNS: 175041.5 Cell-Count: 47089 Cell-Area: 5873 
Peak-Memory: 2485.00 Elapsed: 243
       Partition:  pbs_fcopt_12 - PBS_Generic_Opt-Distributed_Write_DB - Elapsed_Time 5.00, CPU_Time 5.00
       pbs_fcopt_12 - PBS_Generic_Opt-Assembly - Elapsed_Time 3, CPU_Time 3.0
       Partition:  pbs_fcopt_12 - Runtime taken by the partition - Elapsed_Time 248.00, CPU_Time 208.98
       Partition:  pbs_fcopt_14 - PBS_Generic_Opt-Distributed_Read_DB - Elapsed_Time 4.00, CPU_Time 3.00
       Partition:  pbs_fcopt_14 - PBS_Generic_Opt-Distributed_Generic - Elapsed_Time 4.00, CPU_Time 4.00
       Partition:  pbs_fcopt_14 - PBS_Generic_Opt-First_Cond - Elapsed_Time 228.00, CPU_Time 191.51
       Partition:  pbs_fcopt_14 - PBS_Generic_Opt-Distributed_Prop_Const - Elapsed_Time 4.00, CPU_Time 3.00
       Partition:  pbs_fcopt_14 - PBS_Generic_Opt-Distributed_Gobble - Elapsed_Time 0.00, CPU_Time 0.00
       Partition:  pbs_fcopt_14 - PBS_Generic_Opt-Distributed_Report - Elapsed_Time 0.00, CPU_Time 0.00
       Start - Partition: pbs_fcopt_14 Slack: -247.5 TNS: 227980.8 Cell-Count: 98775 Cell-Area: 8848 
Init-Memory: 2400.02
       Done  - Partition: pbs_fcopt_14 Slack: -204.2 TNS: 170824.0 Cell-Count: 47109 Cell-Area: 5876 
Peak-Memory: 2485.00 Elapsed: 240
       Partition:  pbs_fcopt_14 - PBS_Generic_Opt-Distributed_Write_DB - Elapsed_Time 5.00, CPU_Time 5.00
       pbs_fcopt_14 - PBS_Generic_Opt-Assembly - Elapsed_Time 3, CPU_Time 2.0
       Partition:  pbs_fcopt_14 - Runtime taken by the partition - Elapsed_Time 245.00, CPU_Time 206.51
       Partition:  pbs_fcopt_16 - PBS_Generic_Opt-Distributed_Read_DB - Elapsed_Time 4.00, CPU_Time 3.00
       Partition:  pbs_fcopt_16 - PBS_Generic_Opt-Distributed_Generic - Elapsed_Time 4.00, CPU_Time 4.00
       Partition:  pbs_fcopt_16 - PBS_Generic_Opt-First_Cond - Elapsed_Time 248.00, CPU_Time 185.65
       Partition:  pbs_fcopt_16 - PBS_Generic_Opt-Distributed_Prop_Const - Elapsed_Time 3.00, CPU_Time 4.00
       Partition:  pbs_fcopt_16 - PBS_Generic_Opt-Distributed_Gobble - Elapsed_Time 0.00, CPU_Time 0.00
       Partition:  pbs_fcopt_16 - PBS_Generic_Opt-Distributed_Report - Elapsed_Time 0.00, CPU_Time 0.00
       Start - Partition: pbs_fcopt_16 Slack: -247.5 TNS: 229369.6 Cell-Count: 98777 Cell-Area: 8846 
Init-Memory: 2400.02
       Done  - Partition: pbs_fcopt_16 Slack: -204.2 TNS: 170645.7 Cell-Count: 47111 Cell-Area: 5875 
Peak-Memory: 2484.00 Elapsed: 259
       Partition:  pbs_fcopt_16 - PBS_Generic_Opt-Distributed_Write_DB - Elapsed_Time 6.00, CPU_Time 5.00
       pbs_fcopt_16 - PBS_Generic_Opt-Assembly - Elapsed_Time 2, CPU_Time 3.0
       Partition:  pbs_fcopt_16 - Runtime taken by the partition - Elapsed_Time 265.00, CPU_Time 201.65
          Sending 'pbs_fcopt_7 ./.pbs_auto.ece.pdx.edu_2016/pbs_fcopt_7.etf' to server 'localhost_1_13'...
            Sent 'pbs_fcopt_7 ./.pbs_auto.ece.pdx.edu_2016/pbs_fcopt_7.etf' to server 'localhost_1_13'.
          Received 'pbs_fcopt_11 ./.pbs_auto.ece.pdx.edu_2016/pbs_fcopt_11.etf' from server 'localhost_1_0'. (239644 ms elapsed)
       Partition:  pbs_fcopt_11 - PBS_Generic_Opt-Distributed_Read_DB - Elapsed_Time 2.00, CPU_Time 1.00
       Partition:  pbs_fcopt_11 - PBS_Generic_Opt-Distributed_Generic - Elapsed_Time 4.00, CPU_Time 5.00
       Partition:  pbs_fcopt_11 - PBS_Generic_Opt-First_Cond - Elapsed_Time 224.00, CPU_Time 181.49
       Partition:  pbs_fcopt_11 - PBS_Generic_Opt-Distributed_Prop_Const - Elapsed_Time 4.00, CPU_Time 4.00
       Partition:  pbs_fcopt_11 - PBS_Generic_Opt-Distributed_Gobble - Elapsed_Time 0.00, CPU_Time 0.00
       Partition:  pbs_fcopt_11 - PBS_Generic_Opt-Distributed_Report - Elapsed_Time 0.00, CPU_Time 0.00
       Start - Partition: pbs_fcopt_11 Slack: -247.5 TNS: 222080.0 Cell-Count: 98767 Cell-Area: 8853 
Init-Memory: 2498.00
       Done  - Partition: pbs_fcopt_11 Slack: -204.2 TNS: 175920.2 Cell-Count: 47057 Cell-Area: 5872 
Peak-Memory: 2532.06 Elapsed: 234
       Partition:  pbs_fcopt_11 - PBS_Generic_Opt-Distributed_Write_DB - Elapsed_Time 5.00, CPU_Time 5.00
       pbs_fcopt_11 - PBS_Generic_Opt-Assembly - Elapsed_Time 2, CPU_Time 2.0
       Partition:  pbs_fcopt_11 - Runtime taken by the partition - Elapsed_Time 239.00, CPU_Time 196.49
          Sending 'pbs_fcopt_0 ./.pbs_auto.ece.pdx.edu_2016/pbs_fcopt_0.etf' to server 'localhost_1_0'...
            Sent 'pbs_fcopt_0 ./.pbs_auto.ece.pdx.edu_2016/pbs_fcopt_0.etf' to server 'localhost_1_0'.
          Received 'pbs_fcopt_2 ./.pbs_auto.ece.pdx.edu_2016/pbs_fcopt_2.etf' from server 'localhost_1_10'. (239556 ms elapsed)
          Received 'pbs_fcopt_4 ./.pbs_auto.ece.pdx.edu_2016/pbs_fcopt_4.etf' from server 'localhost_1_11'. (242665 ms elapsed)
       Partition:  pbs_fcopt_4 - PBS_Generic_Opt-Distributed_Read_DB - Elapsed_Time 2.00, CPU_Time 1.00
       Partition:  pbs_fcopt_4 - PBS_Generic_Opt-Distributed_Generic - Elapsed_Time 4.00, CPU_Time 5.00
       Partition:  pbs_fcopt_4 - PBS_Generic_Opt-First_Cond - Elapsed_Time 223.00, CPU_Time 185.92
       Partition:  pbs_fcopt_4 - PBS_Generic_Opt-Distributed_Prop_Const - Elapsed_Time 3.00, CPU_Time 3.00
       Partition:  pbs_fcopt_4 - PBS_Generic_Opt-Distributed_Gobble - Elapsed_Time 1.00, CPU_Time 1.00
       Partition:  pbs_fcopt_4 - PBS_Generic_Opt-Distributed_Report - Elapsed_Time 0.00, CPU_Time 0.00
       Start - Partition: pbs_fcopt_4 Slack: -247.5 TNS: 220614.4 Cell-Count: 98765 Cell-Area: 8854 
Init-Memory: 2499.00
       Done  - Partition: pbs_fcopt_4 Slack: -204.2 TNS: 180486.6 Cell-Count: 47052 Cell-Area: 5872 
Peak-Memory: 2533.02 Elapsed: 233
       Partition:  pbs_fcopt_4 - PBS_Generic_Opt-Distributed_Write_DB - Elapsed_Time 5.00, CPU_Time 5.00
       pbs_fcopt_4 - PBS_Generic_Opt-Assembly - Elapsed_Time 4, CPU_Time 4.0
       Partition:  pbs_fcopt_4 - Runtime taken by the partition - Elapsed_Time 238.00, CPU_Time 200.92
       Partition:  pbs_fcopt_2 - PBS_Generic_Opt-Distributed_Read_DB - Elapsed_Time 2.00, CPU_Time 2.00
       Partition:  pbs_fcopt_2 - PBS_Generic_Opt-Distributed_Generic - Elapsed_Time 4.00, CPU_Time 4.00
       Partition:  pbs_fcopt_2 - PBS_Generic_Opt-First_Cond - Elapsed_Time 226.00, CPU_Time 199.72
       Partition:  pbs_fcopt_2 - PBS_Generic_Opt-Distributed_Prop_Const - Elapsed_Time 3.00, CPU_Time 3.00
       Partition:  pbs_fcopt_2 - PBS_Generic_Opt-Distributed_Gobble - Elapsed_Time 0.00, CPU_Time 0.00
       Partition:  pbs_fcopt_2 - PBS_Generic_Opt-Distributed_Report - Elapsed_Time 0.00, CPU_Time 0.00
       Start - Partition: pbs_fcopt_2 Slack: -247.5 TNS: 220035.2 Cell-Count: 98764 Cell-Area: 8855 
Init-Memory: 2499.00
       Done  - Partition: pbs_fcopt_2 Slack: -204.2 TNS: 176212.2 Cell-Count: 47063 Cell-Area: 5873 
Peak-Memory: 2533.02 Elapsed: 235
       Partition:  pbs_fcopt_2 - PBS_Generic_Opt-Distributed_Write_DB - Elapsed_Time 4.00, CPU_Time 6.00
       pbs_fcopt_2 - PBS_Generic_Opt-Assembly - Elapsed_Time 2, CPU_Time 3.0
       Partition:  pbs_fcopt_2 - Runtime taken by the partition - Elapsed_Time 239.00, CPU_Time 214.72
          Received 'pbs_fcopt_15 ./.pbs_auto.ece.pdx.edu_2016/pbs_fcopt_15.etf' from server 'localhost_1_9'. (244523 ms elapsed)
       Partition:  pbs_fcopt_15 - PBS_Generic_Opt-Distributed_Read_DB - Elapsed_Time 3.00, CPU_Time 2.00
       Partition:  pbs_fcopt_15 - PBS_Generic_Opt-Distributed_Generic - Elapsed_Time 4.00, CPU_Time 5.00
       Partition:  pbs_fcopt_15 - PBS_Generic_Opt-First_Cond - Elapsed_Time 228.00, CPU_Time 196.48
       Partition:  pbs_fcopt_15 - PBS_Generic_Opt-Distributed_Prop_Const - Elapsed_Time 4.00, CPU_Time 3.00
       Partition:  pbs_fcopt_15 - PBS_Generic_Opt-Distributed_Gobble - Elapsed_Time 0.00, CPU_Time 1.00
       Partition:  pbs_fcopt_15 - PBS_Generic_Opt-Distributed_Report - Elapsed_Time 0.00, CPU_Time 0.00
       Start - Partition: pbs_fcopt_15 Slack: -247.5 TNS: 219264.0 Cell-Count: 98763 Cell-Area: 8855 
Init-Memory: 2498.00
       Done  - Partition: pbs_fcopt_15 Slack: -204.2 TNS: 180480.4 Cell-Count: 47054 Cell-Area: 5873 
Peak-Memory: 2532.02 Elapsed: 239
       Partition:  pbs_fcopt_15 - PBS_Generic_Opt-Distributed_Write_DB - Elapsed_Time 5.00, CPU_Time 5.00
       pbs_fcopt_15 - PBS_Generic_Opt-Assembly - Elapsed_Time 2, CPU_Time 2.0
       Partition:  pbs_fcopt_15 - Runtime taken by the partition - Elapsed_Time 244.00, CPU_Time 212.48
          Received 'pbs_fcopt_13 ./.pbs_auto.ece.pdx.edu_2016/pbs_fcopt_13.etf' from server 'localhost_1_8'. (248480 ms elapsed)
       Partition:  pbs_fcopt_13 - PBS_Generic_Opt-Distributed_Read_DB - Elapsed_Time 2.00, CPU_Time 3.00
       Partition:  pbs_fcopt_13 - PBS_Generic_Opt-Distributed_Generic - Elapsed_Time 5.00, CPU_Time 5.00
       Partition:  pbs_fcopt_13 - PBS_Generic_Opt-First_Cond - Elapsed_Time 228.00, CPU_Time 198.37
       Partition:  pbs_fcopt_13 - PBS_Generic_Opt-Distributed_Prop_Const - Elapsed_Time 4.00, CPU_Time 4.00
       Partition:  pbs_fcopt_13 - PBS_Generic_Opt-Distributed_Gobble - Elapsed_Time 0.00, CPU_Time 0.00
       Partition:  pbs_fcopt_13 - PBS_Generic_Opt-Distributed_Report - Elapsed_Time 0.00, CPU_Time 0.00
       Start - Partition: pbs_fcopt_13 Slack: -247.5 TNS: 218646.4 Cell-Count: 98762 Cell-Area: 8856 
Init-Memory: 2498.00
       Done  - Partition: pbs_fcopt_13 Slack: -204.2 TNS: 173222.8 Cell-Count: 47032 Cell-Area: 5873 
Peak-Memory: 2532.02 Elapsed: 239
       Partition:  pbs_fcopt_13 - PBS_Generic_Opt-Distributed_Write_DB - Elapsed_Time 5.00, CPU_Time 5.00
       pbs_fcopt_13 - PBS_Generic_Opt-Assembly - Elapsed_Time 3, CPU_Time 3.0
       Partition:  pbs_fcopt_13 - Runtime taken by the partition - Elapsed_Time 244.00, CPU_Time 215.37
          Received 'pbs_fcopt_5 ./.pbs_auto.ece.pdx.edu_2016/pbs_fcopt_5.etf' from server 'localhost_1_12'. (247000 ms elapsed)
       Partition:  pbs_fcopt_5 - PBS_Generic_Opt-Distributed_Read_DB - Elapsed_Time 1.00, CPU_Time 1.00
       Partition:  pbs_fcopt_5 - PBS_Generic_Opt-Distributed_Generic - Elapsed_Time 4.00, CPU_Time 5.00
       Partition:  pbs_fcopt_5 - PBS_Generic_Opt-First_Cond - Elapsed_Time 233.00, CPU_Time 195.39
       Partition:  pbs_fcopt_5 - PBS_Generic_Opt-Distributed_Prop_Const - Elapsed_Time 4.00, CPU_Time 4.00
       Partition:  pbs_fcopt_5 - PBS_Generic_Opt-Distributed_Gobble - Elapsed_Time 0.00, CPU_Time 0.00
       Partition:  pbs_fcopt_5 - PBS_Generic_Opt-Distributed_Report - Elapsed_Time 0.00, CPU_Time 0.00
       Start - Partition: pbs_fcopt_5 Slack: -247.5 TNS: 217142.4 Cell-Count: 98760 Cell-Area: 8857 
Init-Memory: 2501.00
       Done  - Partition: pbs_fcopt_5 Slack: -204.2 TNS: 176480.8 Cell-Count: 47022 Cell-Area: 5872 
Peak-Memory: 2535.02 Elapsed: 242
       Partition:  pbs_fcopt_5 - PBS_Generic_Opt-Distributed_Write_DB - Elapsed_Time 4.00, CPU_Time 5.00
       pbs_fcopt_5 - PBS_Generic_Opt-Assembly - Elapsed_Time 2, CPU_Time 2.0
       Partition:  pbs_fcopt_5 - Runtime taken by the partition - Elapsed_Time 246.00, CPU_Time 210.39
          Received 'pbs_fcopt_1 ./.pbs_auto.ece.pdx.edu_2016/pbs_fcopt_1.etf' from server 'localhost_1_14'. (246009 ms elapsed)
       Partition:  pbs_fcopt_1 - PBS_Generic_Opt-Distributed_Read_DB - Elapsed_Time 2.00, CPU_Time 1.00
       Partition:  pbs_fcopt_1 - PBS_Generic_Opt-Distributed_Generic - Elapsed_Time 4.00, CPU_Time 5.00
       Partition:  pbs_fcopt_1 - PBS_Generic_Opt-First_Cond - Elapsed_Time 231.00, CPU_Time 190.04
       Partition:  pbs_fcopt_1 - PBS_Generic_Opt-Distributed_Prop_Const - Elapsed_Time 4.00, CPU_Time 4.00
       Partition:  pbs_fcopt_1 - PBS_Generic_Opt-Distributed_Gobble - Elapsed_Time 0.00, CPU_Time 1.00
       Partition:  pbs_fcopt_1 - PBS_Generic_Opt-Distributed_Report - Elapsed_Time 0.00, CPU_Time 0.00
       Start - Partition: pbs_fcopt_1 Slack: -247.5 TNS: 215792.0 Cell-Count: 98758 Cell-Area: 8858 
Init-Memory: 2498.00
       Done  - Partition: pbs_fcopt_1 Slack: -204.2 TNS: 175062.3 Cell-Count: 47012 Cell-Area: 5873 
Peak-Memory: 2532.02 Elapsed: 241
       Partition:  pbs_fcopt_1 - PBS_Generic_Opt-Distributed_Write_DB - Elapsed_Time 5.00, CPU_Time 5.00
       pbs_fcopt_1 - PBS_Generic_Opt-Assembly - Elapsed_Time 2, CPU_Time 3.0
       Partition:  pbs_fcopt_1 - Runtime taken by the partition - Elapsed_Time 246.00, CPU_Time 206.04
          Received 'pbs_fcopt_7 ./.pbs_auto.ece.pdx.edu_2016/pbs_fcopt_7.etf' from server 'localhost_1_13'. (238129 ms elapsed)
       Partition:  pbs_fcopt_7 - PBS_Generic_Opt-Distributed_Read_DB - Elapsed_Time 2.00, CPU_Time 3.00
       Partition:  pbs_fcopt_7 - PBS_Generic_Opt-Distributed_Generic - Elapsed_Time 4.00, CPU_Time 4.00
       Partition:  pbs_fcopt_7 - PBS_Generic_Opt-First_Cond - Elapsed_Time 223.00, CPU_Time 189.86
       Partition:  pbs_fcopt_7 - PBS_Generic_Opt-Distributed_Prop_Const - Elapsed_Time 4.00, CPU_Time 4.00
       Partition:  pbs_fcopt_7 - PBS_Generic_Opt-Distributed_Gobble - Elapsed_Time 0.00, CPU_Time 0.00
       Partition:  pbs_fcopt_7 - PBS_Generic_Opt-Distributed_Report - Elapsed_Time 0.00, CPU_Time 0.00
       Start - Partition: pbs_fcopt_7 Slack: -247.5 TNS: 214364.8 Cell-Count: 98756 Cell-Area: 8860 
Init-Memory: 2500.00
       Done  - Partition: pbs_fcopt_7 Slack: -204.2 TNS: 182495.4 Cell-Count: 47043 Cell-Area: 5874 
Peak-Memory: 2534.02 Elapsed: 233
       Partition:  pbs_fcopt_7 - PBS_Generic_Opt-Distributed_Write_DB - Elapsed_Time 4.00, CPU_Time 5.00
       pbs_fcopt_7 - PBS_Generic_Opt-Assembly - Elapsed_Time 3, CPU_Time 3.0
       Partition:  pbs_fcopt_7 - Runtime taken by the partition - Elapsed_Time 237.00, CPU_Time 205.86
          Received 'pbs_fcopt_0 ./.pbs_auto.ece.pdx.edu_2016/pbs_fcopt_0.etf' from server 'localhost_1_0'. (799544 ms elapsed)
       Partition:  pbs_fcopt_0 - PBS_Generic_Opt-Distributed_Read_DB - Elapsed_Time 1.00, CPU_Time 1.00
       Partition:  pbs_fcopt_0 - PBS_Generic_Opt-Distributed_Generic - Elapsed_Time 3.00, CPU_Time 2.93
       Partition:  pbs_fcopt_0 - PBS_Generic_Opt-First_Cond - Elapsed_Time 784.00, CPU_Time 792.23
       Partition:  pbs_fcopt_0 - PBS_Generic_Opt-Distributed_Prop_Const - Elapsed_Time 2.00, CPU_Time 2.00
       Partition:  pbs_fcopt_0 - PBS_Generic_Opt-Distributed_Gobble - Elapsed_Time 0.00, CPU_Time 0.00
       Partition:  pbs_fcopt_0 - PBS_Generic_Opt-Distributed_Report - Elapsed_Time 0.00, CPU_Time 0.00
       Start - Partition: pbs_fcopt_0 Slack: -7.8 TNS: 846.4 Cell-Count: 42204 Cell-Area: 13912 
Init-Memory: 2491.12
       Done  - Partition: pbs_fcopt_0 Slack: -7.6 TNS: 824.0 Cell-Count: 71652 Cell-Area: 14929 
Peak-Memory: 2604.78 Elapsed: 790
       Partition:  pbs_fcopt_0 - PBS_Generic_Opt-Distributed_Write_DB - Elapsed_Time 9.00, CPU_Time 9.00
       pbs_fcopt_0 - PBS_Generic_Opt-Assembly - Elapsed_Time 5, CPU_Time 6.0
       Partition:  pbs_fcopt_0 - Runtime taken by the partition - Elapsed_Time 799.00, CPU_Time 807.16
Assembled design in-time

+-----------+------------------+-----+----------------------+---------------------------+
|   Host    |     Machine      | CPU | Physical Memory (MB) | Peak Physical Memory (MB) |
+-----------+------------------+-----+----------------------+---------------------------+
| localhost | auto.ece.pdx.edu |  8  |       11475.7        |          15987.3          |
+-----------+------------------+-----+----------------------+---------------------------+

+----------------+----------------------+---------------------------+
|     Server     | Physical Memory (MB) | Peak Physical Memory (MB) |
+----------------+----------------------+---------------------------+
| localhost_1_9  |      835.0 [1]       |          [1] [2]          |
| localhost_1_11 |      835.5 [1]       |          [1] [2]          |
| localhost_1_0  |      6904.9 [3]      |        11251.3 [3]        |
| localhost_1_12 |      832.5 [1]       |          [1] [2]          |
| localhost_1_8  |      835.3 [1]       |          [1] [2]          |
| localhost_1_13 |      835.7 [1]       |          [1] [2]          |
| localhost_1_10 |      834.7 [1]       |          [1] [2]          |
| localhost_1_14 |      831.9 [1]       |          [1] [2]          |
+----------------+----------------------+---------------------------+
[1] Memory is included in parent localhost_1_0.
[2] Peak physical memory is not available for forked background servers.
[3] Memory of child processes is included.

PBS_Generic_Opt-Post - Elapsed_Time 4780, CPU_Time 4835.360928
stamp 'PBS_Generic_Opt-Post' being created for table 'pbs_debug'

  Total Time (Wall) |  Stage Time (Wall)  |   % (Wall)   |    Date - Time     |  Memory   | Stage
--------------------+---------------------+--------------+--------------------+-----------+----------------------
 00:02:23(00:02:23) |  00:00:00(00:00:00) |   0.0(  0.0) |   15:33:53 (May04) |   3.33 GB | PBS_Generic-Start
--------------------+---------------------+--------------+--------------------+-----------+----------------------
 00:57:33(00:56:37) |  00:55:10(00:54:14) |  68.5( 68.1) |   16:28:07 (May04) |   6.48 GB | PBS_Generic-Post_Genopt
--------------------+---------------------+--------------+--------------------+-----------+----------------------
 01:22:59(01:22:03) |  00:25:25(00:25:26) |  31.5( 31.9) |   16:53:33 (May04) |   6.30 GB | PBS_Generic_Opt-Post
--------------------+---------------------+--------------+--------------------+-----------+----------------------
Number of threads: 8 * 1   (id: pbs_debug, time_info v1.57)
Info: (*N*) indicates data that was populated from previously saved time_info database
Info: CPU time includes time of parent + longest thread
PBS_Generic-Postgen HBO Optimizations - Elapsed_Time 23, CPU_Time 23.0
stamp 'PBS_Generic-Postgen HBO Optimizations' being created for table 'pbs_debug'

  Total Time (Wall) |  Stage Time (Wall)  |   % (Wall)   |    Date - Time     |  Memory   | Stage
--------------------+---------------------+--------------+--------------------+-----------+----------------------
 00:02:23(00:02:23) |  00:00:00(00:00:00) |   0.0(  0.0) |   15:33:53 (May04) |   3.33 GB | PBS_Generic-Start
--------------------+---------------------+--------------+--------------------+-----------+----------------------
 00:57:33(00:56:37) |  00:55:10(00:54:14) |  68.1( 67.7) |   16:28:07 (May04) |   6.48 GB | PBS_Generic-Post_Genopt
--------------------+---------------------+--------------+--------------------+-----------+----------------------
 01:22:59(01:22:03) |  00:25:25(00:25:26) |  31.4( 31.8) |   16:53:33 (May04) |   6.30 GB | PBS_Generic_Opt-Post
--------------------+---------------------+--------------+--------------------+-----------+----------------------
 01:23:22(01:22:26) |  00:00:23(00:00:23) |   0.5(  0.5) |   16:53:56 (May04) |   5.81 GB | PBS_Generic-Postgen HBO Optimizations
--------------------+---------------------+--------------+--------------------+-----------+----------------------
Number of threads: 8 * 1   (id: pbs_debug, time_info v1.57)
Info: (*N*) indicates data that was populated from previously saved time_info database
Info: CPU time includes time of parent + longest thread
Starting post syn_generic ultra-effort Boolean optimization
Redundancy removal succeeded.
Done post syn_generic ultra-effort Boolean optimization (282.00 cpu seconds) (57.00 elapsed cpu seconds)
##>====================================== Cadence Confidential (Generic-Logical) ======================================
##>ST Summary (15 partitions in total):
##>--------------------------------------------------------------------------------------------------------------------
##>PARTITION               14         2         9         7         1        11         8         3         5        10
##>--------------------------------------------------------------------------------------------------------------------
##>PRE_WNS               -474      -472      -472      -472      -474      -472      -472      -472      -472      -472
##>PRE_TNS             558944    557536    557536    557536    559011    557536    557536    558448    557536    557536
##>PRE_CNT             105413    105413    105413    105413    105413    105413    105413    105413    105413    105413
##>PRE_PORT_CNT           643       499       515       515       627       515       515       499       515       499
##>PRE_AREA             11420     11420     11420     11420     11420     11420     11420     11420     11420     11420
##>PRE_LEAK_PWR          6009      6009      6009      6009      6009      6009      6009      6009      6009      6009
##>PRE_EX_DEL_CNT         643       499       515       515       627       515       515       499       515       499
##>--------------------------------------------------------------------------------------------------------------------
##>POST_WNS              -242      -242      -242      -242      -242      -242      -242      -242      -242      -242
##>POST_TNS            245258    249454    238462    252385    249466    241393    252385    238209    252385    249454
##>POST_CNT            114186    114189    114190    114209    114224    114194    114209    114178    114209    114189
##>POST_PORT_CNT          643       499       515       515       627       515       515       499       515       499
##>POST_AREA            10234     10232     10246     10235     10240     10244     10235     10239     10235     10232
##>POST_LEAK_PWR         5102      5103      5102      5107      5111      5103      5107      5100      5107      5103
##>POST_EX_DEL_CNT        643       499       515       515       627       515       515       499       515       499
##>--------------------------------------------------------------------------------------------------------------------
##>R:Read DB                3         2         2         3         3         3         2         2         3         3
##>R:Mux Opto              19        19        18        20        20        19        18        19        19        19
##>R:Generic             1499      1493      1494      1490      1485      1477      1477      1464      1447      1441
##>R:Retime                 0         0         0         0         0         0         0         0         0         0
##>R:Clk Gate               0         0         0         0         0         0         0         0         0         0
##>R:Const Prop             2         3         3         3         3         2         3         2         3         3
##>R:Gobble                 1         0         0         0         0         1         0         1         0         0
##>R:Set Targets            0         0         0         0         0         0         0         0         0         0
##>R:Write DB               9        11        10        10        10         9        10         9        10         9
##>R:Misc                   0         0         0         0         0         0         0         0         0         0
##>Total Elapsed         1534      1529      1528      1527      1522      1512      1511      1498      1483      1476
##>====================================================================================================================
##>====================================== Cadence Confidential (Generic-Logical) ======================================
##>ST Summary (17 partitions in total):
##>--------------------------------------------------------------------------------------------------------------------
##>PARTITION                0         6        16         3         9        10        12         1         5        14
##>--------------------------------------------------------------------------------------------------------------------
##>PRE_WNS                 -7      -247      -247      -247      -247      -247      -247      -247      -247      -247
##>PRE_TNS                846    225705    229369    224934    222156    224934    227132    215792    217142    227980
##>PRE_CNT              42204     98772     98777     98771     98767     98771     98774     98758     98760     98775
##>PRE_PORT_CNT          3860       419       419       419       419       419       419       419       419       419
##>PRE_AREA             13912      8850      8846      8850      8853      8850      8848      8858      8857      8848
##>PRE_LEAK_PWR          9852      4416      4418      4416      4415      4416      4417      4413      4413      4417
##>PRE_EX_DEL_CNT        3860       419       419       419       419       419       419       419       419       419
##>--------------------------------------------------------------------------------------------------------------------
##>POST_WNS                -7      -204      -204      -204      -204      -204      -204      -204      -204      -204
##>POST_TNS               824    176400    170645    175001    176515    175001    175041    175062    176480    170824
##>POST_CNT             71652     47084     47111     47074     47051     47074     47089     47012     47022     47109
##>POST_PORT_CNT         3860       419       419       419       419       419       419       419       419       419
##>POST_AREA            14929      5874      5875      5872      5873      5872      5873      5873      5872      5876
##>POST_LEAK_PWR         8440      2018      2020      2018      2008      2018      2019      1996      2002      2019
##>POST_EX_DEL_CNT       3860       419       419       419       419       419       419       419       419       419
##>--------------------------------------------------------------------------------------------------------------------
##>F:Read DB                1         4         4         4         4         4         4         2         1         4
##>F:Mux Opto               0         0         0         0         0         0         0         0         0         0
##>F:Generic                3         5         4         5         4         4         4         4         4         4
##>F:Retime                 0         0         0         0         0         0         0         0         0         0
##>F:Clk Gate               0         0         0         0         0         0         0         0         0         0
##>F:Const Prop             2         4         3         3         4         3         3         4         4         4
##>F:Gobble                 0         0         0         0         0         0         0         0         0         0
##>F:Set Targets          784       258       248       238       232       233       232       231       233       228
##>F:Write DB               9         6         6         5         5         5         5         5         4         5
##>F:Misc                   0         0         0         0         0         0         0         0         0         0
##>Total Elapsed          799       277       265       255       249       249       248       246       246       245
##>====================================================================================================================
##>Main Thread Summary:
##>----------------------------------------------------------------------------------------
##>STEP                           Elapsed       WNS       TNS     Insts      Area    Memory
##>----------------------------------------------------------------------------------------
##>G:Initial                          113         -         -   1501920    172124      3337
##>G:Early Clock Gating                 0         -         -         -         -         -
##>G:Setup                             10         -         -         -         -      7859
##>G:Launch ST                         30         -         -         -         -      7859
##>G:Design Partition                   3         -         -         -         -      7859
##>G:Create Partition Netlists         23         -         -         -         -      7859
##>G:Init Power                         0         -         -         -         -      7859
##>G:Budgeting                         92         -         -         -         -      7859
##>G:Derenv-DB                         34         -         -         -         -      7859
##>G:Debug Outputs                      0         -         -         -         -         -
##>G:ST loading                         2         -         -         -         -      7859
##>G:Distributed                     4298         -         -         -         -      7859
##>G:Timer                             78         -         -         -         -      7859
##>G:Assembly                          31         -         -         -         -      7859
##>G:DFT                               14         -         -         -         -      7859
##>G:Const Prop                        23         -         -    824648    108906      5805
##>G:Early Clock Gating Cleanup         0         -         -         -         -         -
##>G:PostGen Opt                       71      -218   3046880    824648    108906      6286
##>G:Misc                             147
##>----------------------------------------------------------------------------------------
##>Total Elapsed                     4969
##>========================================================================================
Info    : Done synthesizing. [SYNTH-2]
        : Done synthesizing 'sys_top' to generic gates.
      flow.cputime  flow.realtime  timing.setup.tns  timing.setup.wns  snapshot
UM:*                                                                   syn_gen
@file(genus.tcl) 75: syn_map
#------------------------------------------------------------------------------------
# Root attributes for category: opt
#------------------------------------------------------------------------------------
# Feature                           | Attribute                | Value            
#------------------------------------------------------------------------------------
# Power optimization effort         | design_power_effort      | none (default)   
# Do not use qbar sequential pins   | dont_use_qbar_seq_pins   | false (default)  
#------------------------------------------------------------------------------------

##Generic Timing Info for library domain: _default_ typical gate delay: 20.9 ps std_slew: 4.2 ps std_load: 0.8 fF
Mapping ChipWare ICG instances in sys_top
Found 0 unmapped ChipWare ICG instances
Mapped 0 of 0 ChipWare ICG instances
Info    : Mapping. [SYNTH-4]
        : Mapping 'sys_top' using 'medium' effort.
Mapper: Libraries have:
	domain _default_: 167 combo usable cells and 23 sequential usable cells
PBS_TechMap-Start - Elapsed_Time 0, CPU_Time 0.0
stamp 'PBS_TechMap-Start' being created for table 'pbs_debug'

  Total Time (Wall) |  Stage Time (Wall)  |   % (Wall)   |    Date - Time     |  Memory   | Stage
--------------------+---------------------+--------------+--------------------+-----------+----------------------
 00:02:23(00:02:23) |  00:00:00(00:00:00) |   0.0(  0.0) |   15:33:53 (May04) |   3.33 GB | PBS_Generic-Start
--------------------+---------------------+--------------+--------------------+-----------+----------------------
 00:57:33(00:56:37) |  00:55:10(00:54:14) |  64.1( 66.6) |   16:28:07 (May04) |   6.48 GB | PBS_Generic-Post_Genopt
--------------------+---------------------+--------------+--------------------+-----------+----------------------
 01:22:59(01:22:03) |  00:25:25(00:25:26) |  29.5( 31.2) |   16:53:33 (May04) |   6.30 GB | PBS_Generic_Opt-Post
--------------------+---------------------+--------------+--------------------+-----------+----------------------
 01:23:22(01:22:26) |  00:00:23(00:00:23) |   0.4(  0.5) |   16:53:56 (May04) |   5.81 GB | PBS_Generic-Postgen HBO Optimizations
--------------------+---------------------+--------------+--------------------+-----------+----------------------
 01:28:30(01:23:50) |  00:05:08(00:01:24) |   6.0(  1.7) |   16:55:20 (May04) |   5.79 GB | PBS_TechMap-Start
--------------------+---------------------+--------------+--------------------+-----------+----------------------
Number of threads: 8 * 1   (id: pbs_debug, time_info v1.57)
Info: (*N*) indicates data that was populated from previously saved time_info database
Info: CPU time includes time of parent + longest thread
PBS_TechMap-Premap HBO Optimizations - Elapsed_Time 18, CPU_Time 19.0
stamp 'PBS_TechMap-Premap HBO Optimizations' being created for table 'pbs_debug'

  Total Time (Wall) |  Stage Time (Wall)  |   % (Wall)   |    Date - Time     |  Memory   | Stage
--------------------+---------------------+--------------+--------------------+-----------+----------------------
 00:02:23(00:02:23) |  00:00:00(00:00:00) |   0.0(  0.0) |   15:33:53 (May04) |   3.33 GB | PBS_Generic-Start
--------------------+---------------------+--------------+--------------------+-----------+----------------------
 00:57:33(00:56:37) |  00:55:10(00:54:14) |  63.8( 66.3) |   16:28:07 (May04) |   6.48 GB | PBS_Generic-Post_Genopt
--------------------+---------------------+--------------+--------------------+-----------+----------------------
 01:22:59(01:22:03) |  00:25:25(00:25:26) |  29.4( 31.1) |   16:53:33 (May04) |   6.30 GB | PBS_Generic_Opt-Post
--------------------+---------------------+--------------+--------------------+-----------+----------------------
 01:23:22(01:22:26) |  00:00:23(00:00:23) |   0.4(  0.5) |   16:53:56 (May04) |   5.81 GB | PBS_Generic-Postgen HBO Optimizations
--------------------+---------------------+--------------+--------------------+-----------+----------------------
 01:28:30(01:23:50) |  00:05:08(00:01:24) |   5.9(  1.7) |   16:55:20 (May04) |   5.79 GB | PBS_TechMap-Start
--------------------+---------------------+--------------+--------------------+-----------+----------------------
 01:28:49(01:24:08) |  00:00:19(00:00:18) |   0.4(  0.4) |   16:55:38 (May04) |   5.79 GB | PBS_TechMap-Premap HBO Optimizations
--------------------+---------------------+--------------+--------------------+-----------+----------------------
Number of threads: 8 * 1   (id: pbs_debug, time_info v1.57)
Info: (*N*) indicates data that was populated from previously saved time_info database
Info: CPU time includes time of parent + longest thread
Info    : The given (sub)design is already uniquified. [TUI-296]
        : design:sys_top.
        : Try running the 'edit_netlist uniquify' command on the parent hierarchy of this (sub)design, if there exists any.
Info    : Enabling Partition Based Synthesis. [PBS-1]
        : Starting distributed mapping.
Updating ST server settings
     Generating lib_script file: /home/iwyse/common/Documents/ECE510/project/510Project/project/cadence/systolic_16x32/.pbs_auto.ece.pdx.edu_2016/lib_script
Start partitioning.  Summary: MEM {curr: 5.4G, peak: 7.7G, phys curr: 5.7G, phys peak: 15.6G}
Design 'sys_top' is partitioned using gs_apart partitioner
Start timing analysis.  Summary: MEM {curr: 5.4G, peak: 7.7G, phys curr: 5.7G, phys peak: 15.6G}
Done timing analysis.  Summary: RT {elapsed: 19s, ST: 24s}, MEM {curr: 5.4G, peak: 7.7G, phys curr: 5.7G, phys peak: 15.6G}
Start partitioning design sys_top
Gathering design stats...
design has 824648 leaf instances and 1536 data path operators
Partition size: 100000 and number of partitions 9
Partition Number 0, number of instances 33761, tns 184218
Partition Number 1, number of instances 94106, tns 502938
Partition Number 2, number of instances 98004, tns 484013
Partition Number 3, number of instances 96897, tns 484118
Partition Number 4, number of instances 91004, tns 459657
Partition Number 5, number of instances 126598, tns 456225
Partition Number 6, number of instances 95846, tns 480663
Partition Number 7, number of instances 92898, tns 463958
Partition Number 8, number of instances 95534, tns 483201
Partition measurements: total insts: 824648, number of partitions: 9, max size: 126598, min size: 33761
Partition measurements take CPU time 0.58 secs
Done partitioning.  Summary: RT {elapsed: 38s, ST: 44s}, MEM {curr: 5.4G, peak: 7.7G, phys curr: 5.7G, phys peak: 15.6G}
Start creating partition netlists.  Summary: MEM {curr: 5.4G, peak: 7.7G, phys curr: 5.7G, phys peak: 15.6G}
Done creating partition netlists.  Summary: RT {elapsed: 7s, ST: 7s}, MEM {curr: 5.4G, peak: 7.7G, phys curr: 5.7G, phys peak: 15.6G}
Start budgeting timing for partitions.  Summary: MEM {curr: 5.4G, peak: 7.7G, phys curr: 5.7G, phys peak: 15.6G}
Done budgeting timing for partitions.  Summary: RT {elapsed: 53s, ST: 63s}, MEM {curr: 5.5G, peak: 7.7G, phys curr: 5.8G, phys peak: 15.6G}
Start deriving partition netlists.  Summary: MEM {curr: 5.5G, peak: 7.7G, phys curr: 5.8G, phys peak: 15.6G}
The inst 'pbs_map_6' is selected as pbs candidate. The instance cnt is: '125942'.
The inst 'pbs_map_9' is selected as pbs candidate. The instance cnt is: '95052'.
The inst 'pbs_map_8' is selected as pbs candidate. The instance cnt is: '92555'.
The inst 'pbs_map_7' is selected as pbs candidate. The instance cnt is: '95606'.
The inst 'pbs_map_5' is selected as pbs candidate. The instance cnt is: '90623'.
The inst 'pbs_map_4' is selected as pbs candidate. The instance cnt is: '96576'.
The inst 'pbs_map_3' is selected as pbs candidate. The instance cnt is: '100427'.
The inst 'pbs_map_2' is selected as pbs candidate. The instance cnt is: '94106'.
The inst 'pbs_map_1' is selected as pbs candidate. The instance cnt is: '33761'.
Done deriving partition netlists.  Summary: RT {elapsed: 11s, ST: 12s}, MEM {curr: 5.5G, peak: 7.7G, phys curr: 5.9G, phys peak: 15.6G}
Wait for super-thread servers to finish loading libraries.
Start super thread servers forking.  Summary: MEM {curr: 5.5G, peak: 7.7G, phys curr: 5.9G, phys peak: 15.6G}
Info    : Connection established with super-threading server. [ST-110]
        : The server 'localhost_1_15' is forked process '4442' on this host.
Info    : Connection established with super-threading server. [ST-110]
        : The server 'localhost_1_16' is forked process '4444' on this host.
Info    : Connection established with super-threading server. [ST-110]
        : The server 'localhost_1_17' is forked process '4446' on this host.
Info    : Connection established with super-threading server. [ST-110]
        : The server 'localhost_1_18' is forked process '4448' on this host.
Info    : Connection established with super-threading server. [ST-110]
        : The server 'localhost_1_19' is forked process '4450' on this host.
Warning : Maximum message print count reached. [MESG-11]
        : Maximum print count of '20' reached for message 'ST-110'.
Done super thread servers forking.  Summary: RT {elapsed: 1s, ST: 0s}, MEM {curr: 5.5G, peak: 7.7G, phys curr: 5.9G, phys peak: 15.6G}
        Distributing super-thread jobs: {pbs_map_6 ./.pbs_auto.ece.pdx.edu_2016/pbs_map_6.etf} {pbs_map_3 ./.pbs_auto.ece.pdx.edu_2016/pbs_map_3.etf} {pbs_map_4 ./.pbs_auto.ece.pdx.edu_2016/pbs_map_4.etf} {pbs_map_7 ./.pbs_auto.ece.pdx.edu_2016/pbs_map_7.etf} {pbs_map_9 ./.pbs_auto.ece.pdx.edu_2016/pbs_map_9.etf} {pbs_map_2 ./.pbs_auto.ece.pdx.edu_2016/pbs_map_2.etf} {pbs_map_8 ./.pbs_auto.ece.pdx.edu_2016/pbs_map_8.etf} {pbs_map_5 ./.pbs_auto.ece.pdx.edu_2016/pbs_map_5.etf} {pbs_map_1 ./.pbs_auto.ece.pdx.edu_2016/pbs_map_1.etf}
          Sending 'pbs_map_6 ./.pbs_auto.ece.pdx.edu_2016/pbs_map_6.etf' to server 'localhost_1_17'...
            Sent 'pbs_map_6 ./.pbs_auto.ece.pdx.edu_2016/pbs_map_6.etf' to server 'localhost_1_17'.
          Sending 'pbs_map_3 ./.pbs_auto.ece.pdx.edu_2016/pbs_map_3.etf' to server 'localhost_1_21'...
            Sent 'pbs_map_3 ./.pbs_auto.ece.pdx.edu_2016/pbs_map_3.etf' to server 'localhost_1_21'.
          Sending 'pbs_map_4 ./.pbs_auto.ece.pdx.edu_2016/pbs_map_4.etf' to server 'localhost_1_18'...
            Sent 'pbs_map_4 ./.pbs_auto.ece.pdx.edu_2016/pbs_map_4.etf' to server 'localhost_1_18'.
          Sending 'pbs_map_7 ./.pbs_auto.ece.pdx.edu_2016/pbs_map_7.etf' to server 'localhost_1_16'...
            Sent 'pbs_map_7 ./.pbs_auto.ece.pdx.edu_2016/pbs_map_7.etf' to server 'localhost_1_16'.
          Sending 'pbs_map_9 ./.pbs_auto.ece.pdx.edu_2016/pbs_map_9.etf' to server 'localhost_1_15'...
            Sent 'pbs_map_9 ./.pbs_auto.ece.pdx.edu_2016/pbs_map_9.etf' to server 'localhost_1_15'.
          Sending 'pbs_map_2 ./.pbs_auto.ece.pdx.edu_2016/pbs_map_2.etf' to server 'localhost_1_20'...
            Sent 'pbs_map_2 ./.pbs_auto.ece.pdx.edu_2016/pbs_map_2.etf' to server 'localhost_1_20'.
          Sending 'pbs_map_8 ./.pbs_auto.ece.pdx.edu_2016/pbs_map_8.etf' to server 'localhost_1_19'...
            Sent 'pbs_map_8 ./.pbs_auto.ece.pdx.edu_2016/pbs_map_8.etf' to server 'localhost_1_19'.
          Sending 'pbs_map_5 ./.pbs_auto.ece.pdx.edu_2016/pbs_map_5.etf' to server 'localhost_1_0'...
            Sent 'pbs_map_5 ./.pbs_auto.ece.pdx.edu_2016/pbs_map_5.etf' to server 'localhost_1_0'.
          Received 'pbs_map_2 ./.pbs_auto.ece.pdx.edu_2016/pbs_map_2.etf' from server 'localhost_1_20'. (836689 ms elapsed)
          Sending 'pbs_map_1 ./.pbs_auto.ece.pdx.edu_2016/pbs_map_1.etf' to server 'localhost_1_20'...
            Sent 'pbs_map_1 ./.pbs_auto.ece.pdx.edu_2016/pbs_map_1.etf' to server 'localhost_1_20'.
          Received 'pbs_map_5 ./.pbs_auto.ece.pdx.edu_2016/pbs_map_5.etf' from server 'localhost_1_0'. (851199 ms elapsed)
       Partition:  pbs_map_5 - PBS_Map-Distributed_Read_DB - Elapsed_Time 3.00, CPU_Time 2.00
       Partition:  pbs_map_5 - PBS_Map-Distributed_Map - Elapsed_Time 826.00, CPU_Time 716.42
       Partition:  pbs_map_5 - PBS_Map-Distributed_TNS - Elapsed_Time 0.00, CPU_Time 0.00
       Partition: pbs_map_5:  Partitioning - Elapsed_Time 3.33, CPU_Time 3.33 
       Partition: pbs_map_5:  Constant-Propagation - Elapsed_Time 10.15, CPU_Time 10.13 
       Partition: pbs_map_5:  Logic Structuring - Elapsed_Time 294.17, CPU_Time 292.22 
       Partition: pbs_map_5:  Virtual Mapping - Elapsed_Time 87.68, CPU_Time 115.64 
       Partition: pbs_map_5:  Technology Mapping - Elapsed_Time 108.07, CPU_Time 144.08 
       Partition: pbs_map_5:  Core Map - Elapsed_Time 153.04, CPU_Time 67.87 
       Partition: pbs_map_5:  Global Incremental - Elapsed_Time 133.74, CPU_Time 110.63 
       Partition: pbs_map_5:  Mapper - Elapsed_Time 29.77, CPU_Time 29.79 
       Start - Partition: pbs_map_5 Slack: -199.3 TNS: 313086.2 Cell-Count: 90623 Cell-Area: 11304  
Init-Memory: 2516.76
       Done  - Partition: pbs_map_5 Slack: -43.5 TNS: 50349.3 Cell-Count: 133343 Cell-Area: 11216  
Peak-Memory: 2644.80 Elapsed: 830
       Partition:  pbs_map_5 - PBS_Map-Distributed_Report - Elapsed_Time 15.00, CPU_Time 21.00
       Partition:  pbs_map_5 - PBS_Map-Distributed_Write_DB - Elapsed_Time 5.00, CPU_Time 5.00
       pbs_map_5 - PBS_Map-Assembly - Elapsed_Time 6, CPU_Time 7.0
       Partition:  pbs_map_5 - Runtime taken by the partition - Elapsed_Time 849.00, CPU_Time 744.42
          Received 'pbs_map_8 ./.pbs_auto.ece.pdx.edu_2016/pbs_map_8.etf' from server 'localhost_1_19'. (872137 ms elapsed)
       Partition:  pbs_map_8 - PBS_Map-Distributed_Read_DB - Elapsed_Time 3.00, CPU_Time 3.00
       Partition:  pbs_map_8 - PBS_Map-Distributed_Map - Elapsed_Time 845.00, CPU_Time 700.96
       Partition:  pbs_map_8 - PBS_Map-Distributed_TNS - Elapsed_Time 0.00, CPU_Time 0.00
       Partition: pbs_map_8:  Partitioning - Elapsed_Time 3.44, CPU_Time 3.44 
       Partition: pbs_map_8:  Constant-Propagation - Elapsed_Time 9.22, CPU_Time 9.18 
       Partition: pbs_map_8:  Logic Structuring - Elapsed_Time 264.16, CPU_Time 262.08 
       Partition: pbs_map_8:  Virtual Mapping - Elapsed_Time 91.32, CPU_Time 120.28 
       Partition: pbs_map_8:  Technology Mapping - Elapsed_Time 108.45, CPU_Time 143.00 
       Partition: pbs_map_8:  Core Map - Elapsed_Time 214.56, CPU_Time 74.59 
       Partition: pbs_map_8:  Global Incremental - Elapsed_Time 114.58, CPU_Time 112.65 
       Partition: pbs_map_8:  Mapper - Elapsed_Time 33.14, CPU_Time 33.12 
       Start - Partition: pbs_map_8 Slack: -199.3 TNS: 326200.8 Cell-Count: 92555 Cell-Area: 11640  
Init-Memory: 2452.73
       Done  - Partition: pbs_map_8 Slack: -65.3 TNS: 96147.3 Cell-Count: 133973 Cell-Area: 11479  
Peak-Memory: 2524.59 Elapsed: 849
       Partition:  pbs_map_8 - PBS_Map-Distributed_Report - Elapsed_Time 16.00, CPU_Time 22.00
       Partition:  pbs_map_8 - PBS_Map-Distributed_Write_DB - Elapsed_Time 6.00, CPU_Time 7.00
       pbs_map_8 - PBS_Map-Assembly - Elapsed_Time 7, CPU_Time 7.0
       Partition:  pbs_map_8 - Runtime taken by the partition - Elapsed_Time 870.00, CPU_Time 732.96
       Partition:  pbs_map_2 - PBS_Map-Distributed_Read_DB - Elapsed_Time 3.00, CPU_Time 2.00
       Partition:  pbs_map_2 - PBS_Map-Distributed_Map - Elapsed_Time 811.00, CPU_Time 656.24
       Partition:  pbs_map_2 - PBS_Map-Distributed_TNS - Elapsed_Time 0.00, CPU_Time 0.00
       Partition: pbs_map_2:  Partitioning - Elapsed_Time 3.17, CPU_Time 3.17 
       Partition: pbs_map_2:  Constant-Propagation - Elapsed_Time 13.30, CPU_Time 13.26 
       Partition: pbs_map_2:  Logic Structuring - Elapsed_Time 228.77, CPU_Time 226.54 
       Partition: pbs_map_2:  Virtual Mapping - Elapsed_Time 87.51, CPU_Time 119.60 
       Partition: pbs_map_2:  Technology Mapping - Elapsed_Time 104.62, CPU_Time 137.03 
       Partition: pbs_map_2:  Core Map - Elapsed_Time 198.11, CPU_Time 69.19 
       Partition: pbs_map_2:  Global Incremental - Elapsed_Time 137.55, CPU_Time 114.25 
       Partition: pbs_map_2:  Mapper - Elapsed_Time 31.66, CPU_Time 31.64 
       Start - Partition: pbs_map_2 Slack: -205.1 TNS: 351527.6 Cell-Count: 94106 Cell-Area: 11720  
Init-Memory: 2452.73
       Done  - Partition: pbs_map_2 Slack: -96.7 TNS: 151851.3 Cell-Count: 135671 Cell-Area: 11569  
Peak-Memory: 2516.77 Elapsed: 814
       Partition:  pbs_map_2 - PBS_Map-Distributed_Report - Elapsed_Time 15.00, CPU_Time 23.00
       Partition:  pbs_map_2 - PBS_Map-Distributed_Write_DB - Elapsed_Time 6.00, CPU_Time 6.00
       pbs_map_2 - PBS_Map-Assembly - Elapsed_Time 5, CPU_Time 5.0
       Partition:  pbs_map_2 - Runtime taken by the partition - Elapsed_Time 835.00, CPU_Time 687.24
          Received 'pbs_map_7 ./.pbs_auto.ece.pdx.edu_2016/pbs_map_7.etf' from server 'localhost_1_16'. (916787 ms elapsed)
          Received 'pbs_map_3 ./.pbs_auto.ece.pdx.edu_2016/pbs_map_3.etf' from server 'localhost_1_21'. (938985 ms elapsed)
          Received 'pbs_map_4 ./.pbs_auto.ece.pdx.edu_2016/pbs_map_4.etf' from server 'localhost_1_18'. (947291 ms elapsed)
          Received 'pbs_map_9 ./.pbs_auto.ece.pdx.edu_2016/pbs_map_9.etf' from server 'localhost_1_15'. (989043 ms elapsed)
       Partition:  pbs_map_9 - PBS_Map-Distributed_Read_DB - Elapsed_Time 3.00, CPU_Time 3.00
       Partition:  pbs_map_9 - PBS_Map-Distributed_Map - Elapsed_Time 964.00, CPU_Time 861.17
       Partition:  pbs_map_9 - PBS_Map-Distributed_TNS - Elapsed_Time 0.00, CPU_Time 0.00
       Partition: pbs_map_9:  Partitioning - Elapsed_Time 3.95, CPU_Time 3.95 
       Partition: pbs_map_9:  Constant-Propagation - Elapsed_Time 12.02, CPU_Time 11.98 
       Partition: pbs_map_9:  Logic Structuring - Elapsed_Time 359.66, CPU_Time 356.61 
       Partition: pbs_map_9:  Virtual Mapping - Elapsed_Time 94.36, CPU_Time 126.67 
       Partition: pbs_map_9:  Technology Mapping - Elapsed_Time 111.92, CPU_Time 146.04 
       Partition: pbs_map_9:  Core Map - Elapsed_Time 173.17, CPU_Time 75.94 
       Partition: pbs_map_9:  Global Incremental - Elapsed_Time 168.66, CPU_Time 167.37 
       Partition: pbs_map_9:  Mapper - Elapsed_Time 32.55, CPU_Time 32.53 
       Start - Partition: pbs_map_9 Slack: -199.3 TNS: 329472.6 Cell-Count: 95052 Cell-Area: 11852  
Init-Memory: 2452.73
       Done  - Partition: pbs_map_9 Slack: -57.8 TNS: 72150.1 Cell-Count: 141444 Cell-Area: 11844  
Peak-Memory: 2524.59 Elapsed: 967
       Partition:  pbs_map_9 - PBS_Map-Distributed_Report - Elapsed_Time 14.00, CPU_Time 22.00
       Partition:  pbs_map_9 - PBS_Map-Distributed_Write_DB - Elapsed_Time 6.00, CPU_Time 6.00
       pbs_map_9 - PBS_Map-Assembly - Elapsed_Time 7, CPU_Time 8.0
       Partition:  pbs_map_9 - Runtime taken by the partition - Elapsed_Time 987.00, CPU_Time 892.17
       Partition:  pbs_map_7 - PBS_Map-Distributed_Read_DB - Elapsed_Time 3.00, CPU_Time 3.00
       Partition:  pbs_map_7 - PBS_Map-Distributed_Map - Elapsed_Time 889.00, CPU_Time 717.33
       Partition:  pbs_map_7 - PBS_Map-Distributed_TNS - Elapsed_Time 0.00, CPU_Time 0.00
       Partition: pbs_map_7:  Partitioning - Elapsed_Time 3.23, CPU_Time 3.23 
       Partition: pbs_map_7:  Constant-Propagation - Elapsed_Time 11.85, CPU_Time 11.80 
       Partition: pbs_map_7:  Logic Structuring - Elapsed_Time 245.85, CPU_Time 243.55 
       Partition: pbs_map_7:  Virtual Mapping - Elapsed_Time 92.25, CPU_Time 123.30 
       Partition: pbs_map_7:  Technology Mapping - Elapsed_Time 110.42, CPU_Time 136.84 
       Partition: pbs_map_7:  Core Map - Elapsed_Time 240.89, CPU_Time 72.47 
       Partition: pbs_map_7:  Global Incremental - Elapsed_Time 148.66, CPU_Time 147.60 
       Partition: pbs_map_7:  Mapper - Elapsed_Time 29.66, CPU_Time 29.64 
       Start - Partition: pbs_map_7 Slack: -199.3 TNS: 330196.3 Cell-Count: 95606 Cell-Area: 11916  
Init-Memory: 2452.73
       Done  - Partition: pbs_map_7 Slack: -85.8 TNS: 128533.9 Cell-Count: 134018 Cell-Area: 11481  
Peak-Memory: 2516.77 Elapsed: 893
       Partition:  pbs_map_7 - PBS_Map-Distributed_Report - Elapsed_Time 15.00, CPU_Time 22.00
       Partition:  pbs_map_7 - PBS_Map-Distributed_Write_DB - Elapsed_Time 8.00, CPU_Time 8.00
       pbs_map_7 - PBS_Map-Assembly - Elapsed_Time 6, CPU_Time 6.0
       Partition:  pbs_map_7 - Runtime taken by the partition - Elapsed_Time 915.00, CPU_Time 750.33
       Partition:  pbs_map_4 - PBS_Map-Distributed_Read_DB - Elapsed_Time 3.00, CPU_Time 2.00
       Partition:  pbs_map_4 - PBS_Map-Distributed_Map - Elapsed_Time 920.00, CPU_Time 817.40
       Partition:  pbs_map_4 - PBS_Map-Distributed_TNS - Elapsed_Time 0.00, CPU_Time 0.00
       Partition: pbs_map_4:  Partitioning - Elapsed_Time 3.66, CPU_Time 3.66 
       Partition: pbs_map_4:  Constant-Propagation - Elapsed_Time 12.49, CPU_Time 12.46 
       Partition: pbs_map_4:  Logic Structuring - Elapsed_Time 319.72, CPU_Time 317.80 
       Partition: pbs_map_4:  Virtual Mapping - Elapsed_Time 97.18, CPU_Time 134.75 
       Partition: pbs_map_4:  Technology Mapping - Elapsed_Time 119.37, CPU_Time 158.35 
       Partition: pbs_map_4:  Core Map - Elapsed_Time 175.87, CPU_Time 81.28 
       Partition: pbs_map_4:  Global Incremental - Elapsed_Time 147.17, CPU_Time 141.36 
       Partition: pbs_map_4:  Mapper - Elapsed_Time 38.32, CPU_Time 38.30 
       Start - Partition: pbs_map_4 Slack: -199.3 TNS: 332157.1 Cell-Count: 96576 Cell-Area: 12216  
Init-Memory: 2452.73
       Done  - Partition: pbs_map_4 Slack: -47.4 TNS: 48052.6 Cell-Count: 140631 Cell-Area: 12178  
Peak-Memory: 2516.77 Elapsed: 924
       Partition:  pbs_map_4 - PBS_Map-Distributed_Report - Elapsed_Time 16.00, CPU_Time 23.00
       Partition:  pbs_map_4 - PBS_Map-Distributed_Write_DB - Elapsed_Time 6.00, CPU_Time 6.00
       pbs_map_4 - PBS_Map-Assembly - Elapsed_Time 6, CPU_Time 6.0
       Partition:  pbs_map_4 - Runtime taken by the partition - Elapsed_Time 945.00, CPU_Time 848.40
       Partition:  pbs_map_3 - PBS_Map-Distributed_Read_DB - Elapsed_Time 3.00, CPU_Time 2.00
       Partition:  pbs_map_3 - PBS_Map-Distributed_Map - Elapsed_Time 912.00, CPU_Time 776.61
       Partition:  pbs_map_3 - PBS_Map-Distributed_TNS - Elapsed_Time 0.00, CPU_Time 0.00
       Partition: pbs_map_3:  Partitioning - Elapsed_Time 3.68, CPU_Time 3.67 
       Partition: pbs_map_3:  Constant-Propagation - Elapsed_Time 11.39, CPU_Time 11.35 
       Partition: pbs_map_3:  Logic Structuring - Elapsed_Time 278.13, CPU_Time 275.66 
       Partition: pbs_map_3:  Virtual Mapping - Elapsed_Time 95.91, CPU_Time 130.33 
       Partition: pbs_map_3:  Technology Mapping - Elapsed_Time 110.34, CPU_Time 132.94 
       Partition: pbs_map_3:  Core Map - Elapsed_Time 210.79, CPU_Time 85.77 
       Partition: pbs_map_3:  Global Incremental - Elapsed_Time 155.16, CPU_Time 147.46 
       Partition: pbs_map_3:  Mapper - Elapsed_Time 39.71, CPU_Time 39.69 
       Start - Partition: pbs_map_3 Slack: -218.8 TNS: 368361.3 Cell-Count: 100427 Cell-Area: 12801  
Init-Memory: 2452.73
       Done  - Partition: pbs_map_3 Slack: -132.8 TNS: 257701.3 Cell-Count: 148088 Cell-Area: 12911  
Peak-Memory: 2516.77 Elapsed: 915
       Partition:  pbs_map_3 - PBS_Map-Distributed_Report - Elapsed_Time 15.00, CPU_Time 22.00
       Partition:  pbs_map_3 - PBS_Map-Distributed_Write_DB - Elapsed_Time 7.00, CPU_Time 7.00
       pbs_map_3 - PBS_Map-Assembly - Elapsed_Time 7, CPU_Time 7.0
       Partition:  pbs_map_3 - Runtime taken by the partition - Elapsed_Time 937.00, CPU_Time 807.61
          Received 'pbs_map_6 ./.pbs_auto.ece.pdx.edu_2016/pbs_map_6.etf' from server 'localhost_1_17'. (1149468 ms elapsed)
       Partition:  pbs_map_6 - PBS_Map-Distributed_Read_DB - Elapsed_Time 4.00, CPU_Time 3.00
       Partition:  pbs_map_6 - PBS_Map-Distributed_Map - Elapsed_Time 1109.00, CPU_Time 1031.87
       Partition:  pbs_map_6 - PBS_Map-Distributed_TNS - Elapsed_Time 0.00, CPU_Time 0.00
       Partition: pbs_map_6:  Partitioning - Elapsed_Time 5.70, CPU_Time 5.70 
       Partition: pbs_map_6:  Constant-Propagation - Elapsed_Time 10.49, CPU_Time 10.47 
       Partition: pbs_map_6:  Logic Structuring - Elapsed_Time 324.00, CPU_Time 321.60 
       Partition: pbs_map_6:  Virtual Mapping - Elapsed_Time 151.35, CPU_Time 249.76 
       Partition: pbs_map_6:  Technology Mapping - Elapsed_Time 164.02, CPU_Time 196.20 
       Partition: pbs_map_6:  Core Map - Elapsed_Time 222.68, CPU_Time 145.88 
       Partition: pbs_map_6:  Global Incremental - Elapsed_Time 176.43, CPU_Time 178.14 
       Partition: pbs_map_6:  Mapper - Elapsed_Time 44.81, CPU_Time 44.78 
       Start - Partition: pbs_map_6 Slack: -205.1 TNS: 316785.1 Cell-Count: 125942 Cell-Area: 21169  
Init-Memory: 2455.26
       Done  - Partition: pbs_map_6 Slack: -47.5 TNS: 61724.0 Cell-Count: 200333 Cell-Area: 23841  
Peak-Memory: 3210.75 Elapsed: 1114
       Partition:  pbs_map_6 - PBS_Map-Distributed_Report - Elapsed_Time 24.00, CPU_Time 33.00
       Partition:  pbs_map_6 - PBS_Map-Distributed_Write_DB - Elapsed_Time 10.00, CPU_Time 9.00
       pbs_map_6 - PBS_Map-Assembly - Elapsed_Time 11, CPU_Time 11.0
       Partition:  pbs_map_6 - Runtime taken by the partition - Elapsed_Time 1147.00, CPU_Time 1076.87
          Received 'pbs_map_1 ./.pbs_auto.ece.pdx.edu_2016/pbs_map_1.etf' from server 'localhost_1_20'. (363502 ms elapsed)
       Partition:  pbs_map_1 - PBS_Map-Distributed_Read_DB - Elapsed_Time 1.00, CPU_Time 1.00
       Partition:  pbs_map_1 - PBS_Map-Distributed_Map - Elapsed_Time 353.00, CPU_Time 356.59
       Partition:  pbs_map_1 - PBS_Map-Distributed_TNS - Elapsed_Time 0.00, CPU_Time 0.00
       Partition: pbs_map_1:  Partitioning - Elapsed_Time 4.68, CPU_Time 4.68 
       Partition: pbs_map_1:  Constant-Propagation - Elapsed_Time 16.70, CPU_Time 16.61 
       Partition: pbs_map_1:  Logic Structuring - Elapsed_Time 405.06, CPU_Time 403.38 
       Partition: pbs_map_1:  Virtual Mapping - Elapsed_Time 120.17, CPU_Time 221.53 
       Partition: pbs_map_1:  Technology Mapping - Elapsed_Time 157.38, CPU_Time 279.04 
       Partition: pbs_map_1:  Core Map - Elapsed_Time 232.15, CPU_Time 105.31 
       Partition: pbs_map_1:  Global Incremental - Elapsed_Time 174.80, CPU_Time 153.95 
       Partition: pbs_map_1:  Mapper - Elapsed_Time 44.99, CPU_Time 44.96 
       Start - Partition: pbs_map_1 Slack: -203.2 TNS: 128457.9 Cell-Count: 33761 Cell-Area: 4209  
Init-Memory: 2516.80
       Done  - Partition: pbs_map_1 Slack: -85.9 TNS: 48607.2 Cell-Count: 46834 Cell-Area: 4031  
Peak-Memory: 2552.64 Elapsed: 354
       Partition:  pbs_map_1 - PBS_Map-Distributed_Report - Elapsed_Time 7.00, CPU_Time 9.00
       Partition:  pbs_map_1 - PBS_Map-Distributed_Write_DB - Elapsed_Time 2.00, CPU_Time 3.00
       pbs_map_1 - PBS_Map-Assembly - Elapsed_Time 2, CPU_Time 2.0
       Partition:  pbs_map_1 - Runtime taken by the partition - Elapsed_Time 363.00, CPU_Time 369.59
Assembled design in-time

State Retention Synthesis Status
================================

Category                        Flops   Percentage
--------------------------------------------------
Total instances                 68627        100.0
Excluded from State Retention   68627        100.0
    - Will not convert          68627        100.0
      - Preserved                   0          0.0
      - Power intent excluded   68627        100.0
    - Could not convert             0          0.0
      - Scan type                   0          0.0
      - No suitable cell            0          0.0
State Retention instances           0          0.0
--------------------------------------------------


+-----------+------------------+-----+----------------------+---------------------------+
|   Host    |     Machine      | CPU | Physical Memory (MB) | Peak Physical Memory (MB) |
+-----------+------------------+-----+----------------------+---------------------------+
| localhost | auto.ece.pdx.edu |  8  |       12684.2        |          15987.3          |
+-----------+------------------+-----+----------------------+---------------------------+

+----------------+----------------------+---------------------------+
|     Server     | Physical Memory (MB) | Peak Physical Memory (MB) |
+----------------+----------------------+---------------------------+
| localhost_1_21 |      1031.4 [1]      |          [1] [2]          |
| localhost_1_19 |      986.9 [1]       |          [1] [2]          |
| localhost_1_0  |      8467.6 [3]      |        11251.3 [3]        |
| localhost_1_15 |      1001.2 [1]      |          [1] [2]          |
| localhost_1_16 |      983.5 [1]       |          [1] [2]          |
| localhost_1_17 |      1416.3 [1]      |          [1] [2]          |
| localhost_1_20 |      977.4 [1]       |          [1] [2]          |
| localhost_1_18 |      1017.0 [1]      |          [1] [2]          |
+----------------+----------------------+---------------------------+
[1] Memory is included in parent localhost_1_0.
[2] Peak physical memory is not available for forked background servers.
[3] Memory of child processes is included.

INFO: skipping constant propagation
PBS_Techmap-Global Mapping - Elapsed_Time 1342, CPU_Time 1285.7504120000003
stamp 'PBS_Techmap-Global Mapping' being created for table 'pbs_debug'

  Total Time (Wall) |  Stage Time (Wall)  |   % (Wall)   |    Date - Time     |  Memory   | Stage
--------------------+---------------------+--------------+--------------------+-----------+----------------------
 00:02:23(00:02:23) |  00:00:00(00:00:00) |   0.0(  0.0) |   15:33:53 (May04) |   3.33 GB | PBS_Generic-Start
--------------------+---------------------+--------------+--------------------+-----------+----------------------
 00:57:33(00:56:37) |  00:55:10(00:54:14) |  51.2( 52.1) |   16:28:07 (May04) |   6.48 GB | PBS_Generic-Post_Genopt
--------------------+---------------------+--------------+--------------------+-----------+----------------------
 01:22:59(01:22:03) |  00:25:25(00:25:26) |  23.6( 24.4) |   16:53:33 (May04) |   6.30 GB | PBS_Generic_Opt-Post
--------------------+---------------------+--------------+--------------------+-----------+----------------------
 01:23:22(01:22:26) |  00:00:23(00:00:23) |   0.4(  0.4) |   16:53:56 (May04) |   5.81 GB | PBS_Generic-Postgen HBO Optimizations
--------------------+---------------------+--------------+--------------------+-----------+----------------------
 01:28:30(01:23:50) |  00:05:08(00:01:24) |   4.8(  1.3) |   16:55:20 (May04) |   5.79 GB | PBS_TechMap-Start
--------------------+---------------------+--------------+--------------------+-----------+----------------------
 01:28:49(01:24:08) |  00:00:19(00:00:18) |   0.3(  0.3) |   16:55:38 (May04) |   5.79 GB | PBS_TechMap-Premap HBO Optimizations
--------------------+---------------------+--------------+--------------------+-----------+----------------------
 01:50:15(01:46:30) |  00:21:25(00:22:22) |  19.9( 21.5) |   17:18:00 (May04) |   5.94 GB | PBS_Techmap-Global Mapping
--------------------+---------------------+--------------+--------------------+-----------+----------------------
Number of threads: 8 * 1   (id: pbs_debug, time_info v1.57)
Info: (*N*) indicates data that was populated from previously saved time_info database
Info: CPU time includes time of parent + longest thread
Info    : Wrote formal verification information. [CFM-5]
        : Wrote 'fv/sys_top/fv_map.fv.json' for netlist 'fv/sys_top/fv_map.v.gz'.
Info    : Wrote dofile. [CFM-1]
        : Dofile is 'fv/sys_top/rtl_to_fv_map.do'.
        : RTL names flow is enabled.
PBS_TechMap-Datapath Postmap Operations - Elapsed_Time 217, CPU_Time 234.74455900000066
stamp 'PBS_TechMap-Datapath Postmap Operations' being created for table 'pbs_debug'

  Total Time (Wall) |  Stage Time (Wall)  |   % (Wall)   |    Date - Time     |  Memory   | Stage
--------------------+---------------------+--------------+--------------------+-----------+----------------------
 00:02:23(00:02:23) |  00:00:00(00:00:00) |   0.0(  0.0) |   15:33:53 (May04) |   3.33 GB | PBS_Generic-Start
--------------------+---------------------+--------------+--------------------+-----------+----------------------
 00:57:33(00:56:37) |  00:55:10(00:54:14) |  49.4( 50.3) |   16:28:07 (May04) |   6.48 GB | PBS_Generic-Post_Genopt
--------------------+---------------------+--------------+--------------------+-----------+----------------------
 01:22:59(01:22:03) |  00:25:25(00:25:26) |  22.7( 23.6) |   16:53:33 (May04) |   6.30 GB | PBS_Generic_Opt-Post
--------------------+---------------------+--------------+--------------------+-----------+----------------------
 01:23:22(01:22:26) |  00:00:23(00:00:23) |   0.3(  0.4) |   16:53:56 (May04) |   5.81 GB | PBS_Generic-Postgen HBO Optimizations
--------------------+---------------------+--------------+--------------------+-----------+----------------------
 01:28:30(01:23:50) |  00:05:08(00:01:24) |   4.6(  1.3) |   16:55:20 (May04) |   5.79 GB | PBS_TechMap-Start
--------------------+---------------------+--------------+--------------------+-----------+----------------------
 01:28:49(01:24:08) |  00:00:19(00:00:18) |   0.3(  0.3) |   16:55:38 (May04) |   5.79 GB | PBS_TechMap-Premap HBO Optimizations
--------------------+---------------------+--------------+--------------------+-----------+----------------------
 01:50:15(01:46:30) |  00:21:25(00:22:22) |  19.2( 20.8) |   17:18:00 (May04) |   5.94 GB | PBS_Techmap-Global Mapping
--------------------+---------------------+--------------+--------------------+-----------+----------------------
 01:54:09(01:50:07) |  00:03:54(00:03:37) |   3.5(  3.4) |   17:21:37 (May04) |   5.74 GB | PBS_TechMap-Datapath Postmap Operations
--------------------+---------------------+--------------+--------------------+-----------+----------------------
Number of threads: 8 * 1   (id: pbs_debug, time_info v1.57)
Info: (*N*) indicates data that was populated from previously saved time_info database
Info: CPU time includes time of parent + longest thread
PBS_TechMap-Postmap HBO Optimizations - Elapsed_Time 22, CPU_Time 33.362153000000035
stamp 'PBS_TechMap-Postmap HBO Optimizations' being created for table 'pbs_debug'

  Total Time (Wall) |  Stage Time (Wall)  |   % (Wall)   |    Date - Time     |  Memory   | Stage
--------------------+---------------------+--------------+--------------------+-----------+----------------------
 00:02:23(00:02:23) |  00:00:00(00:00:00) |   0.0(  0.0) |   15:33:53 (May04) |   3.33 GB | PBS_Generic-Start
--------------------+---------------------+--------------+--------------------+-----------+----------------------
 00:57:33(00:56:37) |  00:55:10(00:54:14) |  49.1( 50.2) |   16:28:07 (May04) |   6.48 GB | PBS_Generic-Post_Genopt
--------------------+---------------------+--------------+--------------------+-----------+----------------------
 01:22:59(01:22:03) |  00:25:25(00:25:26) |  22.6( 23.5) |   16:53:33 (May04) |   6.30 GB | PBS_Generic_Opt-Post
--------------------+---------------------+--------------+--------------------+-----------+----------------------
 01:23:22(01:22:26) |  00:00:23(00:00:23) |   0.3(  0.4) |   16:53:56 (May04) |   5.81 GB | PBS_Generic-Postgen HBO Optimizations
--------------------+---------------------+--------------+--------------------+-----------+----------------------
 01:28:30(01:23:50) |  00:05:08(00:01:24) |   4.6(  1.3) |   16:55:20 (May04) |   5.79 GB | PBS_TechMap-Start
--------------------+---------------------+--------------+--------------------+-----------+----------------------
 01:28:49(01:24:08) |  00:00:19(00:00:18) |   0.3(  0.3) |   16:55:38 (May04) |   5.79 GB | PBS_TechMap-Premap HBO Optimizations
--------------------+---------------------+--------------+--------------------+-----------+----------------------
 01:50:15(01:46:30) |  00:21:25(00:22:22) |  19.1( 20.7) |   17:18:00 (May04) |   5.94 GB | PBS_Techmap-Global Mapping
--------------------+---------------------+--------------+--------------------+-----------+----------------------
 01:54:09(01:50:07) |  00:03:54(00:03:37) |   3.5(  3.3) |   17:21:37 (May04) |   5.74 GB | PBS_TechMap-Datapath Postmap Operations
--------------------+---------------------+--------------+--------------------+-----------+----------------------
 01:54:43(01:50:29) |  00:00:33(00:00:22) |   0.5(  0.3) |   17:21:59 (May04) |   5.74 GB | PBS_TechMap-Postmap HBO Optimizations
--------------------+---------------------+--------------+--------------------+-----------+----------------------
Number of threads: 8 * 1   (id: pbs_debug, time_info v1.57)
Info: (*N*) indicates data that was populated from previously saved time_info database
Info: CPU time includes time of parent + longest thread
 Doing ConstProp on design:sys_top ... 

Time taken by ConstProp Step: 00:10:14
PBS_TechMap-Postmap Clock Gating - Elapsed_Time 624, CPU_Time 623.0
stamp 'PBS_TechMap-Postmap Clock Gating' being created for table 'pbs_debug'

  Total Time (Wall) |  Stage Time (Wall)  |   % (Wall)   |    Date - Time     |  Memory   | Stage
--------------------+---------------------+--------------+--------------------+-----------+----------------------
 00:02:23(00:02:23) |  00:00:00(00:00:00) |   0.0(  0.0) |   15:33:53 (May04) |   3.33 GB | PBS_Generic-Start
--------------------+---------------------+--------------+--------------------+-----------+----------------------
 00:57:33(00:56:37) |  00:55:10(00:54:14) |  45.0( 45.8) |   16:28:07 (May04) |   6.48 GB | PBS_Generic-Post_Genopt
--------------------+---------------------+--------------+--------------------+-----------+----------------------
 01:22:59(01:22:03) |  00:25:25(00:25:26) |  20.7( 21.5) |   16:53:33 (May04) |   6.30 GB | PBS_Generic_Opt-Post
--------------------+---------------------+--------------+--------------------+-----------+----------------------
 01:23:22(01:22:26) |  00:00:23(00:00:23) |   0.3(  0.3) |   16:53:56 (May04) |   5.81 GB | PBS_Generic-Postgen HBO Optimizations
--------------------+---------------------+--------------+--------------------+-----------+----------------------
 01:28:30(01:23:50) |  00:05:08(00:01:24) |   4.2(  1.2) |   16:55:20 (May04) |   5.79 GB | PBS_TechMap-Start
--------------------+---------------------+--------------+--------------------+-----------+----------------------
 01:28:49(01:24:08) |  00:00:19(00:00:18) |   0.3(  0.3) |   16:55:38 (May04) |   5.79 GB | PBS_TechMap-Premap HBO Optimizations
--------------------+---------------------+--------------+--------------------+-----------+----------------------
 01:50:15(01:46:30) |  00:21:25(00:22:22) |  17.5( 18.9) |   17:18:00 (May04) |   5.94 GB | PBS_Techmap-Global Mapping
--------------------+---------------------+--------------+--------------------+-----------+----------------------
 01:54:09(01:50:07) |  00:03:54(00:03:37) |   3.2(  3.1) |   17:21:37 (May04) |   5.74 GB | PBS_TechMap-Datapath Postmap Operations
--------------------+---------------------+--------------+--------------------+-----------+----------------------
 01:54:43(01:50:29) |  00:00:33(00:00:22) |   0.5(  0.3) |   17:21:59 (May04) |   5.74 GB | PBS_TechMap-Postmap HBO Optimizations
--------------------+---------------------+--------------+--------------------+-----------+----------------------
 02:05:06(02:00:53) |  00:10:23(00:10:24) |   8.5(  8.8) |   17:32:23 (May04) |   5.65 GB | PBS_TechMap-Postmap Clock Gating
--------------------+---------------------+--------------+--------------------+-----------+----------------------
Number of threads: 8 * 1   (id: pbs_debug, time_info v1.57)
Info: (*N*) indicates data that was populated from previously saved time_info database
Info: CPU time includes time of parent + longest thread
-------------------------------------------------------------------------------
 hi_fo_buf                111064     -435  -4772454    163877      137
            Worst cost_group: clk, WNS: -435.7
            Path: act_buf_sel -->
                    u_array/g_row[12].g_col[18].u_pe/psum_out_reg[0]/D

           Trick     Calls     Accepts   Attempts    Time(secs) 
-----------------------------------------------------------
       hi_fo_buf       291  (      290 /      290 )  30.02

 
Incremental optimization status
===============================
                                   Group   
                                  Tot Wrst     Total - - DRC Totals - -
                           Total  Weighted      Neg      Max       Max 
Operation                   Area   Slacks      Slack    Trans      Cap 
 init_delay               111064     -435  -4772454    163877      137
            Worst cost_group: clk, WNS: -435.7
            Path: act_buf_sel -->
                    u_array/g_row[12].g_col[18].u_pe/psum_out_reg[0]/D
 incr_delay               112391     -138  -1973949         0        0
            Worst cost_group: clk, WNS: -138.5
            Path: act_buf_sel -->
                    u_array/g_row[15].g_col[11].u_pe/psum_out_reg[7]/D
 incr_delay               113162     -117  -1741252         0        0
            Worst cost_group: clk, WNS: -117.7
            Path: act_buf_sel -->
                    u_array/g_row[12].g_col[28].u_pe/psum_out_reg[2]/D
 incr_delay               113481     -110  -1635433         0        0
            Worst cost_group: clk, WNS: -110.0
            Path: act_buf_sel -->
                    u_array/g_row[12].g_col[28].u_pe/psum_out_reg[18]/D
 incr_delay               113978     -104  -1551778         0        0
            Worst cost_group: clk, WNS: -104.5
            Path: act_buf_sel -->
                    u_array/g_row[14].g_col[29].u_pe/psum_out_reg[17]/D
 incr_delay               114298      -99  -1481731         0        0
            Worst cost_group: clk, WNS: -99.6
            Path: act_buf_sel -->
                    u_array/g_row[5].g_col[28].u_pe/psum_out_reg[4]/D
 incr_delay               114390      -96  -1435872         0        0
            Worst cost_group: clk, WNS: -96.3
            Path: act_buf_sel -->
                    u_array/g_row[4].g_col[13].u_pe/psum_out_reg[14]/D
 incr_delay               114529      -94  -1407036         0        0
            Worst cost_group: clk, WNS: -94.4
            Path: act_buf_sel -->
                    u_array/g_row[7].g_col[0].u_pe/psum_out_reg[5]/D
 incr_delay               114559      -94  -1402926         0        0
            Worst cost_group: clk, WNS: -94.1
            Path: act_buf_sel -->
                    u_array/g_row[7].g_col[0].u_pe/psum_out_reg[5]/D
 incr_delay               114641      -93  -1387095         0        0
            Worst cost_group: clk, WNS: -93.0
            Path: act_buf_sel -->
                    u_array/g_row[6].g_col[0].u_pe/psum_out_reg[2]/D
 incr_delay               114709      -92  -1371474         0        0
            Worst cost_group: clk, WNS: -92.0
            Path: act_buf_sel -->
                    u_array/g_row[5].g_col[2].u_pe/psum_out_reg[9]/D
 incr_delay               114783      -91  -1362270         0        0
            Worst cost_group: clk, WNS: -91.4
            Path: act_buf_sel -->
                    u_array/g_row[5].g_col[13].u_pe/psum_out_reg[5]/D
 incr_delay               114788      -91  -1360575         0        0
            Worst cost_group: clk, WNS: -91.3
            Path: act_buf_sel -->
                    u_array/g_row[5].g_col[13].u_pe/psum_out_reg[5]/D
 incr_delay               114886      -88  -1323723         0        0
            Worst cost_group: clk, WNS: -88.8
            Path: act_buf_sel -->
                    u_array/g_row[10].g_col[0].u_pe/psum_out_reg[1]/D

           Trick     Calls     Accepts   Attempts    Time(secs) 
-----------------------------------------------------------
       crit_upsz    157262  (    38006 /    45132 )  3085.62
    plc_bal_star         0  (        0 /        0 )  0.00
     drc_buftimb         0  (        0 /        0 )  0.00
          plc_st      1044  (        0 /        0 )  0.00
    plc_st_fence      1044  (        0 /        0 )  0.00
        plc_star      1044  (        0 /        0 )  0.00
      plc_laf_st      1044  (        0 /        0 )  0.00
 plc_laf_st_fence      1044  (        0 /        0 )  0.00
     drc_buftims         0  (        0 /        0 )  0.00
            fopt    105364  (    15854 /    16595 )  1357.92
   plc_laf_lo_st      1034  (        0 /        0 )  0.00
       plc_lo_st      1034  (        0 /        0 )  0.00
        mb_split      1034  (        0 /        0 )  0.01

 
Local TNS optimization status
=============================
                                   Group   
                                  Tot Wrst     Total - - DRC Totals - -
                           Total  Weighted      Neg      Max       Max 
Operation                   Area   Slacks      Slack    Trans      Cap 
 init_tns                 114886      -88  -1323723         0        0
            Worst cost_group: clk, WNS: -88.8
            Path: act_buf_sel -->
                    u_array/g_row[10].g_col[0].u_pe/psum_out_reg[1]/D
 incr_tns                 114891      -88  -1312428         0        0
            Worst cost_group: clk, WNS: -88.8
            Path: act_buf_sel -->
                    u_array/g_row[10].g_col[0].u_pe/psum_out_reg[2]/D
 incr_tns                 114890      -88  -1298960         0        0
            Worst cost_group: clk, WNS: -88.8
            Path: act_buf_sel -->
                    u_array/g_row[4].g_col[2].u_pe/psum_out_reg[12]/D
 incr_tns                 114890      -88  -1291652         0        0
            Worst cost_group: clk, WNS: -88.8
            Path: act_buf_sel -->
                    u_array/g_row[10].g_col[6].u_pe/psum_out_reg[0]/D
 incr_tns                 114890      -88  -1291652         0        0
            Worst cost_group: clk, WNS: -88.8
            Path: act_buf_sel -->
                    u_array/g_row[10].g_col[6].u_pe/psum_out_reg[0]/D
 incr_tns                 114890      -88  -1291652         0        0
            Worst cost_group: clk, WNS: -88.8
            Path: act_buf_sel -->
                    u_array/g_row[10].g_col[6].u_pe/psum_out_reg[0]/D

           Trick     Calls     Accepts   Attempts    Time(secs) 
-----------------------------------------------------------
    plc_bal_star         0  (        0 /        0 )  0.00
     drc_buftimb         0  (        0 /        0 )  0.00
     drc_buftims         0  (        0 /        0 )  0.00
       crit_upsz      5919  (      621 /      967 )  42.30
   plc_laf_lo_st      5298  (        0 /        0 )  0.01
       plc_lo_st      5298  (        0 /        0 )  0.00
            fopt      5298  (        2 /        3 )  2.20
       crit_dnsz     39092  (     2201 /     5603 )  164.93
             dup      3095  (      174 /      191 )  6.16
        setup_dn      2921  (        0 /        0 )  0.01
        mb_split      2921  (        0 /        0 )  0.10

PBS_TechMap-Postmap Cleanup - Elapsed_Time 4847, CPU_Time 5593.267716000016
stamp 'PBS_TechMap-Postmap Cleanup' being created for table 'pbs_debug'

  Total Time (Wall) |  Stage Time (Wall)  |   % (Wall)   |    Date - Time     |  Memory   | Stage
--------------------+---------------------+--------------+--------------------+-----------+----------------------
 00:02:23(00:02:23) |  00:00:00(00:00:00) |   0.0(  0.0) |   15:33:53 (May04) |   3.33 GB | PBS_Generic-Start
--------------------+---------------------+--------------+--------------------+-----------+----------------------
 00:57:33(00:56:37) |  00:55:10(00:54:14) |  25.6( 27.2) |   16:28:07 (May04) |   6.48 GB | PBS_Generic-Post_Genopt
--------------------+---------------------+--------------+--------------------+-----------+----------------------
 01:22:59(01:22:03) |  00:25:25(00:25:26) |  11.8( 12.8) |   16:53:33 (May04) |   6.30 GB | PBS_Generic_Opt-Post
--------------------+---------------------+--------------+--------------------+-----------+----------------------
 01:23:22(01:22:26) |  00:00:23(00:00:23) |   0.2(  0.2) |   16:53:56 (May04) |   5.81 GB | PBS_Generic-Postgen HBO Optimizations
--------------------+---------------------+--------------+--------------------+-----------+----------------------
 01:28:30(01:23:50) |  00:05:08(00:01:24) |   2.4(  0.7) |   16:55:20 (May04) |   5.79 GB | PBS_TechMap-Start
--------------------+---------------------+--------------+--------------------+-----------+----------------------
 01:28:49(01:24:08) |  00:00:19(00:00:18) |   0.1(  0.2) |   16:55:38 (May04) |   5.79 GB | PBS_TechMap-Premap HBO Optimizations
--------------------+---------------------+--------------+--------------------+-----------+----------------------
 01:50:15(01:46:30) |  00:21:25(00:22:22) |   9.9( 11.2) |   17:18:00 (May04) |   5.94 GB | PBS_Techmap-Global Mapping
--------------------+---------------------+--------------+--------------------+-----------+----------------------
 01:54:09(01:50:07) |  00:03:54(00:03:37) |   1.8(  1.8) |   17:21:37 (May04) |   5.74 GB | PBS_TechMap-Datapath Postmap Operations
--------------------+---------------------+--------------+--------------------+-----------+----------------------
 01:54:43(01:50:29) |  00:00:33(00:00:22) |   0.3(  0.2) |   17:21:59 (May04) |   5.74 GB | PBS_TechMap-Postmap HBO Optimizations
--------------------+---------------------+--------------+--------------------+-----------+----------------------
 02:05:06(02:00:53) |  00:10:23(00:10:24) |   4.8(  5.2) |   17:32:23 (May04) |   5.65 GB | PBS_TechMap-Postmap Clock Gating
--------------------+---------------------+--------------+--------------------+-----------+----------------------
 03:38:19(03:21:40) |  01:33:13(01:20:47) |  43.2( 40.5) |   18:53:10 (May04) |   6.17 GB | PBS_TechMap-Postmap Cleanup
--------------------+---------------------+--------------+--------------------+-----------+----------------------
Number of threads: 8 * 1   (id: pbs_debug, time_info v1.57)
Info: (*N*) indicates data that was populated from previously saved time_info database
Info: CPU time includes time of parent + longest thread
PBS_Techmap-Post_MBCI - Elapsed_Time 3, CPU_Time 3.0
stamp 'PBS_Techmap-Post_MBCI' being created for table 'pbs_debug'

  Total Time (Wall) |  Stage Time (Wall)  |   % (Wall)   |    Date - Time     |  Memory   | Stage
--------------------+---------------------+--------------+--------------------+-----------+----------------------
 00:02:23(00:02:23) |  00:00:00(00:00:00) |   0.0(  0.0) |   15:33:53 (May04) |   3.33 GB | PBS_Generic-Start
--------------------+---------------------+--------------+--------------------+-----------+----------------------
 00:57:33(00:56:37) |  00:55:10(00:54:14) |  25.5( 27.2) |   16:28:07 (May04) |   6.48 GB | PBS_Generic-Post_Genopt
--------------------+---------------------+--------------+--------------------+-----------+----------------------
 01:22:59(01:22:03) |  00:25:25(00:25:26) |  11.8( 12.8) |   16:53:33 (May04) |   6.30 GB | PBS_Generic_Opt-Post
--------------------+---------------------+--------------+--------------------+-----------+----------------------
 01:23:22(01:22:26) |  00:00:23(00:00:23) |   0.2(  0.2) |   16:53:56 (May04) |   5.81 GB | PBS_Generic-Postgen HBO Optimizations
--------------------+---------------------+--------------+--------------------+-----------+----------------------
 01:28:30(01:23:50) |  00:05:08(00:01:24) |   2.4(  0.7) |   16:55:20 (May04) |   5.79 GB | PBS_TechMap-Start
--------------------+---------------------+--------------+--------------------+-----------+----------------------
 01:28:49(01:24:08) |  00:00:19(00:00:18) |   0.1(  0.2) |   16:55:38 (May04) |   5.79 GB | PBS_TechMap-Premap HBO Optimizations
--------------------+---------------------+--------------+--------------------+-----------+----------------------
 01:50:15(01:46:30) |  00:21:25(00:22:22) |   9.9( 11.2) |   17:18:00 (May04) |   5.94 GB | PBS_Techmap-Global Mapping
--------------------+---------------------+--------------+--------------------+-----------+----------------------
 01:54:09(01:50:07) |  00:03:54(00:03:37) |   1.8(  1.8) |   17:21:37 (May04) |   5.74 GB | PBS_TechMap-Datapath Postmap Operations
--------------------+---------------------+--------------+--------------------+-----------+----------------------
 01:54:43(01:50:29) |  00:00:33(00:00:22) |   0.3(  0.2) |   17:21:59 (May04) |   5.74 GB | PBS_TechMap-Postmap HBO Optimizations
--------------------+---------------------+--------------+--------------------+-----------+----------------------
 02:05:06(02:00:53) |  00:10:23(00:10:24) |   4.8(  5.2) |   17:32:23 (May04) |   5.65 GB | PBS_TechMap-Postmap Clock Gating
--------------------+---------------------+--------------+--------------------+-----------+----------------------
 03:38:19(03:21:40) |  01:33:13(01:20:47) |  43.2( 40.5) |   18:53:10 (May04) |   6.17 GB | PBS_TechMap-Postmap Cleanup
--------------------+---------------------+--------------+--------------------+-----------+----------------------
 03:38:22(03:21:43) |  00:00:03(00:00:03) |   0.0(  0.0) |   18:53:13 (May04) |   6.17 GB | PBS_Techmap-Post_MBCI
--------------------+---------------------+--------------+--------------------+-----------+----------------------
Number of threads: 8 * 1   (id: pbs_debug, time_info v1.57)
Info: (*N*) indicates data that was populated from previously saved time_info database
Info: CPU time includes time of parent + longest thread
##>================================= Cadence Confidential (Mapping-Logical) =================================
##>ST Summary (9 partitions in total):
##>----------------------------------------------------------------------------------------------------------
##>PARTITION                6         9         4         3         7         8         5         2         1
##>----------------------------------------------------------------------------------------------------------
##>PRE_WNS               -205      -199      -199      -218      -199      -199      -199      -205      -203
##>PRE_TNS             316785    329472    332157    368361    330196    326200    313086    351527    128457
##>PRE_CNT             125942     95052     96576    100427     95606     92555     90623     94106     33761
##>PRE_PORT_CNT         28059      5055      6505     11009      3859      5746      4963       787       371
##>PRE_AREA             21169     11852     12216     12801     11916     11640     11304     11720      4209
##>PRE_LEAK_PWR         11200      3902      4141      4393      3972      3879      3712      4021      1435
##>PRE_EX_DEL_CNT       28063      5055      6505     11009      3859      5746      4963       787       371
##>----------------------------------------------------------------------------------------------------------
##>POST_WNS               -47       -57       -47      -132       -85       -65       -43       -96       -85
##>POST_TNS             61724     72150     48052    257701    128533     96147     50349    151851     48607
##>POST_CNT            200333    141444    140631    148088    134018    133973    133343    135671     46834
##>POST_PORT_CNT        28059      5055      6505     11009      3859      5746      4963       787       371
##>POST_AREA            23841     11844     12178     12911     11481     11479     11216     11569      4031
##>POST_LEAK_PWR        20337     11097     11243     12114     10683     10671     10429     10833      3779
##>POST_EX_DEL_CNT      28063      5055      6505     11009      3859      5746      4963       787       371
##>----------------------------------------------------------------------------------------------------------
##>M:Read DB                4         3         3         3         3         3         3         3         1
##>M:Logic Reduce           0         0         0         0         0         0         0         0         0
##>M:Partition              5         3         3         3         3         3         3         3         1
##>M:Const Prop            10        12        12        11        11         9        10        13         3
##>M:Structuring          324       359       319       278       245       264       294       228       176
##>M:Virtual Map          151        94        97        95        92        91        87        87        32
##>M:Tech Map             164       111       119       110       110       108       108       104        52
##>M:Global Incr          181       170       149       157       150       116       135       138        38
##>M:Extreme Map            0         0         0         0         0         0         0         0         0
##>M:TNS(D)                 0         0         0         0         0         0         0         0         0
##>M:Const Prop(D)          0         0         0         0         0         0         0         0         0
##>M:Write DB              10         6         6         7         8         6         5         6         2
##>M:Misc                   0         0         0         0         0         0         0         0         0
##>Total Elapsed         1147       987       945       937       915       870       849       835       363
##>==========================================================================================================
##>Main Thread Summary:
##>----------------------------------------------------------------------------------------
##>STEP                           Elapsed       WNS       TNS     Insts      Area    Memory
##>----------------------------------------------------------------------------------------
##>M:Initial                            7         -         -    824648    108832      5785
##>M:Early Clock Gating                 0         -         -         -         -         -
##>M:Pre Cleanup                        2         -         -    824648    108832      5785
##>M:Setup                              4         -         -         -         -      7859
##>M:Launch ST                          0         -         -         -         -      7859
##>M:Design Partition                  38      -288   3998688         -         -      7859
##>M:Create Partition Netlists          7         -         -         -         -      7859
##>M:Init Power                         0         -         -         -         -      7859
##>M:Budgeting                         30         -         -         -         -      7859
##>M:Derenv-DB                         11         -         -         -         -      7859
##>M:Debug Outputs                      0         -         -         -         -         -
##>M:ST loading                         1         -         -         -         -      7859
##>M:Distributed                     1201         -         -         -         -      7859
##>M:Timer                             42         -         -         -         -      7859
##>M:Assembly                           2         -         -         -         -      7859
##>M:DFT                                6         -         -         -         -      7859
##>M:DP Operations                    217         -         -   1214335    110555      5737
##>M:Const Prop                         0      -391   4780496   1214335    110555      5737
##>M:Early Clock Gating Cleanup         0         -         -         -         -         -
##>M:Cleanup                         4847       -88   1291652   1285956    114889      6167
##>M:MBCI                               3         -         -   1285956    114889      6167
##>M:PostGen Opt                        0         -         -         -         -         -
##>M:Const Gate Removal                 0         -         -         -         -         -
##>M:Misc                             660
##>----------------------------------------------------------------------------------------
##>Total Elapsed                     7078
##>========================================================================================
##PBS-Mapping-Logical  Partitions:9   Stage Total:7078   Longest:1147   Average:872    PBS Index:0.76
##>============================================================================================
##> Mapper Target Info for Global Mapping (Cost Group with Worst Target info): 
---------------------------------------------------
|Cost Group|Target|Slack|Diff|Constraint|Partition|
---------------------------------------------------
|clk       |   -19| -116|-6% |      1650|pbs_map_3|
---------------------------------------------------


+-----------+------------------+-----+----------------------+---------------------------+
|   Host    |     Machine      | CPU | Physical Memory (MB) | Peak Physical Memory (MB) |
+-----------+------------------+-----+----------------------+---------------------------+
| localhost | auto.ece.pdx.edu |  1  |        6167.3        |          15987.3          |
+-----------+------------------+-----+----------------------+---------------------------+

+---------------+----------------------+---------------------------+
|    Server     | Physical Memory (MB) | Peak Physical Memory (MB) |
+---------------+----------------------+---------------------------+
| localhost_1_0 |        1695.4        |          11251.3          |
+---------------+----------------------+---------------------------+

Info    : Done mapping. [SYNTH-5]
        : Done mapping 'sys_top'.
      flow.cputime  flow.realtime  timing.setup.tns  timing.setup.wns  snapshot
UM:*                                                                   syn_map
@file(genus.tcl) 76: syn_opt
Warning : The selected flow setting will be removed in a future release. [SYNTH-33]
        : The use of 'syn_opt' for logical only optimization will be obsolete in a future release.
	Transition to 'syn_opt -logical' or 'syn_opt -spatial'.

        : Contact Cadence support to understand current flows.
Info    : Incrementally optimizing. [SYNTH-7]
        : Incrementally optimizing 'sys_top' using 'medium' effort.
PBS_Incr_Opt-Start - Elapsed_Time 0, CPU_Time 0.0
stamp 'PBS_Incr_Opt-Start' being created for table 'pbs_debug'

  Total Time (Wall) |  Stage Time (Wall)  |   % (Wall)   |    Date - Time     |  Memory   | Stage
--------------------+---------------------+--------------+--------------------+-----------+----------------------
 00:02:23(00:02:23) |  00:00:00(00:00:00) |   0.0(  0.0) |   15:33:53 (May04) |   3.33 GB | PBS_Generic-Start
--------------------+---------------------+--------------+--------------------+-----------+----------------------
 00:57:33(00:56:37) |  00:55:10(00:54:14) |  25.4( 27.1) |   16:28:07 (May04) |   6.48 GB | PBS_Generic-Post_Genopt
--------------------+---------------------+--------------+--------------------+-----------+----------------------
 01:22:59(01:22:03) |  00:25:25(00:25:26) |  11.7( 12.7) |   16:53:33 (May04) |   6.30 GB | PBS_Generic_Opt-Post
--------------------+---------------------+--------------+--------------------+-----------+----------------------
 01:23:22(01:22:26) |  00:00:23(00:00:23) |   0.2(  0.2) |   16:53:56 (May04) |   5.81 GB | PBS_Generic-Postgen HBO Optimizations
--------------------+---------------------+--------------+--------------------+-----------+----------------------
 01:28:30(01:23:50) |  00:05:08(00:01:24) |   2.4(  0.7) |   16:55:20 (May04) |   5.79 GB | PBS_TechMap-Start
--------------------+---------------------+--------------+--------------------+-----------+----------------------
 01:28:49(01:24:08) |  00:00:19(00:00:18) |   0.1(  0.1) |   16:55:38 (May04) |   5.79 GB | PBS_TechMap-Premap HBO Optimizations
--------------------+---------------------+--------------+--------------------+-----------+----------------------
 01:50:15(01:46:30) |  00:21:25(00:22:22) |   9.9( 11.2) |   17:18:00 (May04) |   5.94 GB | PBS_Techmap-Global Mapping
--------------------+---------------------+--------------+--------------------+-----------+----------------------
 01:54:09(01:50:07) |  00:03:54(00:03:37) |   1.8(  1.8) |   17:21:37 (May04) |   5.74 GB | PBS_TechMap-Datapath Postmap Operations
--------------------+---------------------+--------------+--------------------+-----------+----------------------
 01:54:43(01:50:29) |  00:00:33(00:00:22) |   0.3(  0.2) |   17:21:59 (May04) |   5.74 GB | PBS_TechMap-Postmap HBO Optimizations
--------------------+---------------------+--------------+--------------------+-----------+----------------------
 02:05:06(02:00:53) |  00:10:23(00:10:24) |   4.8(  5.2) |   17:32:23 (May04) |   5.65 GB | PBS_TechMap-Postmap Clock Gating
--------------------+---------------------+--------------+--------------------+-----------+----------------------
 03:38:19(03:21:40) |  01:33:13(01:20:47) |  43.0( 40.3) |   18:53:10 (May04) |   6.17 GB | PBS_TechMap-Postmap Cleanup
--------------------+---------------------+--------------+--------------------+-----------+----------------------
 03:38:22(03:21:43) |  00:00:03(00:00:03) |   0.0(  0.0) |   18:53:13 (May04) |   6.17 GB | PBS_Techmap-Post_MBCI
--------------------+---------------------+--------------+--------------------+-----------+----------------------
 03:39:22(03:22:37) |  00:01:00(00:00:54) |   0.5(  0.4) |   18:54:07 (May04) |   6.02 GB | PBS_Incr_Opt-Start
--------------------+---------------------+--------------+--------------------+-----------+----------------------
Number of threads: 8 * 1   (id: pbs_debug, time_info v1.57)
Info: (*N*) indicates data that was populated from previously saved time_info database
Info: CPU time includes time of parent + longest thread
Info    : The given (sub)design is already uniquified. [TUI-296]
        : design:sys_top.
PBS_Incr_Opt-Uniquify_Netlist - Elapsed_Time 4, CPU_Time 4.0
stamp 'PBS_Incr_Opt-Uniquify_Netlist' being created for table 'pbs_debug'

  Total Time (Wall) |  Stage Time (Wall)  |   % (Wall)   |    Date - Time     |  Memory   | Stage
--------------------+---------------------+--------------+--------------------+-----------+----------------------
 00:02:23(00:02:23) |  00:00:00(00:00:00) |   0.0(  0.0) |   15:33:53 (May04) |   3.33 GB | PBS_Generic-Start
--------------------+---------------------+--------------+--------------------+-----------+----------------------
 00:57:33(00:56:37) |  00:55:10(00:54:14) |  25.4( 27.1) |   16:28:07 (May04) |   6.48 GB | PBS_Generic-Post_Genopt
--------------------+---------------------+--------------+--------------------+-----------+----------------------
 01:22:59(01:22:03) |  00:25:25(00:25:26) |  11.7( 12.7) |   16:53:33 (May04) |   6.30 GB | PBS_Generic_Opt-Post
--------------------+---------------------+--------------+--------------------+-----------+----------------------
 01:23:22(01:22:26) |  00:00:23(00:00:23) |   0.2(  0.2) |   16:53:56 (May04) |   5.81 GB | PBS_Generic-Postgen HBO Optimizations
--------------------+---------------------+--------------+--------------------+-----------+----------------------
 01:28:30(01:23:50) |  00:05:08(00:01:24) |   2.4(  0.7) |   16:55:20 (May04) |   5.79 GB | PBS_TechMap-Start
--------------------+---------------------+--------------+--------------------+-----------+----------------------
 01:28:49(01:24:08) |  00:00:19(00:00:18) |   0.1(  0.1) |   16:55:38 (May04) |   5.79 GB | PBS_TechMap-Premap HBO Optimizations
--------------------+---------------------+--------------+--------------------+-----------+----------------------
 01:50:15(01:46:30) |  00:21:25(00:22:22) |   9.9( 11.2) |   17:18:00 (May04) |   5.94 GB | PBS_Techmap-Global Mapping
--------------------+---------------------+--------------+--------------------+-----------+----------------------
 01:54:09(01:50:07) |  00:03:54(00:03:37) |   1.8(  1.8) |   17:21:37 (May04) |   5.74 GB | PBS_TechMap-Datapath Postmap Operations
--------------------+---------------------+--------------+--------------------+-----------+----------------------
 01:54:43(01:50:29) |  00:00:33(00:00:22) |   0.3(  0.2) |   17:21:59 (May04) |   5.74 GB | PBS_TechMap-Postmap HBO Optimizations
--------------------+---------------------+--------------+--------------------+-----------+----------------------
 02:05:06(02:00:53) |  00:10:23(00:10:24) |   4.8(  5.2) |   17:32:23 (May04) |   5.65 GB | PBS_TechMap-Postmap Clock Gating
--------------------+---------------------+--------------+--------------------+-----------+----------------------
 03:38:19(03:21:40) |  01:33:13(01:20:47) |  42.9( 40.3) |   18:53:10 (May04) |   6.17 GB | PBS_TechMap-Postmap Cleanup
--------------------+---------------------+--------------+--------------------+-----------+----------------------
 03:38:22(03:21:43) |  00:00:03(00:00:03) |   0.0(  0.0) |   18:53:13 (May04) |   6.17 GB | PBS_Techmap-Post_MBCI
--------------------+---------------------+--------------+--------------------+-----------+----------------------
 03:39:22(03:22:37) |  00:01:00(00:00:54) |   0.5(  0.4) |   18:54:07 (May04) |   6.02 GB | PBS_Incr_Opt-Start
--------------------+---------------------+--------------+--------------------+-----------+----------------------
 03:39:26(03:22:41) |  00:00:04(00:00:04) |   0.0(  0.0) |   18:54:11 (May04) |   6.02 GB | PBS_Incr_Opt-Uniquify_Netlist
--------------------+---------------------+--------------+--------------------+-----------+----------------------
Number of threads: 8 * 1   (id: pbs_debug, time_info v1.57)
Info: (*N*) indicates data that was populated from previously saved time_info database
Info: CPU time includes time of parent + longest thread
 Uniquify netlist ...
 Swap or remap avoided cells ...
                                   Group   
                                  Tot Wrst     Total - - DRC Totals - -
                           Total  Weighted      Neg      Max       Max 
Operation                   Area   Slacks      Slack    Trans      Cap 
 init_iopt                114890      -88  -1291652         0        0
            Worst cost_group: clk, WNS: -88.8
            Path: act_buf_sel -->
                    u_array/g_row[10].g_col[6].u_pe/psum_out_reg[0]/D
-------------------------------------------------------------------------------
 hi_fo_buf                114996      -91  -1292517         0        0
            Worst cost_group: clk, WNS: -91.0
            Path: act_buf_sel -->
                    u_array/g_row[5].g_col[16].u_pe/psum_out_reg[5]/D

           Trick     Calls     Accepts   Attempts    Time(secs) 
-----------------------------------------------------------
       hi_fo_buf       214  (      130 /      130 )  9.59

 


                                   Group   
                                  Tot Wrst     Total - - DRC Totals - -
                           Total  Weighted      Neg      Max       Max 
Operation                   Area   Slacks      Slack    Trans      Cap 
 init_delay               114996      -91  -1292517         0        0
            Worst cost_group: clk, WNS: -91.0
            Path: act_buf_sel -->
                    u_array/g_row[5].g_col[16].u_pe/psum_out_reg[5]/D
 incr_delay               115012      -87  -1286035         0        0
            Worst cost_group: clk, WNS: -87.5
            Path: act_buf_sel -->
                    u_array/g_row[7].g_col[0].u_pe/psum_out_reg[0]/D
 incr_delay               115030      -87  -1284983         0        0
            Worst cost_group: clk, WNS: -87.4
            Path: act_buf_sel -->
                    u_array/g_row[7].g_col[0].u_pe/psum_out_reg[0]/D
 incr_delay               115042      -86  -1279339         0        0
            Worst cost_group: clk, WNS: -86.8
            Path: act_buf_sel -->
                    u_array/g_row[4].g_col[0].u_pe/psum_out_reg[2]/D
 incr_delay               115109      -85  -1267008         0        0
            Worst cost_group: clk, WNS: -85.6
            Path: act_buf_sel -->
                    u_array/g_row[11].g_col[10].u_pe/psum_out_reg[0]/D
 incr_delay               115109      -85  -1266997         0        0
            Worst cost_group: clk, WNS: -85.6
            Path: act_buf_sel -->
                    u_array/g_row[11].g_col[10].u_pe/psum_out_reg[0]/D

           Trick     Calls     Accepts   Attempts    Time(secs) 
-----------------------------------------------------------
       crit_upsz     30394  (     3812 /     5156 )  347.60
            fopt      5193  (      312 /      350 )  90.33

 init_tns                 115109      -85  -1266997         0        0
            Worst cost_group: clk, WNS: -85.6
            Path: act_buf_sel -->
                    u_array/g_row[11].g_col[10].u_pe/psum_out_reg[0]/D
 incr_tns                 115113      -85  -1263788         0        1
            Worst cost_group: clk, WNS: -85.6
            Path: act_buf_sel -->
                    u_array/g_row[14].g_col[11].u_pe/psum_out_reg[0]/D
 incr_tns                 115121      -85  -1259731         0        1
            Worst cost_group: clk, WNS: -85.6
            Path: act_buf_sel -->
                    u_array/g_row[13].g_col[5].u_pe/psum_out_reg[0]/D
 incr_tns                 115121      -85  -1259731         0        1
            Worst cost_group: clk, WNS: -85.6
            Path: act_buf_sel -->
                    u_array/g_row[13].g_col[5].u_pe/psum_out_reg[0]/D
 incr_tns                 115121      -85  -1259731         0        1
            Worst cost_group: clk, WNS: -85.6
            Path: act_buf_sel -->
                    u_array/g_row[13].g_col[5].u_pe/psum_out_reg[0]/D

           Trick     Calls     Accepts   Attempts    Time(secs) 
-----------------------------------------------------------
       crit_upsz      5464  (     1615 /     2827 )  70.28
            fopt      3849  (        0 /        1 )  1.03
       crit_dnsz      3838  (      316 /      711 )  28.61
             dup      3533  (       67 /       94 )  10.77

INIT_CLEAN_UP - Elapsed_Time 617, CPU_Time 757.5709490000027
stamp 'INIT_CLEAN_UP' being created for table 'pbs_debug'

  Total Time (Wall) |  Stage Time (Wall)  |   % (Wall)   |    Date - Time     |  Memory   | Stage
--------------------+---------------------+--------------+--------------------+-----------+----------------------
 00:02:23(00:02:23) |  00:00:00(00:00:00) |   0.0(  0.0) |   15:33:53 (May04) |   3.33 GB | PBS_Generic-Start
--------------------+---------------------+--------------+--------------------+-----------+----------------------
 00:57:33(00:56:37) |  00:55:10(00:54:14) |  24.0( 25.8) |   16:28:07 (May04) |   6.48 GB | PBS_Generic-Post_Genopt
--------------------+---------------------+--------------+--------------------+-----------+----------------------
 01:22:59(01:22:03) |  00:25:25(00:25:26) |  11.1( 12.1) |   16:53:33 (May04) |   6.30 GB | PBS_Generic_Opt-Post
--------------------+---------------------+--------------+--------------------+-----------+----------------------
 01:23:22(01:22:26) |  00:00:23(00:00:23) |   0.2(  0.2) |   16:53:56 (May04) |   5.81 GB | PBS_Generic-Postgen HBO Optimizations
--------------------+---------------------+--------------+--------------------+-----------+----------------------
 01:28:30(01:23:50) |  00:05:08(00:01:24) |   2.2(  0.7) |   16:55:20 (May04) |   5.79 GB | PBS_TechMap-Start
--------------------+---------------------+--------------+--------------------+-----------+----------------------
 01:28:49(01:24:08) |  00:00:19(00:00:18) |   0.1(  0.1) |   16:55:38 (May04) |   5.79 GB | PBS_TechMap-Premap HBO Optimizations
--------------------+---------------------+--------------+--------------------+-----------+----------------------
 01:50:15(01:46:30) |  00:21:25(00:22:22) |   9.3( 10.6) |   17:18:00 (May04) |   5.94 GB | PBS_Techmap-Global Mapping
--------------------+---------------------+--------------+--------------------+-----------+----------------------
 01:54:09(01:50:07) |  00:03:54(00:03:37) |   1.7(  1.7) |   17:21:37 (May04) |   5.74 GB | PBS_TechMap-Datapath Postmap Operations
--------------------+---------------------+--------------+--------------------+-----------+----------------------
 01:54:43(01:50:29) |  00:00:33(00:00:22) |   0.2(  0.2) |   17:21:59 (May04) |   5.74 GB | PBS_TechMap-Postmap HBO Optimizations
--------------------+---------------------+--------------+--------------------+-----------+----------------------
 02:05:06(02:00:53) |  00:10:23(00:10:24) |   4.5(  4.9) |   17:32:23 (May04) |   5.65 GB | PBS_TechMap-Postmap Clock Gating
--------------------+---------------------+--------------+--------------------+-----------+----------------------
 03:38:19(03:21:40) |  01:33:13(01:20:47) |  40.6( 38.4) |   18:53:10 (May04) |   6.17 GB | PBS_TechMap-Postmap Cleanup
--------------------+---------------------+--------------+--------------------+-----------+----------------------
 03:38:22(03:21:43) |  00:00:03(00:00:03) |   0.0(  0.0) |   18:53:13 (May04) |   6.17 GB | PBS_Techmap-Post_MBCI
--------------------+---------------------+--------------+--------------------+-----------+----------------------
 03:39:22(03:22:37) |  00:01:00(00:00:54) |   0.4(  0.4) |   18:54:07 (May04) |   6.02 GB | PBS_Incr_Opt-Start
--------------------+---------------------+--------------+--------------------+-----------+----------------------
 03:39:26(03:22:41) |  00:00:04(00:00:04) |   0.0(  0.0) |   18:54:11 (May04) |   6.02 GB | PBS_Incr_Opt-Uniquify_Netlist
--------------------+---------------------+--------------+--------------------+-----------+----------------------
 03:52:04(03:32:58) |  00:12:37(00:10:17) |   5.5(  4.9) |   19:04:28 (May04) |   6.08 GB | INIT_CLEAN_UP
--------------------+---------------------+--------------+--------------------+-----------+----------------------
Number of threads: 8 * 1   (id: pbs_debug, time_info v1.57)
Info: (*N*) indicates data that was populated from previously saved time_info database
Info: CPU time includes time of parent + longest thread
Updating ST server settings
     Generating lib_script file: /home/iwyse/common/Documents/ECE510/project/510Project/project/cadence/systolic_16x32/.pbs_auto.ece.pdx.edu_2016/lib_script
Warning : This attribute will be obsolete in a next major release. [TUI-32]
        : attribute: 'lp_power_analysis_effort', object type: 'root'
Start partitioning.  Summary: MEM {curr: 5.3G, peak: 7.7G, phys curr: 5.9G, phys peak: 15.6G}
Start timing analysis.  Summary: MEM {curr: 5.3G, peak: 7.7G, phys curr: 5.9G, phys peak: 15.6G}
Done timing analysis.  Summary: RT {elapsed: 26s, ST: 33s}, MEM {curr: 5.3G, peak: 7.7G, phys curr: 5.9G, phys peak: 15.6G}
Design sys_top is partitioned using GPS apart partitioner
Done partitioning.  Summary: RT {elapsed: 31s, ST: 37s}, MEM {curr: 5.3G, peak: 7.7G, phys curr: 5.9G, phys peak: 15.6G}
Start creating partition netlists.  Summary: MEM {curr: 5.3G, peak: 7.7G, phys curr: 5.9G, phys peak: 15.6G}
Done creating partition netlists.  Summary: RT {elapsed: 12s, ST: 12s}, MEM {curr: 5.7G, peak: 7.7G, phys curr: 6.1G, phys peak: 15.6G}
Start budgeting timing for partitions.  Summary: MEM {curr: 5.7G, peak: 7.7G, phys curr: 6.1G, phys peak: 15.6G}
Done budgeting timing for partitions.  Summary: RT {elapsed: 79s, ST: 116s}, MEM {curr: 6.1G, peak: 7.7G, phys curr: 7.0G, phys peak: 15.6G}
Start deriving partition netlists.  Summary: MEM {curr: 6.1G, peak: 7.7G, phys curr: 7.0G, phys peak: 15.6G}
The inst 'pbs_iopt_1' is selected as pbs candidate. The instance cnt is: '62554'.
The inst 'pbs_iopt_0' is selected as pbs candidate. The instance cnt is: '51847'.
The inst 'pbs_iopt_10' is selected as pbs candidate. The instance cnt is: '75647'.
The inst 'pbs_iopt_11' is selected as pbs candidate. The instance cnt is: '80455'.
The inst 'pbs_iopt_15' is selected as pbs candidate. The instance cnt is: '84519'.
The inst 'pbs_iopt_14' is selected as pbs candidate. The instance cnt is: '60881'.
The inst 'pbs_iopt_12' is selected as pbs candidate. The instance cnt is: '85424'.
The inst 'pbs_iopt_16' is selected as pbs candidate. The instance cnt is: '85089'.
The inst 'pbs_iopt_7' is selected as pbs candidate. The instance cnt is: '85804'.
The inst 'pbs_iopt_8' is selected as pbs candidate. The instance cnt is: '84689'.
The inst 'pbs_iopt_5' is selected as pbs candidate. The instance cnt is: '85573'.
The inst 'pbs_iopt_4' is selected as pbs candidate. The instance cnt is: '84736'.
The inst 'pbs_iopt_6' is selected as pbs candidate. The instance cnt is: '84975'.
The inst 'pbs_iopt_2' is selected as pbs candidate. The instance cnt is: '85609'.
The inst 'pbs_iopt_13' is selected as pbs candidate. The instance cnt is: '85418'.
The inst 'pbs_iopt_9' is selected as pbs candidate. The instance cnt is: '84652'.
The inst 'pbs_iopt_3' is selected as pbs candidate. The instance cnt is: '20550'.
Done deriving partition netlists.  Summary: RT {elapsed: 14s, ST: 15s}, MEM {curr: 6.2G, peak: 7.7G, phys curr: 7.0G, phys peak: 15.6G}
Wait for super-thread servers to finish loading libraries.
Start super thread servers forking.  Summary: MEM {curr: 6.1G, peak: 7.7G, phys curr: 7.0G, phys peak: 15.6G}
Done super thread servers forking.  Summary: RT {elapsed: 2s, ST: 0s}, MEM {curr: 6.1G, peak: 7.7G, phys curr: 7.1G, phys peak: 15.6G}
        Distributing super-thread jobs: {pbs_iopt_7 ./.pbs_auto.ece.pdx.edu_2016/pbs_iopt_7.etf} {pbs_iopt_2 ./.pbs_auto.ece.pdx.edu_2016/pbs_iopt_2.etf} {pbs_iopt_5 ./.pbs_auto.ece.pdx.edu_2016/pbs_iopt_5.etf} {pbs_iopt_12 ./.pbs_auto.ece.pdx.edu_2016/pbs_iopt_12.etf} {pbs_iopt_13 ./.pbs_auto.ece.pdx.edu_2016/pbs_iopt_13.etf} {pbs_iopt_16 ./.pbs_auto.ece.pdx.edu_2016/pbs_iopt_16.etf} {pbs_iopt_6 ./.pbs_auto.ece.pdx.edu_2016/pbs_iopt_6.etf} {pbs_iopt_4 ./.pbs_auto.ece.pdx.edu_2016/pbs_iopt_4.etf} {pbs_iopt_8 ./.pbs_auto.ece.pdx.edu_2016/pbs_iopt_8.etf} {pbs_iopt_9 ./.pbs_auto.ece.pdx.edu_2016/pbs_iopt_9.etf} {pbs_iopt_15 ./.pbs_auto.ece.pdx.edu_2016/pbs_iopt_15.etf} {pbs_iopt_11 ./.pbs_auto.ece.pdx.edu_2016/pbs_iopt_11.etf} {pbs_iopt_10 ./.pbs_auto.ece.pdx.edu_2016/pbs_iopt_10.etf} {pbs_iopt_1 ./.pbs_auto.ece.pdx.edu_2016/pbs_iopt_1.etf} {pbs_iopt_14 ./.pbs_auto.ece.pdx.edu_2016/pbs_iopt_14.etf} {pbs_iopt_0 ./.pbs_auto.ece.pdx.edu_2016/pbs_iopt_0.etf} {pbs_iopt_3 ./.pbs_auto.ece.pdx.edu_2016/pbs_iopt_3.etf}
          Sending 'pbs_iopt_7 ./.pbs_auto.ece.pdx.edu_2016/pbs_iopt_7.etf' to server 'localhost_1_27'...
            Sent 'pbs_iopt_7 ./.pbs_auto.ece.pdx.edu_2016/pbs_iopt_7.etf' to server 'localhost_1_27'.
          Sending 'pbs_iopt_2 ./.pbs_auto.ece.pdx.edu_2016/pbs_iopt_2.etf' to server 'localhost_1_26'...
            Sent 'pbs_iopt_2 ./.pbs_auto.ece.pdx.edu_2016/pbs_iopt_2.etf' to server 'localhost_1_26'.
          Sending 'pbs_iopt_5 ./.pbs_auto.ece.pdx.edu_2016/pbs_iopt_5.etf' to server 'localhost_1_25'...
            Sent 'pbs_iopt_5 ./.pbs_auto.ece.pdx.edu_2016/pbs_iopt_5.etf' to server 'localhost_1_25'.
          Sending 'pbs_iopt_12 ./.pbs_auto.ece.pdx.edu_2016/pbs_iopt_12.etf' to server 'localhost_1_22'...
            Sent 'pbs_iopt_12 ./.pbs_auto.ece.pdx.edu_2016/pbs_iopt_12.etf' to server 'localhost_1_22'.
          Sending 'pbs_iopt_13 ./.pbs_auto.ece.pdx.edu_2016/pbs_iopt_13.etf' to server 'localhost_1_28'...
            Sent 'pbs_iopt_13 ./.pbs_auto.ece.pdx.edu_2016/pbs_iopt_13.etf' to server 'localhost_1_28'.
          Sending 'pbs_iopt_16 ./.pbs_auto.ece.pdx.edu_2016/pbs_iopt_16.etf' to server 'localhost_1_23'...
            Sent 'pbs_iopt_16 ./.pbs_auto.ece.pdx.edu_2016/pbs_iopt_16.etf' to server 'localhost_1_23'.
          Sending 'pbs_iopt_6 ./.pbs_auto.ece.pdx.edu_2016/pbs_iopt_6.etf' to server 'localhost_1_0'...
            Sent 'pbs_iopt_6 ./.pbs_auto.ece.pdx.edu_2016/pbs_iopt_6.etf' to server 'localhost_1_0'.
          Sending 'pbs_iopt_4 ./.pbs_auto.ece.pdx.edu_2016/pbs_iopt_4.etf' to server 'localhost_1_24'...
            Sent 'pbs_iopt_4 ./.pbs_auto.ece.pdx.edu_2016/pbs_iopt_4.etf' to server 'localhost_1_24'.
          Received 'pbs_iopt_4 ./.pbs_auto.ece.pdx.edu_2016/pbs_iopt_4.etf' from server 'localhost_1_24'. (442733 ms elapsed)
       Partition:  pbs_iopt_4 - PBS_Iopt-Distributed_Read_DB - Elapsed_Time 3.00, CPU_Time 2.00
       Partition:  pbs_iopt_4 - PBS_Iopt-Distributed_Iopt - Elapsed_Time 432.00, CPU_Time 431.00
       Start - Partition: pbs_iopt_4  Slack: -80.8 TNS: 82397.6 Cell-Count: 84736 Cell-Area: 7032  
Init-Memory: 2432.59
       Done  - Partition: pbs_iopt_4  Slack: -41.8 TNS: 39767.1 Cell-Count: 80082 Cell-Area: 6871  
Peak-Memory: 2496.63 Elapsed: 437
       Partition:  pbs_iopt_4 - PBS_Iopt-Distributed_Report - Elapsed_Time 2.00, CPU_Time 2.00
       Partition:  pbs_iopt_4 - PBS_Iopt-Distributed_Write_DB - Elapsed_Time 5.00, CPU_Time 4.00
       pbs_iopt_4 - PBS_Iopt-Assembly - Elapsed_Time 5, CPU_Time 5.0
       Partition:  pbs_iopt_4 - Runtime taken by the partition - Elapsed_Time 442.00, CPU_Time 439.00
          Sending 'pbs_iopt_8 ./.pbs_auto.ece.pdx.edu_2016/pbs_iopt_8.etf' to server 'localhost_1_24'...
            Sent 'pbs_iopt_8 ./.pbs_auto.ece.pdx.edu_2016/pbs_iopt_8.etf' to server 'localhost_1_24'.
          Received 'pbs_iopt_16 ./.pbs_auto.ece.pdx.edu_2016/pbs_iopt_16.etf' from server 'localhost_1_23'. (454075 ms elapsed)
          Sending 'pbs_iopt_9 ./.pbs_auto.ece.pdx.edu_2016/pbs_iopt_9.etf' to server 'localhost_1_23'...
            Sent 'pbs_iopt_9 ./.pbs_auto.ece.pdx.edu_2016/pbs_iopt_9.etf' to server 'localhost_1_23'.
          Received 'pbs_iopt_6 ./.pbs_auto.ece.pdx.edu_2016/pbs_iopt_6.etf' from server 'localhost_1_0'. (519931 ms elapsed)
       Partition:  pbs_iopt_6 - PBS_Iopt-Distributed_Read_DB - Elapsed_Time 3.00, CPU_Time 2.00
       Partition:  pbs_iopt_6 - PBS_Iopt-Distributed_Iopt - Elapsed_Time 509.00, CPU_Time 508.00
       Start - Partition: pbs_iopt_6  Slack: -81.2 TNS: 82318.0 Cell-Count: 84975 Cell-Area: 7030  
Init-Memory: 2496.62
       Done  - Partition: pbs_iopt_6  Slack: -24.6 TNS: 19861.4 Cell-Count: 81329 Cell-Area: 6982  
Peak-Memory: 2644.80 Elapsed: 514
       Partition:  pbs_iopt_6 - PBS_Iopt-Distributed_Report - Elapsed_Time 3.00, CPU_Time 2.00
       Partition:  pbs_iopt_6 - PBS_Iopt-Distributed_Write_DB - Elapsed_Time 4.00, CPU_Time 4.00
       pbs_iopt_6 - PBS_Iopt-Assembly - Elapsed_Time 4, CPU_Time 5.0
       Partition:  pbs_iopt_6 - Runtime taken by the partition - Elapsed_Time 519.00, CPU_Time 516.00
       Partition:  pbs_iopt_16 - PBS_Iopt-Distributed_Read_DB - Elapsed_Time 3.00, CPU_Time 3.00
       Partition:  pbs_iopt_16 - PBS_Iopt-Distributed_Iopt - Elapsed_Time 444.00, CPU_Time 441.00
       Start - Partition: pbs_iopt_16  Slack: -81.0 TNS: 84233.4 Cell-Count: 85089 Cell-Area: 7080  
Init-Memory: 2432.59
       Done  - Partition: pbs_iopt_16  Slack: -39.6 TNS: 34779.3 Cell-Count: 79593 Cell-Area: 6901  
Peak-Memory: 2496.63 Elapsed: 449
       Partition:  pbs_iopt_16 - PBS_Iopt-Distributed_Report - Elapsed_Time 2.00, CPU_Time 2.00
       Partition:  pbs_iopt_16 - PBS_Iopt-Distributed_Write_DB - Elapsed_Time 4.00, CPU_Time 5.00
       pbs_iopt_16 - PBS_Iopt-Assembly - Elapsed_Time 5, CPU_Time 5.0
       Partition:  pbs_iopt_16 - Runtime taken by the partition - Elapsed_Time 453.00, CPU_Time 451.00
          Sending 'pbs_iopt_15 ./.pbs_auto.ece.pdx.edu_2016/pbs_iopt_15.etf' to server 'localhost_1_0'...
            Sent 'pbs_iopt_15 ./.pbs_auto.ece.pdx.edu_2016/pbs_iopt_15.etf' to server 'localhost_1_0'.
          Received 'pbs_iopt_2 ./.pbs_auto.ece.pdx.edu_2016/pbs_iopt_2.etf' from server 'localhost_1_26'. (566138 ms elapsed)
          Sending 'pbs_iopt_11 ./.pbs_auto.ece.pdx.edu_2016/pbs_iopt_11.etf' to server 'localhost_1_26'...
            Sent 'pbs_iopt_11 ./.pbs_auto.ece.pdx.edu_2016/pbs_iopt_11.etf' to server 'localhost_1_26'.
          Received 'pbs_iopt_12 ./.pbs_auto.ece.pdx.edu_2016/pbs_iopt_12.etf' from server 'localhost_1_22'. (568499 ms elapsed)
          Sending 'pbs_iopt_10 ./.pbs_auto.ece.pdx.edu_2016/pbs_iopt_10.etf' to server 'localhost_1_22'...
            Sent 'pbs_iopt_10 ./.pbs_auto.ece.pdx.edu_2016/pbs_iopt_10.etf' to server 'localhost_1_22'.
          Received 'pbs_iopt_13 ./.pbs_auto.ece.pdx.edu_2016/pbs_iopt_13.etf' from server 'localhost_1_28'. (601942 ms elapsed)
       Partition:  pbs_iopt_13 - PBS_Iopt-Distributed_Read_DB - Elapsed_Time 3.00, CPU_Time 3.00
       Partition:  pbs_iopt_13 - PBS_Iopt-Distributed_Iopt - Elapsed_Time 591.00, CPU_Time 588.00
       Start - Partition: pbs_iopt_13  Slack: -78.9 TNS: 79898.0 Cell-Count: 85418 Cell-Area: 6957  
Init-Memory: 2432.59
       Done  - Partition: pbs_iopt_13  Slack: -19.9 TNS: 16399.0 Cell-Count: 81516 Cell-Area: 6901  
Peak-Memory: 2496.63 Elapsed: 596
       Partition:  pbs_iopt_13 - PBS_Iopt-Distributed_Report - Elapsed_Time 2.00, CPU_Time 2.00
       Partition:  pbs_iopt_13 - PBS_Iopt-Distributed_Write_DB - Elapsed_Time 5.00, CPU_Time 5.00
       pbs_iopt_13 - PBS_Iopt-Assembly - Elapsed_Time 4, CPU_Time 5.0
       Partition:  pbs_iopt_13 - Runtime taken by the partition - Elapsed_Time 601.00, CPU_Time 598.00
       Partition:  pbs_iopt_12 - PBS_Iopt-Distributed_Read_DB - Elapsed_Time 3.00, CPU_Time 2.00
       Partition:  pbs_iopt_12 - PBS_Iopt-Distributed_Iopt - Elapsed_Time 558.00, CPU_Time 556.00
       Start - Partition: pbs_iopt_12  Slack: -81.2 TNS: 83721.4 Cell-Count: 85424 Cell-Area: 7082  
Init-Memory: 2432.59
       Done  - Partition: pbs_iopt_12  Slack: -23.1 TNS: 17703.2 Cell-Count: 81313 Cell-Area: 7029  
Peak-Memory: 2496.63 Elapsed: 563
       Partition:  pbs_iopt_12 - PBS_Iopt-Distributed_Report - Elapsed_Time 2.00, CPU_Time 2.00
       Partition:  pbs_iopt_12 - PBS_Iopt-Distributed_Write_DB - Elapsed_Time 4.00, CPU_Time 5.00
       pbs_iopt_12 - PBS_Iopt-Assembly - Elapsed_Time 5, CPU_Time 5.0
       Partition:  pbs_iopt_12 - Runtime taken by the partition - Elapsed_Time 567.00, CPU_Time 565.00
          Sending 'pbs_iopt_1 ./.pbs_auto.ece.pdx.edu_2016/pbs_iopt_1.etf' to server 'localhost_1_28'...
            Sent 'pbs_iopt_1 ./.pbs_auto.ece.pdx.edu_2016/pbs_iopt_1.etf' to server 'localhost_1_28'.
          Received 'pbs_iopt_7 ./.pbs_auto.ece.pdx.edu_2016/pbs_iopt_7.etf' from server 'localhost_1_27'. (647316 ms elapsed)
          Sending 'pbs_iopt_14 ./.pbs_auto.ece.pdx.edu_2016/pbs_iopt_14.etf' to server 'localhost_1_27'...
            Sent 'pbs_iopt_14 ./.pbs_auto.ece.pdx.edu_2016/pbs_iopt_14.etf' to server 'localhost_1_27'.
          Received 'pbs_iopt_1 ./.pbs_auto.ece.pdx.edu_2016/pbs_iopt_1.etf' from server 'localhost_1_28'. (86102 ms elapsed)
          Sending 'pbs_iopt_0 ./.pbs_auto.ece.pdx.edu_2016/pbs_iopt_0.etf' to server 'localhost_1_28'...
            Sent 'pbs_iopt_0 ./.pbs_auto.ece.pdx.edu_2016/pbs_iopt_0.etf' to server 'localhost_1_28'.
          Received 'pbs_iopt_0 ./.pbs_auto.ece.pdx.edu_2016/pbs_iopt_0.etf' from server 'localhost_1_28'. (83689 ms elapsed)
          Sending 'pbs_iopt_3 ./.pbs_auto.ece.pdx.edu_2016/pbs_iopt_3.etf' to server 'localhost_1_28'...
            Sent 'pbs_iopt_3 ./.pbs_auto.ece.pdx.edu_2016/pbs_iopt_3.etf' to server 'localhost_1_28'.
          Received 'pbs_iopt_5 ./.pbs_auto.ece.pdx.edu_2016/pbs_iopt_5.etf' from server 'localhost_1_25'. (891002 ms elapsed)
       Partition:  pbs_iopt_5 - PBS_Iopt-Distributed_Read_DB - Elapsed_Time 3.00, CPU_Time 2.00
       Partition:  pbs_iopt_5 - PBS_Iopt-Distributed_Iopt - Elapsed_Time 880.00, CPU_Time 878.00
       Start - Partition: pbs_iopt_5  Slack: -76.5 TNS: 78873.6 Cell-Count: 85573 Cell-Area: 7082  
Init-Memory: 2432.59
       Done  - Partition: pbs_iopt_5  Slack: -20.0 TNS: 14568.1 Cell-Count: 82283 Cell-Area: 7044  
Peak-Memory: 2496.63 Elapsed: 886
       Partition:  pbs_iopt_5 - PBS_Iopt-Distributed_Report - Elapsed_Time 3.00, CPU_Time 2.00
       Partition:  pbs_iopt_5 - PBS_Iopt-Distributed_Write_DB - Elapsed_Time 4.00, CPU_Time 4.00
       pbs_iopt_5 - PBS_Iopt-Assembly - Elapsed_Time 6, CPU_Time 6.0
       Partition:  pbs_iopt_5 - Runtime taken by the partition - Elapsed_Time 890.00, CPU_Time 886.00
       Partition:  pbs_iopt_2 - PBS_Iopt-Distributed_Read_DB - Elapsed_Time 3.00, CPU_Time 2.00
       Partition:  pbs_iopt_2 - PBS_Iopt-Distributed_Iopt - Elapsed_Time 556.00, CPU_Time 554.00
       Start - Partition: pbs_iopt_2  Slack: -80.5 TNS: 80949.7 Cell-Count: 85609 Cell-Area: 7108  
Init-Memory: 2432.59
       Done  - Partition: pbs_iopt_2  Slack: -21.6 TNS: 17614.7 Cell-Count: 82236 Cell-Area: 7062  
Peak-Memory: 2496.63 Elapsed: 561
       Partition:  pbs_iopt_2 - PBS_Iopt-Distributed_Report - Elapsed_Time 2.00, CPU_Time 2.00
       Partition:  pbs_iopt_2 - PBS_Iopt-Distributed_Write_DB - Elapsed_Time 4.00, CPU_Time 4.00
       pbs_iopt_2 - PBS_Iopt-Assembly - Elapsed_Time 5, CPU_Time 5.0
       Partition:  pbs_iopt_2 - Runtime taken by the partition - Elapsed_Time 565.00, CPU_Time 562.00
       Partition:  pbs_iopt_7 - PBS_Iopt-Distributed_Read_DB - Elapsed_Time 4.00, CPU_Time 3.00
       Partition:  pbs_iopt_7 - PBS_Iopt-Distributed_Iopt - Elapsed_Time 635.00, CPU_Time 633.00
       Start - Partition: pbs_iopt_7  Slack: -77.4 TNS: 77908.4 Cell-Count: 85804 Cell-Area: 7149  
Init-Memory: 2432.59
       Done  - Partition: pbs_iopt_7  Slack: -12.9 TNS: 8462.6 Cell-Count: 83894 Cell-Area: 7169  
Peak-Memory: 2496.63 Elapsed: 642
       Partition:  pbs_iopt_7 - PBS_Iopt-Distributed_Report - Elapsed_Time 3.00, CPU_Time 3.00
       Partition:  pbs_iopt_7 - PBS_Iopt-Distributed_Write_DB - Elapsed_Time 4.00, CPU_Time 4.00
       pbs_iopt_7 - PBS_Iopt-Assembly - Elapsed_Time 5, CPU_Time 5.0
       Partition:  pbs_iopt_7 - Runtime taken by the partition - Elapsed_Time 646.00, CPU_Time 643.00
          Received 'pbs_iopt_15 ./.pbs_auto.ece.pdx.edu_2016/pbs_iopt_15.etf' from server 'localhost_1_0'. (484340 ms elapsed)
          Received 'pbs_iopt_11 ./.pbs_auto.ece.pdx.edu_2016/pbs_iopt_11.etf' from server 'localhost_1_26'. (448547 ms elapsed)
          Received 'pbs_iopt_14 ./.pbs_auto.ece.pdx.edu_2016/pbs_iopt_14.etf' from server 'localhost_1_27'. (444042 ms elapsed)
          Received 'pbs_iopt_3 ./.pbs_auto.ece.pdx.edu_2016/pbs_iopt_3.etf' from server 'localhost_1_28'. (356115 ms elapsed)
          Received 'pbs_iopt_8 ./.pbs_auto.ece.pdx.edu_2016/pbs_iopt_8.etf' from server 'localhost_1_24'. (838374 ms elapsed)
       Partition:  pbs_iopt_8 - PBS_Iopt-Distributed_Read_DB - Elapsed_Time 3.00, CPU_Time 2.00
       Partition:  pbs_iopt_8 - PBS_Iopt-Distributed_Iopt - Elapsed_Time 829.00, CPU_Time 826.00
       Start - Partition: pbs_iopt_8  Slack: -76.5 TNS: 75373.3 Cell-Count: 84689 Cell-Area: 7038  
Init-Memory: 2432.59
       Done  - Partition: pbs_iopt_8  Slack: 0.0 TNS: 0.0 Cell-Count: 80233 Cell-Area: 6907  
Peak-Memory: 2496.63 Elapsed: 834
       Partition:  pbs_iopt_8 - PBS_Iopt-Distributed_Report - Elapsed_Time 2.00, CPU_Time 2.00
       Partition:  pbs_iopt_8 - PBS_Iopt-Distributed_Write_DB - Elapsed_Time 4.00, CPU_Time 5.00
       pbs_iopt_8 - PBS_Iopt-Assembly - Elapsed_Time 6, CPU_Time 6.0
       Partition:  pbs_iopt_8 - Runtime taken by the partition - Elapsed_Time 838.00, CPU_Time 835.00
          Received 'pbs_iopt_9 ./.pbs_auto.ece.pdx.edu_2016/pbs_iopt_9.etf' from server 'localhost_1_23'. (937441 ms elapsed)
       Partition:  pbs_iopt_9 - PBS_Iopt-Distributed_Read_DB - Elapsed_Time 1.00, CPU_Time 2.00
       Partition:  pbs_iopt_9 - PBS_Iopt-Distributed_Iopt - Elapsed_Time 929.00, CPU_Time 925.00
       Start - Partition: pbs_iopt_9  Slack: -81.5 TNS: 80603.9 Cell-Count: 84652 Cell-Area: 7027  
Init-Memory: 2432.59
       Done  - Partition: pbs_iopt_9  Slack: -3.7 TNS: 304.6 Cell-Count: 82086 Cell-Area: 6992  
Peak-Memory: 2496.63 Elapsed: 932
       Partition:  pbs_iopt_9 - PBS_Iopt-Distributed_Report - Elapsed_Time 2.00, CPU_Time 2.00
       Partition:  pbs_iopt_9 - PBS_Iopt-Distributed_Write_DB - Elapsed_Time 4.00, CPU_Time 5.00
       pbs_iopt_9 - PBS_Iopt-Assembly - Elapsed_Time 6, CPU_Time 6.0
       Partition:  pbs_iopt_9 - Runtime taken by the partition - Elapsed_Time 936.00, CPU_Time 934.00
       Partition:  pbs_iopt_15 - PBS_Iopt-Distributed_Read_DB - Elapsed_Time 2.00, CPU_Time 2.00
       Partition:  pbs_iopt_15 - PBS_Iopt-Distributed_Iopt - Elapsed_Time 476.00, CPU_Time 474.00
       Start - Partition: pbs_iopt_15  Slack: -79.8 TNS: 81676.5 Cell-Count: 84519 Cell-Area: 7015  
Init-Memory: 2496.62
       Done  - Partition: pbs_iopt_15  Slack: -27.7 TNS: 23175.5 Cell-Count: 80946 Cell-Area: 6959  
Peak-Memory: 2644.80 Elapsed: 479
       Partition:  pbs_iopt_15 - PBS_Iopt-Distributed_Report - Elapsed_Time 1.00, CPU_Time 2.00
       Partition:  pbs_iopt_15 - PBS_Iopt-Distributed_Write_DB - Elapsed_Time 5.00, CPU_Time 4.00
       pbs_iopt_15 - PBS_Iopt-Assembly - Elapsed_Time 5, CPU_Time 5.0
       Partition:  pbs_iopt_15 - Runtime taken by the partition - Elapsed_Time 484.00, CPU_Time 482.00
       Partition:  pbs_iopt_11 - PBS_Iopt-Distributed_Read_DB - Elapsed_Time 1.00, CPU_Time 1.00
       Partition:  pbs_iopt_11 - PBS_Iopt-Distributed_Iopt - Elapsed_Time 441.00, CPU_Time 440.00
       Start - Partition: pbs_iopt_11  Slack: -81.2 TNS: 78890.2 Cell-Count: 80455 Cell-Area: 6697  
Init-Memory: 2432.59
       Done  - Partition: pbs_iopt_11  Slack: -33.7 TNS: 27818.8 Cell-Count: 75727 Cell-Area: 6571  
Peak-Memory: 2496.63 Elapsed: 444
       Partition:  pbs_iopt_11 - PBS_Iopt-Distributed_Report - Elapsed_Time 2.00, CPU_Time 1.00
       Partition:  pbs_iopt_11 - PBS_Iopt-Distributed_Write_DB - Elapsed_Time 4.00, CPU_Time 4.00
       pbs_iopt_11 - PBS_Iopt-Assembly - Elapsed_Time 4, CPU_Time 4.0
       Partition:  pbs_iopt_11 - Runtime taken by the partition - Elapsed_Time 448.00, CPU_Time 446.00
          Received 'pbs_iopt_10 ./.pbs_auto.ece.pdx.edu_2016/pbs_iopt_10.etf' from server 'localhost_1_22'. (860035 ms elapsed)
       Partition:  pbs_iopt_10 - PBS_Iopt-Distributed_Read_DB - Elapsed_Time 1.00, CPU_Time 2.00
       Partition:  pbs_iopt_10 - PBS_Iopt-Distributed_Iopt - Elapsed_Time 853.00, CPU_Time 849.00
       Start - Partition: pbs_iopt_10  Slack: -78.3 TNS: 69736.2 Cell-Count: 75647 Cell-Area: 6283  
Init-Memory: 2432.59
       Done  - Partition: pbs_iopt_10  Slack: -9.4 TNS: 3780.6 Cell-Count: 73883 Cell-Area: 6285  
Peak-Memory: 2496.63 Elapsed: 856
       Partition:  pbs_iopt_10 - PBS_Iopt-Distributed_Report - Elapsed_Time 2.00, CPU_Time 2.00
       Partition:  pbs_iopt_10 - PBS_Iopt-Distributed_Write_DB - Elapsed_Time 3.00, CPU_Time 4.00
       pbs_iopt_10 - PBS_Iopt-Assembly - Elapsed_Time 6, CPU_Time 6.0
       Partition:  pbs_iopt_10 - Runtime taken by the partition - Elapsed_Time 859.00, CPU_Time 857.00
       Partition:  pbs_iopt_1 - PBS_Iopt-Distributed_Read_DB - Elapsed_Time 2.00, CPU_Time 1.00
       Partition:  pbs_iopt_1 - PBS_Iopt-Distributed_Iopt - Elapsed_Time 78.00, CPU_Time 78.00
       Start - Partition: pbs_iopt_1  Slack: -9.6 TNS: 965.5 Cell-Count: 62554 Cell-Area: 9734  
Init-Memory: 2432.59
       Done  - Partition: pbs_iopt_1  Slack: -6.6 TNS: 435.0 Cell-Count: 59801 Cell-Area: 9391  
Peak-Memory: 2496.63 Elapsed: 82
       Partition:  pbs_iopt_1 - PBS_Iopt-Distributed_Report - Elapsed_Time 2.00, CPU_Time 2.00
       Partition:  pbs_iopt_1 - PBS_Iopt-Distributed_Write_DB - Elapsed_Time 4.00, CPU_Time 4.00
       pbs_iopt_1 - PBS_Iopt-Assembly - Elapsed_Time 5, CPU_Time 4.0
       Partition:  pbs_iopt_1 - Runtime taken by the partition - Elapsed_Time 86.00, CPU_Time 85.00
       Partition:  pbs_iopt_14 - PBS_Iopt-Distributed_Read_DB - Elapsed_Time 1.00, CPU_Time 1.00
       Partition:  pbs_iopt_14 - PBS_Iopt-Distributed_Iopt - Elapsed_Time 438.00, CPU_Time 436.00
       Start - Partition: pbs_iopt_14  Slack: -81.2 TNS: 61474.8 Cell-Count: 60881 Cell-Area: 5007  
Init-Memory: 2432.59
       Done  - Partition: pbs_iopt_14  Slack: -24.9 TNS: 15187.1 Cell-Count: 58049 Cell-Area: 4972  
Peak-Memory: 2496.63 Elapsed: 440
       Partition:  pbs_iopt_14 - PBS_Iopt-Distributed_Report - Elapsed_Time 1.00, CPU_Time 2.00
       Partition:  pbs_iopt_14 - PBS_Iopt-Distributed_Write_DB - Elapsed_Time 4.00, CPU_Time 3.00
       pbs_iopt_14 - PBS_Iopt-Assembly - Elapsed_Time 3, CPU_Time 4.0
       Partition:  pbs_iopt_14 - Runtime taken by the partition - Elapsed_Time 444.00, CPU_Time 442.00
       Partition:  pbs_iopt_0 - PBS_Iopt-Distributed_Read_DB - Elapsed_Time 1.00, CPU_Time 1.00
       Partition:  pbs_iopt_0 - PBS_Iopt-Distributed_Iopt - Elapsed_Time 77.00, CPU_Time 77.00
       Start - Partition: pbs_iopt_0  Slack: 1.4 TNS: 0.0 Cell-Count: 51847 Cell-Area: 8082  
Init-Memory: 2432.59
       Done  - Partition: pbs_iopt_0  Slack: 1.4 TNS: 0.0 Cell-Count: 49423 Cell-Area: 7780  
Peak-Memory: 2496.63 Elapsed: 80
       Partition:  pbs_iopt_0 - PBS_Iopt-Distributed_Report - Elapsed_Time 2.00, CPU_Time 2.00
       Partition:  pbs_iopt_0 - PBS_Iopt-Distributed_Write_DB - Elapsed_Time 3.00, CPU_Time 3.00
       pbs_iopt_0 - PBS_Iopt-Assembly - Elapsed_Time 4, CPU_Time 3.0
       Partition:  pbs_iopt_0 - Runtime taken by the partition - Elapsed_Time 83.00, CPU_Time 83.00
       Partition:  pbs_iopt_3 - PBS_Iopt-Distributed_Read_DB - Elapsed_Time 1.00, CPU_Time 0.00
       Partition:  pbs_iopt_3 - PBS_Iopt-Distributed_Iopt - Elapsed_Time 354.00, CPU_Time 353.00
       Start - Partition: pbs_iopt_3  Slack: -77.1 TNS: 18705.4 Cell-Count: 20550 Cell-Area: 1710  
Init-Memory: 2432.59
       Done  - Partition: pbs_iopt_3  Slack: -2.1 TNS: 12.9 Cell-Count: 19149 Cell-Area: 1662  
Peak-Memory: 2496.63 Elapsed: 355
       Partition:  pbs_iopt_3 - PBS_Iopt-Distributed_Report - Elapsed_Time 0.00, CPU_Time 1.00
       Partition:  pbs_iopt_3 - PBS_Iopt-Distributed_Write_DB - Elapsed_Time 1.00, CPU_Time 1.00
       pbs_iopt_3 - PBS_Iopt-Assembly - Elapsed_Time 1, CPU_Time 2.0
       Partition:  pbs_iopt_3 - Runtime taken by the partition - Elapsed_Time 356.00, CPU_Time 355.00
Assembled design in-time

+-----------+------------------+-----+----------------------+---------------------------+
|   Host    |     Machine      | CPU | Physical Memory (MB) | Peak Physical Memory (MB) |
+-----------+------------------+-----+----------------------+---------------------------+
| localhost | auto.ece.pdx.edu |  8  |       11378.0        |          15987.3          |
+-----------+------------------+-----+----------------------+---------------------------+

+----------------+----------------------+---------------------------+
|     Server     | Physical Memory (MB) | Peak Physical Memory (MB) |
+----------------+----------------------+---------------------------+
| localhost_1_26 |      799.2 [1]       |          [1] [2]          |
| localhost_1_28 |      798.4 [1]       |          [1] [2]          |
| localhost_1_22 |      798.8 [1]       |          [1] [2]          |
| localhost_1_25 |      803.2 [1]       |          [1] [2]          |
| localhost_1_0  |      6465.6 [3]      |        11251.3 [3]        |
| localhost_1_27 |      801.7 [1]       |          [1] [2]          |
| localhost_1_23 |      811.1 [1]       |          [1] [2]          |
| localhost_1_24 |      809.7 [1]       |          [1] [2]          |
+----------------+----------------------+---------------------------+
[1] Memory is included in parent localhost_1_0.
[2] Peak physical memory is not available for forked background servers.
[3] Memory of child processes is included.

1ST_ST - Elapsed_Time 1615, CPU_Time 1706.873970999999
stamp '1ST_ST' being created for table 'pbs_debug'

  Total Time (Wall) |  Stage Time (Wall)  |   % (Wall)   |    Date - Time     |  Memory   | Stage
--------------------+---------------------+--------------+--------------------+-----------+----------------------
 00:02:23(00:02:23) |  00:00:00(00:00:00) |   0.0(  0.0) |   15:33:53 (May04) |   3.33 GB | PBS_Generic-Start
--------------------+---------------------+--------------+--------------------+-----------+----------------------
 00:57:33(00:56:37) |  00:55:10(00:54:14) |  21.4( 22.8) |   16:28:07 (May04) |   6.48 GB | PBS_Generic-Post_Genopt
--------------------+---------------------+--------------+--------------------+-----------+----------------------
 01:22:59(01:22:03) |  00:25:25(00:25:26) |   9.8( 10.7) |   16:53:33 (May04) |   6.30 GB | PBS_Generic_Opt-Post
--------------------+---------------------+--------------+--------------------+-----------+----------------------
 01:23:22(01:22:26) |  00:00:23(00:00:23) |   0.1(  0.2) |   16:53:56 (May04) |   5.81 GB | PBS_Generic-Postgen HBO Optimizations
--------------------+---------------------+--------------+--------------------+-----------+----------------------
 01:28:30(01:23:50) |  00:05:08(00:01:24) |   2.0(  0.6) |   16:55:20 (May04) |   5.79 GB | PBS_TechMap-Start
--------------------+---------------------+--------------+--------------------+-----------+----------------------
 01:28:49(01:24:08) |  00:00:19(00:00:18) |   0.1(  0.1) |   16:55:38 (May04) |   5.79 GB | PBS_TechMap-Premap HBO Optimizations
--------------------+---------------------+--------------+--------------------+-----------+----------------------
 01:50:15(01:46:30) |  00:21:25(00:22:22) |   8.3(  9.4) |   17:18:00 (May04) |   5.94 GB | PBS_Techmap-Global Mapping
--------------------+---------------------+--------------+--------------------+-----------+----------------------
 01:54:09(01:50:07) |  00:03:54(00:03:37) |   1.5(  1.5) |   17:21:37 (May04) |   5.74 GB | PBS_TechMap-Datapath Postmap Operations
--------------------+---------------------+--------------+--------------------+-----------+----------------------
 01:54:43(01:50:29) |  00:00:33(00:00:22) |   0.2(  0.2) |   17:21:59 (May04) |   5.74 GB | PBS_TechMap-Postmap HBO Optimizations
--------------------+---------------------+--------------+--------------------+-----------+----------------------
 02:05:06(02:00:53) |  00:10:23(00:10:24) |   4.0(  4.4) |   17:32:23 (May04) |   5.65 GB | PBS_TechMap-Postmap Clock Gating
--------------------+---------------------+--------------+--------------------+-----------+----------------------
 03:38:19(03:21:40) |  01:33:13(01:20:47) |  36.1( 34.0) |   18:53:10 (May04) |   6.17 GB | PBS_TechMap-Postmap Cleanup
--------------------+---------------------+--------------+--------------------+-----------+----------------------
 03:38:22(03:21:43) |  00:00:03(00:00:03) |   0.0(  0.0) |   18:53:13 (May04) |   6.17 GB | PBS_Techmap-Post_MBCI
--------------------+---------------------+--------------+--------------------+-----------+----------------------
 03:39:22(03:22:37) |  00:01:00(00:00:54) |   0.4(  0.4) |   18:54:07 (May04) |   6.02 GB | PBS_Incr_Opt-Start
--------------------+---------------------+--------------+--------------------+-----------+----------------------
 03:39:26(03:22:41) |  00:00:04(00:00:04) |   0.0(  0.0) |   18:54:11 (May04) |   6.02 GB | PBS_Incr_Opt-Uniquify_Netlist
--------------------+---------------------+--------------+--------------------+-----------+----------------------
 03:52:04(03:32:58) |  00:12:37(00:10:17) |   4.9(  4.3) |   19:04:28 (May04) |   6.08 GB | INIT_CLEAN_UP
--------------------+---------------------+--------------+--------------------+-----------+----------------------
 04:20:30(03:59:53) |  00:28:26(00:26:55) |  11.0( 11.3) |   19:31:23 (May04) |   6.61 GB | 1ST_ST
--------------------+---------------------+--------------+--------------------+-----------+----------------------
Number of threads: 8 * 1   (id: pbs_debug, time_info v1.57)
Info: (*N*) indicates data that was populated from previously saved time_info database
Info: CPU time includes time of parent + longest thread
-------------------------------------------------------------------------------
 hi_fo_buf                114139      -87   -646550         0        0
            Worst cost_group: clk, WNS: -87.4
            Path: act_buf_sel -->
                    u_array/g_row[4].g_col[13].u_pe/psum_out_reg[8]/D

           Trick     Calls     Accepts   Attempts    Time(secs) 
-----------------------------------------------------------
       hi_fo_buf       376  (      375 /      375 )  41.51

 


                                   Group   
                                  Tot Wrst     Total - - DRC Totals - -
                           Total  Weighted      Neg      Max       Max 
Operation                   Area   Slacks      Slack    Trans      Cap 
 init_delay               114139      -87   -646550         0        0
            Worst cost_group: clk, WNS: -87.4
            Path: act_buf_sel -->
                    u_array/g_row[4].g_col[13].u_pe/psum_out_reg[8]/D
 incr_delay               114340      -47   -502337         0        0
            Worst cost_group: clk, WNS: -47.2
            Path: act_buf_sel -->
                    u_array/g_row[11].g_col[2].u_pe/psum_out_reg[3]/D
 incr_delay               114390      -42   -484062         0        0
            Worst cost_group: clk, WNS: -42.2
            Path: act_buf_sel -->
                    u_array/g_row[13].g_col[17].u_pe/psum_out_reg[0]/D
 incr_delay               114425      -39   -473671         0        0
            Worst cost_group: clk, WNS: -39.6
            Path: act_buf_sel -->
                    u_array/g_row[13].g_col[18].u_pe/psum_out_reg[0]/D
 incr_delay               114436      -39   -470242         0        0
            Worst cost_group: clk, WNS: -39.1
            Path: act_buf_sel -->
                    u_array/g_row[3].g_col[2].u_pe/psum_out_reg[1]/D
 incr_delay               114440      -38   -468427         0        0
            Worst cost_group: clk, WNS: -38.9
            Path: act_buf_sel -->
                    u_array/g_row[12].g_col[15].u_pe/psum_out_reg[2]/D
 incr_delay               114453      -38   -466802         0        0
            Worst cost_group: clk, WNS: -38.7
            Path: act_buf_sel -->
                    u_array/g_row[13].g_col[9].u_pe/psum_out_reg[0]/D
 incr_delay               114454      -38   -466157         0        0
            Worst cost_group: clk, WNS: -38.5
            Path: act_buf_sel -->
                    u_array/g_row[12].g_col[15].u_pe/psum_out_reg[0]/D
 incr_delay               114455      -38   -465451         0        0
            Worst cost_group: clk, WNS: -38.4
            Path: act_buf_sel -->
                    u_array/g_row[13].g_col[29].u_pe/psum_out_reg[16]/D

           Trick     Calls     Accepts   Attempts    Time(secs) 
-----------------------------------------------------------
       crit_upsz     19609  (     3154 /     3784 )  189.84
            fopt     13321  (     1381 /     1522 )  210.81

 init_tns                 114455      -38   -465451         0        0
            Worst cost_group: clk, WNS: -38.4
            Path: act_buf_sel -->
                    u_array/g_row[13].g_col[29].u_pe/psum_out_reg[16]/D
 incr_tns                 114461      -38   -448732         0        0
            Worst cost_group: clk, WNS: -38.4
            Path: act_buf_sel -->
                    u_array/g_row[13].g_col[29].u_pe/psum_out_reg[16]/D
 incr_tns                 114462      -38   -441718         0        0
            Worst cost_group: clk, WNS: -38.4
            Path: act_buf_sel -->
                    u_array/g_row[12].g_col[15].u_pe/psum_out_reg[2]/D
 incr_tns                 114464      -38   -434175         0        0
            Worst cost_group: clk, WNS: -38.4
            Path: act_buf_sel -->
                    u_array/g_row[12].g_col[15].u_pe/psum_out_reg[2]/D
 incr_tns                 114463      -38   -429290         0        0
            Worst cost_group: clk, WNS: -38.3
            Path: act_buf_sel -->
                    u_array/g_row[4].g_col[9].u_pe/psum_out_reg[16]/D
 incr_tns                 114463      -38   -429290         0        0
            Worst cost_group: clk, WNS: -38.3
            Path: act_buf_sel -->
                    u_array/g_row[4].g_col[9].u_pe/psum_out_reg[16]/D

           Trick     Calls     Accepts   Attempts    Time(secs) 
-----------------------------------------------------------
       crit_upsz      8000  (      970 /     2067 )  157.79
            fopt      7030  (        3 /        3 )  5.03
       crit_dnsz     57248  (     2512 /     4981 )  172.05
             dup      4515  (       17 /      193 )  12.90

INTRMD_CLEAN_UP - Elapsed_Time 869, CPU_Time 1181.5691570000017
stamp 'INTRMD_CLEAN_UP' being created for table 'pbs_debug'

  Total Time (Wall) |  Stage Time (Wall)  |   % (Wall)   |    Date - Time     |  Memory   | Stage
--------------------+---------------------+--------------+--------------------+-----------+----------------------
 00:02:23(00:02:23) |  00:00:00(00:00:00) |   0.0(  0.0) |   15:33:53 (May04) |   3.33 GB | PBS_Generic-Start
--------------------+---------------------+--------------+--------------------+-----------+----------------------
 00:57:33(00:56:37) |  00:55:10(00:54:14) |  19.9( 21.5) |   16:28:07 (May04) |   6.48 GB | PBS_Generic-Post_Genopt
--------------------+---------------------+--------------+--------------------+-----------+----------------------
 01:22:59(01:22:03) |  00:25:25(00:25:26) |   9.2( 10.1) |   16:53:33 (May04) |   6.30 GB | PBS_Generic_Opt-Post
--------------------+---------------------+--------------+--------------------+-----------+----------------------
 01:23:22(01:22:26) |  00:00:23(00:00:23) |   0.1(  0.2) |   16:53:56 (May04) |   5.81 GB | PBS_Generic-Postgen HBO Optimizations
--------------------+---------------------+--------------+--------------------+-----------+----------------------
 01:28:30(01:23:50) |  00:05:08(00:01:24) |   1.8(  0.6) |   16:55:20 (May04) |   5.79 GB | PBS_TechMap-Start
--------------------+---------------------+--------------+--------------------+-----------+----------------------
 01:28:49(01:24:08) |  00:00:19(00:00:18) |   0.1(  0.1) |   16:55:38 (May04) |   5.79 GB | PBS_TechMap-Premap HBO Optimizations
--------------------+---------------------+--------------+--------------------+-----------+----------------------
 01:50:15(01:46:30) |  00:21:25(00:22:22) |   7.7(  8.9) |   17:18:00 (May04) |   5.94 GB | PBS_Techmap-Global Mapping
--------------------+---------------------+--------------+--------------------+-----------+----------------------
 01:54:09(01:50:07) |  00:03:54(00:03:37) |   1.4(  1.4) |   17:21:37 (May04) |   5.74 GB | PBS_TechMap-Datapath Postmap Operations
--------------------+---------------------+--------------+--------------------+-----------+----------------------
 01:54:43(01:50:29) |  00:00:33(00:00:22) |   0.2(  0.1) |   17:21:59 (May04) |   5.74 GB | PBS_TechMap-Postmap HBO Optimizations
--------------------+---------------------+--------------+--------------------+-----------+----------------------
 02:05:06(02:00:53) |  00:10:23(00:10:24) |   3.7(  4.1) |   17:32:23 (May04) |   5.65 GB | PBS_TechMap-Postmap Clock Gating
--------------------+---------------------+--------------+--------------------+-----------+----------------------
 03:38:19(03:21:40) |  01:33:13(01:20:47) |  33.6( 32.1) |   18:53:10 (May04) |   6.17 GB | PBS_TechMap-Postmap Cleanup
--------------------+---------------------+--------------+--------------------+-----------+----------------------
 03:38:22(03:21:43) |  00:00:03(00:00:03) |   0.0(  0.0) |   18:53:13 (May04) |   6.17 GB | PBS_Techmap-Post_MBCI
--------------------+---------------------+--------------+--------------------+-----------+----------------------
 03:39:22(03:22:37) |  00:01:00(00:00:54) |   0.4(  0.4) |   18:54:07 (May04) |   6.02 GB | PBS_Incr_Opt-Start
--------------------+---------------------+--------------+--------------------+-----------+----------------------
 03:39:26(03:22:41) |  00:00:04(00:00:04) |   0.0(  0.0) |   18:54:11 (May04) |   6.02 GB | PBS_Incr_Opt-Uniquify_Netlist
--------------------+---------------------+--------------+--------------------+-----------+----------------------
 03:52:04(03:32:58) |  00:12:37(00:10:17) |   4.5(  4.1) |   19:04:28 (May04) |   6.08 GB | INIT_CLEAN_UP
--------------------+---------------------+--------------+--------------------+-----------+----------------------
 04:20:30(03:59:53) |  00:28:26(00:26:55) |  10.2( 10.7) |   19:31:23 (May04) |   6.61 GB | 1ST_ST
--------------------+---------------------+--------------+--------------------+-----------+----------------------
 04:40:12(04:14:22) |  00:19:41(00:14:29) |   7.1(  5.7) |   19:45:52 (May04) |   6.63 GB | INTRMD_CLEAN_UP
--------------------+---------------------+--------------+--------------------+-----------+----------------------
Number of threads: 8 * 1   (id: pbs_debug, time_info v1.57)
Info: (*N*) indicates data that was populated from previously saved time_info database
Info: CPU time includes time of parent + longest thread
CRB_ST - Elapsed_Time 0, CPU_Time 0.0
stamp 'CRB_ST' being created for table 'pbs_debug'

  Total Time (Wall) |  Stage Time (Wall)  |   % (Wall)   |    Date - Time     |  Memory   | Stage
--------------------+---------------------+--------------+--------------------+-----------+----------------------
 00:02:23(00:02:23) |  00:00:00(00:00:00) |   0.0(  0.0) |   15:33:53 (May04) |   3.33 GB | PBS_Generic-Start
--------------------+---------------------+--------------+--------------------+-----------+----------------------
 00:57:33(00:56:37) |  00:55:10(00:54:14) |  19.9( 21.5) |   16:28:07 (May04) |   6.48 GB | PBS_Generic-Post_Genopt
--------------------+---------------------+--------------+--------------------+-----------+----------------------
 01:22:59(01:22:03) |  00:25:25(00:25:26) |   9.2( 10.1) |   16:53:33 (May04) |   6.30 GB | PBS_Generic_Opt-Post
--------------------+---------------------+--------------+--------------------+-----------+----------------------
 01:23:22(01:22:26) |  00:00:23(00:00:23) |   0.1(  0.2) |   16:53:56 (May04) |   5.81 GB | PBS_Generic-Postgen HBO Optimizations
--------------------+---------------------+--------------+--------------------+-----------+----------------------
 01:28:30(01:23:50) |  00:05:08(00:01:24) |   1.8(  0.6) |   16:55:20 (May04) |   5.79 GB | PBS_TechMap-Start
--------------------+---------------------+--------------+--------------------+-----------+----------------------
 01:28:49(01:24:08) |  00:00:19(00:00:18) |   0.1(  0.1) |   16:55:38 (May04) |   5.79 GB | PBS_TechMap-Premap HBO Optimizations
--------------------+---------------------+--------------+--------------------+-----------+----------------------
 01:50:15(01:46:30) |  00:21:25(00:22:22) |   7.7(  8.9) |   17:18:00 (May04) |   5.94 GB | PBS_Techmap-Global Mapping
--------------------+---------------------+--------------+--------------------+-----------+----------------------
 01:54:09(01:50:07) |  00:03:54(00:03:37) |   1.4(  1.4) |   17:21:37 (May04) |   5.74 GB | PBS_TechMap-Datapath Postmap Operations
--------------------+---------------------+--------------+--------------------+-----------+----------------------
 01:54:43(01:50:29) |  00:00:33(00:00:22) |   0.2(  0.1) |   17:21:59 (May04) |   5.74 GB | PBS_TechMap-Postmap HBO Optimizations
--------------------+---------------------+--------------+--------------------+-----------+----------------------
 02:05:06(02:00:53) |  00:10:23(00:10:24) |   3.7(  4.1) |   17:32:23 (May04) |   5.65 GB | PBS_TechMap-Postmap Clock Gating
--------------------+---------------------+--------------+--------------------+-----------+----------------------
 03:38:19(03:21:40) |  01:33:13(01:20:47) |  33.6( 32.1) |   18:53:10 (May04) |   6.17 GB | PBS_TechMap-Postmap Cleanup
--------------------+---------------------+--------------+--------------------+-----------+----------------------
 03:38:22(03:21:43) |  00:00:03(00:00:03) |   0.0(  0.0) |   18:53:13 (May04) |   6.17 GB | PBS_Techmap-Post_MBCI
--------------------+---------------------+--------------+--------------------+-----------+----------------------
 03:39:22(03:22:37) |  00:01:00(00:00:54) |   0.4(  0.4) |   18:54:07 (May04) |   6.02 GB | PBS_Incr_Opt-Start
--------------------+---------------------+--------------+--------------------+-----------+----------------------
 03:39:26(03:22:41) |  00:00:04(00:00:04) |   0.0(  0.0) |   18:54:11 (May04) |   6.02 GB | PBS_Incr_Opt-Uniquify_Netlist
--------------------+---------------------+--------------+--------------------+-----------+----------------------
 03:52:04(03:32:58) |  00:12:37(00:10:17) |   4.5(  4.1) |   19:04:28 (May04) |   6.08 GB | INIT_CLEAN_UP
--------------------+---------------------+--------------+--------------------+-----------+----------------------
 04:20:30(03:59:53) |  00:28:26(00:26:55) |  10.2( 10.7) |   19:31:23 (May04) |   6.61 GB | 1ST_ST
--------------------+---------------------+--------------+--------------------+-----------+----------------------
 04:40:12(04:14:22) |  00:19:41(00:14:29) |   7.1(  5.7) |   19:45:52 (May04) |   6.63 GB | INTRMD_CLEAN_UP
--------------------+---------------------+--------------+--------------------+-----------+----------------------
 04:40:12(04:14:23) |  00:00:00(00:00:01) |   0.0(  0.0) |   19:45:53 (May04) |   6.63 GB | CRB_ST
--------------------+---------------------+--------------+--------------------+-----------+----------------------
Number of threads: 8 * 1   (id: pbs_debug, time_info v1.57)
Info: (*N*) indicates data that was populated from previously saved time_info database
Info: CPU time includes time of parent + longest thread
 


                                   Group   
                                  Tot Wrst     Total - - DRC Totals - -
                           Total  Weighted      Neg      Max       Max 
Operation                   Area   Slacks      Slack    Trans      Cap 
 init_delay               114463      -38   -429290         0        0
            Worst cost_group: clk, WNS: -38.3
            Path: act_buf_sel -->
                    u_array/g_row[4].g_col[9].u_pe/psum_out_reg[16]/D
 incr_delay               114481      -37   -426342         0        0
            Worst cost_group: clk, WNS: -37.2
            Path: act_buf_sel -->
                    u_array/g_row[12].g_col[15].u_pe/psum_out_reg[2]/D
 incr_delay               114509      -36   -424533         0        0
            Worst cost_group: clk, WNS: -36.5
            Path: act_buf_sel -->
                    u_array/g_row[11].g_col[1].u_pe/psum_out_reg[2]/D
 incr_delay               114534      -35   -419933         0        0
            Worst cost_group: clk, WNS: -35.3
            Path: act_buf_sel -->
                    u_array/g_row[7].g_col[25].u_pe/psum_out_reg[1]/D
 incr_delay               114540      -35   -418306         0        0
            Worst cost_group: clk, WNS: -35.0
            Path: act_buf_sel -->
                    u_array/g_row[12].g_col[3].u_pe/psum_out_reg[0]/D
 incr_delay               114579      -34   -418758         0        0
            Worst cost_group: clk, WNS: -34.4
            Path: act_buf_sel -->
                    u_array/g_row[12].g_col[22].u_pe/psum_out_reg[2]/D
 incr_delay               114599      -33   -414724         0        0
            Worst cost_group: clk, WNS: -33.8
            Path: act_buf_sel -->
                    u_array/g_row[11].g_col[27].u_pe/psum_out_reg[0]/D
 incr_delay               114621      -33   -417043         0        0
            Worst cost_group: clk, WNS: -33.5
            Path: act_buf_sel -->
                    u_array/g_row[11].g_col[9].u_pe/psum_out_reg[19]/D
 incr_delay               114637      -33   -414840         0        0
            Worst cost_group: clk, WNS: -33.1
            Path: act_buf_sel -->
                    u_array/g_row[9].g_col[26].u_pe/psum_out_reg[0]/D
 incr_delay               114646      -32   -412435         0        0
            Worst cost_group: clk, WNS: -32.8
            Path: act_buf_sel -->
                    u_array/g_row[12].g_col[24].u_pe/psum_out_reg[6]/D
 incr_delay               114660      -32   -411057         0        0
            Worst cost_group: clk, WNS: -32.6
            Path: act_buf_sel -->
                    u_array/g_row[12].g_col[3].u_pe/psum_out_reg[0]/D
 incr_delay               114665      -32   -410533         0        0
            Worst cost_group: clk, WNS: -32.5
            Path: act_buf_sel -->
                    u_array/g_row[3].g_col[12].u_pe/psum_out_reg[0]/D
 incr_delay               114666      -32   -410329         0        0
            Worst cost_group: clk, WNS: -32.5
            Path: act_buf_sel -->
                    u_array/g_row[11].g_col[29].u_pe/psum_out_reg[20]/D
 incr_delay               114666      -32   -410042         0        0
            Worst cost_group: clk, WNS: -32.5
            Path: act_buf_sel -->
                    u_array/g_row[13].g_col[20].u_pe/psum_out_reg[3]/D

           Trick     Calls     Accepts   Attempts    Time(secs) 
-----------------------------------------------------------
       crit_upsz     26586  (     2620 /     3441 )  194.64
            fopt      1082  (        1 /       15 )  180.58
       crit_dnsz      4551  (       58 /       65 )  11.19
             dup      1503  (       19 /       22 )  2.07
            fopt     16965  (     1009 /     1158 )  284.16
             exp       221  (       12 /      114 )  158.05
       gate_deco      1013  (       19 /       37 )  10.22
       gcomp_tim      2464  (      118 /      159 )  19.28
  inv_pair_2_buf     66723  (       12 /       14 )  1.42

 init_tns                 114666      -32   -410042         0        0
            Worst cost_group: clk, WNS: -32.5
            Path: act_buf_sel -->
                    u_array/g_row[13].g_col[20].u_pe/psum_out_reg[3]/D
 incr_tns                 114677      -32   -400888         0        0
            Worst cost_group: clk, WNS: -32.5
            Path: act_buf_sel -->
                    u_array/g_row[13].g_col[2].u_pe/psum_out_reg[16]/D
 incr_tns                 114681      -32   -390299         0        0
            Worst cost_group: clk, WNS: -32.5
            Path: act_buf_sel -->
                    u_array/g_row[9].g_col[29].u_pe/psum_out_reg[0]/D
 incr_tns                 114682      -32   -381983         0        0
            Worst cost_group: clk, WNS: -32.4
            Path: act_buf_sel -->
                    u_array/g_row[4].g_col[7].u_pe/psum_out_reg[8]/D
 incr_tns                 114684      -32   -373560         0        0
            Worst cost_group: clk, WNS: -32.4
            Path: act_buf_sel -->
                    u_array/g_row[4].g_col[7].u_pe/psum_out_reg[8]/D
 incr_tns                 114685      -32   -368286         0        0
            Worst cost_group: clk, WNS: -32.4
            Path: act_buf_sel -->
                    u_array/g_row[4].g_col[7].u_pe/psum_out_reg[8]/D
 incr_tns                 114684      -32   -363053         0        0
            Worst cost_group: clk, WNS: -32.4
            Path: act_buf_sel -->
                    u_array/g_row[11].g_col[29].u_pe/psum_out_reg[20]/D
 incr_tns                 114688      -32   -355427         0        0
            Worst cost_group: clk, WNS: -32.4
            Path: act_buf_sel -->
                    u_array/g_row[11].g_col[29].u_pe/psum_out_reg[20]/D
 incr_tns                 114687      -32   -350198         0        0
            Worst cost_group: clk, WNS: -32.4
            Path: act_buf_sel -->
                    u_array/g_row[11].g_col[29].u_pe/psum_out_reg[20]/D
 incr_tns                 114688      -32   -344640         0        0
            Worst cost_group: clk, WNS: -32.4
            Path: act_buf_sel -->
                    u_array/g_row[11].g_col[29].u_pe/psum_out_reg[20]/D
 incr_tns                 114688      -32   -339296         0        0
            Worst cost_group: clk, WNS: -32.3
            Path: act_buf_sel -->
                    u_array/g_row[12].g_col[15].u_pe/psum_out_reg[0]/D
 incr_tns                 114688      -32   -338992         0        0
            Worst cost_group: clk, WNS: -32.3
            Path: act_buf_sel -->
                    u_array/g_row[12].g_col[15].u_pe/psum_out_reg[0]/D
 incr_tns                 114688      -32   -338992         0        0
            Worst cost_group: clk, WNS: -32.3
            Path: act_buf_sel -->
                    u_array/g_row[12].g_col[15].u_pe/psum_out_reg[0]/D

           Trick     Calls     Accepts   Attempts    Time(secs) 
-----------------------------------------------------------
       crit_upsz     59708  (     4896 /    19493 )  859.14
            fopt     54812  (        5 /       24 )  34.08
       crit_dnsz    116025  (     5125 /    19535 )  655.52
             dup     49682  (      109 /      555 )  53.88
       crr_local     49573  (      213 /      701 )  127.69

 init_delay               114688      -32   -338992         0        0
            Worst cost_group: clk, WNS: -32.3
            Path: act_buf_sel -->
                    u_array/g_row[12].g_col[15].u_pe/psum_out_reg[0]/D
 incr_delay               114705      -31   -337469         0        0
            Worst cost_group: clk, WNS: -31.5
            Path: act_buf_sel -->
                    u_array/g_row[11].g_col[23].u_pe/psum_out_reg[0]/D
 incr_delay               114720      -31   -336442         0        0
            Worst cost_group: clk, WNS: -31.2
            Path: act_buf_sel -->
                    u_array/g_row[13].g_col[29].u_pe/psum_out_reg[16]/D
 incr_delay               114724      -31   -336071         0        0
            Worst cost_group: clk, WNS: -31.2
            Path: act_buf_sel -->
                    u_array/g_row[12].g_col[28].u_pe/psum_out_reg[3]/D
 incr_delay               114733      -31   -335129         0        0
            Worst cost_group: clk, WNS: -31.1
            Path: act_buf_sel -->
                    u_array/g_row[9].g_col[18].u_pe/psum_out_reg[2]/D
 incr_delay               114742      -31   -334746         0        0
            Worst cost_group: clk, WNS: -31.0
            Path: act_buf_sel -->
                    u_array/g_row[11].g_col[12].u_pe/psum_out_reg[22]/D
 incr_delay               114742      -31   -334730         0        0
            Worst cost_group: clk, WNS: -31.0
            Path: act_buf_sel -->
                    u_array/g_row[9].g_col[3].u_pe/psum_out_reg[0]/D
 incr_delay               114745      -30   -334458         0        0
            Worst cost_group: clk, WNS: -30.9
            Path: act_buf_sel -->
                    u_array/g_row[4].g_col[15].u_pe/psum_out_reg[5]/D
 incr_delay               114757      -30   -333586         0        0
            Worst cost_group: clk, WNS: -30.6
            Path: act_buf_sel -->
                    u_array/g_row[12].g_col[15].u_pe/psum_out_reg[0]/D
 incr_delay               114777      -29   -331902         0        0
            Worst cost_group: clk, WNS: -29.9
            Path: act_buf_sel -->
                    u_array/g_row[12].g_col[24].u_pe/psum_out_reg[6]/D
 incr_delay               114791      -29   -330624         0        0
            Worst cost_group: clk, WNS: -29.6
            Path: act_buf_sel -->
                    u_array/g_row[13].g_col[17].u_pe/psum_out_reg[7]/D
 incr_delay               114803      -29   -329846         0        0
            Worst cost_group: clk, WNS: -29.3
            Path: act_buf_sel -->
                    u_array/g_row[3].g_col[15].u_pe/psum_out_reg[0]/D
 incr_delay               114814      -29   -328595         0        0
            Worst cost_group: clk, WNS: -29.3
            Path: act_buf_sel -->
                    u_array/g_row[15].g_col[13].u_pe/psum_out_reg[8]/D
 incr_delay               114824      -29   -327768         0        0
            Worst cost_group: clk, WNS: -29.1
            Path: act_buf_sel -->
                    u_array/g_row[13].g_col[9].u_pe/psum_out_reg[12]/D
 incr_delay               114835      -29   -326652         0        0
            Worst cost_group: clk, WNS: -29.0
            Path: act_buf_sel -->
                    u_array/g_row[9].g_col[0].u_pe/psum_out_reg[5]/D
 incr_delay               114856      -28   -324801         0        0
            Worst cost_group: clk, WNS: -28.8
            Path: act_buf_sel -->
                    u_array/g_row[11].g_col[13].u_pe/psum_out_reg[11]/D
 incr_delay               114868      -28   -323217         0        0
            Worst cost_group: clk, WNS: -28.6
            Path: act_buf_sel -->
                    u_array/g_row[13].g_col[28].u_pe/psum_out_reg[20]/D
 incr_delay               114878      -28   -321917         0        0
            Worst cost_group: clk, WNS: -28.3
            Path: act_buf_sel -->
                    u_array/g_row[4].g_col[16].u_pe/psum_out_reg[15]/D
 incr_delay               114908      -27   -319058         0        0
            Worst cost_group: clk, WNS: -27.9
            Path: act_buf_sel -->
                    u_array/g_row[15].g_col[23].u_pe/psum_out_reg[10]/D
 incr_delay               114931      -27   -317249         0        0
            Worst cost_group: clk, WNS: -27.6
            Path: act_buf_sel -->
                    u_array/g_row[4].g_col[5].u_pe/psum_out_reg[13]/D
 incr_delay               114945      -27   -316040         0        0
            Worst cost_group: clk, WNS: -27.5
            Path: act_buf_sel -->
                    u_array/g_row[14].g_col[29].u_pe/psum_out_reg[3]/D
 incr_delay               115017      -26   -310845         0        0
            Worst cost_group: clk, WNS: -26.5
            Path: act_buf_sel -->
                    u_array/g_row[1].g_col[24].u_pe/psum_out_reg[8]/D
 incr_delay               115030      -25   -305250         0        0
            Worst cost_group: clk, WNS: -25.7
            Path: act_buf_sel -->
                    u_array/g_row[14].g_col[15].u_pe/psum_out_reg[16]/D
 incr_delay               115043      -25   -302638         0        0
            Worst cost_group: clk, WNS: -25.4
            Path: act_buf_sel -->
                    u_array/g_row[4].g_col[26].u_pe/psum_out_reg[10]/D
 incr_delay               115087      -24   -298869         0        0
            Worst cost_group: clk, WNS: -24.9
            Path: act_buf_sel -->
                    u_array/g_row[13].g_col[3].u_pe/psum_out_reg[2]/D
 incr_delay               115101      -24   -297174         0        0
            Worst cost_group: clk, WNS: -24.7
            Path: act_buf_sel -->
                    u_array/g_row[11].g_col[23].u_pe/psum_out_reg[0]/D
 incr_delay               115110      -24   -294069         0        0
            Worst cost_group: clk, WNS: -24.4
            Path: act_buf_sel -->
                    u_array/g_row[7].g_col[17].u_pe/psum_out_reg[4]/D
 incr_delay               115120      -24   -290819         0        0
            Worst cost_group: clk, WNS: -24.1
            Path: act_buf_sel -->
                    u_array/g_row[12].g_col[9].u_pe/psum_out_reg[12]/D
 incr_delay               115132      -23   -288032         0        0
            Worst cost_group: clk, WNS: -23.8
            Path: act_buf_sel -->
                    u_array/g_row[14].g_col[17].u_pe/psum_out_reg[0]/D
 incr_delay               115135      -23   -287310         0        0
            Worst cost_group: clk, WNS: -23.7
            Path: act_buf_sel -->
                    u_array/g_row[0].g_col[26].u_pe/psum_out_reg[11]/D
 incr_delay               115154      -23   -286703         0        0
            Worst cost_group: clk, WNS: -23.7
            Path: act_buf_sel -->
                    u_array/g_row[10].g_col[17].u_pe/psum_out_reg[3]/D

           Trick     Calls     Accepts   Attempts    Time(secs) 
-----------------------------------------------------------
         crr_220       413  (      109 /      409 )  53.90
        crr_glob       652  (       57 /      109 )  5.96
         crr_320       319  (       66 /      317 )  52.40
        crr_glob       542  (       34 /       66 )  4.10
         crr_330       139  (       17 /      136 )  36.38
        crr_glob       229  (        8 /       17 )  1.61
         crr_230       192  (       38 /      188 )  40.77
        crr_glob       234  (       20 /       38 )  2.52
         crr_130       208  (       55 /      205 )  35.93
        crr_glob       249  (       27 /       55 )  3.43
         crr_420        41  (        4 /       39 )  9.42
        crr_glob        94  (        1 /        4 )  0.39
         crr_510        47  (       13 /       47 )  6.08
        crr_glob       104  (        5 /       13 )  0.62
         crr_310       330  (      106 /      324 )  27.13
        crr_glob       502  (       64 /      106 )  3.76
         crr_200       641  (      326 /      626 )  12.40
        crr_glob       998  (      266 /      326 )  7.83
         crr_300       538  (      229 /      529 )  13.23
        crr_glob       739  (      174 /      229 )  6.52
         crr_400       518  (      204 /      504 )  15.10
        crr_glob       838  (      159 /      204 )  5.79
         crr_410       411  (      103 /      403 )  40.88
        crr_glob       662  (       54 /      103 )  5.00
         crr_500       455  (      147 /      447 )  14.37
        crr_glob       715  (      104 /      147 )  5.12
         crr_120       447  (      136 /      436 )  36.28
        crr_glob       505  (       69 /      136 )  7.13
         crr_111       533  (      233 /      533 )  36.76
        crr_glob       641  (      134 /      233 )  10.68
         crr_210       489  (      178 /      478 )  30.07
        crr_glob       659  (       99 /      178 )  7.76
         crr_110       510  (      194 /      494 )  19.07
        crr_glob       660  (      125 /      194 )  5.90
         crr_600        25  (        1 /       25 )  0.88
        crr_glob        81  (        0 /        1 )  0.09
         crr_610        25  (        6 /       25 )  3.43
        crr_glob        81  (        0 /        6 )  0.45
         crr_101       726  (      410 /      710 )  29.67
        crr_glob       972  (      308 /      410 )  25.51
         crr_201       577  (      277 /      577 )  24.69
        crr_glob       763  (      197 /      277 )  14.92
         crr_211       457  (      156 /      456 )  36.32
        crr_glob       543  (       78 /      156 )  7.32
       crit_upsz     40249  (     4082 /     5503 )  333.31
            fopt     14615  (     1048 /     1192 )  329.91
       crit_dnsz      4063  (       49 /       53 )  10.42
             dup      1105  (       11 /       12 )  1.04
            fopt     14615  (     1048 /     1192 )  329.91
             exp       148  (       10 /       83 )  113.60
       gate_deco       654  (       11 /       25 )  5.56
       gcomp_tim      1995  (       99 /      132 )  15.42
  inv_pair_2_buf    103115  (        9 /        9 )  1.22
 init_drc                 115154      -23   -286703         0        0
            Worst cost_group: clk, WNS: -23.7
            Path: act_buf_sel -->
                    u_array/g_row[10].g_col[17].u_pe/psum_out_reg[3]/D

           Trick     Calls     Accepts   Attempts    Time(secs) 
-----------------------------------------------------------


           Trick     Calls     Accepts   Attempts    Time(secs) 
-----------------------------------------------------------


           Trick     Calls     Accepts   Attempts    Time(secs) 
-----------------------------------------------------------


# Incremental Optimization Runtime Summary: 
                       Step    Elapsed Time(s)         Runtime(s)   WNS(ps)           TNS(ps)           CELL AREA         Leakage Power     Dynamic Power  
##***************************************************************************************************************************************************************
##                     INIT        25 (0.3  %)        54 (0.6  %)   -88.8             1291652           114889            NA             NA             
##         HIGH_FANOUT_OPTO        11 (0.2  %)        16 (0.2  %)   -91.0             1292517           114996            NA             NA             
##               SCORE_INIT         1 (0.0  %)         0 (0.0  %)   -91.0             1292517           114996            NA             NA             
##                 WNS_OPTO       451 (6.2  %)       582 (6.9  %)   -85.6             1266997           115109            NA             NA             
##                 TNS_OPTO       122 (1.7  %)       130 (1.5  %)   -85.6             1259731           115120            NA             NA             
##                 FIRST_ST      1610 (22.1 %)       434 (5.1  %)   NOT_TIMED         NOT_TIMED         113487            NA             NA             
##                     INIT        28 (0.4  %)        65 (0.8  %)   -87.4             652686            113487            NA             NA             
##         HIGH_FANOUT_OPTO        46 (0.6  %)        65 (0.8  %)   -87.4             646550            114139            NA             NA             
##               SCORE_INIT         0 (0.0  %)         0 (0.0  %)   -87.4             646550            114139            NA             NA             
##                 WNS_OPTO       416 (5.7  %)       649 (7.7  %)   -38.4             465451            114454            NA             NA             
##                 TNS_OPTO       374 (5.1  %)       443 (5.3  %)   -38.3             429290            114462            NA             NA             
##                     INIT         1 (0.0  %)         1 (0.0  %)   -38.3             429290            114462            NA             NA             
##               LATCH_OPTO         0 (0.0  %)         0 (0.0  %)   -38.3             429290            114462            NA             NA             
##               SCORE_INIT         0 (0.0  %)         0 (0.0  %)   -38.3             429290            114462            NA             NA             
##                 WNS_OPTO       868 (11.9 %)      1757 (20.8 %)   -32.5             410042            114666            NA             NA             
##                 TNS_OPTO      1806 (24.8 %)      2034 (24.1 %)   -32.3             338992            114688            NA             NA             
##             WNS_CRR_OPTO      1524 (20.9 %)      2184 (25.9 %)   -23.7             286703            115153            NA             NA             
##                 DRC_OPTO         0 (0.0  %)         0 (0.0  %)   -23.7             286703            115153            NA             NA             
##***************************************************************************************************************************************************************
                                 7295                 8431 

Done incrementally optimizing.
==================================
Stage : FINAL_CLEAN_UP 
==================================
  =================
   Message Summary
  =================
---------------------------------------------------------------------------
|    Id     |  Sev  |Count|                 Message Text                  |
---------------------------------------------------------------------------
|CDFG-250   |Info   |   16|Processing multi-dimensional arrays.           |
|CDFG-372   |Info   |   16|Bitwidth mismatch in assignment.               |
|           |       |     |Review and make sure the mismatch is           |
|           |       |     | intentional. Genus can possibly issue bitwidth|
|           |       |     | mismatch warning for explicit assignments     |
|           |       |     | present in RTL as-well-as for implicit        |
|           |       |     | assignments inferred by the tool. For example,|
|           |       |     | in case of enum declaration without value, the|
|           |       |     | tool will implicitly assign value to the enum |
|           |       |     | variables. It also issues the warning for any |
|           |       |     | bitwidth mismatch that appears in this        |
|           |       |     | implicit assignment.                          |
|CDFG-567   |Info   |  526|Instantiating Subdesign.                       |
|CDFG-738   |Info   |   11|Common subexpression eliminated.               |
|CDFG-739   |Info   |   11|Common subexpression kept.                     |
|CDFG-769   |Info   |    1|Identified sum-of-products logic to be         |
|           |       |     | optimized during syn_generic.                 |
|CDFG-818   |Warning|    1|Using default parameter value for module       |
|           |       |     | elaboration.                                  |
|CDFG-893   |Info   |    1|Optimized the MUX created for array read /     |
|           |       |     | write or variable shifter.                    |
|CDFG2G-622 |Warning| 1024|Signal or variable has multiple drivers.       |
|           |       |     |This may cause simulation mismatches between   |
|           |       |     | the original and synthesized designs.         |
|CDFG2G-623 |Warning|    1|Signal or variable has multiple drivers,       |
|           |       |     | including a constant driver.                  |
|           |       |     |Some tools may not accept this HDL.            |
|CFM-1      |Info   |    1|Wrote dofile.                                  |
|CFM-5      |Info   |    1|Wrote formal verification information.         |
|CWD-19     |Info   |   45|An implementation was inferred.                |
|ELAB-1     |Info   |    1|Elaborating Design.                            |
|ELAB-2     |Info   |   11|Elaborating Subdesign.                         |
|ELAB-3     |Info   |    1|Done Elaborating Design.                       |
|ELABUTL-132|Info   |  514|Unused instance port.                          |
|           |       |     |Please check the reported scenario of          |
|           |       |     | unconnected instance port to ensure that it   |
|           |       |     | matches the design intent.                    |
|GLO-34     |Info   |    2|Deleting instances not driving any primary     |
|           |       |     | outputs.                                      |
|           |       |     |Optimizations such as constant propagation or  |
|           |       |     | redundancy removal could change the           |
|           |       |     | connections so a hierarchical instance does   |
|           |       |     | not drive any primary outputs anymore. To see |
|           |       |     | the list of deleted hierarchical instances,   |
|           |       |     | set the 'information_level' attribute to 2 or |
|           |       |     | above. If the message is truncated set the    |
|           |       |     | message attribute 'truncate' to false to see  |
|           |       |     | the complete list. To prevent this            |
|           |       |     | optimization, set the 'delete_unloaded_insts' |
|           |       |     | root/subdesign attribute to 'false' or        |
|           |       |     | 'preserve' instance attribute to 'true'.      |
|LBR-155    |Info   |    2|Mismatch in unateness between 'timing_sense'   |
|           |       |     | attribute and the function.                   |
|           |       |     |The 'timing_sense' attribute will be respected.|
|LBR-162    |Info   |   17|Both 'pos_unate' and 'neg_unate' timing_sense  |
|           |       |     | arcs have been processed.                     |
|           |       |     |Setting the 'timing_sense' to non_unate.       |
|LBR-412    |Info   |    5|Created nominal operating condition.           |
|           |       |     |The nominal operating condition is represented,|
|           |       |     | either by the nominal PVT values specified in |
|           |       |     | the library source                            |
|           |       |     | (via nom_process,nom_voltage and nom_temperatu|
|           |       |     | re respectively)                              |
|           |       |     | , or by the default PVT values (1.0,1.0,1.0). |
|PA-7       |Info   |    4|Resetting power analysis results.              |
|           |       |     |All computed switching activities are removed. |
|PBS-1      |Info   |    2|Enabling Partition Based Synthesis.            |
|SDC-200    |Warning|    1|Unsupported SDC command.                       |
|           |       |     |The current version of Genus does not support  |
|           |       |     | this SDC command and ignores it. However,     |
|           |       |     | future versions may be enhanced to support    |
|           |       |     | this command. This SDC command will be added  |
|           |       |     | to the Tcl variable                           |
|           |       |     | $::dc::sdc_unsupported_commands_write_sdc. The|
|           |       |     | contents of this variable will be written out |
|           |       |     | during write_sdc.                             |
|ST-110     |Info   |   29|Connection established with super-threading    |
|           |       |     | server.                                       |
|           |       |     |The tool is entering super-threading mode and  |
|           |       |     | has established a connection with a CPU server|
|           |       |     | process.  This is enabled by the root         |
|           |       |     | attributes 'super_thread_servers' or          |
|           |       |     | 'auto_super_thread'.                          |
|ST-112     |Info   |   28|A super-threading server has been shut down    |
|           |       |     | normally.                                     |
|           |       |     |A super-threaded optimization is complete and a|
|           |       |     | CPU server was successfully shut down.        |
|ST-120     |Info   |    1|Attempting to launch a super-threading server. |
|           |       |     |The tool is entering super-threading mode and  |
|           |       |     | is launching a CPU server process.  This is   |
|           |       |     | enabled by the root attribute                 |
|           |       |     | 'super_thread_servers' or 'auto_super_thread'.|
|ST-128     |Info   |    5|Super thread servers are launched successfully.|
|SYNTH-1    |Info   |    1|Synthesizing.                                  |
|SYNTH-2    |Info   |    1|Done synthesizing.                             |
|SYNTH-4    |Info   |    1|Mapping.                                       |
|SYNTH-5    |Info   |    1|Done mapping.                                  |
|SYNTH-7    |Info   |    1|Incrementally optimizing.                      |
|SYNTH-33   |Warning|    1|The selected flow setting will be removed in a |
|           |       |     | future release.                               |
|           |       |     |Contact Cadence support to understand current  |
|           |       |     | flows.                                        |
|TIM-1000   |Info   |    1|Multimode clock gating check is disabled.      |
|TUI-32     |Warning|    1|This attribute will be obsolete in a next major|
|           |       |     | release.                                      |
|TUI-296    |Info   |    2|The given (sub)design is already uniquified.   |
|           |       |     |Try running the 'edit_netlist uniquify' command|
|           |       |     | on the parent hierarchy of this (sub)         |
|           |       |     | design, if there exists any.                  |
---------------------------------------------------------------------------
FINAL_CLEAN_UP - Elapsed_Time 4210, CPU_Time 5936.273133000021
stamp 'FINAL_CLEAN_UP' being created for table 'pbs_debug'

  Total Time (Wall) |  Stage Time (Wall)  |   % (Wall)   |    Date - Time     |  Memory   | Stage
--------------------+---------------------+--------------+--------------------+-----------+----------------------
 00:02:23(00:02:23) |  00:00:00(00:00:00) |   0.0(  0.0) |   15:33:53 (May04) |   3.33 GB | PBS_Generic-Start
--------------------+---------------------+--------------+--------------------+-----------+----------------------
 00:57:33(00:56:37) |  00:55:10(00:54:14) |  14.6( 16.8) |   16:28:07 (May04) |   6.48 GB | PBS_Generic-Post_Genopt
--------------------+---------------------+--------------+--------------------+-----------+----------------------
 01:22:59(01:22:03) |  00:25:25(00:25:26) |   6.7(  7.9) |   16:53:33 (May04) |   6.30 GB | PBS_Generic_Opt-Post
--------------------+---------------------+--------------+--------------------+-----------+----------------------
 01:23:22(01:22:26) |  00:00:23(00:00:23) |   0.1(  0.1) |   16:53:56 (May04) |   5.81 GB | PBS_Generic-Postgen HBO Optimizations
--------------------+---------------------+--------------+--------------------+-----------+----------------------
 01:28:30(01:23:50) |  00:05:08(00:01:24) |   1.4(  0.4) |   16:55:20 (May04) |   5.79 GB | PBS_TechMap-Start
--------------------+---------------------+--------------+--------------------+-----------+----------------------
 01:28:49(01:24:08) |  00:00:19(00:00:18) |   0.1(  0.1) |   16:55:38 (May04) |   5.79 GB | PBS_TechMap-Premap HBO Optimizations
--------------------+---------------------+--------------+--------------------+-----------+----------------------
 01:50:15(01:46:30) |  00:21:25(00:22:22) |   5.7(  6.9) |   17:18:00 (May04) |   5.94 GB | PBS_Techmap-Global Mapping
--------------------+---------------------+--------------+--------------------+-----------+----------------------
 01:54:09(01:50:07) |  00:03:54(00:03:37) |   1.0(  1.1) |   17:21:37 (May04) |   5.74 GB | PBS_TechMap-Datapath Postmap Operations
--------------------+---------------------+--------------+--------------------+-----------+----------------------
 01:54:43(01:50:29) |  00:00:33(00:00:22) |   0.1(  0.1) |   17:21:59 (May04) |   5.74 GB | PBS_TechMap-Postmap HBO Optimizations
--------------------+---------------------+--------------+--------------------+-----------+----------------------
 02:05:06(02:00:53) |  00:10:23(00:10:24) |   2.8(  3.2) |   17:32:23 (May04) |   5.65 GB | PBS_TechMap-Postmap Clock Gating
--------------------+---------------------+--------------+--------------------+-----------+----------------------
 03:38:19(03:21:40) |  01:33:13(01:20:47) |  24.7( 25.1) |   18:53:10 (May04) |   6.17 GB | PBS_TechMap-Postmap Cleanup
--------------------+---------------------+--------------+--------------------+-----------+----------------------
 03:38:22(03:21:43) |  00:00:03(00:00:03) |   0.0(  0.0) |   18:53:13 (May04) |   6.17 GB | PBS_Techmap-Post_MBCI
--------------------+---------------------+--------------+--------------------+-----------+----------------------
 03:39:22(03:22:37) |  00:01:00(00:00:54) |   0.3(  0.3) |   18:54:07 (May04) |   6.02 GB | PBS_Incr_Opt-Start
--------------------+---------------------+--------------+--------------------+-----------+----------------------
 03:39:26(03:22:41) |  00:00:04(00:00:04) |   0.0(  0.0) |   18:54:11 (May04) |   6.02 GB | PBS_Incr_Opt-Uniquify_Netlist
--------------------+---------------------+--------------+--------------------+-----------+----------------------
 03:52:04(03:32:58) |  00:12:37(00:10:17) |   3.4(  3.2) |   19:04:28 (May04) |   6.08 GB | INIT_CLEAN_UP
--------------------+---------------------+--------------+--------------------+-----------+----------------------
 04:20:30(03:59:53) |  00:28:26(00:26:55) |   7.6(  8.4) |   19:31:23 (May04) |   6.61 GB | 1ST_ST
--------------------+---------------------+--------------+--------------------+-----------+----------------------
 04:40:12(04:14:22) |  00:19:41(00:14:29) |   5.2(  4.5) |   19:45:52 (May04) |   6.63 GB | INTRMD_CLEAN_UP
--------------------+---------------------+--------------+--------------------+-----------+----------------------
 04:40:12(04:14:23) |  00:00:00(00:00:01) |   0.0(  0.0) |   19:45:53 (May04) |   6.63 GB | CRB_ST
--------------------+---------------------+--------------+--------------------+-----------+----------------------
 06:19:08(05:24:33) |  01:38:56(01:10:10) |  26.3( 21.8) |   20:56:03 (May04) |   6.83 GB | FINAL_CLEAN_UP
--------------------+---------------------+--------------+--------------------+-----------+----------------------
Number of threads: 8 * 1   (id: pbs_debug, time_info v1.57)
Info: (*N*) indicates data that was populated from previously saved time_info database
Info: CPU time includes time of parent + longest thread
Info    : Done incrementally optimizing. [SYNTH-8]
        : Done incrementally optimizing 'sys_top'.
      flow.cputime  flow.realtime  timing.setup.tns  timing.setup.wns  snapshot
UM:*                                                                   syn_opt
@file(genus.tcl) 79: file mkdir reports
@file(genus.tcl) 80: report_timing  -nworst 10        > reports/timing.rpt
@file(genus.tcl) 81: report_area                      > reports/area.rpt
@file(genus.tcl) 82: report_power                     > reports/power.rpt
Info    : Joules engine is used. [RPT-16]
        : Joules engine is being used for the command report_power.
Info   : ACTP-0001 [ACTPInfo] Activity propagation started for stim#0 netlist
       : sys_top
Info   : ACTP-0009 [ACTPInfo] Activity Propagation Progress Report :   0%   1%   2%   3%   4%   5%   6%   7%   8%   9%  10%  11%  12%  13%  14%  15%  16%  17%  18%  19%  20%  21%  22%  23%  24%  25%  26%  27%  28%  29%  30%  31%  32%  33%  34%  35%  36%  37%  38%  39%  40%  41%  42%  43%  44%  45%  46%  47%  48%  49%  50%  51%  52%  53%  54%  55%  56%  57%  58%  59%  60%  61%  62%  63%  64%  65%  66%  67%  68%  69%  70%  71%  72%  73%  74%  75%  76%  77%  78%  79%  80%  81%  82%  83%  84%  85%  86%  87%  88%  89%  90%  91%  92%  93%  94%  95%  96%  97%  98%  99% 100%
Info   : ACTP-0001 Activity propagation ended for stim#0
Info   : PWRA-0001 [PwrInfo] compute_power effective options 
       : -mode : vectorless
       : -skip_propagation : 1
       : -frequency_scaling_factor : 1.0
       : -use_clock_freq : stim
       : -stim :/stim#0
       : -fromGenus : 1
Info   : ACTP-0001 Timing initialization started
Info   : ACTP-0001 Timing initialization ended
Info   : PWRA-0002 [PwrInfo] Skipping activity propagation due to -skip_ap
       : option....
Warning: PWRA-0302 [PwrWarn] Frequency scaling is not applicable for vectorless
       : flow. Ignoring frequency scaling.
Warning: PWRA-0304 [PwrWarn] -stim option is not applicable with vectorless mode
       : of power analysis, ignored this option.
Info   : PWRA-0002 Started 'vectorless' power computation.
Info   : PWRA-0009 [PwrInfo] Power Computation Progress Report :   0%   1%   2%   3%   4%   5%   6%   7%   8%   9%  10%  11%  12%  13%  14%  15%  16%  17%  18%  19%  20%  21%  22%  23%  24%  25%  26%  27%  28%  29%  30%  31%  32%  33%  34%  35%  36%  37%  38%  39%  40%  41%  42%  43%  44%  45%  46%  47%  48%  49%  50%  51%  52%  53%  54%  55%  56%  57%  58%  59%  60%  61%  62%  63%  64%  65%  66%  67%  68%  69%  70%  71%  72%  73%  74%  75%  76%  77%  78%  79%  80%  81%  82%  83%  84%  85%  86%  87%  88%  89%  90%  91%  92%  93%  94%  95%  96%  97%  98%  99% 100%
Info   : PWRA-0002 Finished power computation.
Info   : PWRA-0007 [PwrInfo] Completed successfully.
       : Info=6, Warn=2, Error=0, Fatal=0
Output file: reports/power.rpt
@file(genus.tcl) 83: report_qor                       > reports/qor.rpt
@file(genus.tcl) 84: report_cells                     > reports/cells.rpt
Error: The command report_cells has not been licensed at startup time. Please launch genus using option -lic_startup_options Joules_RTL_Power.
@file(genus.tcl) 87: file mkdir outputs
@file(genus.tcl) 88: write_hdl      > outputs/sys_top_netlist.v
@file(genus.tcl) 89: write_sdc      > outputs/sys_top.sdc
Finished SDC export (command execution time mm:ss (real) = 00:55).
@file(genus.tcl) 90: write_do_lec   > outputs/lec.do
#@ End verbose source ./genus.tcl
[::write_do_lec]: The required '-revised_design <string>' is missing.
Encountered problems processing file: genus.tcl
WARNING: This version of the tool is 823 days old.
@genus:root: 2> exitE
Lic Summary:
[12:30:34.119043] Cdslmd servers: gashapon
[12:30:34.643362] Feature usage summary:
[12:30:34.643368] Genus_Synthesis


+-----------+------------------+-----+----------------------+---------------------------+
|   Host    |     Machine      | CPU | Physical Memory (MB) | Peak Physical Memory (MB) |
+-----------+------------------+-----+----------------------+---------------------------+
| localhost | auto.ece.pdx.edu |  1  |        7966.4        |          15987.3          |
+-----------+------------------+-----+----------------------+---------------------------+

+---------------+----------------------+---------------------------+
|    Server     | Physical Memory (MB) | Peak Physical Memory (MB) |
+---------------+----------------------+---------------------------+
| localhost_1_0 |        1689.1        |          11251.3          |
+---------------+----------------------+---------------------------+

Info    : A super-threading server has been shut down normally. [ST-112]
        : The server 'localhost_1_0' was process '2507' on this host.
        : A super-threaded optimization is complete and a CPU server was successfully shut down.
Error    : Unable to complete periodic license check succesfully (Tue May  5 12:30:34 2026
).============================================
PBS_map Index: 0.76  PBS_overall Index: 0.76
============================================
Normal exit.
