============================================================
  Generated by:           Genus(TM) Synthesis Solution 23.10-p004_1
  Generated on:           May 04 2026  08:57:17 pm
  Module:                 sys_top
  Operating conditions:   PVT_0P7V_25C (balanced_tree)
  Wireload mode:          enclosed
  Area mode:              timing library
============================================================

          Instance                                               Module                                      Cell-Count  Cell-Area  Net-Area   Total-Area   Wireload  
----------------------------------------------------------------------------------------------------------------------------------------------------------------------
sys_top                      NA                                                                                 1255316 115153.831     0.000   115153.831 <none> (D)  
  u_act_0                    act_sram_ROWS16_ACT_WIDTH16                                                            532     99.275     0.000       99.275 <none> (D)  
  u_act_1                    act_sram_ROWS16_ACT_WIDTH16_1                                                          532     99.275     0.000       99.275 <none> (D)  
  u_array                    systolic_16x32_ROWS16_COLS32_ACT_W16_WT_W16_PSUM_W32                               1140636  97332.056     0.000    97332.056 <none> (D)  
    g_row[0].g_col[0].u_pe   pe                                                                                    2240    190.561     0.000      190.561 <none> (D)  
      u_mac                  bf16_mac_unit                                                                         2105    160.205     0.000      160.205 <none> (D)  
        u_add                bf16_fp32_add                                                                         1563    116.917     0.000      116.917 <none> (D)  
        u_mul                bf16_mul                                                                               537     42.924     0.000       42.924 <none> (D)  
    g_row[0].g_col[10].u_pe  pe_10                                                                                 2254    192.558     0.000      192.558 <none> (D)  
      u_mac                  bf16_mac_unit_10                                                                      2124    162.538     0.000      162.538 <none> (D)  
        u_add                bf16_fp32_add_10                                                                      1584    117.602     0.000      117.602 <none> (D)  
        u_mul                bf16_mul_10                                                                            538     44.790     0.000       44.790 <none> (D)  
    g_row[0].g_col[11].u_pe  pe_11                                                                                 2189    187.761     0.000      187.761 <none> (D)  
      u_mac                  bf16_mac_unit_11                                                                      2056    157.551     0.000      157.551 <none> (D)  
        u_add                bf16_fp32_add_11                                                                      1517    113.972     0.000      113.972 <none> (D)  
        u_mul                bf16_mul_11                                                                            537     43.434     0.000       43.434 <none> (D)  
    g_row[0].g_col[12].u_pe  pe_12                                                                                 2294    192.223     0.000      192.223 <none> (D)  
      u_mac                  bf16_mac_unit_12                                                                      2164    162.217     0.000      162.217 <none> (D)  
        u_add                bf16_fp32_add_12                                                                      1615    118.390     0.000      118.390 <none> (D)  
        u_mul                bf16_mul_12                                                                            549     43.827     0.000       43.827 <none> (D)  
    g_row[0].g_col[13].u_pe  pe_13                                                                                 2201    187.440     0.000      187.440 <none> (D)  
      u_mac                  bf16_mac_unit_13                                                                      2071    157.435     0.000      157.435 <none> (D)  
        u_add                bf16_fp32_add_13                                                                      1521    114.453     0.000      114.453 <none> (D)  
        u_mul                bf16_mul_13                                                                            550     42.982     0.000       42.982 <none> (D)  
    g_row[0].g_col[14].u_pe  pe_14                                                                                 2227    191.304     0.000      191.304 <none> (D)  
      u_mac                  bf16_mac_unit_14                                                                      2092    160.949     0.000      160.949 <none> (D)  
        u_add                bf16_fp32_add_14                                                                      1582    118.740     0.000      118.740 <none> (D)  
        u_mul                bf16_mul_14                                                                            507     41.990     0.000       41.990 <none> (D)  
    g_row[0].g_col[15].u_pe  pe_15                                                                                 2237    190.575     0.000      190.575 <none> (D)  
      u_mac                  bf16_mac_unit_15                                                                      2097    159.841     0.000      159.841 <none> (D)  
        u_add                bf16_fp32_add_15                                                                      1582    116.348     0.000      116.348 <none> (D)  
        u_mul                bf16_mul_15                                                                            512     43.273     0.000       43.273 <none> (D)  
    g_row[0].g_col[16].u_pe  pe_16                                                                                 2195    188.009     0.000      188.009 <none> (D)  
      u_mac                  bf16_mac_unit_16                                                                      2064    157.916     0.000      157.916 <none> (D)  
        u_add                bf16_fp32_add_16                                                                      1541    115.095     0.000      115.095 <none> (D)  
        u_mul                bf16_mul_16                                                                            521     42.676     0.000       42.676 <none> (D)  
    g_row[0].g_col[17].u_pe  pe_17                                                                                 2274    193.681     0.000      193.681 <none> (D)  
      u_mac                  bf16_mac_unit_17                                                                      2135    163.034     0.000      163.034 <none> (D)  
        u_add                bf16_fp32_add_17                                                                      1593    118.040     0.000      118.040 <none> (D)  
        u_mul                bf16_mul_17                                                                            538     44.717     0.000       44.717 <none> (D)  
    g_row[0].g_col[18].u_pe  pe_18                                                                                 2164    186.916     0.000      186.916 <none> (D)  
      u_mac                  bf16_mac_unit_18                                                                      2031    156.706     0.000      156.706 <none> (D)  
        u_add                bf16_fp32_add_18                                                                      1528    113.578     0.000      113.578 <none> (D)  
        u_mul                bf16_mul_18                                                                            500     42.909     0.000       42.909 <none> (D)  
    g_row[0].g_col[19].u_pe  pe_19                                                                                 2160    187.615     0.000      187.615 <none> (D)  
      u_mac                  bf16_mac_unit_19                                                                      2031    157.668     0.000      157.668 <none> (D)  
        u_add                bf16_fp32_add_19                                                                      1515    114.686     0.000      114.686 <none> (D)  
        u_mul                bf16_mul_19                                                                            516     42.982     0.000       42.982 <none> (D)  
    g_row[0].g_col[1].u_pe   pe_1                                                                                  2219    189.438     0.000      189.438 <none> (D)  
      u_mac                  bf16_mac_unit_1                                                                       2088    159.345     0.000      159.345 <none> (D)  
        u_add                bf16_fp32_add_1                                                                       1561    116.246     0.000      116.246 <none> (D)  
        u_mul                bf16_mul_1                                                                             526     43.026     0.000       43.026 <none> (D)  
    g_row[0].g_col[20].u_pe  pe_20                                                                                 2126    184.087     0.000      184.087 <none> (D)  
      u_mac                  bf16_mac_unit_20                                                                      1993    153.848     0.000      153.848 <none> (D)  
        u_add                bf16_fp32_add_20                                                                      1484    111.683     0.000      111.683 <none> (D)  
        u_mul                bf16_mul_20                                                                            508     42.092     0.000       42.092 <none> (D)  
    g_row[0].g_col[21].u_pe  pe_21                                                                                 2200    187.440     0.000      187.440 <none> (D)  
      u_mac                  bf16_mac_unit_21                                                                      2060    156.706     0.000      156.706 <none> (D)  
        u_add                bf16_fp32_add_21                                                                      1509    112.485     0.000      112.485 <none> (D)  
        u_mul                bf16_mul_21                                                                            550     44.163     0.000       44.163 <none> (D)  
    g_row[0].g_col[22].u_pe  pe_22                                                                                 2235    189.992     0.000      189.992 <none> (D)  
      u_mac                  bf16_mac_unit_22                                                                      2101    159.680     0.000      159.680 <none> (D)  
        u_add                bf16_fp32_add_22                                                                      1593    117.034     0.000      117.034 <none> (D)  
        u_mul                bf16_mul_22                                                                            506     42.501     0.000       42.501 <none> (D)  
    g_row[0].g_col[23].u_pe  pe_23                                                                                 2199    187.615     0.000      187.615 <none> (D)  
      u_mac                  bf16_mac_unit_23                                                                      2065    157.347     0.000      157.347 <none> (D)  
        u_add                bf16_fp32_add_23                                                                      1501    113.053     0.000      113.053 <none> (D)  
        u_mul                bf16_mul_23                                                                            563     44.236     0.000       44.236 <none> (D)  
    g_row[0].g_col[24].u_pe  pe_24                                                                                 2230    189.482     0.000      189.482 <none> (D)  
      u_mac                  bf16_mac_unit_24                                                                      2098    159.330     0.000      159.330 <none> (D)  
        u_add                bf16_fp32_add_24                                                                      1544    115.065     0.000      115.065 <none> (D)  
        u_mul                bf16_mul_24                                                                            550     43.973     0.000       43.973 <none> (D)  
    g_row[0].g_col[25].u_pe  pe_25                                                                                 2199    187.513     0.000      187.513 <none> (D)  
      u_mac                  bf16_mac_unit_25                                                                      2064    157.143     0.000      157.143 <none> (D)  
        u_add                bf16_fp32_add_25                                                                      1518    113.476     0.000      113.476 <none> (D)  
        u_mul                bf16_mul_25                                                                            544     43.521     0.000       43.521 <none> (D)  
    g_row[0].g_col[26].u_pe  pe_26                                                                                 2226    189.467     0.000      189.467 <none> (D)  
      u_mac                  bf16_mac_unit_26                                                                      2092    159.184     0.000      159.184 <none> (D)  
        u_add                bf16_fp32_add_26                                                                      1543    115.663     0.000      115.663 <none> (D)  
        u_mul                bf16_mul_26                                                                            549     43.521     0.000       43.521 <none> (D)  
    g_row[0].g_col[27].u_pe  pe_27                                                                                 2187    188.563     0.000      188.563 <none> (D)  
      u_mac                  bf16_mac_unit_27                                                                      2057    158.543     0.000      158.543 <none> (D)  
        u_add                bf16_fp32_add_27                                                                      1544    115.109     0.000      115.109 <none> (D)  
        u_mul                bf16_mul_27                                                                            510     43.215     0.000       43.215 <none> (D)  
    g_row[0].g_col[28].u_pe  pe_28                                                                                 2101    183.358     0.000      183.358 <none> (D)  
      u_mac                  bf16_mac_unit_28                                                                      1968    153.134     0.000      153.134 <none> (D)  
        u_add                bf16_fp32_add_28                                                                      1453    110.881     0.000      110.881 <none> (D)  
        u_mul                bf16_mul_28                                                                            514     42.180     0.000       42.180 <none> (D)  
    g_row[0].g_col[29].u_pe  pe_29                                                                                 2151    186.260     0.000      186.260 <none> (D)  
      u_mac                  bf16_mac_unit_29                                                                      2020    156.196     0.000      156.196 <none> (D)  
        u_add                bf16_fp32_add_29                                                                      1531    114.293     0.000      114.293 <none> (D)  
        u_mul                bf16_mul_29                                                                            487     41.757     0.000       41.757 <none> (D)  
    g_row[0].g_col[2].u_pe   pe_2                                                                                  2055    179.655     0.000      179.655 <none> (D)  
      u_mac                  bf16_mac_unit_2                                                                       1924    149.576     0.000      149.576 <none> (D)  
        u_add                bf16_fp32_add_2                                                                       1421    108.825     0.000      108.825 <none> (D)  
        u_mul                bf16_mul_2                                                                             503     40.751     0.000       40.751 <none> (D)  
    g_row[0].g_col[30].u_pe  pe_30                                                                                 2147    185.297     0.000      185.297 <none> (D)  
      u_mac                  bf16_mac_unit_30                                                                      2011    154.854     0.000      154.854 <none> (D)  
        u_add                bf16_fp32_add_30                                                                      1494    112.587     0.000      112.587 <none> (D)  
        u_mul                bf16_mul_30                                                                            516     42.195     0.000       42.195 <none> (D)  
    g_row[0].g_col[31].u_pe  pe_31                                                                                 2201    187.718     0.000      187.718 <none> (D)  
      u_mac                  bf16_mac_unit_31                                                                      2071    157.712     0.000      157.712 <none> (D)  
        u_add                bf16_fp32_add_31                                                                      1523    114.745     0.000      114.745 <none> (D)  
        u_mul                bf16_mul_31                                                                            548     42.967     0.000       42.967 <none> (D)  
    g_row[0].g_col[3].u_pe   pe_3                                                                                  2160    185.472     0.000      185.472 <none> (D)  
      u_mac                  bf16_mac_unit_3                                                                       2031    155.525     0.000      155.525 <none> (D)  
        u_add                bf16_fp32_add_3                                                                       1513    112.893     0.000      112.893 <none> (D)  
        u_mul                bf16_mul_3                                                                             517     42.559     0.000       42.559 <none> (D)  
    g_row[0].g_col[4].u_pe   pe_4                                                                                  2218    187.951     0.000      187.951 <none> (D)  
      u_mac                  bf16_mac_unit_4                                                                       2086    157.785     0.000      157.785 <none> (D)  
        u_add                bf16_fp32_add_4                                                                       1562    115.255     0.000      115.255 <none> (D)  
        u_mul                bf16_mul_4                                                                             520     42.238     0.000       42.238 <none> (D)  
    g_row[0].g_col[5].u_pe   pe_5                                                                                  2231    189.846     0.000      189.846 <none> (D)  
      u_mac                  bf16_mac_unit_5                                                                       2101    159.855     0.000      159.855 <none> (D)  
        u_add                bf16_fp32_add_5                                                                       1562    116.275     0.000      116.275 <none> (D)  
        u_mul                bf16_mul_5                                                                             535     43.288     0.000       43.288 <none> (D)  
    g_row[0].g_col[6].u_pe   pe_6                                                                                  2111    184.233     0.000      184.233 <none> (D)  
      u_mac                  bf16_mac_unit_6                                                                       1964    152.988     0.000      152.988 <none> (D)  
        u_add                bf16_fp32_add_6                                                                       1473    112.120     0.000      112.120 <none> (D)  
        u_mul                bf16_mul_6                                                                             490     40.795     0.000       40.795 <none> (D)  
    g_row[0].g_col[7].u_pe   pe_7                                                                                  2147    185.151     0.000      185.151 <none> (D)  
      u_mac                  bf16_mac_unit_7                                                                       2016    155.073     0.000      155.073 <none> (D)  
        u_add                bf16_fp32_add_7                                                                       1495    112.849     0.000      112.849 <none> (D)  
        u_mul                bf16_mul_7                                                                             520     42.151     0.000       42.151 <none> (D)  
    g_row[0].g_col[8].u_pe   pe_8                                                                                  2204    188.009     0.000      188.009 <none> (D)  
      u_mac                  bf16_mac_unit_8                                                                       2068    157.566     0.000      157.566 <none> (D)  
        u_add                bf16_fp32_add_8                                                                       1546    114.103     0.000      114.103 <none> (D)  
        u_mul                bf16_mul_8                                                                             519     43.244     0.000       43.244 <none> (D)  
    g_row[0].g_col[9].u_pe   pe_9                                                                                  2257    191.290     0.000      191.290 <none> (D)  
      u_mac                  bf16_mac_unit_9                                                                       2123    160.992     0.000      160.992 <none> (D)  
        u_add                bf16_fp32_add_9                                                                       1565    115.678     0.000      115.678 <none> (D)  
        u_mul                bf16_mul_9                                                                             555     45.096     0.000       45.096 <none> (D)  
    g_row[10].g_col[0].u_pe  pe_320                                                                                2283    193.535     0.000      193.535 <none> (D)  
      u_mac                  bf16_mac_unit_320                                                                     2141    162.654     0.000      162.654 <none> (D)  
        u_add                bf16_fp32_add_320                                                                     1587    118.258     0.000      118.258 <none> (D)  
        u_mul                bf16_mul_320                                                                           554     44.396     0.000       44.396 <none> (D)  
    g_row[10].g_col[10].u_pe pe_330                                                                                2226    192.616     0.000      192.616 <none> (D)  
      u_mac                  bf16_mac_unit_330                                                                     2089    162.115     0.000      162.115 <none> (D)  
        u_add                bf16_fp32_add_330                                                                     1583    119.221     0.000      119.221 <none> (D)  
        u_mul                bf16_mul_330                                                                           504     42.763     0.000       42.763 <none> (D)  
    g_row[10].g_col[11].u_pe pe_331                                                                                2187    187.936     0.000      187.936 <none> (D)  
      u_mac                  bf16_mac_unit_331                                                                     2048    157.274     0.000      157.274 <none> (D)  
        u_add                bf16_fp32_add_331                                                                     1533    115.007     0.000      115.007 <none> (D)  
        u_mul                bf16_mul_331                                                                           514     42.209     0.000       42.209 <none> (D)  
    g_row[10].g_col[12].u_pe pe_332                                                                                2240    190.590     0.000      190.590 <none> (D)  
      u_mac                  bf16_mac_unit_332                                                                     2102    160.016     0.000      160.016 <none> (D)  
        u_add                bf16_fp32_add_332                                                                     1579    116.538     0.000      116.538 <none> (D)  
        u_mul                bf16_mul_332                                                                           517     43.040     0.000       43.040 <none> (D)  
    g_row[10].g_col[13].u_pe pe_333                                                                                2153    186.478     0.000      186.478 <none> (D)  
      u_mac                  bf16_mac_unit_333                                                                     2021    156.327     0.000      156.327 <none> (D)  
        u_add                bf16_fp32_add_333                                                                     1522    114.540     0.000      114.540 <none> (D)  
        u_mul                bf16_mul_333                                                                           497     41.640     0.000       41.640 <none> (D)  
    g_row[10].g_col[14].u_pe pe_334                                                                                2408    198.230     0.000      198.230 <none> (D)  
      u_mac                  bf16_mac_unit_334                                                                     2270    167.655     0.000      167.655 <none> (D)  
        u_add                bf16_fp32_add_334                                                                     1629    119.162     0.000      119.162 <none> (D)  
        u_mul                bf16_mul_334                                                                           637     48.201     0.000       48.201 <none> (D)  
    g_row[10].g_col[15].u_pe pe_335                                                                                2258    194.658     0.000      194.658 <none> (D)  
      u_mac                  bf16_mac_unit_335                                                                     2122    164.215     0.000      164.215 <none> (D)  
        u_add                bf16_fp32_add_335                                                                     1600    120.650     0.000      120.650 <none> (D)  
        u_mul                bf16_mul_335                                                                           522     43.565     0.000       43.565 <none> (D)  
    g_row[10].g_col[16].u_pe pe_336                                                                                2185    189.977     0.000      189.977 <none> (D)  
      u_mac                  bf16_mac_unit_336                                                                     2052    159.768     0.000      159.768 <none> (D)  
        u_add                bf16_fp32_add_336                                                                     1548    117.223     0.000      117.223 <none> (D)  
        u_mul                bf16_mul_336                                                                           501     42.326     0.000       42.326 <none> (D)  
    g_row[10].g_col[17].u_pe pe_337                                                                                2152    187.543     0.000      187.543 <none> (D)  
      u_mac                  bf16_mac_unit_337                                                                     2023    157.624     0.000      157.624 <none> (D)  
        u_add                bf16_fp32_add_337                                                                     1515    115.342     0.000      115.342 <none> (D)  
        u_mul                bf16_mul_337                                                                           508     42.282     0.000       42.282 <none> (D)  
    g_row[10].g_col[18].u_pe pe_338                                                                                2179    189.773     0.000      189.773 <none> (D)  
      u_mac                  bf16_mac_unit_338                                                                     2022    157.814     0.000      157.814 <none> (D)  
        u_add                bf16_fp32_add_338                                                                     1527    116.334     0.000      116.334 <none> (D)  
        u_mul                bf16_mul_338                                                                           494     41.407     0.000       41.407 <none> (D)  
    g_row[10].g_col[19].u_pe pe_339                                                                                2240    189.263     0.000      189.263 <none> (D)  
      u_mac                  bf16_mac_unit_339                                                                     2089    157.741     0.000      157.741 <none> (D)  
        u_add                bf16_fp32_add_339                                                                     1537    113.330     0.000      113.330 <none> (D)  
        u_mul                bf16_mul_339                                                                           549     44.192     0.000       44.192 <none> (D)  
    g_row[10].g_col[1].u_pe  pe_321                                                                                2223    189.350     0.000      189.350 <none> (D)  
      u_mac                  bf16_mac_unit_321                                                                     2083    158.630     0.000      158.630 <none> (D)  
        u_add                bf16_fp32_add_321                                                                     1570    116.538     0.000      116.538 <none> (D)  
        u_mul                bf16_mul_321                                                                           511     41.947     0.000       41.947 <none> (D)  
    g_row[10].g_col[20].u_pe pe_340                                                                                2188    187.266     0.000      187.266 <none> (D)  
      u_mac                  bf16_mac_unit_340                                                                     2053    156.910     0.000      156.910 <none> (D)  
        u_add                bf16_fp32_add_340                                                                     1530    113.607     0.000      113.607 <none> (D)  
        u_mul                bf16_mul_340                                                                           519     43.011     0.000       43.011 <none> (D)  
    g_row[10].g_col[21].u_pe pe_341                                                                                2218    188.286     0.000      188.286 <none> (D)  
      u_mac                  bf16_mac_unit_341                                                                     2079    157.610     0.000      157.610 <none> (D)  
        u_add                bf16_fp32_add_341                                                                     1521    113.112     0.000      113.112 <none> (D)  
        u_mul                bf16_mul_341                                                                           555     44.279     0.000       44.279 <none> (D)  
    g_row[10].g_col[22].u_pe pe_342                                                                                2234    191.450     0.000      191.450 <none> (D)  
      u_mac                  bf16_mac_unit_342                                                                     2100    161.167     0.000      161.167 <none> (D)  
        u_add                bf16_fp32_add_342                                                                     1596    118.477     0.000      118.477 <none> (D)  
        u_mul                bf16_mul_342                                                                           504     42.690     0.000       42.690 <none> (D)  
    g_row[10].g_col[23].u_pe pe_343                                                                                2245    191.144     0.000      191.144 <none> (D)  
      u_mac                  bf16_mac_unit_343                                                                     2115    161.138     0.000      161.138 <none> (D)  
        u_add                bf16_fp32_add_343                                                                     1555    117.252     0.000      117.252 <none> (D)  
        u_mul                bf16_mul_343                                                                           560     43.886     0.000       43.886 <none> (D)  
    g_row[10].g_col[24].u_pe pe_344                                                                                2192    188.767     0.000      188.767 <none> (D)  
      u_mac                  bf16_mac_unit_344                                                                     2060    158.645     0.000      158.645 <none> (D)  
        u_add                bf16_fp32_add_344                                                                     1537    114.263     0.000      114.263 <none> (D)  
        u_mul                bf16_mul_344                                                                           520     44.163     0.000       44.163 <none> (D)  
    g_row[10].g_col[25].u_pe pe_345                                                                                2200    190.765     0.000      190.765 <none> (D)  
      u_mac                  bf16_mac_unit_345                                                                     2066    160.482     0.000      160.482 <none> (D)  
        u_add                bf16_fp32_add_345                                                                     1562    116.990     0.000      116.990 <none> (D)  
        u_mul                bf16_mul_345                                                                           503     43.419     0.000       43.419 <none> (D)  
    g_row[10].g_col[26].u_pe pe_346                                                                                2262    192.164     0.000      192.164 <none> (D)  
      u_mac                  bf16_mac_unit_346                                                                     2129    161.940     0.000      161.940 <none> (D)  
        u_add                bf16_fp32_add_346                                                                     1561    116.932     0.000      116.932 <none> (D)  
        u_mul                bf16_mul_346                                                                           568     45.008     0.000       45.008 <none> (D)  
    g_row[10].g_col[27].u_pe pe_347                                                                                2167    188.869     0.000      188.869 <none> (D)  
      u_mac                  bf16_mac_unit_347                                                                     2038    158.951     0.000      158.951 <none> (D)  
        u_add                bf16_fp32_add_347                                                                     1528    116.013     0.000      116.013 <none> (D)  
        u_mul                bf16_mul_347                                                                           508     42.807     0.000       42.807 <none> (D)  
    g_row[10].g_col[28].u_pe pe_348                                                                                2242    191.027     0.000      191.027 <none> (D)  
      u_mac                  bf16_mac_unit_348                                                                     2109    160.803     0.000      160.803 <none> (D)  
        u_add                bf16_fp32_add_348                                                                     1539    115.051     0.000      115.051 <none> (D)  
        u_mul                bf16_mul_348                                                                           568     45.606     0.000       45.606 <none> (D)  
    g_row[10].g_col[29].u_pe pe_349                                                                                2202    190.079     0.000      190.079 <none> (D)  
      u_mac                  bf16_mac_unit_349                                                                     2066    159.651     0.000      159.651 <none> (D)  
        u_add                bf16_fp32_add_349                                                                     1549    116.378     0.000      116.378 <none> (D)  
        u_mul                bf16_mul_349                                                                           517     43.273     0.000       43.273 <none> (D)  
    g_row[10].g_col[2].u_pe  pe_322                                                                                2196    188.549     0.000      188.549 <none> (D)  
      u_mac                  bf16_mac_unit_322                                                                     2048    157.231     0.000      157.231 <none> (D)  
        u_add                bf16_fp32_add_322                                                                     1528    114.643     0.000      114.643 <none> (D)  
        u_mul                bf16_mul_322                                                                           518     42.442     0.000       42.442 <none> (D)  
    g_row[10].g_col[30].u_pe pe_350                                                                                2228    187.863     0.000      187.863 <none> (D)  
      u_mac                  bf16_mac_unit_350                                                                     2088    157.114     0.000      157.114 <none> (D)  
        u_add                bf16_fp32_add_350                                                                     1523    112.587     0.000      112.587 <none> (D)  
        u_mul                bf16_mul_350                                                                           560     44.163     0.000       44.163 <none> (D)  
    g_row[10].g_col[31].u_pe pe_351                                                                                2281    192.762     0.000      192.762 <none> (D)  
      u_mac                  bf16_mac_unit_351                                                                     2141    162.057     0.000      162.057 <none> (D)  
        u_add                bf16_fp32_add_351                                                                     1564    116.815     0.000      116.815 <none> (D)  
        u_mul                bf16_mul_351                                                                           576     45.183     0.000       45.183 <none> (D)  
    g_row[10].g_col[3].u_pe  pe_323                                                                                2176    189.788     0.000      189.788 <none> (D)  
      u_mac                  bf16_mac_unit_323                                                                     2043    159.578     0.000      159.578 <none> (D)  
        u_add                bf16_fp32_add_323                                                                     1544    117.369     0.000      117.369 <none> (D)  
        u_mul                bf16_mul_323                                                                           499     42.209     0.000       42.209 <none> (D)  
    g_row[10].g_col[4].u_pe  pe_324                                                                                2280    191.683     0.000      191.683 <none> (D)  
      u_mac                  bf16_mac_unit_324                                                                     2144    161.255     0.000      161.255 <none> (D)  
        u_add                bf16_fp32_add_324                                                                     1618    118.258     0.000      118.258 <none> (D)  
        u_mul                bf16_mul_324                                                                           525     42.924     0.000       42.924 <none> (D)  
    g_row[10].g_col[5].u_pe  pe_325                                                                                2172    184.306     0.000      184.306 <none> (D)  
      u_mac                  bf16_mac_unit_325                                                                     2042    154.286     0.000      154.286 <none> (D)  
        u_add                bf16_fp32_add_325                                                                     1532    111.785     0.000      111.785 <none> (D)  
        u_mul                bf16_mul_325                                                                           507     42.282     0.000       42.282 <none> (D)  
    g_row[10].g_col[6].u_pe  pe_326                                                                                2148    186.901     0.000      186.901 <none> (D)  
      u_mac                  bf16_mac_unit_326                                                                     2007    156.093     0.000      156.093 <none> (D)  
        u_add                bf16_fp32_add_326                                                                     1480    113.024     0.000      113.024 <none> (D)  
        u_mul                bf16_mul_326                                                                           525     42.924     0.000       42.924 <none> (D)  
    g_row[10].g_col[7].u_pe  pe_327                                                                                2212    188.213     0.000      188.213 <none> (D)  
      u_mac                  bf16_mac_unit_327                                                                     2083    158.266     0.000      158.266 <none> (D)  
        u_add                bf16_fp32_add_327                                                                     1579    116.246     0.000      116.246 <none> (D)  
        u_mul                bf16_mul_327                                                                           504     42.020     0.000       42.020 <none> (D)  
    g_row[10].g_col[8].u_pe  pe_328                                                                                2237    190.881     0.000      190.881 <none> (D)  
      u_mac                  bf16_mac_unit_328                                                                     2106    160.788     0.000      160.788 <none> (D)  
        u_add                bf16_fp32_add_328                                                                     1542    114.978     0.000      114.978 <none> (D)  
        u_mul                bf16_mul_328                                                                           559     45.446     0.000       45.446 <none> (D)  
    g_row[10].g_col[9].u_pe  pe_329                                                                                2281    193.127     0.000      193.127 <none> (D)  
      u_mac                  bf16_mac_unit_329                                                                     2139    162.246     0.000      162.246 <none> (D)  
        u_add                bf16_fp32_add_329                                                                     1587    118.492     0.000      118.492 <none> (D)  
        u_mul                bf16_mul_329                                                                           552     43.755     0.000       43.755 <none> (D)  
    g_row[11].g_col[0].u_pe  pe_352                                                                                2400    200.213     0.000      200.213 <none> (D)  
      u_mac                  bf16_mac_unit_352                                                                     2259    169.420     0.000      169.420 <none> (D)  
        u_add                bf16_fp32_add_352                                                                     1641    120.008     0.000      120.008 <none> (D)  
        u_mul                bf16_mul_352                                                                           614     49.120     0.000       49.120 <none> (D)  
    g_row[11].g_col[10].u_pe pe_362                                                                                2326    196.830     0.000      196.830 <none> (D)  
      u_mac                  bf16_mac_unit_362                                                                     2189    166.329     0.000      166.329 <none> (D)  
        u_add                bf16_fp32_add_362                                                                     1646    122.866     0.000      122.866 <none> (D)  
        u_mul                bf16_mul_362                                                                           543     43.463     0.000       43.463 <none> (D)  
    g_row[11].g_col[11].u_pe pe_363                                                                                2246    190.692     0.000      190.692 <none> (D)  
      u_mac                  bf16_mac_unit_363                                                                     2112    160.395     0.000      160.395 <none> (D)  
        u_add                bf16_fp32_add_363                                                                     1598    118.463     0.000      118.463 <none> (D)  
        u_mul                bf16_mul_363                                                                           514     41.932     0.000       41.932 <none> (D)  
    g_row[11].g_col[12].u_pe pe_364                                                                                2247    191.508     0.000      191.508 <none> (D)  
      u_mac                  bf16_mac_unit_364                                                                     2114    161.299     0.000      161.299 <none> (D)  
        u_add                bf16_fp32_add_364                                                                     1602    118.929     0.000      118.929 <none> (D)  
        u_mul                bf16_mul_364                                                                           509     42.151     0.000       42.151 <none> (D)  
    g_row[11].g_col[13].u_pe pe_365                                                                                2228    190.765     0.000      190.765 <none> (D)  
      u_mac                  bf16_mac_unit_365                                                                     2078    159.316     0.000      159.316 <none> (D)  
        u_add                bf16_fp32_add_365                                                                     1504    113.855     0.000      113.855 <none> (D)  
        u_mul                bf16_mul_365                                                                           572     45.315     0.000       45.315 <none> (D)  
    g_row[11].g_col[14].u_pe pe_366                                                                                2343    196.363     0.000      196.363 <none> (D)  
      u_mac                  bf16_mac_unit_366                                                                     2211    166.197     0.000      166.197 <none> (D)  
        u_add                bf16_fp32_add_366                                                                     1626    119.148     0.000      119.148 <none> (D)  
        u_mul                bf16_mul_366                                                                           580     46.685     0.000       46.685 <none> (D)  
    g_row[11].g_col[15].u_pe pe_367                                                                                2347    198.084     0.000      198.084 <none> (D)  
      u_mac                  bf16_mac_unit_367                                                                     2207    167.364     0.000      167.364 <none> (D)  
        u_add                bf16_fp32_add_367                                                                     1672    123.420     0.000      123.420 <none> (D)  
        u_mul                bf16_mul_367                                                                           535     43.944     0.000       43.944 <none> (D)  
    g_row[11].g_col[16].u_pe pe_368                                                                                2280    192.806     0.000      192.806 <none> (D)  
      u_mac                  bf16_mac_unit_368                                                                     2150    162.786     0.000      162.786 <none> (D)  
        u_add                bf16_fp32_add_368                                                                     1629    119.950     0.000      119.950 <none> (D)  
        u_mul                bf16_mul_368                                                                           518     42.617     0.000       42.617 <none> (D)  
    g_row[11].g_col[17].u_pe pe_369                                                                                2182    187.426     0.000      187.426 <none> (D)  
      u_mac                  bf16_mac_unit_369                                                                     2053    157.508     0.000      157.508 <none> (D)  
        u_add                bf16_fp32_add_369                                                                     1526    114.453     0.000      114.453 <none> (D)  
        u_mul                bf16_mul_369                                                                           527     43.055     0.000       43.055 <none> (D)  
    g_row[11].g_col[18].u_pe pe_370                                                                                2317    193.170     0.000      193.170 <none> (D)  
      u_mac                  bf16_mac_unit_370                                                                     2185    163.004     0.000      163.004 <none> (D)  
        u_add                bf16_fp32_add_370                                                                     1668    120.387     0.000      120.387 <none> (D)  
        u_mul                bf16_mul_370                                                                           514     42.399     0.000       42.399 <none> (D)  
    g_row[11].g_col[19].u_pe pe_371                                                                                2365    197.559     0.000      197.559 <none> (D)  
      u_mac                  bf16_mac_unit_371                                                                     2215    166.110     0.000      166.110 <none> (D)  
        u_add                bf16_fp32_add_371                                                                     1646    120.256     0.000      120.256 <none> (D)  
        u_mul                bf16_mul_371                                                                           565     45.562     0.000       45.562 <none> (D)  
    g_row[11].g_col[1].u_pe  pe_353                                                                                2264    191.129     0.000      191.129 <none> (D)  
      u_mac                  bf16_mac_unit_353                                                                     2131    160.919     0.000      160.919 <none> (D)  
        u_add                bf16_fp32_add_353                                                                     1592    117.529     0.000      117.529 <none> (D)  
        u_mul                bf16_mul_353                                                                           534     43.026     0.000       43.026 <none> (D)  
    g_row[11].g_col[20].u_pe pe_372                                                                                2256    190.706     0.000      190.706 <none> (D)  
      u_mac                  bf16_mac_unit_372                                                                     2112    159.695     0.000      159.695 <none> (D)  
        u_add                bf16_fp32_add_372                                                                     1569    115.721     0.000      115.721 <none> (D)  
        u_mul                bf16_mul_372                                                                           539     43.682     0.000       43.682 <none> (D)  
    g_row[11].g_col[21].u_pe pe_373                                                                                2221    187.892     0.000      187.892 <none> (D)  
      u_mac                  bf16_mac_unit_373                                                                     2092    157.945     0.000      157.945 <none> (D)  
        u_add                bf16_fp32_add_373                                                                     1532    113.155     0.000      113.155 <none> (D)  
        u_mul                bf16_mul_373                                                                           556     44.498     0.000       44.498 <none> (D)  
    g_row[11].g_col[22].u_pe pe_374                                                                                2260    192.427     0.000      192.427 <none> (D)  
      u_mac                  bf16_mac_unit_374                                                                     2129    162.334     0.000      162.334 <none> (D)  
        u_add                bf16_fp32_add_374                                                                     1588    119.046     0.000      119.046 <none> (D)  
        u_mul                bf16_mul_374                                                                           540     43.215     0.000       43.215 <none> (D)  
    g_row[11].g_col[23].u_pe pe_375                                                                                2255    190.823     0.000      190.823 <none> (D)  
      u_mac                  bf16_mac_unit_375                                                                     2126    160.919     0.000      160.919 <none> (D)  
        u_add                bf16_fp32_add_375                                                                     1549    114.847     0.000      114.847 <none> (D)  
        u_mul                bf16_mul_375                                                                           577     46.073     0.000       46.073 <none> (D)  
    g_row[11].g_col[24].u_pe pe_376                                                                                2192    189.365     0.000      189.365 <none> (D)  
      u_mac                  bf16_mac_unit_376                                                                     2053    158.703     0.000      158.703 <none> (D)  
        u_add                bf16_fp32_add_376                                                                     1539    115.255     0.000      115.255 <none> (D)  
        u_mul                bf16_mul_376                                                                           511     43.230     0.000       43.230 <none> (D)  
    g_row[11].g_col[25].u_pe pe_377                                                                                2204    191.290     0.000      191.290 <none> (D)  
      u_mac                  bf16_mac_unit_377                                                                     2074    161.299     0.000      161.299 <none> (D)  
        u_add                bf16_fp32_add_377                                                                     1572    118.215     0.000      118.215 <none> (D)  
        u_mul                bf16_mul_377                                                                           498     42.792     0.000       42.792 <none> (D)  
    g_row[11].g_col[26].u_pe pe_378                                                                                2304    193.316     0.000      193.316 <none> (D)  
      u_mac                  bf16_mac_unit_378                                                                     2175    163.383     0.000      163.383 <none> (D)  
        u_add                bf16_fp32_add_378                                                                     1584    117.806     0.000      117.806 <none> (D)  
        u_mul                bf16_mul_378                                                                           591     45.577     0.000       45.577 <none> (D)  
    g_row[11].g_col[27].u_pe pe_379                                                                                2227    191.129     0.000      191.129 <none> (D)  
      u_mac                  bf16_mac_unit_379                                                                     2090    160.628     0.000      160.628 <none> (D)  
        u_add                bf16_fp32_add_379                                                                     1530    115.780     0.000      115.780 <none> (D)  
        u_mul                bf16_mul_379                                                                           559     44.790     0.000       44.790 <none> (D)  
    g_row[11].g_col[28].u_pe pe_380                                                                                2212    190.400     0.000      190.400 <none> (D)  
      u_mac                  bf16_mac_unit_380                                                                     2063    159.024     0.000      159.024 <none> (D)  
        u_add                bf16_fp32_add_380                                                                     1515    114.132     0.000      114.132 <none> (D)  
        u_mul                bf16_mul_380                                                                           548     44.892     0.000       44.892 <none> (D)  
    g_row[11].g_col[29].u_pe pe_381                                                                                2256    192.223     0.000      192.223 <none> (D)  
      u_mac                  bf16_mac_unit_381                                                                     2123    162.013     0.000      162.013 <none> (D)  
        u_add                bf16_fp32_add_381                                                                     1596    119.060     0.000      119.060 <none> (D)  
        u_mul                bf16_mul_381                                                                           527     42.953     0.000       42.953 <none> (D)  
    g_row[11].g_col[2].u_pe  pe_354                                                                                2326    194.774     0.000      194.774 <none> (D)  
      u_mac                  bf16_mac_unit_354                                                                     2196    164.769     0.000      164.769 <none> (D)  
        u_add                bf16_fp32_add_354                                                                     1632    119.454     0.000      119.454 <none> (D)  
        u_mul                bf16_mul_354                                                                           564     45.315     0.000       45.315 <none> (D)  
    g_row[11].g_col[30].u_pe pe_382                                                                                2268    190.867     0.000      190.867 <none> (D)  
      u_mac                  bf16_mac_unit_382                                                                     2137    160.788     0.000      160.788 <none> (D)  
        u_add                bf16_fp32_add_382                                                                     1567    116.028     0.000      116.028 <none> (D)  
        u_mul                bf16_mul_382                                                                           569     44.688     0.000       44.688 <none> (D)  
    g_row[11].g_col[31].u_pe pe_383                                                                                2324    194.512     0.000      194.512 <none> (D)  
      u_mac                  bf16_mac_unit_383                                                                     2192    164.375     0.000      164.375 <none> (D)  
        u_add                bf16_fp32_add_383                                                                     1619    119.410     0.000      119.410 <none> (D)  
        u_mul                bf16_mul_383                                                                           573     44.965     0.000       44.965 <none> (D)  
    g_row[11].g_col[3].u_pe  pe_355                                                                                2348    197.282     0.000      197.282 <none> (D)  
      u_mac                  bf16_mac_unit_355                                                                     2212    166.854     0.000      166.854 <none> (D)  
        u_add                bf16_fp32_add_355                                                                     1669    122.924     0.000      122.924 <none> (D)  
        u_mul                bf16_mul_355                                                                           542     43.857     0.000       43.857 <none> (D)  
    g_row[11].g_col[4].u_pe  pe_356                                                                                2266    191.844     0.000      191.844 <none> (D)  
      u_mac                  bf16_mac_unit_356                                                                     2137    161.925     0.000      161.925 <none> (D)  
        u_add                bf16_fp32_add_356                                                                     1633    119.673     0.000      119.673 <none> (D)  
        u_mul                bf16_mul_356                                                                           501     42.034     0.000       42.034 <none> (D)  
    g_row[11].g_col[5].u_pe  pe_357                                                                                2229    188.753     0.000      188.753 <none> (D)  
      u_mac                  bf16_mac_unit_357                                                                     2099    158.732     0.000      158.732 <none> (D)  
        u_add                bf16_fp32_add_357                                                                     1544    113.534     0.000      113.534 <none> (D)  
        u_mul                bf16_mul_357                                                                           551     44.906     0.000       44.906 <none> (D)  
    g_row[11].g_col[6].u_pe  pe_358                                                                                2205    189.525     0.000      189.525 <none> (D)  
      u_mac                  bf16_mac_unit_358                                                                     2064    158.732     0.000      158.732 <none> (D)  
        u_add                bf16_fp32_add_358                                                                     1527    115.911     0.000      115.911 <none> (D)  
        u_mul                bf16_mul_358                                                                           535     42.676     0.000       42.676 <none> (D)  
    g_row[11].g_col[7].u_pe  pe_359                                                                                2290    194.147     0.000      194.147 <none> (D)  
      u_mac                  bf16_mac_unit_359                                                                     2160    164.127     0.000      164.127 <none> (D)  
        u_add                bf16_fp32_add_359                                                                     1586    118.083     0.000      118.083 <none> (D)  
        u_mul                bf16_mul_359                                                                           572     45.898     0.000       45.898 <none> (D)  
    g_row[11].g_col[8].u_pe  pe_360                                                                                2305    194.716     0.000      194.716 <none> (D)  
      u_mac                  bf16_mac_unit_360                                                                     2167    164.142     0.000      164.142 <none> (D)  
        u_add                bf16_fp32_add_360                                                                     1593    116.611     0.000      116.611 <none> (D)  
        u_mul                bf16_mul_360                                                                           570     47.239     0.000       47.239 <none> (D)  
    g_row[11].g_col[9].u_pe  pe_361                                                                                2312    195.766     0.000      195.766 <none> (D)  
      u_mac                  bf16_mac_unit_361                                                                     2181    165.687     0.000      165.687 <none> (D)  
        u_add                bf16_fp32_add_361                                                                     1619    120.066     0.000      120.066 <none> (D)  
        u_mul                bf16_mul_361                                                                           562     45.621     0.000       45.621 <none> (D)  
    g_row[12].g_col[0].u_pe  pe_384                                                                                2362    196.772     0.000      196.772 <none> (D)  
      u_mac                  bf16_mac_unit_384                                                                     2219    165.833     0.000      165.833 <none> (D)  
        u_add                bf16_fp32_add_384                                                                     1657    120.416     0.000      120.416 <none> (D)  
        u_mul                bf16_mul_384                                                                           558     45.125     0.000       45.125 <none> (D)  
    g_row[12].g_col[10].u_pe pe_394                                                                                2298    194.687     0.000      194.687 <none> (D)  
      u_mac                  bf16_mac_unit_394                                                                     2162    164.258     0.000      164.258 <none> (D)  
        u_add                bf16_fp32_add_394                                                                     1643    120.883     0.000      120.883 <none> (D)  
        u_mul                bf16_mul_394                                                                           518     43.303     0.000       43.303 <none> (D)  
    g_row[12].g_col[11].u_pe pe_395                                                                                2206    188.053     0.000      188.053 <none> (D)  
      u_mac                  bf16_mac_unit_395                                                                     2076    158.047     0.000      158.047 <none> (D)  
        u_add                bf16_fp32_add_395                                                                     1578    117.325     0.000      117.325 <none> (D)  
        u_mul                bf16_mul_395                                                                           497     40.664     0.000       40.664 <none> (D)  
    g_row[12].g_col[12].u_pe pe_396                                                                                2186    187.543     0.000      187.543 <none> (D)  
      u_mac                  bf16_mac_unit_396                                                                     2049    157.041     0.000      157.041 <none> (D)  
        u_add                bf16_fp32_add_396                                                                     1542    115.269     0.000      115.269 <none> (D)  
        u_mul                bf16_mul_396                                                                           502     41.407     0.000       41.407 <none> (D)  
    g_row[12].g_col[13].u_pe pe_397                                                                                2115    184.072     0.000      184.072 <none> (D)  
      u_mac                  bf16_mac_unit_397                                                                     1979    153.629     0.000      153.629 <none> (D)  
        u_add                bf16_fp32_add_397                                                                     1489    112.674     0.000      112.674 <none> (D)  
        u_mul                bf16_mul_397                                                                           489     40.882     0.000       40.882 <none> (D)  
    g_row[12].g_col[14].u_pe pe_398                                                                                2240    190.808     0.000      190.808 <none> (D)  
      u_mac                  bf16_mac_unit_398                                                                     2110    160.788     0.000      160.788 <none> (D)  
        u_add                bf16_fp32_add_398                                                                     1571    116.844     0.000      116.844 <none> (D)  
        u_mul                bf16_mul_398                                                                           533     43.507     0.000       43.507 <none> (D)  
    g_row[12].g_col[15].u_pe pe_399                                                                                2275    193.812     0.000      193.812 <none> (D)  
      u_mac                  bf16_mac_unit_399                                                                     2130    162.727     0.000      162.727 <none> (D)  
        u_add                bf16_fp32_add_399                                                                     1609    119.483     0.000      119.483 <none> (D)  
        u_mul                bf16_mul_399                                                                           519     43.113     0.000       43.113 <none> (D)  
    g_row[12].g_col[16].u_pe pe_400                                                                                2251    191.508     0.000      191.508 <none> (D)  
      u_mac                  bf16_mac_unit_400                                                                     2117    161.226     0.000      161.226 <none> (D)  
        u_add                bf16_fp32_add_400                                                                     1592    117.836     0.000      117.836 <none> (D)  
        u_mul                bf16_mul_400                                                                           520     43.026     0.000       43.026 <none> (D)  
    g_row[12].g_col[17].u_pe pe_401                                                                                2140    186.478     0.000      186.478 <none> (D)  
      u_mac                  bf16_mac_unit_401                                                                     2001    155.831     0.000      155.831 <none> (D)  
        u_add                bf16_fp32_add_401                                                                     1499    113.578     0.000      113.578 <none> (D)  
        u_mul                bf16_mul_401                                                                           501     42.180     0.000       42.180 <none> (D)  
    g_row[12].g_col[18].u_pe pe_402                                                                                2135    186.114     0.000      186.114 <none> (D)  
      u_mac                  bf16_mac_unit_402                                                                     2005    156.123     0.000      156.123 <none> (D)  
        u_add                bf16_fp32_add_402                                                                     1513    114.088     0.000      114.088 <none> (D)  
        u_mul                bf16_mul_402                                                                           491     41.961     0.000       41.961 <none> (D)  
    g_row[12].g_col[19].u_pe pe_403                                                                                2306    192.981     0.000      192.981 <none> (D)  
      u_mac                  bf16_mac_unit_403                                                                     2173    162.742     0.000      162.742 <none> (D)  
        u_add                bf16_fp32_add_403                                                                     1621    118.404     0.000      118.404 <none> (D)  
        u_mul                bf16_mul_403                                                                           548     44.046     0.000       44.046 <none> (D)  
    g_row[12].g_col[1].u_pe  pe_385                                                                                2272    193.141     0.000      193.141 <none> (D)  
      u_mac                  bf16_mac_unit_385                                                                     2129    162.202     0.000      162.202 <none> (D)  
        u_add                bf16_fp32_add_385                                                                     1613    119.556     0.000      119.556 <none> (D)  
        u_mul                bf16_mul_385                                                                           515     42.574     0.000       42.574 <none> (D)  
    g_row[12].g_col[20].u_pe pe_404                                                                                2260    192.660     0.000      192.660 <none> (D)  
      u_mac                  bf16_mac_unit_404                                                                     2114    161.503     0.000      161.503 <none> (D)  
        u_add                bf16_fp32_add_404                                                                     1589    117.763     0.000      117.763 <none> (D)  
        u_mul                bf16_mul_404                                                                           519     43.303     0.000       43.303 <none> (D)  
    g_row[12].g_col[21].u_pe pe_405                                                                                2168    185.808     0.000      185.808 <none> (D)  
      u_mac                  bf16_mac_unit_405                                                                     2039    155.860     0.000      155.860 <none> (D)  
        u_add                bf16_fp32_add_405                                                                     1498    112.237     0.000      112.237 <none> (D)  
        u_mul                bf16_mul_405                                                                           536     43.273     0.000       43.273 <none> (D)  
    g_row[12].g_col[22].u_pe pe_406                                                                                2261    192.296     0.000      192.296 <none> (D)  
      u_mac                  bf16_mac_unit_406                                                                     2121    161.561     0.000      161.561 <none> (D)  
        u_add                bf16_fp32_add_406                                                                     1612    118.885     0.000      118.885 <none> (D)  
        u_mul                bf16_mul_406                                                                           507     42.544     0.000       42.544 <none> (D)  
    g_row[12].g_col[23].u_pe pe_407                                                                                2242    190.940     0.000      190.940 <none> (D)  
      u_mac                  bf16_mac_unit_407                                                                     2111    160.861     0.000      160.861 <none> (D)  
        u_add                bf16_fp32_add_407                                                                     1548    116.494     0.000      116.494 <none> (D)  
        u_mul                bf16_mul_407                                                                           563     44.367     0.000       44.367 <none> (D)  
    g_row[12].g_col[24].u_pe pe_408                                                                                2191    189.773     0.000      189.773 <none> (D)  
      u_mac                  bf16_mac_unit_408                                                                     2057    159.476     0.000      159.476 <none> (D)  
        u_add                bf16_fp32_add_408                                                                     1509    113.316     0.000      113.316 <none> (D)  
        u_mul                bf16_mul_408                                                                           542     45.723     0.000       45.723 <none> (D)  
    g_row[12].g_col[25].u_pe pe_409                                                                                2319    194.191     0.000      194.191 <none> (D)  
      u_mac                  bf16_mac_unit_409                                                                     2189    164.185     0.000      164.185 <none> (D)  
        u_add                bf16_fp32_add_409                                                                     1637    119.993     0.000      119.993 <none> (D)  
        u_mul                bf16_mul_409                                                                           552     44.192     0.000       44.192 <none> (D)  
    g_row[12].g_col[26].u_pe pe_410                                                                                2274    193.302     0.000      193.302 <none> (D)  
      u_mac                  bf16_mac_unit_410                                                                     2141    163.077     0.000      163.077 <none> (D)  
        u_add                bf16_fp32_add_410                                                                     1566    116.990     0.000      116.990 <none> (D)  
        u_mul                bf16_mul_410                                                                           575     46.087     0.000       46.087 <none> (D)  
    g_row[12].g_col[27].u_pe pe_411                                                                                2175    187.645     0.000      187.645 <none> (D)  
      u_mac                  bf16_mac_unit_411                                                                     2039    157.216     0.000      157.216 <none> (D)  
        u_add                bf16_fp32_add_411                                                                     1541    115.444     0.000      115.444 <none> (D)  
        u_mul                bf16_mul_411                                                                           497     41.699     0.000       41.699 <none> (D)  
    g_row[12].g_col[28].u_pe pe_412                                                                                2223    190.969     0.000      190.969 <none> (D)  
      u_mac                  bf16_mac_unit_412                                                                     2078    159.884     0.000      159.884 <none> (D)  
        u_add                bf16_fp32_add_412                                                                     1541    115.998     0.000      115.998 <none> (D)  
        u_mul                bf16_mul_412                                                                           536     43.827     0.000       43.827 <none> (D)  
    g_row[12].g_col[29].u_pe pe_413                                                                                2241    191.013     0.000      191.013 <none> (D)  
      u_mac                  bf16_mac_unit_413                                                                     2106    160.657     0.000      160.657 <none> (D)  
        u_add                bf16_fp32_add_413                                                                     1591    117.952     0.000      117.952 <none> (D)  
        u_mul                bf16_mul_413                                                                           514     42.632     0.000       42.632 <none> (D)  
    g_row[12].g_col[2].u_pe  pe_386                                                                                2158    185.662     0.000      185.662 <none> (D)  
      u_mac                  bf16_mac_unit_386                                                                     2026    155.510     0.000      155.510 <none> (D)  
        u_add                bf16_fp32_add_386                                                                     1519    114.555     0.000      114.555 <none> (D)  
        u_mul                bf16_mul_386                                                                           507     40.955     0.000       40.955 <none> (D)  
    g_row[12].g_col[30].u_pe pe_414                                                                                2209    187.091     0.000      187.091 <none> (D)  
      u_mac                  bf16_mac_unit_414                                                                     2080    157.143     0.000      157.143 <none> (D)  
        u_add                bf16_fp32_add_414                                                                     1545    114.132     0.000      114.132 <none> (D)  
        u_mul                bf16_mul_414                                                                           532     42.792     0.000       42.792 <none> (D)  
    g_row[12].g_col[31].u_pe pe_415                                                                                2310    194.381     0.000      194.381 <none> (D)  
      u_mac                  bf16_mac_unit_415                                                                     2179    164.331     0.000      164.331 <none> (D)  
        u_add                bf16_fp32_add_415                                                                     1596    118.506     0.000      118.506 <none> (D)  
        u_mul                bf16_mul_415                                                                           583     45.825     0.000       45.825 <none> (D)  
    g_row[12].g_col[3].u_pe  pe_387                                                                                2236    190.881     0.000      190.881 <none> (D)  
      u_mac                  bf16_mac_unit_387                                                                     2098    160.307     0.000      160.307 <none> (D)  
        u_add                bf16_fp32_add_387                                                                     1574    117.602     0.000      117.602 <none> (D)  
        u_mul                bf16_mul_387                                                                           523     42.632     0.000       42.632 <none> (D)  
    g_row[12].g_col[4].u_pe  pe_388                                                                                2240    190.517     0.000      190.517 <none> (D)  
      u_mac                  bf16_mac_unit_388                                                                     2100    159.797     0.000      159.797 <none> (D)  
        u_add                bf16_fp32_add_388                                                                     1582    117.179     0.000      117.179 <none> (D)  
        u_mul                bf16_mul_388                                                                           514     42.326     0.000       42.326 <none> (D)  
    g_row[12].g_col[5].u_pe  pe_389                                                                                2255    191.348     0.000      191.348 <none> (D)  
      u_mac                  bf16_mac_unit_389                                                                     2123    161.182     0.000      161.182 <none> (D)  
        u_add                bf16_fp32_add_389                                                                     1589    116.290     0.000      116.290 <none> (D)  
        u_mul                bf16_mul_389                                                                           528     44.454     0.000       44.454 <none> (D)  
    g_row[12].g_col[6].u_pe  pe_390                                                                                2224    189.657     0.000      189.657 <none> (D)  
      u_mac                  bf16_mac_unit_390                                                                     2089    159.286     0.000      159.286 <none> (D)  
        u_add                bf16_fp32_add_390                                                                     1592    117.734     0.000      117.734 <none> (D)  
        u_mul                bf16_mul_390                                                                           494     41.349     0.000       41.349 <none> (D)  
    g_row[12].g_col[7].u_pe  pe_391                                                                                2211    189.905     0.000      189.905 <none> (D)  
      u_mac                  bf16_mac_unit_391                                                                     2079    159.782     0.000      159.782 <none> (D)  
        u_add                bf16_fp32_add_391                                                                     1541    115.649     0.000      115.649 <none> (D)  
        u_mul                bf16_mul_391                                                                           537     44.061     0.000       44.061 <none> (D)  
    g_row[12].g_col[8].u_pe  pe_392                                                                                2273    192.718     0.000      192.718 <none> (D)  
      u_mac                  bf16_mac_unit_392                                                                     2135    162.130     0.000      162.130 <none> (D)  
        u_add                bf16_fp32_add_392                                                                     1593    116.844     0.000      116.844 <none> (D)  
        u_mul                bf16_mul_392                                                                           536     44.848     0.000       44.848 <none> (D)  
    g_row[12].g_col[9].u_pe  pe_393                                                                                2254    194.118     0.000      194.118 <none> (D)  
      u_mac                  bf16_mac_unit_393                                                                     2124    164.112     0.000      164.112 <none> (D)  
        u_add                bf16_fp32_add_393                                                                     1605    120.591     0.000      120.591 <none> (D)  
        u_mul                bf16_mul_393                                                                           519     43.521     0.000       43.521 <none> (D)  
    g_row[13].g_col[0].u_pe  pe_416                                                                                2367    197.953     0.000      197.953 <none> (D)  
      u_mac                  bf16_mac_unit_416                                                                     2233    167.670     0.000      167.670 <none> (D)  
        u_add                bf16_fp32_add_416                                                                     1655    121.495     0.000      121.495 <none> (D)  
        u_mul                bf16_mul_416                                                                           574     45.883     0.000       45.883 <none> (D)  
    g_row[13].g_col[10].u_pe pe_426                                                                                2236    191.202     0.000      191.202 <none> (D)  
      u_mac                  bf16_mac_unit_426                                                                     2097    160.555     0.000      160.555 <none> (D)  
        u_add                bf16_fp32_add_426                                                                     1564    117.456     0.000      117.456 <none> (D)  
        u_mul                bf16_mul_426                                                                           533     43.098     0.000       43.098 <none> (D)  
    g_row[13].g_col[11].u_pe pe_427                                                                                2219    189.001     0.000      189.001 <none> (D)  
      u_mac                  bf16_mac_unit_427                                                                     2075    157.989     0.000      157.989 <none> (D)  
        u_add                bf16_fp32_add_427                                                                     1592    117.267     0.000      117.267 <none> (D)  
        u_mul                bf16_mul_427                                                                           483     40.722     0.000       40.722 <none> (D)  
    g_row[13].g_col[12].u_pe pe_428                                                                                2187    188.621     0.000      188.621 <none> (D)  
      u_mac                  bf16_mac_unit_428                                                                     2052    158.266     0.000      158.266 <none> (D)  
        u_add                bf16_fp32_add_428                                                                     1524    114.336     0.000      114.336 <none> (D)  
        u_mul                bf16_mul_428                                                                           523     43.565     0.000       43.565 <none> (D)  
    g_row[13].g_col[13].u_pe pe_429                                                                                2150    185.997     0.000      185.997 <none> (D)  
      u_mac                  bf16_mac_unit_429                                                                     2013    155.481     0.000      155.481 <none> (D)  
        u_add                bf16_fp32_add_429                                                                     1525    114.803     0.000      114.803 <none> (D)  
        u_mul                bf16_mul_429                                                                           485     40.474     0.000       40.474 <none> (D)  
    g_row[13].g_col[14].u_pe pe_430                                                                                2297    192.310     0.000      192.310 <none> (D)  
      u_mac                  bf16_mac_unit_430                                                                     2167    162.290     0.000      162.290 <none> (D)  
        u_add                bf16_fp32_add_430                                                                     1616    117.427     0.000      117.427 <none> (D)  
        u_mul                bf16_mul_430                                                                           546     44.498     0.000       44.498 <none> (D)  
    g_row[13].g_col[15].u_pe pe_431                                                                                2233    192.456     0.000      192.456 <none> (D)  
      u_mac                  bf16_mac_unit_431                                                                     2091    161.590     0.000      161.590 <none> (D)  
        u_add                bf16_fp32_add_431                                                                     1557    117.617     0.000      117.617 <none> (D)  
        u_mul                bf16_mul_431                                                                           533     43.915     0.000       43.915 <none> (D)  
    g_row[13].g_col[16].u_pe pe_432                                                                                2227    189.715     0.000      189.715 <none> (D)  
      u_mac                  bf16_mac_unit_432                                                                     2086    158.922     0.000      158.922 <none> (D)  
        u_add                bf16_fp32_add_432                                                                     1572    116.217     0.000      116.217 <none> (D)  
        u_mul                bf16_mul_432                                                                           509     42.340     0.000       42.340 <none> (D)  
    g_row[13].g_col[17].u_pe pe_433                                                                                2228    191.712     0.000      191.712 <none> (D)  
      u_mac                  bf16_mac_unit_433                                                                     2095    161.503     0.000      161.503 <none> (D)  
        u_add                bf16_fp32_add_433                                                                     1557    117.077     0.000      117.077 <none> (D)  
        u_mul                bf16_mul_433                                                                           538     44.425     0.000       44.425 <none> (D)  
    g_row[13].g_col[18].u_pe pe_434                                                                                2177    188.097     0.000      188.097 <none> (D)  
      u_mac                  bf16_mac_unit_434                                                                     2031    156.939     0.000      156.939 <none> (D)  
        u_add                bf16_fp32_add_434                                                                     1545    115.328     0.000      115.328 <none> (D)  
        u_mul                bf16_mul_434                                                                           483     41.393     0.000       41.393 <none> (D)  
    g_row[13].g_col[19].u_pe pe_435                                                                                2275    191.421     0.000      191.421 <none> (D)  
      u_mac                  bf16_mac_unit_435                                                                     2145    161.430     0.000      161.430 <none> (D)  
        u_add                bf16_fp32_add_435                                                                     1584    116.830     0.000      116.830 <none> (D)  
        u_mul                bf16_mul_435                                                                           555     44.163     0.000       44.163 <none> (D)  
    g_row[13].g_col[1].u_pe  pe_417                                                                                2184    188.505     0.000      188.505 <none> (D)  
      u_mac                  bf16_mac_unit_417                                                                     2054    158.514     0.000      158.514 <none> (D)  
        u_add                bf16_fp32_add_417                                                                     1559    116.625     0.000      116.625 <none> (D)  
        u_mul                bf16_mul_417                                                                           491     41.597     0.000       41.597 <none> (D)  
    g_row[13].g_col[20].u_pe pe_436                                                                                2281    193.856     0.000      193.856 <none> (D)  
      u_mac                  bf16_mac_unit_436                                                                     2146    163.500     0.000      163.500 <none> (D)  
        u_add                bf16_fp32_add_436                                                                     1616    119.308     0.000      119.308 <none> (D)  
        u_mul                bf16_mul_436                                                                           527     43.973     0.000       43.973 <none> (D)  
    g_row[13].g_col[21].u_pe pe_437                                                                                2183    186.814     0.000      186.814 <none> (D)  
      u_mac                  bf16_mac_unit_437                                                                     2054    156.881     0.000      156.881 <none> (D)  
        u_add                bf16_fp32_add_437                                                                     1508    113.272     0.000      113.272 <none> (D)  
        u_mul                bf16_mul_437                                                                           541     43.244     0.000       43.244 <none> (D)  
    g_row[13].g_col[22].u_pe pe_438                                                                                2225    191.129     0.000      191.129 <none> (D)  
      u_mac                  bf16_mac_unit_438                                                                     2086    160.482     0.000      160.482 <none> (D)  
        u_add                bf16_fp32_add_438                                                                     1561    117.471     0.000      117.471 <none> (D)  
        u_mul                bf16_mul_438                                                                           524     42.953     0.000       42.953 <none> (D)  
    g_row[13].g_col[23].u_pe pe_439                                                                                2357    194.716     0.000      194.716 <none> (D)  
      u_mac                  bf16_mac_unit_439                                                                     2227    164.739     0.000      164.739 <none> (D)  
        u_add                bf16_fp32_add_439                                                                     1616    118.681     0.000      118.681 <none> (D)  
        u_mul                bf16_mul_439                                                                           611     46.058     0.000       46.058 <none> (D)  
    g_row[13].g_col[24].u_pe pe_440                                                                                2221    189.802     0.000      189.802 <none> (D)  
      u_mac                  bf16_mac_unit_440                                                                     2084    159.301     0.000      159.301 <none> (D)  
        u_add                bf16_fp32_add_440                                                                     1567    115.080     0.000      115.080 <none> (D)  
        u_mul                bf16_mul_440                                                                           511     43.798     0.000       43.798 <none> (D)  
    g_row[13].g_col[25].u_pe pe_441                                                                                2295    194.483     0.000      194.483 <none> (D)  
      u_mac                  bf16_mac_unit_441                                                                     2157    163.908     0.000      163.908 <none> (D)  
        u_add                bf16_fp32_add_441                                                                     1584    118.842     0.000      118.842 <none> (D)  
        u_mul                bf16_mul_441                                                                           572     45.008     0.000       45.008 <none> (D)  
    g_row[13].g_col[26].u_pe pe_442                                                                                2359    196.465     0.000      196.465 <none> (D)  
      u_mac                  bf16_mac_unit_442                                                                     2228    166.387     0.000      166.387 <none> (D)  
        u_add                bf16_fp32_add_442                                                                     1650    120.708     0.000      120.708 <none> (D)  
        u_mul                bf16_mul_442                                                                           576     45.562     0.000       45.562 <none> (D)  
    g_row[13].g_col[27].u_pe pe_443                                                                                2185    188.549     0.000      188.549 <none> (D)  
      u_mac                  bf16_mac_unit_443                                                                     2049    158.120     0.000      158.120 <none> (D)  
        u_add                bf16_fp32_add_443                                                                     1519    114.803     0.000      114.803 <none> (D)  
        u_mul                bf16_mul_443                                                                           529     43.259     0.000       43.259 <none> (D)  
    g_row[13].g_col[28].u_pe pe_444                                                                                2210    188.986     0.000      188.986 <none> (D)  
      u_mac                  bf16_mac_unit_444                                                                     2074    158.543     0.000      158.543 <none> (D)  
        u_add                bf16_fp32_add_444                                                                     1560    116.582     0.000      116.582 <none> (D)  
        u_mul                bf16_mul_444                                                                           514     41.961     0.000       41.961 <none> (D)  
    g_row[13].g_col[29].u_pe pe_445                                                                                2252    192.864     0.000      192.864 <none> (D)  
      u_mac                  bf16_mac_unit_445                                                                     2121    162.800     0.000      162.800 <none> (D)  
        u_add                bf16_fp32_add_445                                                                     1587    119.133     0.000      119.133 <none> (D)  
        u_mul                bf16_mul_445                                                                           533     43.594     0.000       43.594 <none> (D)  
    g_row[13].g_col[2].u_pe  pe_418                                                                                2208    188.169     0.000      188.169 <none> (D)  
      u_mac                  bf16_mac_unit_418                                                                     2078    158.149     0.000      158.149 <none> (D)  
        u_add                bf16_fp32_add_418                                                                     1539    115.444     0.000      115.444 <none> (D)  
        u_mul                bf16_mul_418                                                                           539     42.705     0.000       42.705 <none> (D)  
    g_row[13].g_col[30].u_pe pe_446                                                                                2194    186.828     0.000      186.828 <none> (D)  
      u_mac                  bf16_mac_unit_446                                                                     2065    156.881     0.000      156.881 <none> (D)  
        u_add                bf16_fp32_add_446                                                                     1521    113.593     0.000      113.593 <none> (D)  
        u_mul                bf16_mul_446                                                                           541     43.069     0.000       43.069 <none> (D)  
    g_row[13].g_col[31].u_pe pe_447                                                                                2265    191.494     0.000      191.494 <none> (D)  
      u_mac                  bf16_mac_unit_447                                                                     2115    160.059     0.000      160.059 <none> (D)  
        u_add                bf16_fp32_add_447                                                                     1548    114.788     0.000      114.788 <none> (D)  
        u_mul                bf16_mul_447                                                                           567     45.271     0.000       45.271 <none> (D)  
    g_row[13].g_col[3].u_pe  pe_419                                                                                2206    190.794     0.000      190.794 <none> (D)  
      u_mac                  bf16_mac_unit_419                                                                     2066    160.074     0.000      160.074 <none> (D)  
        u_add                bf16_fp32_add_419                                                                     1561    117.252     0.000      117.252 <none> (D)  
        u_mul                bf16_mul_419                                                                           503     42.690     0.000       42.690 <none> (D)  
    g_row[13].g_col[4].u_pe  pe_420                                                                                2265    192.718     0.000      192.718 <none> (D)  
      u_mac                  bf16_mac_unit_420                                                                     2124    161.925     0.000      161.925 <none> (D)  
        u_add                bf16_fp32_add_420                                                                     1619    119.469     0.000      119.469 <none> (D)  
        u_mul                bf16_mul_420                                                                           502     42.238     0.000       42.238 <none> (D)  
    g_row[13].g_col[5].u_pe  pe_421                                                                                2244    190.007     0.000      190.007 <none> (D)  
      u_mac                  bf16_mac_unit_421                                                                     2112    159.841     0.000      159.841 <none> (D)  
        u_add                bf16_fp32_add_421                                                                     1585    115.546     0.000      115.546 <none> (D)  
        u_mul                bf16_mul_421                                                                           523     44.002     0.000       44.002 <none> (D)  
    g_row[13].g_col[6].u_pe  pe_422                                                                                2154    186.055     0.000      186.055 <none> (D)  
      u_mac                  bf16_mac_unit_422                                                                     2018    155.612     0.000      155.612 <none> (D)  
        u_add                bf16_fp32_add_422                                                                     1513    113.914     0.000      113.914 <none> (D)  
        u_mul                bf16_mul_422                                                                           503     41.553     0.000       41.553 <none> (D)  
    g_row[13].g_col[7].u_pe  pe_423                                                                                2234    191.027     0.000      191.027 <none> (D)  
      u_mac                  bf16_mac_unit_423                                                                     2104    161.036     0.000      161.036 <none> (D)  
        u_add                bf16_fp32_add_423                                                                     1561    116.888     0.000      116.888 <none> (D)  
        u_mul                bf16_mul_423                                                                           543     44.148     0.000       44.148 <none> (D)  
    g_row[13].g_col[8].u_pe  pe_424                                                                                2285    192.587     0.000      192.587 <none> (D)  
      u_mac                  bf16_mac_unit_424                                                                     2146    161.940     0.000      161.940 <none> (D)  
        u_add                bf16_fp32_add_424                                                                     1607    117.267     0.000      117.267 <none> (D)  
        u_mul                bf16_mul_424                                                                           535     44.382     0.000       44.382 <none> (D)  
    g_row[13].g_col[9].u_pe  pe_425                                                                                2257    192.995     0.000      192.995 <none> (D)  
      u_mac                  bf16_mac_unit_425                                                                     2128    163.048     0.000      163.048 <none> (D)  
        u_add                bf16_fp32_add_425                                                                     1606    119.483     0.000      119.483 <none> (D)  
        u_mul                bf16_mul_425                                                                           522     43.565     0.000       43.565 <none> (D)  
    g_row[14].g_col[0].u_pe  pe_448                                                                                2320    195.882     0.000      195.882 <none> (D)  
      u_mac                  bf16_mac_unit_448                                                                     2185    165.527     0.000      165.527 <none> (D)  
        u_add                bf16_fp32_add_448                                                                     1624    119.906     0.000      119.906 <none> (D)  
        u_mul                bf16_mul_448                                                                           556     45.256     0.000       45.256 <none> (D)  
    g_row[14].g_col[10].u_pe pe_458                                                                                2240    193.375     0.000      193.375 <none> (D)  
      u_mac                  bf16_mac_unit_458                                                                     2098    162.509     0.000      162.509 <none> (D)  
        u_add                bf16_fp32_add_458                                                                     1568    119.017     0.000      119.017 <none> (D)  
        u_mul                bf16_mul_458                                                                           530     43.492     0.000       43.492 <none> (D)  
    g_row[14].g_col[11].u_pe pe_459                                                                                2222    190.896     0.000      190.896 <none> (D)  
      u_mac                  bf16_mac_unit_459                                                                     2093    160.949     0.000      160.949 <none> (D)  
        u_add                bf16_fp32_add_459                                                                     1569    116.830     0.000      116.830 <none> (D)  
        u_mul                bf16_mul_459                                                                           522     44.002     0.000       44.002 <none> (D)  
    g_row[14].g_col[12].u_pe pe_460                                                                                2202    190.561     0.000      190.561 <none> (D)  
      u_mac                  bf16_mac_unit_460                                                                     2070    160.424     0.000      160.424 <none> (D)  
        u_add                bf16_fp32_add_460                                                                     1552    116.407     0.000      116.407 <none> (D)  
        u_mul                bf16_mul_460                                                                           511     43.521     0.000       43.521 <none> (D)  
    g_row[14].g_col[13].u_pe pe_461                                                                                2162    187.324     0.000      187.324 <none> (D)  
      u_mac                  bf16_mac_unit_461                                                                     2014    156.006     0.000      156.006 <none> (D)  
        u_add                bf16_fp32_add_461                                                                     1526    114.963     0.000      114.963 <none> (D)  
        u_mul                bf16_mul_461                                                                           486     40.897     0.000       40.897 <none> (D)  
    g_row[14].g_col[14].u_pe pe_462                                                                                2238    189.846     0.000      189.846 <none> (D)  
      u_mac                  bf16_mac_unit_462                                                                     2105    159.622     0.000      159.622 <none> (D)  
        u_add                bf16_fp32_add_462                                                                     1571    115.911     0.000      115.911 <none> (D)  
        u_mul                bf16_mul_462                                                                           530     43.419     0.000       43.419 <none> (D)  
    g_row[14].g_col[15].u_pe pe_463                                                                                2228    192.091     0.000      192.091 <none> (D)  
      u_mac                  bf16_mac_unit_463                                                                     2086    161.226     0.000      161.226 <none> (D)  
        u_add                bf16_fp32_add_463                                                                     1569    118.667     0.000      118.667 <none> (D)  
        u_mul                bf16_mul_463                                                                           517     42.559     0.000       42.559 <none> (D)  
    g_row[14].g_col[16].u_pe pe_464                                                                                2207    189.350     0.000      189.350 <none> (D)  
      u_mac                  bf16_mac_unit_464                                                                     2071    158.922     0.000      158.922 <none> (D)  
        u_add                bf16_fp32_add_464                                                                     1582    117.296     0.000      117.296 <none> (D)  
        u_mul                bf16_mul_464                                                                           485     41.334     0.000       41.334 <none> (D)  
    g_row[14].g_col[17].u_pe pe_465                                                                                2198    189.423     0.000      189.423 <none> (D)  
      u_mac                  bf16_mac_unit_465                                                                     2057    158.630     0.000      158.630 <none> (D)  
        u_add                bf16_fp32_add_465                                                                     1547    115.998     0.000      115.998 <none> (D)  
        u_mul                bf16_mul_465                                                                           509     42.574     0.000       42.574 <none> (D)  
    g_row[14].g_col[18].u_pe pe_466                                                                                2156    188.184     0.000      188.184 <none> (D)  
      u_mac                  bf16_mac_unit_466                                                                     2016    157.464     0.000      157.464 <none> (D)  
        u_add                bf16_fp32_add_466                                                                     1524    116.232     0.000      116.232 <none> (D)  
        u_mul                bf16_mul_466                                                                           491     41.159     0.000       41.159 <none> (D)  
    g_row[14].g_col[19].u_pe pe_467                                                                                2269    191.887     0.000      191.887 <none> (D)  
      u_mac                  bf16_mac_unit_467                                                                     2123    160.730     0.000      160.730 <none> (D)  
        u_add                bf16_fp32_add_467                                                                     1580    116.596     0.000      116.596 <none> (D)  
        u_mul                bf16_mul_467                                                                           537     43.696     0.000       43.696 <none> (D)  
    g_row[14].g_col[1].u_pe  pe_449                                                                                2218    189.584     0.000      189.584 <none> (D)  
      u_mac                  bf16_mac_unit_449                                                                     2075    158.645     0.000      158.645 <none> (D)  
        u_add                bf16_fp32_add_449                                                                     1589    117.777     0.000      117.777 <none> (D)  
        u_mul                bf16_mul_449                                                                           482     40.576     0.000       40.576 <none> (D)  
    g_row[14].g_col[20].u_pe pe_468                                                                                2199    188.869     0.000      188.869 <none> (D)  
      u_mac                  bf16_mac_unit_468                                                                     2065    158.587     0.000      158.587 <none> (D)  
        u_add                bf16_fp32_add_468                                                                     1552    115.576     0.000      115.576 <none> (D)  
        u_mul                bf16_mul_468                                                                           509     42.719     0.000       42.719 <none> (D)  
    g_row[14].g_col[21].u_pe pe_469                                                                                2174    185.224     0.000      185.224 <none> (D)  
      u_mac                  bf16_mac_unit_469                                                                     2044    155.219     0.000      155.219 <none> (D)  
        u_add                bf16_fp32_add_469                                                                     1513    112.208     0.000      112.208 <none> (D)  
        u_mul                bf16_mul_469                                                                           526     42.647     0.000       42.647 <none> (D)  
    g_row[14].g_col[22].u_pe pe_470                                                                                2275    194.118     0.000      194.118 <none> (D)  
      u_mac                  bf16_mac_unit_470                                                                     2136    163.471     0.000      163.471 <none> (D)  
        u_add                bf16_fp32_add_470                                                                     1604    119.687     0.000      119.687 <none> (D)  
        u_mul                bf16_mul_470                                                                           532     43.784     0.000       43.784 <none> (D)  
    g_row[14].g_col[23].u_pe pe_471                                                                                2221    190.327     0.000      190.327 <none> (D)  
      u_mac                  bf16_mac_unit_471                                                                     2090    160.278     0.000      160.278 <none> (D)  
        u_add                bf16_fp32_add_471                                                                     1524    116.246     0.000      116.246 <none> (D)  
        u_mul                bf16_mul_471                                                                           566     44.032     0.000       44.032 <none> (D)  
    g_row[14].g_col[24].u_pe pe_472                                                                                2150    186.230     0.000      186.230 <none> (D)  
      u_mac                  bf16_mac_unit_472                                                                     2016    155.948     0.000      155.948 <none> (D)  
        u_add                bf16_fp32_add_472                                                                     1529    113.622     0.000      113.622 <none> (D)  
        u_mul                bf16_mul_472                                                                           486     42.253     0.000       42.253 <none> (D)  
    g_row[14].g_col[25].u_pe pe_473                                                                                2223    190.444     0.000      190.444 <none> (D)  
      u_mac                  bf16_mac_unit_473                                                                     2091    160.307     0.000      160.307 <none> (D)  
        u_add                bf16_fp32_add_473                                                                     1526    115.896     0.000      115.896 <none> (D)  
        u_mul                bf16_mul_473                                                                           565     44.411     0.000       44.411 <none> (D)  
    g_row[14].g_col[26].u_pe pe_474                                                                                2257    191.188     0.000      191.188 <none> (D)  
      u_mac                  bf16_mac_unit_474                                                                     2126    161.109     0.000      161.109 <none> (D)  
        u_add                bf16_fp32_add_474                                                                     1536    116.246     0.000      116.246 <none> (D)  
        u_mul                bf16_mul_474                                                                           590     44.863     0.000       44.863 <none> (D)  
    g_row[14].g_col[27].u_pe pe_475                                                                                2213    189.175     0.000      189.175 <none> (D)  
      u_mac                  bf16_mac_unit_475                                                                     2074    158.528     0.000      158.528 <none> (D)  
        u_add                bf16_fp32_add_475                                                                     1553    115.488     0.000      115.488 <none> (D)  
        u_mul                bf16_mul_475                                                                           521     43.040     0.000       43.040 <none> (D)  
    g_row[14].g_col[28].u_pe pe_476                                                                                2166    187.411     0.000      187.411 <none> (D)  
      u_mac                  bf16_mac_unit_476                                                                     2034    157.245     0.000      157.245 <none> (D)  
        u_add                bf16_fp32_add_476                                                                     1546    116.407     0.000      116.407 <none> (D)  
        u_mul                bf16_mul_476                                                                           488     40.839     0.000       40.839 <none> (D)  
    g_row[14].g_col[29].u_pe pe_477                                                                                2271    193.025     0.000      193.025 <none> (D)  
      u_mac                  bf16_mac_unit_477                                                                     2141    163.034     0.000      163.034 <none> (D)  
        u_add                bf16_fp32_add_477                                                                     1605    119.250     0.000      119.250 <none> (D)  
        u_mul                bf16_mul_477                                                                           534     43.667     0.000       43.667 <none> (D)  
    g_row[14].g_col[2].u_pe  pe_450                                                                                2240    189.890     0.000      189.890 <none> (D)  
      u_mac                  bf16_mac_unit_450                                                                     2109    159.811     0.000      159.811 <none> (D)  
        u_add                bf16_fp32_add_450                                                                     1612    118.696     0.000      118.696 <none> (D)  
        u_mul                bf16_mul_450                                                                           496     41.057     0.000       41.057 <none> (D)  
    g_row[14].g_col[30].u_pe pe_478                                                                                2201    187.178     0.000      187.178 <none> (D)  
      u_mac                  bf16_mac_unit_478                                                                     2070    157.100     0.000      157.100 <none> (D)  
        u_add                bf16_fp32_add_478                                                                     1526    113.374     0.000      113.374 <none> (D)  
        u_mul                bf16_mul_478                                                                           538     43.303     0.000       43.303 <none> (D)  
    g_row[14].g_col[31].u_pe pe_479                                                                                2282    193.083     0.000      193.083 <none> (D)  
      u_mac                  bf16_mac_unit_479                                                                     2131    161.561     0.000      161.561 <none> (D)  
        u_add                bf16_fp32_add_479                                                                     1559    116.407     0.000      116.407 <none> (D)  
        u_mul                bf16_mul_479                                                                           571     45.096     0.000       45.096 <none> (D)  
    g_row[14].g_col[3].u_pe  pe_451                                                                                2249    193.724     0.000      193.724 <none> (D)  
      u_mac                  bf16_mac_unit_451                                                                     2106    162.786     0.000      162.786 <none> (D)  
        u_add                bf16_fp32_add_451                                                                     1578    119.585     0.000      119.585 <none> (D)  
        u_mul                bf16_mul_451                                                                           528     43.201     0.000       43.201 <none> (D)  
    g_row[14].g_col[4].u_pe  pe_452                                                                                2194    189.409     0.000      189.409 <none> (D)  
      u_mac                  bf16_mac_unit_452                                                                     2057    158.907     0.000      158.907 <none> (D)  
        u_add                bf16_fp32_add_452                                                                     1559    117.194     0.000      117.194 <none> (D)  
        u_mul                bf16_mul_452                                                                           496     41.568     0.000       41.568 <none> (D)  
    g_row[14].g_col[5].u_pe  pe_453                                                                                2189    187.411     0.000      187.411 <none> (D)  
      u_mac                  bf16_mac_unit_453                                                                     2045    156.385     0.000      156.385 <none> (D)  
        u_add                bf16_fp32_add_453                                                                     1525    112.776     0.000      112.776 <none> (D)  
        u_mul                bf16_mul_453                                                                           517     43.390     0.000       43.390 <none> (D)  
    g_row[14].g_col[6].u_pe  pe_454                                                                                2202    189.657     0.000      189.657 <none> (D)  
      u_mac                  bf16_mac_unit_454                                                                     2066    159.199     0.000      159.199 <none> (D)  
        u_add                bf16_fp32_add_454                                                                     1553    117.267     0.000      117.267 <none> (D)  
        u_mul                bf16_mul_454                                                                           511     41.786     0.000       41.786 <none> (D)  
    g_row[14].g_col[7].u_pe  pe_455                                                                                2238    191.552     0.000      191.552 <none> (D)  
      u_mac                  bf16_mac_unit_455                                                                     2105    161.342     0.000      161.342 <none> (D)  
        u_add                bf16_fp32_add_455                                                                     1544    115.546     0.000      115.546 <none> (D)  
        u_mul                bf16_mul_455                                                                           559     45.650     0.000       45.650 <none> (D)  
    g_row[14].g_col[8].u_pe  pe_456                                                                                2218    188.928     0.000      188.928 <none> (D)  
      u_mac                  bf16_mac_unit_456                                                                     2074    157.916     0.000      157.916 <none> (D)  
        u_add                bf16_fp32_add_456                                                                     1546    114.220     0.000      114.220 <none> (D)  
        u_mul                bf16_mul_456                                                                           526     43.550     0.000       43.550 <none> (D)  
    g_row[14].g_col[9].u_pe  pe_457                                                                                2263    194.074     0.000      194.074 <none> (D)  
      u_mac                  bf16_mac_unit_457                                                                     2133    164.054     0.000      164.054 <none> (D)  
        u_add                bf16_fp32_add_457                                                                     1587    118.827     0.000      118.827 <none> (D)  
        u_mul                bf16_mul_457                                                                           546     45.227     0.000       45.227 <none> (D)  
    g_row[15].g_col[0].u_pe  pe_480                                                                                2280    188.549     0.000      188.549 <none> (D)  
      u_mac                  bf16_mac_unit_480                                                                     2175    165.512     0.000      165.512 <none> (D)  
        u_add                bf16_fp32_add_480                                                                     1616    119.789     0.000      119.789 <none> (D)  
        u_mul                bf16_mul_480                                                                           555     45.431     0.000       45.431 <none> (D)  
    g_row[15].g_col[10].u_pe pe_490                                                                                2246    186.886     0.000      186.886 <none> (D)  
      u_mac                  bf16_mac_unit_490                                                                     2143    163.996     0.000      163.996 <none> (D)  
        u_add                bf16_fp32_add_490                                                                     1615    120.708     0.000      120.708 <none> (D)  
        u_mul                bf16_mul_490                                                                           528     43.288     0.000       43.288 <none> (D)  
    g_row[15].g_col[11].u_pe pe_491                                                                                2195    183.562     0.000      183.562 <none> (D)  
      u_mac                  bf16_mac_unit_491                                                                     2093    160.744     0.000      160.744 <none> (D)  
        u_add                bf16_fp32_add_491                                                                     1579    117.413     0.000      117.413 <none> (D)  
        u_mul                bf16_mul_491                                                                           514     43.332     0.000       43.332 <none> (D)  
    g_row[15].g_col[12].u_pe pe_492                                                                                2146    181.084     0.000      181.084 <none> (D)  
      u_mac                  bf16_mac_unit_492                                                                     2045    158.339     0.000      158.339 <none> (D)  
        u_add                bf16_fp32_add_492                                                                     1521    114.234     0.000      114.234 <none> (D)  
        u_mul                bf16_mul_492                                                                           519     43.740     0.000       43.740 <none> (D)  
    g_row[15].g_col[13].u_pe pe_493                                                                                2153    180.238     0.000      180.238 <none> (D)  
      u_mac                  bf16_mac_unit_493                                                                     2040    156.604     0.000      156.604 <none> (D)  
        u_add                bf16_fp32_add_493                                                                     1542    115.940     0.000      115.940 <none> (D)  
        u_mul                bf16_mul_493                                                                           497     40.591     0.000       40.591 <none> (D)  
    g_row[15].g_col[14].u_pe pe_494                                                                                2232    183.052     0.000      183.052 <none> (D)  
      u_mac                  bf16_mac_unit_494                                                                     2133    160.453     0.000      160.453 <none> (D)  
        u_add                bf16_fp32_add_494                                                                     1584    116.305     0.000      116.305 <none> (D)  
        u_mul                bf16_mul_494                                                                           544     43.784     0.000       43.784 <none> (D)  
    g_row[15].g_col[15].u_pe pe_495                                                                                2248    188.009     0.000      188.009 <none> (D)  
      u_mac                  bf16_mac_unit_495                                                                     2133    164.244     0.000      164.244 <none> (D)  
        u_add                bf16_fp32_add_495                                                                     1618    121.072     0.000      121.072 <none> (D)  
        u_mul                bf16_mul_495                                                                           515     43.171     0.000       43.171 <none> (D)  
    g_row[15].g_col[16].u_pe pe_496                                                                                2252    185.764     0.000      185.764 <none> (D)  
      u_mac                  bf16_mac_unit_496                                                                     2140    162.217     0.000      162.217 <none> (D)  
        u_add                bf16_fp32_add_496                                                                     1609    119.396     0.000      119.396 <none> (D)  
        u_mul                bf16_mul_496                                                                           529     42.676     0.000       42.676 <none> (D)  
    g_row[15].g_col[17].u_pe pe_497                                                                                2165    181.827     0.000      181.827 <none> (D)  
      u_mac                  bf16_mac_unit_497                                                                     2063    159.009     0.000      159.009 <none> (D)  
        u_add                bf16_fp32_add_497                                                                     1542    115.838     0.000      115.838 <none> (D)  
        u_mul                bf16_mul_497                                                                           521     43.171     0.000       43.171 <none> (D)  
    g_row[15].g_col[18].u_pe pe_498                                                                                2150    182.133     0.000      182.133 <none> (D)  
      u_mac                  bf16_mac_unit_498                                                                     2039    158.674     0.000      158.674 <none> (D)  
        u_add                bf16_fp32_add_498                                                                     1510    114.890     0.000      114.890 <none> (D)  
        u_mul                bf16_mul_498                                                                           528     43.711     0.000       43.711 <none> (D)  
    g_row[15].g_col[19].u_pe pe_499                                                                                2218    182.833     0.000      182.833 <none> (D)  
      u_mac                  bf16_mac_unit_499                                                                     2117    160.088     0.000      160.088 <none> (D)  
        u_add                bf16_fp32_add_499                                                                     1562    115.532     0.000      115.532 <none> (D)  
        u_mul                bf16_mul_499                                                                           550     44.192     0.000       44.192 <none> (D)  
    g_row[15].g_col[1].u_pe  pe_481                                                                                2160    181.404     0.000      181.404 <none> (D)  
      u_mac                  bf16_mac_unit_481                                                                     2044    157.566     0.000      157.566 <none> (D)  
        u_add                bf16_fp32_add_481                                                                     1541    115.211     0.000      115.211 <none> (D)  
        u_mul                bf16_mul_481                                                                           499     42.063     0.000       42.063 <none> (D)  
    g_row[15].g_col[20].u_pe pe_500                                                                                2181    183.241     0.000      183.241 <none> (D)  
      u_mac                  bf16_mac_unit_500                                                                     2077    160.278     0.000      160.278 <none> (D)  
        u_add                bf16_fp32_add_500                                                                     1552    116.246     0.000      116.246 <none> (D)  
        u_mul                bf16_mul_500                                                                           521     43.740     0.000       43.740 <none> (D)  
    g_row[15].g_col[21].u_pe pe_501                                                                                2138    178.343     0.000      178.343 <none> (D)  
      u_mac                  bf16_mac_unit_501                                                                     2039    155.714     0.000      155.714 <none> (D)  
        u_add                bf16_fp32_add_501                                                                     1514    112.995     0.000      112.995 <none> (D)  
        u_mul                bf16_mul_501                                                                           523     42.574     0.000       42.574 <none> (D)  
    g_row[15].g_col[22].u_pe pe_502                                                                                2192    184.437     0.000      184.437 <none> (D)  
      u_mac                  bf16_mac_unit_502                                                                     2088    161.474     0.000      161.474 <none> (D)  
        u_add                bf16_fp32_add_502                                                                     1581    119.308     0.000      119.308 <none> (D)  
        u_mul                bf16_mul_502                                                                           507     42.165     0.000       42.165 <none> (D)  
    g_row[15].g_col[23].u_pe pe_503                                                                                2221    185.253     0.000      185.253 <none> (D)  
      u_mac                  bf16_mac_unit_503                                                                     2117    162.290     0.000      162.290 <none> (D)  
        u_add                bf16_fp32_add_503                                                                     1544    117.179     0.000      117.179 <none> (D)  
        u_mul                bf16_mul_503                                                                           573     45.111     0.000       45.111 <none> (D)  
    g_row[15].g_col[24].u_pe pe_504                                                                                2184    183.008     0.000      183.008 <none> (D)  
      u_mac                  bf16_mac_unit_504                                                                     2070    159.330     0.000      159.330 <none> (D)  
        u_add                bf16_fp32_add_504                                                                     1549    114.817     0.000      114.817 <none> (D)  
        u_mul                bf16_mul_504                                                                           517     44.221     0.000       44.221 <none> (D)  
    g_row[15].g_col[25].u_pe pe_505                                                                                2186    182.804     0.000      182.804 <none> (D)  
      u_mac                  bf16_mac_unit_505                                                                     2089    160.336     0.000      160.336 <none> (D)  
        u_add                bf16_fp32_add_505                                                                     1504    114.701     0.000      114.701 <none> (D)  
        u_mul                bf16_mul_505                                                                           585     45.635     0.000       45.635 <none> (D)  
    g_row[15].g_col[26].u_pe pe_506                                                                                2205    183.766     0.000      183.766 <none> (D)  
      u_mac                  bf16_mac_unit_506                                                                     2105    161.080     0.000      161.080 <none> (D)  
        u_add                bf16_fp32_add_506                                                                     1529    115.998     0.000      115.998 <none> (D)  
        u_mul                bf16_mul_506                                                                           576     45.081     0.000       45.081 <none> (D)  
    g_row[15].g_col[27].u_pe pe_507                                                                                2137    180.267     0.000      180.267 <none> (D)  
      u_mac                  bf16_mac_unit_507                                                                     2035    157.449     0.000      157.449 <none> (D)  
        u_add                bf16_fp32_add_507                                                                     1523    115.444     0.000      115.444 <none> (D)  
        u_mul                bf16_mul_507                                                                           512     42.005     0.000       42.005 <none> (D)  
    g_row[15].g_col[28].u_pe pe_508                                                                                2230    186.580     0.000      186.580 <none> (D)  
      u_mac                  bf16_mac_unit_508                                                                     2117    162.961     0.000      162.961 <none> (D)  
        u_add                bf16_fp32_add_508                                                                     1595    119.031     0.000      119.031 <none> (D)  
        u_mul                bf16_mul_508                                                                           522     43.930     0.000       43.930 <none> (D)  
    g_row[15].g_col[29].u_pe pe_509                                                                                2171    183.110     0.000      183.110 <none> (D)  
      u_mac                  bf16_mac_unit_509                                                                     2051    158.980     0.000      158.980 <none> (D)  
        u_add                bf16_fp32_add_509                                                                     1549    116.509     0.000      116.509 <none> (D)  
        u_mul                bf16_mul_509                                                                           502     42.472     0.000       42.472 <none> (D)  
    g_row[15].g_col[2].u_pe  pe_482                                                                                2157    180.952     0.000      180.952 <none> (D)  
      u_mac                  bf16_mac_unit_482                                                                     2044    157.333     0.000      157.333 <none> (D)  
        u_add                bf16_fp32_add_482                                                                     1502    114.161     0.000      114.161 <none> (D)  
        u_mul                bf16_mul_482                                                                           541     43.113     0.000       43.113 <none> (D)  
    g_row[15].g_col[30].u_pe pe_510                                                                                2150    178.984     0.000      178.984 <none> (D)  
      u_mac                  bf16_mac_unit_510                                                                     2047    156.064     0.000      156.064 <none> (D)  
        u_add                bf16_fp32_add_510                                                                     1514    112.587     0.000      112.587 <none> (D)  
        u_mul                bf16_mul_510                                                                           528     43.128     0.000       43.128 <none> (D)  
    g_row[15].g_col[31].u_pe pe_511                                                                                2241    184.335     0.000      184.335 <none> (D)  
      u_mac                  bf16_mac_unit_511                                                                     2138    161.444     0.000      161.444 <none> (D)  
        u_add                bf16_fp32_add_511                                                                     1569    116.655     0.000      116.655 <none> (D)  
        u_mul                bf16_mul_511                                                                           569     44.790     0.000       44.790 <none> (D)  
    g_row[15].g_col[3].u_pe  pe_483                                                                                2222    186.362     0.000      186.362 <none> (D)  
      u_mac                  bf16_mac_unit_483                                                                     2119    163.471     0.000      163.471 <none> (D)  
        u_add                bf16_fp32_add_483                                                                     1612    120.824     0.000      120.824 <none> (D)  
        u_mul                bf16_mul_483                                                                           507     42.647     0.000       42.647 <none> (D)  
    g_row[15].g_col[4].u_pe  pe_484                                                                                2163    180.398     0.000      180.398 <none> (D)  
      u_mac                  bf16_mac_unit_484                                                                     2059    157.435     0.000      157.435 <none> (D)  
        u_add                bf16_fp32_add_484                                                                     1559    116.232     0.000      116.232 <none> (D)  
        u_mul                bf16_mul_484                                                                           498     41.057     0.000       41.057 <none> (D)  
    g_row[15].g_col[5].u_pe  pe_485                                                                                2168    180.034     0.000      180.034 <none> (D)  
      u_mac                  bf16_mac_unit_485                                                                     2065    157.143     0.000      157.143 <none> (D)  
        u_add                bf16_fp32_add_485                                                                     1531    113.185     0.000      113.185 <none> (D)  
        u_mul                bf16_mul_485                                                                           530     43.667     0.000       43.667 <none> (D)  
    g_row[15].g_col[6].u_pe  pe_486                                                                                2131    178.838     0.000      178.838 <none> (D)  
      u_mac                  bf16_mac_unit_486                                                                     2024    155.656     0.000      155.656 <none> (D)  
        u_add                bf16_fp32_add_486                                                                     1514    114.715     0.000      114.715 <none> (D)  
        u_mul                bf16_mul_486                                                                           508     40.795     0.000       40.795 <none> (D)  
    g_row[15].g_col[7].u_pe  pe_487                                                                                2196    184.102     0.000      184.102 <none> (D)  
      u_mac                  bf16_mac_unit_487                                                                     2088    160.847     0.000      160.847 <none> (D)  
        u_add                bf16_fp32_add_487                                                                     1544    115.765     0.000      115.765 <none> (D)  
        u_mul                bf16_mul_487                                                                           542     44.936     0.000       44.936 <none> (D)  
    g_row[15].g_col[8].u_pe  pe_488                                                                                2173    182.177     0.000      182.177 <none> (D)  
      u_mac                  bf16_mac_unit_488                                                                     2072    159.432     0.000      159.432 <none> (D)  
        u_add                bf16_fp32_add_488                                                                     1543    115.138     0.000      115.138 <none> (D)  
        u_mul                bf16_mul_488                                                                           525     44.002     0.000       44.002 <none> (D)  
    g_row[15].g_col[9].u_pe  pe_489                                                                                2237    187.178     0.000      187.178 <none> (D)  
      u_mac                  bf16_mac_unit_489                                                                     2131    164.069     0.000      164.069 <none> (D)  
        u_add                bf16_fp32_add_489                                                                     1596    119.119     0.000      119.119 <none> (D)  
        u_mul                bf16_mul_489                                                                           535     44.950     0.000       44.950 <none> (D)  
    g_row[1].g_col[0].u_pe   pe_32                                                                                 2211    189.190     0.000      189.190 <none> (D)  
      u_mac                  bf16_mac_unit_32                                                                      2082    159.243     0.000      159.243 <none> (D)  
        u_add                bf16_fp32_add_32                                                                      1547    115.444     0.000      115.444 <none> (D)  
        u_mul                bf16_mul_32                                                                            535     43.798     0.000       43.798 <none> (D)  
    g_row[1].g_col[10].u_pe  pe_42                                                                                 2184    186.843     0.000      186.843 <none> (D)  
      u_mac                  bf16_mac_unit_42                                                                      2055    156.895     0.000      156.895 <none> (D)  
        u_add                bf16_fp32_add_42                                                                      1535    114.191     0.000      114.191 <none> (D)  
        u_mul                bf16_mul_42                                                                            518     42.559     0.000       42.559 <none> (D)  
    g_row[1].g_col[11].u_pe  pe_43                                                                                 2152    184.204     0.000      184.204 <none> (D)  
      u_mac                  bf16_mac_unit_43                                                                      2022    154.184     0.000      154.184 <none> (D)  
        u_add                bf16_fp32_add_43                                                                      1478    110.735     0.000      110.735 <none> (D)  
        u_mul                bf16_mul_43                                                                            541     43.230     0.000       43.230 <none> (D)  
    g_row[1].g_col[12].u_pe  pe_44                                                                                 2226    190.050     0.000      190.050 <none> (D)  
      u_mac                  bf16_mac_unit_44                                                                      2093    159.855     0.000      159.855 <none> (D)  
        u_add                bf16_fp32_add_44                                                                      1549    115.707     0.000      115.707 <none> (D)  
        u_mul                bf16_mul_44                                                                            543     44.090     0.000       44.090 <none> (D)  
    g_row[1].g_col[13].u_pe  pe_45                                                                                 2099    182.994     0.000      182.994 <none> (D)  
      u_mac                  bf16_mac_unit_45                                                                      1969    152.973     0.000      152.973 <none> (D)  
        u_add                bf16_fp32_add_45                                                                      1466    112.047     0.000      112.047 <none> (D)  
        u_mul                bf16_mul_45                                                                            503     40.926     0.000       40.926 <none> (D)  
    g_row[1].g_col[14].u_pe  pe_46                                                                                 2227    190.794     0.000      190.794 <none> (D)  
      u_mac                  bf16_mac_unit_46                                                                      2096    160.701     0.000      160.701 <none> (D)  
        u_add                bf16_fp32_add_46                                                                      1564    116.757     0.000      116.757 <none> (D)  
        u_mul                bf16_mul_46                                                                            532     43.944     0.000       43.944 <none> (D)  
    g_row[1].g_col[15].u_pe  pe_47                                                                                 2211    188.490     0.000      188.490 <none> (D)  
      u_mac                  bf16_mac_unit_47                                                                      2081    158.499     0.000      158.499 <none> (D)  
        u_add                bf16_fp32_add_47                                                                      1569    116.450     0.000      116.450 <none> (D)  
        u_mul                bf16_mul_47                                                                            511     41.976     0.000       41.976 <none> (D)  
    g_row[1].g_col[16].u_pe  pe_48                                                                                 2246    190.502     0.000      190.502 <none> (D)  
      u_mac                  bf16_mac_unit_48                                                                      2108    159.928     0.000      159.928 <none> (D)  
        u_add                bf16_fp32_add_48                                                                      1602    117.748     0.000      117.748 <none> (D)  
        u_mul                bf16_mul_48                                                                            504     42.034     0.000       42.034 <none> (D)  
    g_row[1].g_col[17].u_pe  pe_49                                                                                 2129    184.320     0.000      184.320 <none> (D)  
      u_mac                  bf16_mac_unit_49                                                                      1998    154.242     0.000      154.242 <none> (D)  
        u_add                bf16_fp32_add_49                                                                      1512    113.389     0.000      113.389 <none> (D)  
        u_mul                bf16_mul_49                                                                            484     40.707     0.000       40.707 <none> (D)  
    g_row[1].g_col[18].u_pe  pe_50                                                                                 2165    186.741     0.000      186.741 <none> (D)  
      u_mac                  bf16_mac_unit_50                                                                      2033    156.589     0.000      156.589 <none> (D)  
        u_add                bf16_fp32_add_50                                                                      1518    113.957     0.000      113.957 <none> (D)  
        u_mul                bf16_mul_50                                                                            515     42.632     0.000       42.632 <none> (D)  
    g_row[1].g_col[19].u_pe  pe_51                                                                                 2142    184.422     0.000      184.422 <none> (D)  
      u_mac                  bf16_mac_unit_51                                                                      2012    154.431     0.000      154.431 <none> (D)  
        u_add                bf16_fp32_add_51                                                                      1493    111.683     0.000      111.683 <none> (D)  
        u_mul                bf16_mul_51                                                                            518     42.676     0.000       42.676 <none> (D)  
    g_row[1].g_col[1].u_pe   pe_33                                                                                 2193    187.586     0.000      187.586 <none> (D)  
      u_mac                  bf16_mac_unit_33                                                                      2052    156.779     0.000      156.779 <none> (D)  
        u_add                bf16_fp32_add_33                                                                      1540    114.366     0.000      114.366 <none> (D)  
        u_mul                bf16_mul_33                                                                            509     42.195     0.000       42.195 <none> (D)  
    g_row[1].g_col[20].u_pe  pe_52                                                                                 2127    184.831     0.000      184.831 <none> (D)  
      u_mac                  bf16_mac_unit_52                                                                      1981    153.673     0.000      153.673 <none> (D)  
        u_add                bf16_fp32_add_52                                                                      1479    111.756     0.000      111.756 <none> (D)  
        u_mul                bf16_mul_52                                                                            502     41.917     0.000       41.917 <none> (D)  
    g_row[1].g_col[21].u_pe  pe_53                                                                                 2190    188.082     0.000      188.082 <none> (D)  
      u_mac                  bf16_mac_unit_53                                                                      2057    157.843     0.000      157.843 <none> (D)  
        u_add                bf16_fp32_add_53                                                                      1557    115.984     0.000      115.984 <none> (D)  
        u_mul                bf16_mul_53                                                                            500     41.859     0.000       41.859 <none> (D)  
    g_row[1].g_col[22].u_pe  pe_54                                                                                 2199    187.207     0.000      187.207 <none> (D)  
      u_mac                  bf16_mac_unit_54                                                                      2065    156.925     0.000      156.925 <none> (D)  
        u_add                bf16_fp32_add_54                                                                      1526    113.884     0.000      113.884 <none> (D)  
        u_mul                bf16_mul_54                                                                            538     42.967     0.000       42.967 <none> (D)  
    g_row[1].g_col[23].u_pe  pe_55                                                                                 2293    192.179     0.000      192.179 <none> (D)  
      u_mac                  bf16_mac_unit_55                                                                      2164    161.969     0.000      161.969 <none> (D)  
        u_add                bf16_fp32_add_55                                                                      1589    117.252     0.000      117.252 <none> (D)  
        u_mul                bf16_mul_55                                                                            575     44.717     0.000       44.717 <none> (D)  
    g_row[1].g_col[24].u_pe  pe_56                                                                                 2348    195.007     0.000      195.007 <none> (D)  
      u_mac                  bf16_mac_unit_56                                                                      2216    164.871     0.000      164.871 <none> (D)  
        u_add                bf16_fp32_add_56                                                                      1650    119.789     0.000      119.789 <none> (D)  
        u_mul                bf16_mul_56                                                                            563     44.863     0.000       44.863 <none> (D)  
    g_row[1].g_col[25].u_pe  pe_57                                                                                 2185    189.802     0.000      189.802 <none> (D)  
      u_mac                  bf16_mac_unit_57                                                                      2056    159.855     0.000      159.855 <none> (D)  
        u_add                bf16_fp32_add_57                                                                      1556    117.223     0.000      117.223 <none> (D)  
        u_mul                bf16_mul_57                                                                            498     42.486     0.000       42.486 <none> (D)  
    g_row[1].g_col[26].u_pe  pe_58                                                                                 2243    191.188     0.000      191.188 <none> (D)  
      u_mac                  bf16_mac_unit_58                                                                      2114    161.269     0.000      161.269 <none> (D)  
        u_add                bf16_fp32_add_58                                                                      1555    117.063     0.000      117.063 <none> (D)  
        u_mul                bf16_mul_58                                                                            559     44.207     0.000       44.207 <none> (D)  
    g_row[1].g_col[27].u_pe  pe_59                                                                                 2169    186.507     0.000      186.507 <none> (D)  
      u_mac                  bf16_mac_unit_59                                                                      2035    156.225     0.000      156.225 <none> (D)  
        u_add                bf16_fp32_add_59                                                                      1509    113.097     0.000      113.097 <none> (D)  
        u_mul                bf16_mul_59                                                                            526     43.128     0.000       43.128 <none> (D)  
    g_row[1].g_col[28].u_pe  pe_60                                                                                 2060    180.544     0.000      180.544 <none> (D)  
      u_mac                  bf16_mac_unit_60                                                                      1931    150.597     0.000      150.597 <none> (D)  
        u_add                bf16_fp32_add_60                                                                      1439    109.598     0.000      109.598 <none> (D)  
        u_mul                bf16_mul_60                                                                            491     40.926     0.000       40.926 <none> (D)  
    g_row[1].g_col[29].u_pe  pe_61                                                                                 2198    188.724     0.000      188.724 <none> (D)  
      u_mac                  bf16_mac_unit_61                                                                      2064    158.426     0.000      158.426 <none> (D)  
        u_add                bf16_fp32_add_61                                                                      1541    114.817     0.000      114.817 <none> (D)  
        u_mul                bf16_mul_61                                                                            521     43.463     0.000       43.463 <none> (D)  
    g_row[1].g_col[2].u_pe   pe_34                                                                                 2085    182.323     0.000      182.323 <none> (D)  
      u_mac                  bf16_mac_unit_34                                                                      1948    151.822     0.000      151.822 <none> (D)  
        u_add                bf16_fp32_add_34                                                                      1449    110.648     0.000      110.648 <none> (D)  
        u_mul                bf16_mul_34                                                                            498     41.101     0.000       41.101 <none> (D)  
    g_row[1].g_col[30].u_pe  pe_62                                                                                 2188    186.566     0.000      186.566 <none> (D)  
      u_mac                  bf16_mac_unit_62                                                                      2048    155.846     0.000      155.846 <none> (D)  
        u_add                bf16_fp32_add_62                                                                      1534    113.607     0.000      113.607 <none> (D)  
        u_mul                bf16_mul_62                                                                            513     42.165     0.000       42.165 <none> (D)  
    g_row[1].g_col[31].u_pe  pe_63                                                                                 2231    189.773     0.000      189.773 <none> (D)  
      u_mac                  bf16_mac_unit_63                                                                      2098    159.578     0.000      159.578 <none> (D)  
        u_add                bf16_fp32_add_63                                                                      1546    116.115     0.000      116.115 <none> (D)  
        u_mul                bf16_mul_63                                                                            552     43.463     0.000       43.463 <none> (D)  
    g_row[1].g_col[3].u_pe   pe_35                                                                                 2217    190.575     0.000      190.575 <none> (D)  
      u_mac                  bf16_mac_unit_35                                                                      2063    158.835     0.000      158.835 <none> (D)  
        u_add                bf16_fp32_add_35                                                                      1507    113.782     0.000      113.782 <none> (D)  
        u_mul                bf16_mul_35                                                                            555     44.979     0.000       44.979 <none> (D)  
    g_row[1].g_col[4].u_pe   pe_36                                                                                 2158    188.257     0.000      188.257 <none> (D)  
      u_mac                  bf16_mac_unit_36                                                                      2020    157.683     0.000      157.683 <none> (D)  
        u_add                bf16_fp32_add_36                                                                      1512    113.972     0.000      113.972 <none> (D)  
        u_mul                bf16_mul_36                                                                            507     43.638     0.000       43.638 <none> (D)  
    g_row[1].g_col[5].u_pe   pe_37                                                                                 2223    189.525     0.000      189.525 <none> (D)  
      u_mac                  bf16_mac_unit_37                                                                      2083    158.805     0.000      158.805 <none> (D)  
        u_add                bf16_fp32_add_37                                                                      1520    113.462     0.000      113.462 <none> (D)  
        u_mul                bf16_mul_37                                                                            560     45.125     0.000       45.125 <none> (D)  
    g_row[1].g_col[6].u_pe   pe_38                                                                                 2137    185.516     0.000      185.516 <none> (D)  
      u_mac                  bf16_mac_unit_38                                                                      2006    155.423     0.000      155.423 <none> (D)  
        u_add                bf16_fp32_add_38                                                                      1505    114.307     0.000      114.307 <none> (D)  
        u_mul                bf16_mul_38                                                                            500     41.043     0.000       41.043 <none> (D)  
    g_row[1].g_col[7].u_pe   pe_39                                                                                 2238    190.896     0.000      190.896 <none> (D)  
      u_mac                  bf16_mac_unit_39                                                                      2105    160.672     0.000      160.672 <none> (D)  
        u_add                bf16_fp32_add_39                                                                      1554    115.619     0.000      115.619 <none> (D)  
        u_mul                bf16_mul_39                                                                            550     44.979     0.000       44.979 <none> (D)  
    g_row[1].g_col[8].u_pe   pe_40                                                                                 2145    185.370     0.000      185.370 <none> (D)  
      u_mac                  bf16_mac_unit_40                                                                      2016    155.160     0.000      155.160 <none> (D)  
        u_add                bf16_fp32_add_40                                                                      1471    111.070     0.000      111.070 <none> (D)  
        u_mul                bf16_mul_40                                                                            540     43.725     0.000       43.725 <none> (D)  
    g_row[1].g_col[9].u_pe   pe_41                                                                                 2310    195.080     0.000      195.080 <none> (D)  
      u_mac                  bf16_mac_unit_41                                                                      2177    164.871     0.000      164.871 <none> (D)  
        u_add                bf16_fp32_add_41                                                                      1593    118.812     0.000      118.812 <none> (D)  
        u_mul                bf16_mul_41                                                                            580     45.767     0.000       45.767 <none> (D)  
    g_row[2].g_col[0].u_pe   pe_64                                                                                 2249    189.802     0.000      189.802 <none> (D)  
      u_mac                  bf16_mac_unit_64                                                                      2108    159.009     0.000      159.009 <none> (D)  
        u_add                bf16_fp32_add_64                                                                      1553    114.715     0.000      114.715 <none> (D)  
        u_mul                bf16_mul_64                                                                            551     44.002     0.000       44.002 <none> (D)  
    g_row[2].g_col[10].u_pe  pe_74                                                                                 2204    188.913     0.000      188.913 <none> (D)  
      u_mac                  bf16_mac_unit_74                                                                      2075    158.966     0.000      158.966 <none> (D)  
        u_add                bf16_fp32_add_74                                                                      1540    115.022     0.000      115.022 <none> (D)  
        u_mul                bf16_mul_74                                                                            534     43.871     0.000       43.871 <none> (D)  
    g_row[2].g_col[11].u_pe  pe_75                                                                                 2267    190.269     0.000      190.269 <none> (D)  
      u_mac                  bf16_mac_unit_75                                                                      2137    160.278     0.000      160.278 <none> (D)  
        u_add                bf16_fp32_add_75                                                                      1586    116.173     0.000      116.173 <none> (D)  
        u_mul                bf16_mul_75                                                                            550     44.032     0.000       44.032 <none> (D)  
    g_row[2].g_col[12].u_pe  pe_76                                                                                 2199    188.840     0.000      188.840 <none> (D)  
      u_mac                  bf16_mac_unit_76                                                                      2068    158.791     0.000      158.791 <none> (D)  
        u_add                bf16_fp32_add_76                                                                      1526    114.628     0.000      114.628 <none> (D)  
        u_mul                bf16_mul_76                                                                            542     44.163     0.000       44.163 <none> (D)  
    g_row[2].g_col[13].u_pe  pe_77                                                                                 2162    187.455     0.000      187.455 <none> (D)  
      u_mac                  bf16_mac_unit_77                                                                      2022    156.735     0.000      156.735 <none> (D)  
        u_add                bf16_fp32_add_77                                                                      1523    115.036     0.000      115.036 <none> (D)  
        u_mul                bf16_mul_77                                                                            499     41.699     0.000       41.699 <none> (D)  
    g_row[2].g_col[14].u_pe  pe_78                                                                                 2212    189.642     0.000      189.642 <none> (D)  
      u_mac                  bf16_mac_unit_78                                                                      2081    159.564     0.000      159.564 <none> (D)  
        u_add                bf16_fp32_add_78                                                                      1567    117.646     0.000      117.646 <none> (D)  
        u_mul                bf16_mul_78                                                                            513     41.859     0.000       41.859 <none> (D)  
    g_row[2].g_col[15].u_pe  pe_79                                                                                 2234    190.765     0.000      190.765 <none> (D)  
      u_mac                  bf16_mac_unit_79                                                                      2085    159.389     0.000      159.389 <none> (D)  
        u_add                bf16_fp32_add_79                                                                      1546    115.269     0.000      115.269 <none> (D)  
        u_mul                bf16_mul_79                                                                            539     44.119     0.000       44.119 <none> (D)  
    g_row[2].g_col[16].u_pe  pe_80                                                                                 2221    189.919     0.000      189.919 <none> (D)  
      u_mac                  bf16_mac_unit_80                                                                      2085    159.491     0.000      159.491 <none> (D)  
        u_add                bf16_fp32_add_80                                                                      1570    116.348     0.000      116.348 <none> (D)  
        u_mul                bf16_mul_80                                                                            510     42.778     0.000       42.778 <none> (D)  
    g_row[2].g_col[17].u_pe  pe_81                                                                                 2260    191.917     0.000      191.917 <none> (D)  
      u_mac                  bf16_mac_unit_81                                                                      2117    160.978     0.000      160.978 <none> (D)  
        u_add                bf16_fp32_add_81                                                                      1572    116.275     0.000      116.275 <none> (D)  
        u_mul                bf16_mul_81                                                                            545     44.702     0.000       44.702 <none> (D)  
    g_row[2].g_col[18].u_pe  pe_82                                                                                 2177    186.172     0.000      186.172 <none> (D)  
      u_mac                  bf16_mac_unit_82                                                                      2039    155.598     0.000      155.598 <none> (D)  
        u_add                bf16_fp32_add_82                                                                      1517    112.747     0.000      112.747 <none> (D)  
        u_mul                bf16_mul_82                                                                            521     42.778     0.000       42.778 <none> (D)  
    g_row[2].g_col[19].u_pe  pe_83                                                                                 2261    190.823     0.000      190.823 <none> (D)  
      u_mac                  bf16_mac_unit_83                                                                      2126    160.467     0.000      160.467 <none> (D)  
        u_add                bf16_fp32_add_83                                                                      1588    115.780     0.000      115.780 <none> (D)  
        u_mul                bf16_mul_83                                                                            533     44.323     0.000       44.323 <none> (D)  
    g_row[2].g_col[1].u_pe   pe_65                                                                                 2238    189.584     0.000      189.584 <none> (D)  
      u_mac                  bf16_mac_unit_65                                                                      2097    158.776     0.000      158.776 <none> (D)  
        u_add                bf16_fp32_add_65                                                                      1590    117.150     0.000      117.150 <none> (D)  
        u_mul                bf16_mul_65                                                                            503     41.334     0.000       41.334 <none> (D)  
    g_row[2].g_col[20].u_pe  pe_84                                                                                 2198    188.038     0.000      188.038 <none> (D)  
      u_mac                  bf16_mac_unit_84                                                                      2060    157.464     0.000      157.464 <none> (D)  
        u_add                bf16_fp32_add_84                                                                      1538    114.132     0.000      114.132 <none> (D)  
        u_mul                bf16_mul_84                                                                            517     42.967     0.000       42.967 <none> (D)  
    g_row[2].g_col[21].u_pe  pe_85                                                                                 2181    185.939     0.000      185.939 <none> (D)  
      u_mac                  bf16_mac_unit_85                                                                      2039    155.073     0.000      155.073 <none> (D)  
        u_add                bf16_fp32_add_85                                                                      1517    112.995     0.000      112.995 <none> (D)  
        u_mul                bf16_mul_85                                                                            521     42.005     0.000       42.005 <none> (D)  
    g_row[2].g_col[22].u_pe  pe_86                                                                                 2162    185.326     0.000      185.326 <none> (D)  
      u_mac                  bf16_mac_unit_86                                                                      2023    154.679     0.000      154.679 <none> (D)  
        u_add                bf16_fp32_add_86                                                                      1499    111.785     0.000      111.785 <none> (D)  
        u_mul                bf16_mul_86                                                                            523     42.821     0.000       42.821 <none> (D)  
    g_row[2].g_col[23].u_pe  pe_87                                                                                 2210    189.525     0.000      189.525 <none> (D)  
      u_mac                  bf16_mac_unit_87                                                                      2079    159.447     0.000      159.447 <none> (D)  
        u_add                bf16_fp32_add_87                                                                      1506    114.074     0.000      114.074 <none> (D)  
        u_mul                bf16_mul_87                                                                            573     45.373     0.000       45.373 <none> (D)  
    g_row[2].g_col[24].u_pe  pe_88                                                                                 2235    188.592     0.000      188.592 <none> (D)  
      u_mac                  bf16_mac_unit_88                                                                      2106    158.645     0.000      158.645 <none> (D)  
        u_add                bf16_fp32_add_88                                                                      1572    115.474     0.000      115.474 <none> (D)  
        u_mul                bf16_mul_88                                                                            531     42.953     0.000       42.953 <none> (D)  
    g_row[2].g_col[25].u_pe  pe_89                                                                                 2161    187.907     0.000      187.907 <none> (D)  
      u_mac                  bf16_mac_unit_89                                                                      2032    157.960     0.000      157.960 <none> (D)  
        u_add                bf16_fp32_add_89                                                                      1544    115.269     0.000      115.269 <none> (D)  
        u_mul                bf16_mul_89                                                                            484     42.399     0.000       42.399 <none> (D)  
    g_row[2].g_col[26].u_pe  pe_90                                                                                 2283    192.660     0.000      192.660 <none> (D)  
      u_mac                  bf16_mac_unit_90                                                                      2150    162.436     0.000      162.436 <none> (D)  
        u_add                bf16_fp32_add_90                                                                      1585    117.734     0.000      117.734 <none> (D)  
        u_mul                bf16_mul_90                                                                            565     44.702     0.000       44.702 <none> (D)  
    g_row[2].g_col[27].u_pe  pe_91                                                                                 2182    187.513     0.000      187.513 <none> (D)  
      u_mac                  bf16_mac_unit_91                                                                      2040    156.648     0.000      156.648 <none> (D)  
        u_add                bf16_fp32_add_91                                                                      1516    113.520     0.000      113.520 <none> (D)  
        u_mul                bf16_mul_91                                                                            522     42.982     0.000       42.982 <none> (D)  
    g_row[2].g_col[28].u_pe  pe_92                                                                                 2083    183.241     0.000      183.241 <none> (D)  
      u_mac                  bf16_mac_unit_92                                                                      1950    153.017     0.000      153.017 <none> (D)  
        u_add                bf16_fp32_add_92                                                                      1468    112.485     0.000      112.485 <none> (D)  
        u_mul                bf16_mul_92                                                                            479     40.328     0.000       40.328 <none> (D)  
    g_row[2].g_col[29].u_pe  pe_93                                                                                 2275    191.829     0.000      191.829 <none> (D)  
      u_mac                  bf16_mac_unit_93                                                                      2136    161.182     0.000      161.182 <none> (D)  
        u_add                bf16_fp32_add_93                                                                      1611    117.981     0.000      117.981 <none> (D)  
        u_mul                bf16_mul_93                                                                            523     43.069     0.000       43.069 <none> (D)  
    g_row[2].g_col[2].u_pe   pe_66                                                                                 2173    188.053     0.000      188.053 <none> (D)  
      u_mac                  bf16_mac_unit_66                                                                      2042    157.989     0.000      157.989 <none> (D)  
        u_add                bf16_fp32_add_66                                                                      1553    116.071     0.000      116.071 <none> (D)  
        u_mul                bf16_mul_66                                                                            489     41.917     0.000       41.917 <none> (D)  
    g_row[2].g_col[30].u_pe  pe_94                                                                                 2210    187.995     0.000      187.995 <none> (D)  
      u_mac                  bf16_mac_unit_94                                                                      2081    158.047     0.000      158.047 <none> (D)  
        u_add                bf16_fp32_add_94                                                                      1540    114.234     0.000      114.234 <none> (D)  
        u_mul                bf16_mul_94                                                                            539     43.667     0.000       43.667 <none> (D)  
    g_row[2].g_col[31].u_pe  pe_95                                                                                 2207    189.423     0.000      189.423 <none> (D)  
      u_mac                  bf16_mac_unit_95                                                                      2071    159.009     0.000      159.009 <none> (D)  
        u_add                bf16_fp32_add_95                                                                      1512    114.205     0.000      114.205 <none> (D)  
        u_mul                bf16_mul_95                                                                            559     44.804     0.000       44.804 <none> (D)  
    g_row[2].g_col[3].u_pe   pe_67                                                                                 2180    187.193     0.000      187.193 <none> (D)  
      u_mac                  bf16_mac_unit_67                                                                      2028    155.598     0.000      155.598 <none> (D)  
        u_add                bf16_fp32_add_67                                                                      1493    111.989     0.000      111.989 <none> (D)  
        u_mul                bf16_mul_67                                                                            533     43.463     0.000       43.463 <none> (D)  
    g_row[2].g_col[4].u_pe   pe_68                                                                                 2250    189.715     0.000      189.715 <none> (D)  
      u_mac                  bf16_mac_unit_68                                                                      2114    159.272     0.000      159.272 <none> (D)  
        u_add                bf16_fp32_add_68                                                                      1596    117.223     0.000      117.223 <none> (D)  
        u_mul                bf16_mul_68                                                                            515     41.830     0.000       41.830 <none> (D)  
    g_row[2].g_col[5].u_pe   pe_69                                                                                 2210    186.157     0.000      186.157 <none> (D)  
      u_mac                  bf16_mac_unit_69                                                                      2074    155.729     0.000      155.729 <none> (D)  
        u_add                bf16_fp32_add_69                                                                      1526    111.858     0.000      111.858 <none> (D)  
        u_mul                bf16_mul_69                                                                            543     43.507     0.000       43.507 <none> (D)  
    g_row[2].g_col[6].u_pe   pe_70                                                                                 2180    188.082     0.000      188.082 <none> (D)  
      u_mac                  bf16_mac_unit_70                                                                      2049    158.003     0.000      158.003 <none> (D)  
        u_add                bf16_fp32_add_70                                                                      1537    115.167     0.000      115.167 <none> (D)  
        u_mul                bf16_mul_70                                                                            512     42.836     0.000       42.836 <none> (D)  
    g_row[2].g_col[7].u_pe   pe_71                                                                                 2214    189.161     0.000      189.161 <none> (D)  
      u_mac                  bf16_mac_unit_71                                                                      2079    158.805     0.000      158.805 <none> (D)  
        u_add                bf16_fp32_add_71                                                                      1539    115.605     0.000      115.605 <none> (D)  
        u_mul                bf16_mul_71                                                                            539     43.142     0.000       43.142 <none> (D)  
    g_row[2].g_col[8].u_pe   pe_72                                                                                 2126    182.994     0.000      182.994 <none> (D)  
      u_mac                  bf16_mac_unit_72                                                                      1996    153.003     0.000      153.003 <none> (D)  
        u_add                bf16_fp32_add_72                                                                      1467    109.715     0.000      109.715 <none> (D)  
        u_mul                bf16_mul_72                                                                            525     42.996     0.000       42.996 <none> (D)  
    g_row[2].g_col[9].u_pe   pe_73                                                                                 2202    188.038     0.000      188.038 <none> (D)  
      u_mac                  bf16_mac_unit_73                                                                      2073    158.091     0.000      158.091 <none> (D)  
        u_add                bf16_fp32_add_73                                                                      1525    114.045     0.000      114.045 <none> (D)  
        u_mul                bf16_mul_73                                                                            541     43.536     0.000       43.536 <none> (D)  
    g_row[3].g_col[0].u_pe   pe_96                                                                                 2296    191.683     0.000      191.683 <none> (D)  
      u_mac                  bf16_mac_unit_96                                                                      2153    160.744     0.000      160.744 <none> (D)  
        u_add                bf16_fp32_add_96                                                                      1578    115.503     0.000      115.503 <none> (D)  
        u_mul                bf16_mul_96                                                                            571     44.950     0.000       44.950 <none> (D)  
    g_row[3].g_col[10].u_pe  pe_106                                                                                2279    190.998     0.000      190.998 <none> (D)  
      u_mac                  bf16_mac_unit_106                                                                     2141    160.424     0.000      160.424 <none> (D)  
        u_add                bf16_fp32_add_106                                                                     1614    116.990     0.000      116.990 <none> (D)  
        u_mul                bf16_mul_106                                                                           524     43.215     0.000       43.215 <none> (D)  
    g_row[3].g_col[11].u_pe  pe_107                                                                                2171    184.758     0.000      184.758 <none> (D)  
      u_mac                  bf16_mac_unit_107                                                                     2039    154.606     0.000      154.606 <none> (D)  
        u_add                bf16_fp32_add_107                                                                     1513    112.368     0.000      112.368 <none> (D)  
        u_mul                bf16_mul_107                                                                           523     42.020     0.000       42.020 <none> (D)  
    g_row[3].g_col[12].u_pe  pe_108                                                                                2327    195.007     0.000      195.007 <none> (D)  
      u_mac                  bf16_mac_unit_108                                                                     2191    164.594     0.000      164.594 <none> (D)  
        u_add                bf16_fp32_add_108                                                                     1597    118.506     0.000      118.506 <none> (D)  
        u_mul                bf16_mul_108                                                                           594     46.087     0.000       46.087 <none> (D)  
    g_row[3].g_col[13].u_pe  pe_109                                                                                2139    183.898     0.000      183.898 <none> (D)  
      u_mac                  bf16_mac_unit_109                                                                     2010    153.950     0.000      153.950 <none> (D)  
        u_add                bf16_fp32_add_109                                                                     1511    112.193     0.000      112.193 <none> (D)  
        u_mul                bf16_mul_109                                                                           498     41.684     0.000       41.684 <none> (D)  
    g_row[3].g_col[14].u_pe  pe_110                                                                                2235    188.782     0.000      188.782 <none> (D)  
      u_mac                  bf16_mac_unit_110                                                                     2106    158.849     0.000      158.849 <none> (D)  
        u_add                bf16_fp32_add_110                                                                     1601    117.588     0.000      117.588 <none> (D)  
        u_mul                bf16_mul_110                                                                           505     41.261     0.000       41.261 <none> (D)  
    g_row[3].g_col[15].u_pe  pe_111                                                                                2273    191.698     0.000      191.698 <none> (D)  
      u_mac                  bf16_mac_unit_111                                                                     2144    161.765     0.000      161.765 <none> (D)  
        u_add                bf16_fp32_add_111                                                                     1597    117.471     0.000      117.471 <none> (D)  
        u_mul                bf16_mul_111                                                                           544     44.075     0.000       44.075 <none> (D)  
    g_row[3].g_col[16].u_pe  pe_112                                                                                2229    191.858     0.000      191.858 <none> (D)  
      u_mac                  bf16_mac_unit_112                                                                     2098    161.794     0.000      161.794 <none> (D)  
        u_add                bf16_fp32_add_112                                                                     1591    118.506     0.000      118.506 <none> (D)  
        u_mul                bf16_mul_112                                                                           503     42.996     0.000       42.996 <none> (D)  
    g_row[3].g_col[17].u_pe  pe_113                                                                                2206    189.759     0.000      189.759 <none> (D)  
      u_mac                  bf16_mac_unit_113                                                                     2075    159.680     0.000      159.680 <none> (D)  
        u_add                bf16_fp32_add_113                                                                     1535    115.444     0.000      115.444 <none> (D)  
        u_mul                bf16_mul_113                                                                           539     44.163     0.000       44.163 <none> (D)  
    g_row[3].g_col[18].u_pe  pe_114                                                                                2294    193.287     0.000      193.287 <none> (D)  
      u_mac                  bf16_mac_unit_114                                                                     2160    162.975     0.000      162.975 <none> (D)  
        u_add                bf16_fp32_add_114                                                                     1604    118.127     0.000      118.127 <none> (D)  
        u_mul                bf16_mul_114                                                                           555     44.775     0.000       44.775 <none> (D)  
    g_row[3].g_col[19].u_pe  pe_115                                                                                2233    189.598     0.000      189.598 <none> (D)  
      u_mac                  bf16_mac_unit_115                                                                     2104    159.651     0.000      159.651 <none> (D)  
        u_add                bf16_fp32_add_115                                                                     1542    114.322     0.000      114.322 <none> (D)  
        u_mul                bf16_mul_115                                                                           557     44.965     0.000       44.965 <none> (D)  
    g_row[3].g_col[1].u_pe   pe_97                                                                                 2240    192.675     0.000      192.675 <none> (D)  
      u_mac                  bf16_mac_unit_97                                                                      2102    162.100     0.000      162.100 <none> (D)  
        u_add                bf16_fp32_add_97                                                                      1587    118.229     0.000      118.229 <none> (D)  
        u_mul                bf16_mul_97                                                                            513     43.725     0.000       43.725 <none> (D)  
    g_row[3].g_col[20].u_pe  pe_116                                                                                2260    191.989     0.000      191.989 <none> (D)  
      u_mac                  bf16_mac_unit_116                                                                     2130    161.969     0.000      161.969 <none> (D)  
        u_add                bf16_fp32_add_116                                                                     1576    116.917     0.000      116.917 <none> (D)  
        u_mul                bf16_mul_116                                                                           551     44.834     0.000       44.834 <none> (D)  
    g_row[3].g_col[21].u_pe  pe_117                                                                                2245    190.021     0.000      190.021 <none> (D)  
      u_mac                  bf16_mac_unit_117                                                                     2116    160.088     0.000      160.088 <none> (D)  
        u_add                bf16_fp32_add_117                                                                     1631    119.119     0.000      119.119 <none> (D)  
        u_mul                bf16_mul_117                                                                           484     40.911     0.000       40.911 <none> (D)  
    g_row[3].g_col[22].u_pe  pe_118                                                                                2163    186.026     0.000      186.026 <none> (D)  
      u_mac                  bf16_mac_unit_118                                                                     2033    156.035     0.000      156.035 <none> (D)  
        u_add                bf16_fp32_add_118                                                                     1513    113.359     0.000      113.359 <none> (D)  
        u_mul                bf16_mul_118                                                                           520     42.676     0.000       42.676 <none> (D)  
    g_row[3].g_col[23].u_pe  pe_119                                                                                2274    192.106     0.000      192.106 <none> (D)  
      u_mac                  bf16_mac_unit_119                                                                     2143    162.028     0.000      162.028 <none> (D)  
        u_add                bf16_fp32_add_119                                                                     1567    117.413     0.000      117.413 <none> (D)  
        u_mul                bf16_mul_119                                                                           575     44.556     0.000       44.556 <none> (D)  
    g_row[3].g_col[24].u_pe  pe_120                                                                                2285    192.412     0.000      192.412 <none> (D)  
      u_mac                  bf16_mac_unit_120                                                                     2152    162.188     0.000      162.188 <none> (D)  
        u_add                bf16_fp32_add_120                                                                     1595    117.223     0.000      117.223 <none> (D)  
        u_mul                bf16_mul_120                                                                           554     44.746     0.000       44.746 <none> (D)  
    g_row[3].g_col[25].u_pe  pe_121                                                                                2257    193.622     0.000      193.622 <none> (D)  
      u_mac                  bf16_mac_unit_121                                                                     2128    163.704     0.000      163.704 <none> (D)  
        u_add                bf16_fp32_add_121                                                                     1626    120.212     0.000      120.212 <none> (D)  
        u_mul                bf16_mul_121                                                                           497     43.128     0.000       43.128 <none> (D)  
    g_row[3].g_col[26].u_pe  pe_122                                                                                2274    192.252     0.000      192.252 <none> (D)  
      u_mac                  bf16_mac_unit_122                                                                     2145    162.319     0.000      162.319 <none> (D)  
        u_add                bf16_fp32_add_122                                                                     1552    117.048     0.000      117.048 <none> (D)  
        u_mul                bf16_mul_122                                                                           593     45.271     0.000       45.271 <none> (D)  
    g_row[3].g_col[27].u_pe  pe_123                                                                                2153    185.137     0.000      185.137 <none> (D)  
      u_mac                  bf16_mac_unit_123                                                                     2023    155.146     0.000      155.146 <none> (D)  
        u_add                bf16_fp32_add_123                                                                     1515    113.389     0.000      113.389 <none> (D)  
        u_mul                bf16_mul_123                                                                           506     41.611     0.000       41.611 <none> (D)  
    g_row[3].g_col[28].u_pe  pe_124                                                                                2172    185.428     0.000      185.428 <none> (D)  
      u_mac                  bf16_mac_unit_124                                                                     2033    154.767     0.000      154.767 <none> (D)  
        u_add                bf16_fp32_add_124                                                                     1518    112.849     0.000      112.849 <none> (D)  
        u_mul                bf16_mul_124                                                                           514     41.845     0.000       41.845 <none> (D)  
    g_row[3].g_col[29].u_pe  pe_125                                                                                2236    192.616     0.000      192.616 <none> (D)  
      u_mac                  bf16_mac_unit_125                                                                     2087    161.240     0.000      161.240 <none> (D)  
        u_add                bf16_fp32_add_125                                                                     1548    117.442     0.000      117.442 <none> (D)  
        u_mul                bf16_mul_125                                                                           537     43.653     0.000       43.653 <none> (D)  
    g_row[3].g_col[2].u_pe   pe_98                                                                                 2126    185.487     0.000      185.487 <none> (D)  
      u_mac                  bf16_mac_unit_98                                                                      1997    155.539     0.000      155.539 <none> (D)  
        u_add                bf16_fp32_add_98                                                                      1498    113.651     0.000      113.651 <none> (D)  
        u_mul                bf16_mul_98                                                                            496     41.684     0.000       41.684 <none> (D)  
    g_row[3].g_col[30].u_pe  pe_126                                                                                2173    184.408     0.000      184.408 <none> (D)  
      u_mac                  bf16_mac_unit_126                                                                     2040    154.198     0.000      154.198 <none> (D)  
        u_add                bf16_fp32_add_126                                                                     1523    112.893     0.000      112.893 <none> (D)  
        u_mul                bf16_mul_126                                                                           517     41.305     0.000       41.305 <none> (D)  
    g_row[3].g_col[31].u_pe  pe_127                                                                                2268    192.062     0.000      192.062 <none> (D)  
      u_mac                  bf16_mac_unit_127                                                                     2137    162.013     0.000      162.013 <none> (D)  
        u_add                bf16_fp32_add_127                                                                     1549    116.727     0.000      116.727 <none> (D)  
        u_mul                bf16_mul_127                                                                           588     45.285     0.000       45.285 <none> (D)  
    g_row[3].g_col[3].u_pe   pe_99                                                                                 2184    186.449     0.000      186.449 <none> (D)  
      u_mac                  bf16_mac_unit_99                                                                      2048    156.021     0.000      156.021 <none> (D)  
        u_add                bf16_fp32_add_99                                                                      1525    113.505     0.000      113.505 <none> (D)  
        u_mul                bf16_mul_99                                                                            522     42.442     0.000       42.442 <none> (D)  
    g_row[3].g_col[4].u_pe   pe_100                                                                                2248    193.010     0.000      193.010 <none> (D)  
      u_mac                  bf16_mac_unit_100                                                                     2118    163.004     0.000      163.004 <none> (D)  
        u_add                bf16_fp32_add_100                                                                     1599    119.381     0.000      119.381 <none> (D)  
        u_mul                bf16_mul_100                                                                           516     43.405     0.000       43.405 <none> (D)  
    g_row[3].g_col[5].u_pe   pe_101                                                                                2180    187.032     0.000      187.032 <none> (D)  
      u_mac                  bf16_mac_unit_101                                                                     2050    157.041     0.000      157.041 <none> (D)  
        u_add                bf16_fp32_add_101                                                                     1497    112.485     0.000      112.485 <none> (D)  
        u_mul                bf16_mul_101                                                                           551     44.411     0.000       44.411 <none> (D)  
    g_row[3].g_col[6].u_pe   pe_102                                                                                2211    187.878     0.000      187.878 <none> (D)  
      u_mac                  bf16_mac_unit_102                                                                     2072    157.216     0.000      157.216 <none> (D)  
        u_add                bf16_fp32_add_102                                                                     1569    116.057     0.000      116.057 <none> (D)  
        u_mul                bf16_mul_102                                                                           502     41.086     0.000       41.086 <none> (D)  
    g_row[3].g_col[7].u_pe   pe_103                                                                                2169    184.831     0.000      184.831 <none> (D)  
      u_mac                  bf16_mac_unit_103                                                                     2039    154.840     0.000      154.840 <none> (D)  
        u_add                bf16_fp32_add_103                                                                     1507    112.164     0.000      112.164 <none> (D)  
        u_mul                bf16_mul_103                                                                           530     42.530     0.000       42.530 <none> (D)  
    g_row[3].g_col[8].u_pe   pe_104                                                                                2223    189.919     0.000      189.919 <none> (D)  
      u_mac                  bf16_mac_unit_104                                                                     2094    159.972     0.000      159.972 <none> (D)  
        u_add                bf16_fp32_add_104                                                                     1545    115.080     0.000      115.080 <none> (D)  
        u_mul                bf16_mul_104                                                                           546     44.673     0.000       44.673 <none> (D)  
    g_row[3].g_col[9].u_pe   pe_105                                                                                2384    197.603     0.000      197.603 <none> (D)  
      u_mac                  bf16_mac_unit_105                                                                     2243    166.810     0.000      166.810 <none> (D)  
        u_add                bf16_fp32_add_105                                                                     1656    120.183     0.000      120.183 <none> (D)  
        u_mul                bf16_mul_105                                                                           583     46.335     0.000       46.335 <none> (D)  
    g_row[4].g_col[0].u_pe   pe_128                                                                                2211    188.826     0.000      188.826 <none> (D)  
      u_mac                  bf16_mac_unit_128                                                                     2082    158.893     0.000      158.893 <none> (D)  
        u_add                bf16_fp32_add_128                                                                     1579    117.092     0.000      117.092 <none> (D)  
        u_mul                bf16_mul_128                                                                           503     41.801     0.000       41.801 <none> (D)  
    g_row[4].g_col[10].u_pe  pe_138                                                                                2223    188.563     0.000      188.563 <none> (D)  
      u_mac                  bf16_mac_unit_138                                                                     2094    158.616     0.000      158.616 <none> (D)  
        u_add                bf16_fp32_add_138                                                                     1598    116.305     0.000      116.305 <none> (D)  
        u_mul                bf16_mul_138                                                                           494     42.165     0.000       42.165 <none> (D)  
    g_row[4].g_col[11].u_pe  pe_139                                                                                2140    183.198     0.000      183.198 <none> (D)  
      u_mac                  bf16_mac_unit_139                                                                     2011    153.250     0.000      153.250 <none> (D)  
        u_add                bf16_fp32_add_139                                                                     1487    110.604     0.000      110.604 <none> (D)  
        u_mul                bf16_mul_139                                                                           521     42.428     0.000       42.428 <none> (D)  
    g_row[4].g_col[12].u_pe  pe_140                                                                                2333    194.774     0.000      194.774 <none> (D)  
      u_mac                  bf16_mac_unit_140                                                                     2198    164.404     0.000      164.404 <none> (D)  
        u_add                bf16_fp32_add_140                                                                     1610    118.040     0.000      118.040 <none> (D)  
        u_mul                bf16_mul_140                                                                           588     46.364     0.000       46.364 <none> (D)  
    g_row[4].g_col[13].u_pe  pe_141                                                                                2124    182.921     0.000      182.921 <none> (D)  
      u_mac                  bf16_mac_unit_141                                                                     1995    152.973     0.000      152.973 <none> (D)  
        u_add                bf16_fp32_add_141                                                                     1475    110.181     0.000      110.181 <none> (D)  
        u_mul                bf16_mul_141                                                                           518     42.647     0.000       42.647 <none> (D)  
    g_row[4].g_col[14].u_pe  pe_142                                                                                2208    188.242     0.000      188.242 <none> (D)  
      u_mac                  bf16_mac_unit_142                                                                     2079    158.310     0.000      158.310 <none> (D)  
        u_add                bf16_fp32_add_142                                                                     1579    116.888     0.000      116.888 <none> (D)  
        u_mul                bf16_mul_142                                                                           499     41.363     0.000       41.363 <none> (D)  
    g_row[4].g_col[15].u_pe  pe_143                                                                                2220    189.336     0.000      189.336 <none> (D)  
      u_mac                  bf16_mac_unit_143                                                                     2089    159.257     0.000      159.257 <none> (D)  
        u_add                bf16_fp32_add_143                                                                     1551    115.036     0.000      115.036 <none> (D)  
        u_mul                bf16_mul_143                                                                           536     44.075     0.000       44.075 <none> (D)  
    g_row[4].g_col[16].u_pe  pe_144                                                                                2247    191.537     0.000      191.537 <none> (D)  
      u_mac                  bf16_mac_unit_144                                                                     2104    160.599     0.000      160.599 <none> (D)  
        u_add                bf16_fp32_add_144                                                                     1598    117.369     0.000      117.369 <none> (D)  
        u_mul                bf16_mul_144                                                                           504     43.084     0.000       43.084 <none> (D)  
    g_row[4].g_col[17].u_pe  pe_145                                                                                2157    186.245     0.000      186.245 <none> (D)  
      u_mac                  bf16_mac_unit_145                                                                     2027    156.239     0.000      156.239 <none> (D)  
        u_add                bf16_fp32_add_145                                                                     1536    114.497     0.000      114.497 <none> (D)  
        u_mul                bf16_mul_145                                                                           489     41.597     0.000       41.597 <none> (D)  
    g_row[4].g_col[18].u_pe  pe_146                                                                                2282    194.045     0.000      194.045 <none> (D)  
      u_mac                  bf16_mac_unit_146                                                                     2151    163.952     0.000      163.952 <none> (D)  
        u_add                bf16_fp32_add_146                                                                     1608    119.060     0.000      119.060 <none> (D)  
        u_mul                bf16_mul_146                                                                           541     44.746     0.000       44.746 <none> (D)  
    g_row[4].g_col[19].u_pe  pe_147                                                                                2268    192.748     0.000      192.748 <none> (D)  
      u_mac                  bf16_mac_unit_147                                                                     2139    162.800     0.000      162.800 <none> (D)  
        u_add                bf16_fp32_add_147                                                                     1594    117.573     0.000      117.573 <none> (D)  
        u_mul                bf16_mul_147                                                                           541     44.936     0.000       44.936 <none> (D)  
    g_row[4].g_col[1].u_pe   pe_129                                                                                2321    197.705     0.000      197.705 <none> (D)  
      u_mac                  bf16_mac_unit_129                                                                     2181    166.985     0.000      166.985 <none> (D)  
        u_add                bf16_fp32_add_129                                                                     1653    122.603     0.000      122.603 <none> (D)  
        u_mul                bf16_mul_129                                                                           525     44.163     0.000       44.163 <none> (D)  
    g_row[4].g_col[20].u_pe  pe_148                                                                                2246    193.170     0.000      193.170 <none> (D)  
      u_mac                  bf16_mac_unit_148                                                                     2117    163.223     0.000      163.223 <none> (D)  
        u_add                bf16_fp32_add_148                                                                     1572    117.967     0.000      117.967 <none> (D)  
        u_mul                bf16_mul_148                                                                           538     44.746     0.000       44.746 <none> (D)  
    g_row[4].g_col[21].u_pe  pe_149                                                                                2215    189.307     0.000      189.307 <none> (D)  
      u_mac                  bf16_mac_unit_149                                                                     2086    159.374     0.000      159.374 <none> (D)  
        u_add                bf16_fp32_add_149                                                                     1559    116.334     0.000      116.334 <none> (D)  
        u_mul                bf16_mul_149                                                                           527     43.040     0.000       43.040 <none> (D)  
    g_row[4].g_col[22].u_pe  pe_150                                                                                2275    193.185     0.000      193.185 <none> (D)  
      u_mac                  bf16_mac_unit_150                                                                     2136    162.538     0.000      162.538 <none> (D)  
        u_add                bf16_fp32_add_150                                                                     1589    117.792     0.000      117.792 <none> (D)  
        u_mul                bf16_mul_150                                                                           546     44.673     0.000       44.673 <none> (D)  
    g_row[4].g_col[23].u_pe  pe_151                                                                                2293    193.316     0.000      193.316 <none> (D)  
      u_mac                  bf16_mac_unit_151                                                                     2160    163.106     0.000      163.106 <none> (D)  
        u_add                bf16_fp32_add_151                                                                     1590    118.302     0.000      118.302 <none> (D)  
        u_mul                bf16_mul_151                                                                           570     44.804     0.000       44.804 <none> (D)  
    g_row[4].g_col[24].u_pe  pe_152                                                                                2260    189.905     0.000      189.905 <none> (D)  
      u_mac                  bf16_mac_unit_152                                                                     2131    159.957     0.000      159.957 <none> (D)  
        u_add                bf16_fp32_add_152                                                                     1555    114.978     0.000      114.978 <none> (D)  
        u_mul                bf16_mul_152                                                                           571     44.615     0.000       44.615 <none> (D)  
    g_row[4].g_col[25].u_pe  pe_153                                                                                2242    192.748     0.000      192.748 <none> (D)  
      u_mac                  bf16_mac_unit_153                                                                     2100    161.882     0.000      161.882 <none> (D)  
        u_add                bf16_fp32_add_153                                                                     1573    117.748     0.000      117.748 <none> (D)  
        u_mul                bf16_mul_153                                                                           523     43.842     0.000       43.842 <none> (D)  
    g_row[4].g_col[26].u_pe  pe_154                                                                                2313    195.532     0.000      195.532 <none> (D)  
      u_mac                  bf16_mac_unit_154                                                                     2180    165.308     0.000      165.308 <none> (D)  
        u_add                bf16_fp32_add_154                                                                     1607    119.906     0.000      119.906 <none> (D)  
        u_mul                bf16_mul_154                                                                           572     45.344     0.000       45.344 <none> (D)  
    g_row[4].g_col[27].u_pe  pe_155                                                                                2169    187.018     0.000      187.018 <none> (D)  
      u_mac                  bf16_mac_unit_155                                                                     2040    157.070     0.000      157.070 <none> (D)  
        u_add                bf16_fp32_add_155                                                                     1513    113.447     0.000      113.447 <none> (D)  
        u_mul                bf16_mul_155                                                                           525     43.478     0.000       43.478 <none> (D)  
    g_row[4].g_col[28].u_pe  pe_156                                                                                2129    183.854     0.000      183.854 <none> (D)  
      u_mac                  bf16_mac_unit_156                                                                     1993    153.411     0.000      153.411 <none> (D)  
        u_add                bf16_fp32_add_156                                                                     1474    111.114     0.000      111.114 <none> (D)  
        u_mul                bf16_mul_156                                                                           517     42.165     0.000       42.165 <none> (D)  
    g_row[4].g_col[29].u_pe  pe_157                                                                                2279    194.614     0.000      194.614 <none> (D)  
      u_mac                  bf16_mac_unit_157                                                                     2148    164.535     0.000      164.535 <none> (D)  
        u_add                bf16_fp32_add_157                                                                     1607    119.439     0.000      119.439 <none> (D)  
        u_mul                bf16_mul_157                                                                           539     44.950     0.000       44.950 <none> (D)  
    g_row[4].g_col[2].u_pe   pe_130                                                                                2200    188.053     0.000      188.053 <none> (D)  
      u_mac                  bf16_mac_unit_130                                                                     2055    156.954     0.000      156.954 <none> (D)  
        u_add                bf16_fp32_add_130                                                                     1551    115.969     0.000      115.969 <none> (D)  
        u_mul                bf16_mul_130                                                                           503     40.911     0.000       40.911 <none> (D)  
    g_row[4].g_col[30].u_pe  pe_158                                                                                2215    189.073     0.000      189.073 <none> (D)  
      u_mac                  bf16_mac_unit_158                                                                     2086    159.141     0.000      159.141 <none> (D)  
        u_add                bf16_fp32_add_158                                                                     1579    117.384     0.000      117.384 <none> (D)  
        u_mul                bf16_mul_158                                                                           507     41.757     0.000       41.757 <none> (D)  
    g_row[4].g_col[31].u_pe  pe_159                                                                                2275    191.800     0.000      191.800 <none> (D)  
      u_mac                  bf16_mac_unit_159                                                                     2145    161.794     0.000      161.794 <none> (D)  
        u_add                bf16_fp32_add_159                                                                     1578    117.369     0.000      117.369 <none> (D)  
        u_mul                bf16_mul_159                                                                           567     44.425     0.000       44.425 <none> (D)  
    g_row[4].g_col[3].u_pe   pe_131                                                                                2193    187.863     0.000      187.863 <none> (D)  
      u_mac                  bf16_mac_unit_131                                                                     2063    157.843     0.000      157.843 <none> (D)  
        u_add                bf16_fp32_add_131                                                                     1535    113.986     0.000      113.986 <none> (D)  
        u_mul                bf16_mul_131                                                                           525     43.638     0.000       43.638 <none> (D)  
    g_row[4].g_col[4].u_pe   pe_132                                                                                2210    189.817     0.000      189.817 <none> (D)  
      u_mac                  bf16_mac_unit_132                                                                     2072    159.243     0.000      159.243 <none> (D)  
        u_add                bf16_fp32_add_132                                                                     1566    116.582     0.000      116.582 <none> (D)  
        u_mul                bf16_mul_132                                                                           504     42.515     0.000       42.515 <none> (D)  
    g_row[4].g_col[5].u_pe   pe_133                                                                                2289    192.646     0.000      192.646 <none> (D)  
      u_mac                  bf16_mac_unit_133                                                                     2160    162.698     0.000      162.698 <none> (D)  
        u_add                bf16_fp32_add_133                                                                     1578    116.465     0.000      116.465 <none> (D)  
        u_mul                bf16_mul_133                                                                           578     45.942     0.000       45.942 <none> (D)  
    g_row[4].g_col[6].u_pe   pe_134                                                                                2095    182.848     0.000      182.848 <none> (D)  
      u_mac                  bf16_mac_unit_134                                                                     1956    152.201     0.000      152.201 <none> (D)  
        u_add                bf16_fp32_add_134                                                                     1467    111.697     0.000      111.697 <none> (D)  
        u_mul                bf16_mul_134                                                                           488     40.430     0.000       40.430 <none> (D)  
    g_row[4].g_col[7].u_pe   pe_135                                                                                2245    190.036     0.000      190.036 <none> (D)  
      u_mac                  bf16_mac_unit_135                                                                     2116    160.088     0.000      160.088 <none> (D)  
        u_add                bf16_fp32_add_135                                                                     1598    117.967     0.000      117.967 <none> (D)  
        u_mul                bf16_mul_135                                                                           518     42.122     0.000       42.122 <none> (D)  
    g_row[4].g_col[8].u_pe   pe_136                                                                                2307    194.512     0.000      194.512 <none> (D)  
      u_mac                  bf16_mac_unit_136                                                                     2176    164.433     0.000      164.433 <none> (D)  
        u_add                bf16_fp32_add_136                                                                     1618    118.506     0.000      118.506 <none> (D)  
        u_mul                bf16_mul_136                                                                           553     45.562     0.000       45.562 <none> (D)  
    g_row[4].g_col[9].u_pe   pe_137                                                                                2345    194.920     0.000      194.920 <none> (D)  
      u_mac                  bf16_mac_unit_137                                                                     2207    164.346     0.000      164.346 <none> (D)  
        u_add                bf16_fp32_add_137                                                                     1625    118.725     0.000      118.725 <none> (D)  
        u_mul                bf16_mul_137                                                                           579     45.402     0.000       45.402 <none> (D)  
    g_row[5].g_col[0].u_pe   pe_160                                                                                2230    189.584     0.000      189.584 <none> (D)  
      u_mac                  bf16_mac_unit_160                                                                     2101    159.651     0.000      159.651 <none> (D)  
        u_add                bf16_fp32_add_160                                                                     1578    117.296     0.000      117.296 <none> (D)  
        u_mul                bf16_mul_160                                                                           523     42.355     0.000       42.355 <none> (D)  
    g_row[5].g_col[10].u_pe  pe_170                                                                                2089    181.390     0.000      181.390 <none> (D)  
      u_mac                  bf16_mac_unit_170                                                                     1960    151.442     0.000      151.442 <none> (D)  
        u_add                bf16_fp32_add_170                                                                     1487    111.129     0.000      111.129 <none> (D)  
        u_mul                bf16_mul_170                                                                           471     40.168     0.000       40.168 <none> (D)  
    g_row[5].g_col[11].u_pe  pe_171                                                                                2130    182.119     0.000      182.119 <none> (D)  
      u_mac                  bf16_mac_unit_171                                                                     2001    152.186     0.000      152.186 <none> (D)  
        u_add                bf16_fp32_add_171                                                                     1478    110.021     0.000      110.021 <none> (D)  
        u_mul                bf16_mul_171                                                                           519     41.874     0.000       41.874 <none> (D)  
    g_row[5].g_col[12].u_pe  pe_172                                                                                2257    190.838     0.000      190.838 <none> (D)  
      u_mac                  bf16_mac_unit_172                                                                     2123    160.540     0.000      160.540 <none> (D)  
        u_add                bf16_fp32_add_172                                                                     1544    115.138     0.000      115.138 <none> (D)  
        u_mul                bf16_mul_172                                                                           579     45.402     0.000       45.402 <none> (D)  
    g_row[5].g_col[13].u_pe  pe_173                                                                                2133    183.912     0.000      183.912 <none> (D)  
      u_mac                  bf16_mac_unit_173                                                                     1990    152.973     0.000      152.973 <none> (D)  
        u_add                bf16_fp32_add_173                                                                     1491    112.528     0.000      112.528 <none> (D)  
        u_mul                bf16_mul_173                                                                           497     40.299     0.000       40.299 <none> (D)  
    g_row[5].g_col[14].u_pe  pe_174                                                                                2231    189.409     0.000      189.409 <none> (D)  
      u_mac                  bf16_mac_unit_174                                                                     2102    159.476     0.000      159.476 <none> (D)  
        u_add                bf16_fp32_add_174                                                                     1595    117.354     0.000      117.354 <none> (D)  
        u_mul                bf16_mul_174                                                                           507     42.122     0.000       42.122 <none> (D)  
    g_row[5].g_col[15].u_pe  pe_175                                                                                2202    187.601     0.000      187.601 <none> (D)  
      u_mac                  bf16_mac_unit_175                                                                     2072    157.595     0.000      157.595 <none> (D)  
        u_add                bf16_fp32_add_175                                                                     1548    113.986     0.000      113.986 <none> (D)  
        u_mul                bf16_mul_175                                                                           521     43.390     0.000       43.390 <none> (D)  
    g_row[5].g_col[16].u_pe  pe_176                                                                                2302    195.678     0.000      195.678 <none> (D)  
      u_mac                  bf16_mac_unit_176                                                                     2163    165.016     0.000      165.016 <none> (D)  
        u_add                bf16_fp32_add_176                                                                     1628    121.029     0.000      121.029 <none> (D)  
        u_mul                bf16_mul_176                                                                           534     43.915     0.000       43.915 <none> (D)  
    g_row[5].g_col[17].u_pe  pe_177                                                                                2148    185.399     0.000      185.399 <none> (D)  
      u_mac                  bf16_mac_unit_177                                                                     2018    155.379     0.000      155.379 <none> (D)  
        u_add                bf16_fp32_add_177                                                                     1513    112.689     0.000      112.689 <none> (D)  
        u_mul                bf16_mul_177                                                                           505     42.690     0.000       42.690 <none> (D)  
    g_row[5].g_col[18].u_pe  pe_178                                                                                2291    194.162     0.000      194.162 <none> (D)  
      u_mac                  bf16_mac_unit_178                                                                     2161    164.156     0.000      164.156 <none> (D)  
        u_add                bf16_fp32_add_178                                                                     1585    117.923     0.000      117.923 <none> (D)  
        u_mul                bf16_mul_178                                                                           574     46.087     0.000       46.087 <none> (D)  
    g_row[5].g_col[19].u_pe  pe_179                                                                                2213    189.715     0.000      189.715 <none> (D)  
      u_mac                  bf16_mac_unit_179                                                                     2083    159.695     0.000      159.695 <none> (D)  
        u_add                bf16_fp32_add_179                                                                     1535    114.424     0.000      114.424 <none> (D)  
        u_mul                bf16_mul_179                                                                           543     44.906     0.000       44.906 <none> (D)  
    g_row[5].g_col[1].u_pe   pe_161                                                                                2249    193.972     0.000      193.972 <none> (D)  
      u_mac                  bf16_mac_unit_161                                                                     2116    163.733     0.000      163.733 <none> (D)  
        u_add                bf16_fp32_add_161                                                                     1578    118.375     0.000      118.375 <none> (D)  
        u_mul                bf16_mul_161                                                                           537     45.285     0.000       45.285 <none> (D)  
    g_row[5].g_col[20].u_pe  pe_180                                                                                2235    190.663     0.000      190.663 <none> (D)  
      u_mac                  bf16_mac_unit_180                                                                     2100    160.307     0.000      160.307 <none> (D)  
        u_add                bf16_fp32_add_180                                                                     1538    114.876     0.000      114.876 <none> (D)  
        u_mul                bf16_mul_180                                                                           557     45.067     0.000       45.067 <none> (D)  
    g_row[5].g_col[21].u_pe  pe_181                                                                                2109    182.935     0.000      182.935 <none> (D)  
      u_mac                  bf16_mac_unit_181                                                                     1980    152.988     0.000      152.988 <none> (D)  
        u_add                bf16_fp32_add_181                                                                     1506    113.141     0.000      113.141 <none> (D)  
        u_mul                bf16_mul_181                                                                           474     39.847     0.000       39.847 <none> (D)  
    g_row[5].g_col[22].u_pe  pe_182                                                                                2281    193.783     0.000      193.783 <none> (D)  
      u_mac                  bf16_mac_unit_182                                                                     2152    163.835     0.000      163.835 <none> (D)  
        u_add                bf16_fp32_add_182                                                                     1581    117.646     0.000      117.646 <none> (D)  
        u_mul                bf16_mul_182                                                                           569     46.044     0.000       46.044 <none> (D)  
    g_row[5].g_col[23].u_pe  pe_183                                                                                2285    192.806     0.000      192.806 <none> (D)  
      u_mac                  bf16_mac_unit_183                                                                     2156    162.873     0.000      162.873 <none> (D)  
        u_add                bf16_fp32_add_183                                                                     1575    117.486     0.000      117.486 <none> (D)  
        u_mul                bf16_mul_183                                                                           581     45.388     0.000       45.388 <none> (D)  
    g_row[5].g_col[24].u_pe  pe_184                                                                                2262    189.715     0.000      189.715 <none> (D)  
      u_mac                  bf16_mac_unit_184                                                                     2133    159.768     0.000      159.768 <none> (D)  
        u_add                bf16_fp32_add_184                                                                     1574    115.488     0.000      115.488 <none> (D)  
        u_mul                bf16_mul_184                                                                           554     43.915     0.000       43.915 <none> (D)  
    g_row[5].g_col[25].u_pe  pe_185                                                                                2185    190.925     0.000      190.925 <none> (D)  
      u_mac                  bf16_mac_unit_185                                                                     2039    159.753     0.000      159.753 <none> (D)  
        u_add                bf16_fp32_add_185                                                                     1552    117.121     0.000      117.121 <none> (D)  
        u_mul                bf16_mul_185                                                                           485     42.486     0.000       42.486 <none> (D)  
    g_row[5].g_col[26].u_pe  pe_186                                                                                2243    192.019     0.000      192.019 <none> (D)  
      u_mac                  bf16_mac_unit_186                                                                     2114    162.086     0.000      162.086 <none> (D)  
        u_add                bf16_fp32_add_186                                                                     1551    117.602     0.000      117.602 <none> (D)  
        u_mul                bf16_mul_186                                                                           563     44.484     0.000       44.484 <none> (D)  
    g_row[5].g_col[27].u_pe  pe_187                                                                                2194    187.134     0.000      187.134 <none> (D)  
      u_mac                  bf16_mac_unit_187                                                                     2064    157.114     0.000      157.114 <none> (D)  
        u_add                bf16_fp32_add_187                                                                     1578    116.261     0.000      116.261 <none> (D)  
        u_mul                bf16_mul_187                                                                           485     40.780     0.000       40.780 <none> (D)  
    g_row[5].g_col[28].u_pe  pe_188                                                                                2153    187.470     0.000      187.470 <none> (D)  
      u_mac                  bf16_mac_unit_188                                                                     2001    155.875     0.000      155.875 <none> (D)  
        u_add                bf16_fp32_add_188                                                                     1494    114.395     0.000      114.395 <none> (D)  
        u_mul                bf16_mul_188                                                                           505     41.334     0.000       41.334 <none> (D)  
    g_row[5].g_col[29].u_pe  pe_189                                                                                2252    191.581     0.000      191.581 <none> (D)  
      u_mac                  bf16_mac_unit_189                                                                     2117    161.226     0.000      161.226 <none> (D)  
        u_add                bf16_fp32_add_189                                                                     1569    116.261     0.000      116.261 <none> (D)  
        u_mul                bf16_mul_189                                                                           548     44.965     0.000       44.965 <none> (D)  
    g_row[5].g_col[2].u_pe   pe_162                                                                                2108    181.929     0.000      181.929 <none> (D)  
      u_mac                  bf16_mac_unit_162                                                                     1971    151.413     0.000      151.413 <none> (D)  
        u_add                bf16_fp32_add_162                                                                     1478    111.085     0.000      111.085 <none> (D)  
        u_mul                bf16_mul_162                                                                           491     40.182     0.000       40.182 <none> (D)  
    g_row[5].g_col[30].u_pe  pe_190                                                                                2124    181.740     0.000      181.740 <none> (D)  
      u_mac                  bf16_mac_unit_190                                                                     1995    151.792     0.000      151.792 <none> (D)  
        u_add                bf16_fp32_add_190                                                                     1469    109.612     0.000      109.612 <none> (D)  
        u_mul                bf16_mul_190                                                                           522     41.888     0.000       41.888 <none> (D)  
    g_row[5].g_col[31].u_pe  pe_191                                                                                2357    197.151     0.000      197.151 <none> (D)  
      u_mac                  bf16_mac_unit_191                                                                     2204    165.498     0.000      165.498 <none> (D)  
        u_add                bf16_fp32_add_191                                                                     1623    119.848     0.000      119.848 <none> (D)  
        u_mul                bf16_mul_191                                                                           581     45.650     0.000       45.650 <none> (D)  
    g_row[5].g_col[3].u_pe   pe_163                                                                                2229    189.321     0.000      189.321 <none> (D)  
      u_mac                  bf16_mac_unit_163                                                                     2100    159.374     0.000      159.374 <none> (D)  
        u_add                bf16_fp32_add_163                                                                     1576    116.013     0.000      116.013 <none> (D)  
        u_mul                bf16_mul_163                                                                           520     43.069     0.000       43.069 <none> (D)  
    g_row[5].g_col[4].u_pe   pe_164                                                                                2189    191.056     0.000      191.056 <none> (D)  
      u_mac                  bf16_mac_unit_164                                                                     2045    160.045     0.000      160.045 <none> (D)  
        u_add                bf16_fp32_add_164                                                                     1549    117.456     0.000      117.456 <none> (D)  
        u_mul                bf16_mul_164                                                                           494     42.442     0.000       42.442 <none> (D)  
    g_row[5].g_col[5].u_pe   pe_165                                                                                2207    189.059     0.000      189.059 <none> (D)  
      u_mac                  bf16_mac_unit_165                                                                     2078    159.112     0.000      159.112 <none> (D)  
        u_add                bf16_fp32_add_165                                                                     1534    114.380     0.000      114.380 <none> (D)  
        u_mul                bf16_mul_165                                                                           541     44.513     0.000       44.513 <none> (D)  
    g_row[5].g_col[6].u_pe   pe_166                                                                                2172    186.726     0.000      186.726 <none> (D)  
      u_mac                  bf16_mac_unit_166                                                                     2035    156.210     0.000      156.210 <none> (D)  
        u_add                bf16_fp32_add_166                                                                     1502    113.841     0.000      113.841 <none> (D)  
        u_mul                bf16_mul_166                                                                           530     42.165     0.000       42.165 <none> (D)  
    g_row[5].g_col[7].u_pe   pe_167                                                                                2112    184.860     0.000      184.860 <none> (D)  
      u_mac                  bf16_mac_unit_167                                                                     1983    154.912     0.000      154.912 <none> (D)  
        u_add                bf16_fp32_add_167                                                                     1512    114.249     0.000      114.249 <none> (D)  
        u_mul                bf16_mul_167                                                                           471     40.664     0.000       40.664 <none> (D)  
    g_row[5].g_col[8].u_pe   pe_168                                                                                2211    190.094     0.000      190.094 <none> (D)  
      u_mac                  bf16_mac_unit_168                                                                     2082    160.147     0.000      160.147 <none> (D)  
        u_add                bf16_fp32_add_168                                                                     1537    115.299     0.000      115.299 <none> (D)  
        u_mul                bf16_mul_168                                                                           542     44.629     0.000       44.629 <none> (D)  
    g_row[5].g_col[9].u_pe   pe_169                                                                                2220    189.175     0.000      189.175 <none> (D)  
      u_mac                  bf16_mac_unit_169                                                                     2090    159.170     0.000      159.170 <none> (D)  
        u_add                bf16_fp32_add_169                                                                     1564    116.275     0.000      116.275 <none> (D)  
        u_mul                bf16_mul_169                                                                           524     42.778     0.000       42.778 <none> (D)  
    g_row[6].g_col[0].u_pe   pe_192                                                                                2316    195.051     0.000      195.051 <none> (D)  
      u_mac                  bf16_mac_unit_192                                                                     2187    165.119     0.000      165.119 <none> (D)  
        u_add                bf16_fp32_add_192                                                                     1651    121.087     0.000      121.087 <none> (D)  
        u_mul                bf16_mul_192                                                                           536     44.032     0.000       44.032 <none> (D)  
    g_row[6].g_col[10].u_pe  pe_202                                                                                2270    193.229     0.000      193.229 <none> (D)  
      u_mac                  bf16_mac_unit_202                                                                     2141    163.281     0.000      163.281 <none> (D)  
        u_add                bf16_fp32_add_202                                                                     1611    119.060     0.000      119.060 <none> (D)  
        u_mul                bf16_mul_202                                                                           529     44.148     0.000       44.148 <none> (D)  
    g_row[6].g_col[11].u_pe  pe_203                                                                                2249    189.802     0.000      189.802 <none> (D)  
      u_mac                  bf16_mac_unit_203                                                                     2118    159.709     0.000      159.709 <none> (D)  
        u_add                bf16_fp32_add_203                                                                     1557    115.051     0.000      115.051 <none> (D)  
        u_mul                bf16_mul_203                                                                           557     44.367     0.000       44.367 <none> (D)  
    g_row[6].g_col[12].u_pe  pe_204                                                                                2212    189.015     0.000      189.015 <none> (D)  
      u_mac                  bf16_mac_unit_204                                                                     2079    158.820     0.000      158.820 <none> (D)  
        u_add                bf16_fp32_add_204                                                                     1526    115.211     0.000      115.211 <none> (D)  
        u_mul                bf16_mul_204                                                                           553     43.609     0.000       43.609 <none> (D)  
    g_row[6].g_col[13].u_pe  pe_205                                                                                2190    188.461     0.000      188.461 <none> (D)  
      u_mac                  bf16_mac_unit_205                                                                     2052    157.872     0.000      157.872 <none> (D)  
        u_add                bf16_fp32_add_205                                                                     1543    116.450     0.000      116.450 <none> (D)  
        u_mul                bf16_mul_205                                                                           507     41.276     0.000       41.276 <none> (D)  
    g_row[6].g_col[14].u_pe  pe_206                                                                                2303    194.133     0.000      194.133 <none> (D)  
      u_mac                  bf16_mac_unit_206                                                                     2155    162.829     0.000      162.829 <none> (D)  
        u_add                bf16_fp32_add_206                                                                     1600    118.069     0.000      118.069 <none> (D)  
        u_mul                bf16_mul_206                                                                           550     44.396     0.000       44.396 <none> (D)  
    g_row[6].g_col[15].u_pe  pe_207                                                                                2289    194.658     0.000      194.658 <none> (D)  
      u_mac                  bf16_mac_unit_207                                                                     2156    164.419     0.000      164.419 <none> (D)  
        u_add                bf16_fp32_add_207                                                                     1612    118.696     0.000      118.696 <none> (D)  
        u_mul                bf16_mul_207                                                                           539     45.373     0.000       45.373 <none> (D)  
    g_row[6].g_col[16].u_pe  pe_208                                                                                2224    190.531     0.000      190.531 <none> (D)  
      u_mac                  bf16_mac_unit_208                                                                     2091    160.322     0.000      160.322 <none> (D)  
        u_add                bf16_fp32_add_208                                                                     1576    117.631     0.000      117.631 <none> (D)  
        u_mul                bf16_mul_208                                                                           512     42.472     0.000       42.472 <none> (D)  
    g_row[6].g_col[17].u_pe  pe_209                                                                                2130    184.087     0.000      184.087 <none> (D)  
      u_mac                  bf16_mac_unit_209                                                                     2001    154.140     0.000      154.140 <none> (D)  
        u_add                bf16_fp32_add_209                                                                     1511    112.864     0.000      112.864 <none> (D)  
        u_mul                bf16_mul_209                                                                           489     41.203     0.000       41.203 <none> (D)  
    g_row[6].g_col[18].u_pe  pe_210                                                                                2309    197.107     0.000      197.107 <none> (D)  
      u_mac                  bf16_mac_unit_210                                                                     2165    166.095     0.000      166.095 <none> (D)  
        u_add                bf16_fp32_add_210                                                                     1619    120.125     0.000      120.125 <none> (D)  
        u_mul                bf16_mul_210                                                                           544     45.825     0.000       45.825 <none> (D)  
    g_row[6].g_col[19].u_pe  pe_211                                                                                2224    190.779     0.000      190.779 <none> (D)  
      u_mac                  bf16_mac_unit_211                                                                     2094    160.788     0.000      160.788 <none> (D)  
        u_add                bf16_fp32_add_211                                                                     1564    116.611     0.000      116.611 <none> (D)  
        u_mul                bf16_mul_211                                                                           526     43.886     0.000       43.886 <none> (D)  
    g_row[6].g_col[1].u_pe   pe_193                                                                                2228    192.616     0.000      192.616 <none> (D)  
      u_mac                  bf16_mac_unit_193                                                                     2088    161.896     0.000      161.896 <none> (D)  
        u_add                bf16_fp32_add_193                                                                     1595    119.017     0.000      119.017 <none> (D)  
        u_mul                bf16_mul_193                                                                           489     42.588     0.000       42.588 <none> (D)  
    g_row[6].g_col[20].u_pe  pe_212                                                                                2251    191.975     0.000      191.975 <none> (D)  
      u_mac                  bf16_mac_unit_212                                                                     2107    160.963     0.000      160.963 <none> (D)  
        u_add                bf16_fp32_add_212                                                                     1566    116.028     0.000      116.028 <none> (D)  
        u_mul                bf16_mul_212                                                                           539     44.790     0.000       44.790 <none> (D)  
    g_row[6].g_col[21].u_pe  pe_213                                                                                2206    187.105     0.000      187.105 <none> (D)  
      u_mac                  bf16_mac_unit_213                                                                     2077    157.158     0.000      157.158 <none> (D)  
        u_add                bf16_fp32_add_213                                                                     1527    112.908     0.000      112.908 <none> (D)  
        u_mul                bf16_mul_213                                                                           545     43.886     0.000       43.886 <none> (D)  
    g_row[6].g_col[22].u_pe  pe_214                                                                                2231    191.056     0.000      191.056 <none> (D)  
      u_mac                  bf16_mac_unit_214                                                                     2102    161.109     0.000      161.109 <none> (D)  
        u_add                bf16_fp32_add_214                                                                     1570    117.092     0.000      117.092 <none> (D)  
        u_mul                bf16_mul_214                                                                           529     43.798     0.000       43.798 <none> (D)  
    g_row[6].g_col[23].u_pe  pe_215                                                                                2234    190.225     0.000      190.225 <none> (D)  
      u_mac                  bf16_mac_unit_215                                                                     2103    160.147     0.000      160.147 <none> (D)  
        u_add                bf16_fp32_add_215                                                                     1544    116.363     0.000      116.363 <none> (D)  
        u_mul                bf16_mul_215                                                                           559     43.784     0.000       43.784 <none> (D)  
    g_row[6].g_col[24].u_pe  pe_216                                                                                2358    197.078     0.000      197.078 <none> (D)  
      u_mac                  bf16_mac_unit_216                                                                     2226    166.912     0.000      166.912 <none> (D)  
        u_add                bf16_fp32_add_216                                                                     1654    120.781     0.000      120.781 <none> (D)  
        u_mul                bf16_mul_216                                                                           567     45.767     0.000       45.767 <none> (D)  
    g_row[6].g_col[25].u_pe  pe_217                                                                                2224    191.975     0.000      191.975 <none> (D)  
      u_mac                  bf16_mac_unit_217                                                                     2091    161.765     0.000      161.765 <none> (D)  
        u_add                bf16_fp32_add_217                                                                     1605    119.629     0.000      119.629 <none> (D)  
        u_mul                bf16_mul_217                                                                           483     41.917     0.000       41.917 <none> (D)  
    g_row[6].g_col[26].u_pe  pe_218                                                                                2236    190.911     0.000      190.911 <none> (D)  
      u_mac                  bf16_mac_unit_218                                                                     2105    160.832     0.000      160.832 <none> (D)  
        u_add                bf16_fp32_add_218                                                                     1543    116.071     0.000      116.071 <none> (D)  
        u_mul                bf16_mul_218                                                                           562     44.761     0.000       44.761 <none> (D)  
    g_row[6].g_col[27].u_pe  pe_219                                                                                2291    194.031     0.000      194.031 <none> (D)  
      u_mac                  bf16_mac_unit_219                                                                     2153    163.456     0.000      163.456 <none> (D)  
        u_add                bf16_fp32_add_219                                                                     1609    118.535     0.000      118.535 <none> (D)  
        u_mul                bf16_mul_219                                                                           543     44.848     0.000       44.848 <none> (D)  
    g_row[6].g_col[28].u_pe  pe_220                                                                                2137    185.501     0.000      185.501 <none> (D)  
      u_mac                  bf16_mac_unit_220                                                                     1993    154.475     0.000      154.475 <none> (D)  
        u_add                bf16_fp32_add_220                                                                     1467    111.785     0.000      111.785 <none> (D)  
        u_mul                bf16_mul_220                                                                           524     42.559     0.000       42.559 <none> (D)  
    g_row[6].g_col[29].u_pe  pe_221                                                                                2241    192.748     0.000      192.748 <none> (D)  
      u_mac                  bf16_mac_unit_221                                                                     2112    162.800     0.000      162.800 <none> (D)  
        u_add                bf16_fp32_add_221                                                                     1566    116.961     0.000      116.961 <none> (D)  
        u_mul                bf16_mul_221                                                                           546     45.840     0.000       45.840 <none> (D)  
    g_row[6].g_col[2].u_pe   pe_194                                                                                2095    182.717     0.000      182.717 <none> (D)  
      u_mac                  bf16_mac_unit_194                                                                     1953    151.836     0.000      151.836 <none> (D)  
        u_add                bf16_fp32_add_194                                                                     1444    110.444     0.000      110.444 <none> (D)  
        u_mul                bf16_mul_194                                                                           507     41.247     0.000       41.247 <none> (D)  
    g_row[6].g_col[30].u_pe  pe_222                                                                                2195    186.332     0.000      186.332 <none> (D)  
      u_mac                  bf16_mac_unit_222                                                                     2066    156.385     0.000      156.385 <none> (D)  
        u_add                bf16_fp32_add_222                                                                     1529    113.141     0.000      113.141 <none> (D)  
        u_mul                bf16_mul_222                                                                           535     43.098     0.000       43.098 <none> (D)  
    g_row[6].g_col[31].u_pe  pe_223                                                                                2232    190.677     0.000      190.677 <none> (D)  
      u_mac                  bf16_mac_unit_223                                                                     2085    159.461     0.000      159.461 <none> (D)  
        u_add                bf16_fp32_add_223                                                                     1531    115.182     0.000      115.182 <none> (D)  
        u_mul                bf16_mul_223                                                                           553     44.221     0.000       44.221 <none> (D)  
    g_row[6].g_col[3].u_pe   pe_195                                                                                2236    191.742     0.000      191.742 <none> (D)  
      u_mac                  bf16_mac_unit_195                                                                     2107    161.794     0.000      161.794 <none> (D)  
        u_add                bf16_fp32_add_195                                                                     1553    116.450     0.000      116.450 <none> (D)  
        u_mul                bf16_mul_195                                                                           551     45.125     0.000       45.125 <none> (D)  
    g_row[6].g_col[4].u_pe   pe_196                                                                                2214    192.237     0.000      192.237 <none> (D)  
      u_mac                  bf16_mac_unit_196                                                                     2077    161.736     0.000      161.736 <none> (D)  
        u_add                bf16_fp32_add_196                                                                     1584    119.089     0.000      119.089 <none> (D)  
        u_mul                bf16_mul_196                                                                           489     42.355     0.000       42.355 <none> (D)  
    g_row[6].g_col[5].u_pe   pe_197                                                                                2245    191.902     0.000      191.902 <none> (D)  
      u_mac                  bf16_mac_unit_197                                                                     2102    160.963     0.000      160.963 <none> (D)  
        u_add                bf16_fp32_add_197                                                                     1551    115.546     0.000      115.546 <none> (D)  
        u_mul                bf16_mul_197                                                                           550     45.344     0.000       45.344 <none> (D)  
    g_row[6].g_col[6].u_pe   pe_198                                                                                2139    185.181     0.000      185.181 <none> (D)  
      u_mac                  bf16_mac_unit_198                                                                     2003    154.738     0.000      154.738 <none> (D)  
        u_add                bf16_fp32_add_198                                                                     1473    111.901     0.000      111.901 <none> (D)  
        u_mul                bf16_mul_198                                                                           528     42.690     0.000       42.690 <none> (D)  
    g_row[6].g_col[7].u_pe   pe_199                                                                                2195    188.374     0.000      188.374 <none> (D)  
      u_mac                  bf16_mac_unit_199                                                                     2063    158.222     0.000      158.222 <none> (D)  
        u_add                bf16_fp32_add_199                                                                     1566    116.815     0.000      116.815 <none> (D)  
        u_mul                bf16_mul_199                                                                           497     41.407     0.000       41.407 <none> (D)  
    g_row[6].g_col[8].u_pe   pe_200                                                                                2231    190.998     0.000      190.998 <none> (D)  
      u_mac                  bf16_mac_unit_200                                                                     2102    161.065     0.000      161.065 <none> (D)  
        u_add                bf16_fp32_add_200                                                                     1564    116.727     0.000      116.727 <none> (D)  
        u_mul                bf16_mul_200                                                                           534     44.046     0.000       44.046 <none> (D)  
    g_row[6].g_col[9].u_pe   pe_201                                                                                2257    191.683     0.000      191.683 <none> (D)  
      u_mac                  bf16_mac_unit_201                                                                     2128    161.751     0.000      161.751 <none> (D)  
        u_add                bf16_fp32_add_201                                                                     1593    117.938     0.000      117.938 <none> (D)  
        u_mul                bf16_mul_201                                                                           535     43.813     0.000       43.813 <none> (D)  
    g_row[7].g_col[0].u_pe   pe_224                                                                                2233    189.919     0.000      189.919 <none> (D)  
      u_mac                  bf16_mac_unit_224                                                                     2103    159.913     0.000      159.913 <none> (D)  
        u_add                bf16_fp32_add_224                                                                     1541    114.701     0.000      114.701 <none> (D)  
        u_mul                bf16_mul_224                                                                           562     45.213     0.000       45.213 <none> (D)  
    g_row[7].g_col[10].u_pe  pe_234                                                                                2208    190.167     0.000      190.167 <none> (D)  
      u_mac                  bf16_mac_unit_234                                                                     2074    159.870     0.000      159.870 <none> (D)  
        u_add                bf16_fp32_add_234                                                                     1531    115.546     0.000      115.546 <none> (D)  
        u_mul                bf16_mul_234                                                                           543     44.323     0.000       44.323 <none> (D)  
    g_row[7].g_col[11].u_pe  pe_235                                                                                2206    185.239     0.000      185.239 <none> (D)  
      u_mac                  bf16_mac_unit_235                                                                     2076    155.219     0.000      155.219 <none> (D)  
        u_add                bf16_fp32_add_235                                                                     1537    112.499     0.000      112.499 <none> (D)  
        u_mul                bf16_mul_235                                                                           537     42.574     0.000       42.574 <none> (D)  
    g_row[7].g_col[12].u_pe  pe_236                                                                                2220    190.896     0.000      190.896 <none> (D)  
      u_mac                  bf16_mac_unit_236                                                                     2086    160.628     0.000      160.628 <none> (D)  
        u_add                bf16_fp32_add_236                                                                     1526    116.596     0.000      116.596 <none> (D)  
        u_mul                bf16_mul_236                                                                           560     44.032     0.000       44.032 <none> (D)  
    g_row[7].g_col[13].u_pe  pe_237                                                                                2154    188.724     0.000      188.724 <none> (D)  
      u_mac                  bf16_mac_unit_237                                                                     2018    158.280     0.000      158.280 <none> (D)  
        u_add                bf16_fp32_add_237                                                                     1514    115.940     0.000      115.940 <none> (D)  
        u_mul                bf16_mul_237                                                                           502     42.195     0.000       42.195 <none> (D)  
    g_row[7].g_col[14].u_pe  pe_238                                                                                2310    193.652     0.000      193.652 <none> (D)  
      u_mac                  bf16_mac_unit_238                                                                     2177    163.442     0.000      163.442 <none> (D)  
        u_add                bf16_fp32_add_238                                                                     1602    117.777     0.000      117.777 <none> (D)  
        u_mul                bf16_mul_238                                                                           571     45.373     0.000       45.373 <none> (D)  
    g_row[7].g_col[15].u_pe  pe_239                                                                                2236    192.733     0.000      192.733 <none> (D)  
      u_mac                  bf16_mac_unit_239                                                                     2107    162.786     0.000      162.786 <none> (D)  
        u_add                bf16_fp32_add_239                                                                     1582    118.054     0.000      118.054 <none> (D)  
        u_mul                bf16_mul_239                                                                           525     44.731     0.000       44.731 <none> (D)  
    g_row[7].g_col[16].u_pe  pe_240                                                                                2210    191.304     0.000      191.304 <none> (D)  
      u_mac                  bf16_mac_unit_240                                                                     2078    161.153     0.000      161.153 <none> (D)  
        u_add                bf16_fp32_add_240                                                                     1562    118.229     0.000      118.229 <none> (D)  
        u_mul                bf16_mul_240                                                                           516     42.924     0.000       42.924 <none> (D)  
    g_row[7].g_col[17].u_pe  pe_241                                                                                2269    193.783     0.000      193.783 <none> (D)  
      u_mac                  bf16_mac_unit_241                                                                     2137    163.617     0.000      163.617 <none> (D)  
        u_add                bf16_fp32_add_241                                                                     1571    117.617     0.000      117.617 <none> (D)  
        u_mul                bf16_mul_241                                                                           564     45.883     0.000       45.883 <none> (D)  
    g_row[7].g_col[18].u_pe  pe_242                                                                                2207    190.225     0.000      190.225 <none> (D)  
      u_mac                  bf16_mac_unit_242                                                                     2078    160.293     0.000      160.293 <none> (D)  
        u_add                bf16_fp32_add_242                                                                     1563    116.625     0.000      116.625 <none> (D)  
        u_mul                bf16_mul_242                                                                           514     43.594     0.000       43.594 <none> (D)  
    g_row[7].g_col[19].u_pe  pe_243                                                                                2202    186.653     0.000      186.653 <none> (D)  
      u_mac                  bf16_mac_unit_243                                                                     2065    156.152     0.000      156.152 <none> (D)  
        u_add                bf16_fp32_add_243                                                                     1525    112.485     0.000      112.485 <none> (D)  
        u_mul                bf16_mul_243                                                                           537     43.448     0.000       43.448 <none> (D)  
    g_row[7].g_col[1].u_pe   pe_225                                                                                2261    194.074     0.000      194.074 <none> (D)  
      u_mac                  bf16_mac_unit_225                                                                     2116    162.990     0.000      162.990 <none> (D)  
        u_add                bf16_fp32_add_225                                                                     1600    118.944     0.000      118.944 <none> (D)  
        u_mul                bf16_mul_225                                                                           513     43.827     0.000       43.827 <none> (D)  
    g_row[7].g_col[20].u_pe  pe_244                                                                                2247    191.144     0.000      191.144 <none> (D)  
      u_mac                  bf16_mac_unit_244                                                                     2115    160.978     0.000      160.978 <none> (D)  
        u_add                bf16_fp32_add_244                                                                     1550    115.488     0.000      115.488 <none> (D)  
        u_mul                bf16_mul_244                                                                           563     45.344     0.000       45.344 <none> (D)  
    g_row[7].g_col[21].u_pe  pe_245                                                                                2191    186.157     0.000      186.157 <none> (D)  
      u_mac                  bf16_mac_unit_245                                                                     2062    156.210     0.000      156.210 <none> (D)  
        u_add                bf16_fp32_add_245                                                                     1500    111.275     0.000      111.275 <none> (D)  
        u_mul                bf16_mul_245                                                                           557     44.586     0.000       44.586 <none> (D)  
    g_row[7].g_col[22].u_pe  pe_246                                                                                2239    192.077     0.000      192.077 <none> (D)  
      u_mac                  bf16_mac_unit_246                                                                     2107    161.925     0.000      161.925 <none> (D)  
        u_add                bf16_fp32_add_246                                                                     1582    117.704     0.000      117.704 <none> (D)  
        u_mul                bf16_mul_246                                                                           524     44.148     0.000       44.148 <none> (D)  
    g_row[7].g_col[23].u_pe  pe_247                                                                                2253    191.188     0.000      191.188 <none> (D)  
      u_mac                  bf16_mac_unit_247                                                                     2120    160.963     0.000      160.963 <none> (D)  
        u_add                bf16_fp32_add_247                                                                     1543    115.838     0.000      115.838 <none> (D)  
        u_mul                bf16_mul_247                                                                           577     45.125     0.000       45.125 <none> (D)  
    g_row[7].g_col[24].u_pe  pe_248                                                                                2299    193.885     0.000      193.885 <none> (D)  
      u_mac                  bf16_mac_unit_248                                                                     2170    163.938     0.000      163.938 <none> (D)  
        u_add                bf16_fp32_add_248                                                                     1571    116.480     0.000      116.480 <none> (D)  
        u_mul                bf16_mul_248                                                                           594     47.093     0.000       47.093 <none> (D)  
    g_row[7].g_col[25].u_pe  pe_249                                                                                2242    193.010     0.000      193.010 <none> (D)  
      u_mac                  bf16_mac_unit_249                                                                     2107    162.654     0.000      162.654 <none> (D)  
        u_add                bf16_fp32_add_249                                                                     1578    118.025     0.000      118.025 <none> (D)  
        u_mul                bf16_mul_249                                                                           524     44.265     0.000       44.265 <none> (D)  
    g_row[7].g_col[26].u_pe  pe_250                                                                                2243    190.415     0.000      190.415 <none> (D)  
      u_mac                  bf16_mac_unit_250                                                                     2112    160.336     0.000      160.336 <none> (D)  
        u_add                bf16_fp32_add_250                                                                     1530    115.138     0.000      115.138 <none> (D)  
        u_mul                bf16_mul_250                                                                           582     45.198     0.000       45.198 <none> (D)  
    g_row[7].g_col[27].u_pe  pe_251                                                                                2199    190.050     0.000      190.050 <none> (D)  
      u_mac                  bf16_mac_unit_251                                                                     2058    159.243     0.000      159.243 <none> (D)  
        u_add                bf16_fp32_add_251                                                                     1539    115.707     0.000      115.707 <none> (D)  
        u_mul                bf16_mul_251                                                                           519     43.536     0.000       43.536 <none> (D)  
    g_row[7].g_col[28].u_pe  pe_252                                                                                2096    183.766     0.000      183.766 <none> (D)  
      u_mac                  bf16_mac_unit_252                                                                     1947    152.390     0.000      152.390 <none> (D)  
        u_add                bf16_fp32_add_252                                                                     1456    112.062     0.000      112.062 <none> (D)  
        u_mul                bf16_mul_252                                                                           490     40.255     0.000       40.255 <none> (D)  
    g_row[7].g_col[29].u_pe  pe_253                                                                                2258    193.345     0.000      193.345 <none> (D)  
      u_mac                  bf16_mac_unit_253                                                                     2119    162.698     0.000      162.698 <none> (D)  
        u_add                bf16_fp32_add_253                                                                     1556    116.786     0.000      116.786 <none> (D)  
        u_mul                bf16_mul_253                                                                           562     45.840     0.000       45.840 <none> (D)  
    g_row[7].g_col[2].u_pe   pe_226                                                                                2108    183.766     0.000      183.766 <none> (D)  
      u_mac                  bf16_mac_unit_226                                                                     1958    152.303     0.000      152.303 <none> (D)  
        u_add                bf16_fp32_add_226                                                                     1451    111.435     0.000      111.435 <none> (D)  
        u_mul                bf16_mul_226                                                                           505     40.722     0.000       40.722 <none> (D)  
    g_row[7].g_col[30].u_pe  pe_254                                                                                2155    183.460     0.000      183.460 <none> (D)  
      u_mac                  bf16_mac_unit_254                                                                     2022    153.221     0.000      153.221 <none> (D)  
        u_add                bf16_fp32_add_254                                                                     1494    111.479     0.000      111.479 <none> (D)  
        u_mul                bf16_mul_254                                                                           525     41.524     0.000       41.524 <none> (D)  
    g_row[7].g_col[31].u_pe  pe_255                                                                                2260    191.494     0.000      191.494 <none> (D)  
      u_mac                  bf16_mac_unit_255                                                                     2131    161.561     0.000      161.561 <none> (D)  
        u_add                bf16_fp32_add_255                                                                     1565    117.165     0.000      117.165 <none> (D)  
        u_mul                bf16_mul_255                                                                           566     44.396     0.000       44.396 <none> (D)  
    g_row[7].g_col[3].u_pe   pe_227                                                                                2227    192.908     0.000      192.908 <none> (D)  
      u_mac                  bf16_mac_unit_227                                                                     2088    162.232     0.000      162.232 <none> (D)  
        u_add                bf16_fp32_add_227                                                                     1566    118.185     0.000      118.185 <none> (D)  
        u_mul                bf16_mul_227                                                                           522     44.046     0.000       44.046 <none> (D)  
    g_row[7].g_col[4].u_pe   pe_228                                                                                2200    190.881     0.000      190.881 <none> (D)  
      u_mac                  bf16_mac_unit_228                                                                     2069    160.817     0.000      160.817 <none> (D)  
        u_add                bf16_fp32_add_228                                                                     1560    117.748     0.000      117.748 <none> (D)  
        u_mul                bf16_mul_228                                                                           507     42.924     0.000       42.924 <none> (D)  
    g_row[7].g_col[5].u_pe   pe_229                                                                                2256    191.465     0.000      191.465 <none> (D)  
      u_mac                  bf16_mac_unit_229                                                                     2114    160.599     0.000      160.599 <none> (D)  
        u_add                bf16_fp32_add_229                                                                     1555    115.109     0.000      115.109 <none> (D)  
        u_mul                bf16_mul_229                                                                           556     45.271     0.000       45.271 <none> (D)  
    g_row[7].g_col[6].u_pe   pe_230                                                                                2128    187.309     0.000      187.309 <none> (D)  
      u_mac                  bf16_mac_unit_230                                                                     1993    156.939     0.000      156.939 <none> (D)  
        u_add                bf16_fp32_add_230                                                                     1482    114.263     0.000      114.263 <none> (D)  
        u_mul                bf16_mul_230                                                                           509     42.530     0.000       42.530 <none> (D)  
    g_row[7].g_col[7].u_pe   pe_231                                                                                2176    185.880     0.000      185.880 <none> (D)  
      u_mac                  bf16_mac_unit_231                                                                     2047    155.933     0.000      155.933 <none> (D)  
        u_add                bf16_fp32_add_231                                                                     1549    115.051     0.000      115.051 <none> (D)  
        u_mul                bf16_mul_231                                                                           498     40.882     0.000       40.882 <none> (D)  
    g_row[7].g_col[8].u_pe   pe_232                                                                                2290    192.339     0.000      192.339 <none> (D)  
      u_mac                  bf16_mac_unit_232                                                                     2161    162.392     0.000      162.392 <none> (D)  
        u_add                bf16_fp32_add_232                                                                     1592    116.757     0.000      116.757 <none> (D)  
        u_mul                bf16_mul_232                                                                           565     45.344     0.000       45.344 <none> (D)  
    g_row[7].g_col[9].u_pe   pe_233                                                                                2302    194.716     0.000      194.716 <none> (D)  
      u_mac                  bf16_mac_unit_233                                                                     2170    164.564     0.000      164.564 <none> (D)  
        u_add                bf16_fp32_add_233                                                                     1636    119.716     0.000      119.716 <none> (D)  
        u_mul                bf16_mul_233                                                                           534     44.848     0.000       44.848 <none> (D)  
    g_row[8].g_col[0].u_pe   pe_256                                                                                2238    191.931     0.000      191.931 <none> (D)  
      u_mac                  bf16_mac_unit_256                                                                     2108    161.925     0.000      161.925 <none> (D)  
        u_add                bf16_fp32_add_256                                                                     1570    117.821     0.000      117.821 <none> (D)  
        u_mul                bf16_mul_256                                                                           538     44.105     0.000       44.105 <none> (D)  
    g_row[8].g_col[10].u_pe  pe_266                                                                                2234    192.398     0.000      192.398 <none> (D)  
      u_mac                  bf16_mac_unit_266                                                                     2104    162.377     0.000      162.377 <none> (D)  
        u_add                bf16_fp32_add_266                                                                     1562    118.754     0.000      118.754 <none> (D)  
        u_mul                bf16_mul_266                                                                           540     43.492     0.000       43.492 <none> (D)  
    g_row[8].g_col[11].u_pe  pe_267                                                                                2108    182.819     0.000      182.819 <none> (D)  
      u_mac                  bf16_mac_unit_267                                                                     1979    152.871     0.000      152.871 <none> (D)  
        u_add                bf16_fp32_add_267                                                                     1472    111.697     0.000      111.697 <none> (D)  
        u_mul                bf16_mul_267                                                                           507     41.174     0.000       41.174 <none> (D)  
    g_row[8].g_col[12].u_pe  pe_268                                                                                2139    185.633     0.000      185.633 <none> (D)  
      u_mac                  bf16_mac_unit_268                                                                     2002    155.131     0.000      155.131 <none> (D)  
        u_add                bf16_fp32_add_268                                                                     1528    115.007     0.000      115.007 <none> (D)  
        u_mul                bf16_mul_268                                                                           469     39.760     0.000       39.760 <none> (D)  
    g_row[8].g_col[13].u_pe  pe_269                                                                                2175    188.534     0.000      188.534 <none> (D)  
      u_mac                  bf16_mac_unit_269                                                                     2038    158.018     0.000      158.018 <none> (D)  
        u_add                bf16_fp32_add_269                                                                     1525    115.969     0.000      115.969 <none> (D)  
        u_mul                bf16_mul_269                                                                           511     41.903     0.000       41.903 <none> (D)  
    g_row[8].g_col[14].u_pe  pe_270                                                                                2291    194.628     0.000      194.628 <none> (D)  
      u_mac                  bf16_mac_unit_270                                                                     2151    163.908     0.000      163.908 <none> (D)  
        u_add                bf16_fp32_add_270                                                                     1585    117.792     0.000      117.792 <none> (D)  
        u_mul                bf16_mul_270                                                                           561     45.752     0.000       45.752 <none> (D)  
    g_row[8].g_col[15].u_pe  pe_271                                                                                2233    192.558     0.000      192.558 <none> (D)  
      u_mac                  bf16_mac_unit_271                                                                     2095    161.969     0.000      161.969 <none> (D)  
        u_add                bf16_fp32_add_271                                                                     1576    119.848     0.000      119.848 <none> (D)  
        u_mul                bf16_mul_271                                                                           518     42.063     0.000       42.063 <none> (D)  
    g_row[8].g_col[16].u_pe  pe_272                                                                                2204    192.281     0.000      192.281 <none> (D)  
      u_mac                  bf16_mac_unit_272                                                                     2074    162.290     0.000      162.290 <none> (D)  
        u_add                bf16_fp32_add_272                                                                     1587    120.402     0.000      120.402 <none> (D)  
        u_mul                bf16_mul_272                                                                           485     41.743     0.000       41.743 <none> (D)  
    g_row[8].g_col[17].u_pe  pe_273                                                                                2255    192.835     0.000      192.835 <none> (D)  
      u_mac                  bf16_mac_unit_273                                                                     2117    162.261     0.000      162.261 <none> (D)  
        u_add                bf16_fp32_add_273                                                                     1567    118.054     0.000      118.054 <none> (D)  
        u_mul                bf16_mul_273                                                                           548     44.075     0.000       44.075 <none> (D)  
    g_row[8].g_col[18].u_pe  pe_274                                                                                2167    187.266     0.000      187.266 <none> (D)  
      u_mac                  bf16_mac_unit_274                                                                     2029    156.691     0.000      156.691 <none> (D)  
        u_add                bf16_fp32_add_274                                                                     1549    115.911     0.000      115.911 <none> (D)  
        u_mul                bf16_mul_274                                                                           477     40.562     0.000       40.562 <none> (D)  
    g_row[8].g_col[19].u_pe  pe_275                                                                                2188    186.974     0.000      186.974 <none> (D)  
      u_mac                  bf16_mac_unit_275                                                                     2050    156.400     0.000      156.400 <none> (D)  
        u_add                bf16_fp32_add_275                                                                     1502    111.377     0.000      111.377 <none> (D)  
        u_mul                bf16_mul_275                                                                           544     44.731     0.000       44.731 <none> (D)  
    g_row[8].g_col[1].u_pe   pe_257                                                                                2223    190.240     0.000      190.240 <none> (D)  
      u_mac                  bf16_mac_unit_257                                                                     2081    159.374     0.000      159.374 <none> (D)  
        u_add                bf16_fp32_add_257                                                                     1580    117.675     0.000      117.675 <none> (D)  
        u_mul                bf16_mul_257                                                                           497     41.407     0.000       41.407 <none> (D)  
    g_row[8].g_col[20].u_pe  pe_276                                                                                2170    187.003     0.000      187.003 <none> (D)  
      u_mac                  bf16_mac_unit_276                                                                     2030    156.283     0.000      156.283 <none> (D)  
        u_add                bf16_fp32_add_276                                                                     1485    111.624     0.000      111.624 <none> (D)  
        u_mul                bf16_mul_276                                                                           541     44.367     0.000       44.367 <none> (D)  
    g_row[8].g_col[21].u_pe  pe_277                                                                                2192    184.904     0.000      184.904 <none> (D)  
      u_mac                  bf16_mac_unit_277                                                                     2063    154.956     0.000      154.956 <none> (D)  
        u_add                bf16_fp32_add_277                                                                     1500    110.808     0.000      110.808 <none> (D)  
        u_mul                bf16_mul_277                                                                           560     43.930     0.000       43.930 <none> (D)  
    g_row[8].g_col[22].u_pe  pe_278                                                                                2263    193.608     0.000      193.608 <none> (D)  
      u_mac                  bf16_mac_unit_278                                                                     2124    162.946     0.000      162.946 <none> (D)  
        u_add                bf16_fp32_add_278                                                                     1586    118.433     0.000      118.433 <none> (D)  
        u_mul                bf16_mul_278                                                                           538     44.513     0.000       44.513 <none> (D)  
    g_row[8].g_col[23].u_pe  pe_279                                                                                2201    189.642     0.000      189.642 <none> (D)  
      u_mac                  bf16_mac_unit_279                                                                     2072    159.709     0.000      159.709 <none> (D)  
        u_add                bf16_fp32_add_279                                                                     1512    115.911     0.000      115.911 <none> (D)  
        u_mul                bf16_mul_279                                                                           560     43.798     0.000       43.798 <none> (D)  
    g_row[8].g_col[24].u_pe  pe_280                                                                                2269    190.415     0.000      190.415 <none> (D)  
      u_mac                  bf16_mac_unit_280                                                                     2131    159.811     0.000      159.811 <none> (D)  
        u_add                bf16_fp32_add_280                                                                     1600    116.815     0.000      116.815 <none> (D)  
        u_mul                bf16_mul_280                                                                           527     42.705     0.000       42.705 <none> (D)  
    g_row[8].g_col[25].u_pe  pe_281                                                                                2197    190.473     0.000      190.473 <none> (D)  
      u_mac                  bf16_mac_unit_281                                                                     2066    160.409     0.000      160.409 <none> (D)  
        u_add                bf16_fp32_add_281                                                                     1573    117.573     0.000      117.573 <none> (D)  
        u_mul                bf16_mul_281                                                                           490     42.617     0.000       42.617 <none> (D)  
    g_row[8].g_col[26].u_pe  pe_282                                                                                2183    188.665     0.000      188.665 <none> (D)  
      u_mac                  bf16_mac_unit_282                                                                     2053    158.660     0.000      158.660 <none> (D)  
        u_add                bf16_fp32_add_282                                                                     1500    115.167     0.000      115.167 <none> (D)  
        u_mul                bf16_mul_282                                                                           553     43.492     0.000       43.492 <none> (D)  
    g_row[8].g_col[27].u_pe  pe_283                                                                                2190    190.575     0.000      190.575 <none> (D)  
      u_mac                  bf16_mac_unit_283                                                                     2057    160.365     0.000      160.365 <none> (D)  
        u_add                bf16_fp32_add_283                                                                     1543    117.908     0.000      117.908 <none> (D)  
        u_mul                bf16_mul_283                                                                           513     42.399     0.000       42.399 <none> (D)  
    g_row[8].g_col[28].u_pe  pe_284                                                                                2194    188.592     0.000      188.592 <none> (D)  
      u_mac                  bf16_mac_unit_284                                                                     2052    157.712     0.000      157.712 <none> (D)  
        u_add                bf16_fp32_add_284                                                                     1504    113.374     0.000      113.374 <none> (D)  
        u_mul                bf16_mul_284                                                                           546     44.192     0.000       44.192 <none> (D)  
    g_row[8].g_col[29].u_pe  pe_285                                                                                2234    191.173     0.000      191.173 <none> (D)  
      u_mac                  bf16_mac_unit_285                                                                     2097    160.672     0.000      160.672 <none> (D)  
        u_add                bf16_fp32_add_285                                                                     1567    117.369     0.000      117.369 <none> (D)  
        u_mul                bf16_mul_285                                                                           528     43.171     0.000       43.171 <none> (D)  
    g_row[8].g_col[2].u_pe   pe_258                                                                                2127    184.102     0.000      184.102 <none> (D)  
      u_mac                  bf16_mac_unit_258                                                                     1994    153.877     0.000      153.877 <none> (D)  
        u_add                bf16_fp32_add_258                                                                     1485    112.033     0.000      112.033 <none> (D)  
        u_mul                bf16_mul_258                                                                           507     41.699     0.000       41.699 <none> (D)  
    g_row[8].g_col[30].u_pe  pe_286                                                                                2175    185.341     0.000      185.341 <none> (D)  
      u_mac                  bf16_mac_unit_286                                                                     2044    155.248     0.000      155.248 <none> (D)  
        u_add                bf16_fp32_add_286                                                                     1483    110.706     0.000      110.706 <none> (D)  
        u_mul                bf16_mul_286                                                                           558     44.323     0.000       44.323 <none> (D)  
    g_row[8].g_col[31].u_pe  pe_287                                                                                2223    189.482     0.000      189.482 <none> (D)  
      u_mac                  bf16_mac_unit_287                                                                     2091    159.330     0.000      159.330 <none> (D)  
        u_add                bf16_fp32_add_287                                                                     1526    114.861     0.000      114.861 <none> (D)  
        u_mul                bf16_mul_287                                                                           565     44.469     0.000       44.469 <none> (D)  
    g_row[8].g_col[3].u_pe   pe_259                                                                                2268    194.964     0.000      194.964 <none> (D)  
      u_mac                  bf16_mac_unit_259                                                                     2131    164.462     0.000      164.462 <none> (D)  
        u_add                bf16_fp32_add_259                                                                     1597    120.883     0.000      120.883 <none> (D)  
        u_mul                bf16_mul_259                                                                           532     43.448     0.000       43.448 <none> (D)  
    g_row[8].g_col[4].u_pe   pe_260                                                                                2223    189.642     0.000      189.642 <none> (D)  
      u_mac                  bf16_mac_unit_260                                                                     2086    159.126     0.000      159.126 <none> (D)  
        u_add                bf16_fp32_add_260                                                                     1586    117.500     0.000      117.500 <none> (D)  
        u_mul                bf16_mul_260                                                                           497     41.407     0.000       41.407 <none> (D)  
    g_row[8].g_col[5].u_pe   pe_261                                                                                2219    188.971     0.000      188.971 <none> (D)  
      u_mac                  bf16_mac_unit_261                                                                     2089    158.951     0.000      158.951 <none> (D)  
        u_add                bf16_fp32_add_261                                                                     1533    114.088     0.000      114.088 <none> (D)  
        u_mul                bf16_mul_261                                                                           551     44.498     0.000       44.498 <none> (D)  
    g_row[8].g_col[6].u_pe   pe_262                                                                                2180    188.549     0.000      188.549 <none> (D)  
      u_mac                  bf16_mac_unit_262                                                                     2044    158.106     0.000      158.106 <none> (D)  
        u_add                bf16_fp32_add_262                                                                     1520    115.984     0.000      115.984 <none> (D)  
        u_mul                bf16_mul_262                                                                           522     41.976     0.000       41.976 <none> (D)  
    g_row[8].g_col[7].u_pe   pe_263                                                                                2160    185.953     0.000      185.953 <none> (D)  
      u_mac                  bf16_mac_unit_263                                                                     2030    155.948     0.000      155.948 <none> (D)  
        u_add                bf16_fp32_add_263                                                                     1515    113.870     0.000      113.870 <none> (D)  
        u_mul                bf16_mul_263                                                                           515     42.078     0.000       42.078 <none> (D)  
    g_row[8].g_col[8].u_pe   pe_264                                                                                2229    190.036     0.000      190.036 <none> (D)  
      u_mac                  bf16_mac_unit_264                                                                     2099    160.016     0.000      160.016 <none> (D)  
        u_add                bf16_fp32_add_264                                                                     1521    114.147     0.000      114.147 <none> (D)  
        u_mul                bf16_mul_264                                                                           574     45.577     0.000       45.577 <none> (D)  
    g_row[8].g_col[9].u_pe   pe_265                                                                                2256    191.946     0.000      191.946 <none> (D)  
      u_mac                  bf16_mac_unit_265                                                                     2125    161.867     0.000      161.867 <none> (D)  
        u_add                bf16_fp32_add_265                                                                     1562    116.611     0.000      116.611 <none> (D)  
        u_mul                bf16_mul_265                                                                           563     45.256     0.000       45.256 <none> (D)  
    g_row[9].g_col[0].u_pe   pe_288                                                                                2322    196.670     0.000      196.670 <none> (D)  
      u_mac                  bf16_mac_unit_288                                                                     2178    165.629     0.000      165.629 <none> (D)  
        u_add                bf16_fp32_add_288                                                                     1573    117.661     0.000      117.661 <none> (D)  
        u_mul                bf16_mul_288                                                                           605     47.968     0.000       47.968 <none> (D)  
    g_row[9].g_col[10].u_pe  pe_298                                                                                2290    195.343     0.000      195.343 <none> (D)  
      u_mac                  bf16_mac_unit_298                                                                     2160    165.323     0.000      165.323 <none> (D)  
        u_add                bf16_fp32_add_298                                                                     1613    120.854     0.000      120.854 <none> (D)  
        u_mul                bf16_mul_298                                                                           544     44.279     0.000       44.279 <none> (D)  
    g_row[9].g_col[11].u_pe  pe_299                                                                                2255    190.736     0.000      190.736 <none> (D)  
      u_mac                  bf16_mac_unit_299                                                                     2122    160.511     0.000      160.511 <none> (D)  
        u_add                bf16_fp32_add_299                                                                     1600    117.573     0.000      117.573 <none> (D)  
        u_mul                bf16_mul_299                                                                           522     42.938     0.000       42.938 <none> (D)  
    g_row[9].g_col[12].u_pe  pe_300                                                                                2180    186.274     0.000      186.274 <none> (D)  
      u_mac                  bf16_mac_unit_300                                                                     2049    156.210     0.000      156.210 <none> (D)  
        u_add                bf16_fp32_add_300                                                                     1535    113.462     0.000      113.462 <none> (D)  
        u_mul                bf16_mul_300                                                                           509     42.384     0.000       42.384 <none> (D)  
    g_row[9].g_col[13].u_pe  pe_301                                                                                2257    192.091     0.000      192.091 <none> (D)  
      u_mac                  bf16_mac_unit_301                                                                     2112    160.992     0.000      160.992 <none> (D)  
        u_add                bf16_fp32_add_301                                                                     1577    117.296     0.000      117.296 <none> (D)  
        u_mul                bf16_mul_301                                                                           533     43.550     0.000       43.550 <none> (D)  
    g_row[9].g_col[14].u_pe  pe_302                                                                                2385    197.617     0.000      197.617 <none> (D)  
      u_mac                  bf16_mac_unit_302                                                                     2247    167.043     0.000      167.043 <none> (D)  
        u_add                bf16_fp32_add_302                                                                     1672    121.714     0.000      121.714 <none> (D)  
        u_mul                bf16_mul_302                                                                           573     45.183     0.000       45.183 <none> (D)  
    g_row[9].g_col[15].u_pe  pe_303                                                                                2333    196.859     0.000      196.859 <none> (D)  
      u_mac                  bf16_mac_unit_303                                                                     2194    166.197     0.000      166.197 <none> (D)  
        u_add                bf16_fp32_add_303                                                                     1658    122.137     0.000      122.137 <none> (D)  
        u_mul                bf16_mul_303                                                                           534     43.930     0.000       43.930 <none> (D)  
    g_row[9].g_col[16].u_pe  pe_304                                                                                2278    194.468     0.000      194.468 <none> (D)  
      u_mac                  bf16_mac_unit_304                                                                     2138    163.748     0.000      163.748 <none> (D)  
        u_add                bf16_fp32_add_304                                                                     1641    120.927     0.000      120.927 <none> (D)  
        u_mul                bf16_mul_304                                                                           493     42.530     0.000       42.530 <none> (D)  
    g_row[9].g_col[17].u_pe  pe_305                                                                                2222    190.109     0.000      190.109 <none> (D)  
      u_mac                  bf16_mac_unit_305                                                                     2091    160.045     0.000      160.045 <none> (D)  
        u_add                bf16_fp32_add_305                                                                     1539    115.561     0.000      115.561 <none> (D)  
        u_mul                bf16_mul_305                                                                           549     44.294     0.000       44.294 <none> (D)  
    g_row[9].g_col[18].u_pe  pe_306                                                                                2192    187.499     0.000      187.499 <none> (D)  
      u_mac                  bf16_mac_unit_306                                                                     2063    157.551     0.000      157.551 <none> (D)  
        u_add                bf16_fp32_add_306                                                                     1515    113.199     0.000      113.199 <none> (D)  
        u_mul                bf16_mul_306                                                                           543     43.988     0.000       43.988 <none> (D)  
    g_row[9].g_col[19].u_pe  pe_307                                                                                2241    188.869     0.000      188.869 <none> (D)  
      u_mac                  bf16_mac_unit_307                                                                     2095    157.712     0.000      157.712 <none> (D)  
        u_add                bf16_fp32_add_307                                                                     1538    112.747     0.000      112.747 <none> (D)  
        u_mul                bf16_mul_307                                                                           553     44.673     0.000       44.673 <none> (D)  
    g_row[9].g_col[1].u_pe   pe_289                                                                                2241    189.453     0.000      189.453 <none> (D)  
      u_mac                  bf16_mac_unit_289                                                                     2108    159.243     0.000      159.243 <none> (D)  
        u_add                bf16_fp32_add_289                                                                     1602    117.719     0.000      117.719 <none> (D)  
        u_mul                bf16_mul_289                                                                           502     41.232     0.000       41.232 <none> (D)  
    g_row[9].g_col[20].u_pe  pe_308                                                                                2193    188.636     0.000      188.636 <none> (D)  
      u_mac                  bf16_mac_unit_308                                                                     2046    157.406     0.000      157.406 <none> (D)  
        u_add                bf16_fp32_add_308                                                                     1511    113.039     0.000      113.039 <none> (D)  
        u_mul                bf16_mul_308                                                                           530     44.002     0.000       44.002 <none> (D)  
    g_row[9].g_col[21].u_pe  pe_309                                                                                2203    186.085     0.000      186.085 <none> (D)  
      u_mac                  bf16_mac_unit_309                                                                     2074    156.137     0.000      156.137 <none> (D)  
        u_add                bf16_fp32_add_309                                                                     1516    112.353     0.000      112.353 <none> (D)  
        u_mul                bf16_mul_309                                                                           555     43.565     0.000       43.565 <none> (D)  
    g_row[9].g_col[22].u_pe  pe_310                                                                                2202    190.648     0.000      190.648 <none> (D)  
      u_mac                  bf16_mac_unit_310                                                                     2073    160.701     0.000      160.701 <none> (D)  
        u_add                bf16_fp32_add_310                                                                     1548    117.238     0.000      117.238 <none> (D)  
        u_mul                bf16_mul_310                                                                           523     43.332     0.000       43.332 <none> (D)  
    g_row[9].g_col[23].u_pe  pe_311                                                                                2209    190.109     0.000      190.109 <none> (D)  
      u_mac                  bf16_mac_unit_311                                                                     2080    160.176     0.000      160.176 <none> (D)  
        u_add                bf16_fp32_add_311                                                                     1504    114.920     0.000      114.920 <none> (D)  
        u_mul                bf16_mul_311                                                                           576     45.256     0.000       45.256 <none> (D)  
    g_row[9].g_col[24].u_pe  pe_312                                                                                2110    181.842     0.000      181.842 <none> (D)  
      u_mac                  bf16_mac_unit_312                                                                     1979    151.778     0.000      151.778 <none> (D)  
        u_add                bf16_fp32_add_312                                                                     1486    111.683     0.000      111.683 <none> (D)  
        u_mul                bf16_mul_312                                                                           492     40.022     0.000       40.022 <none> (D)  
    g_row[9].g_col[25].u_pe  pe_313                                                                                2225    191.115     0.000      191.115 <none> (D)  
      u_mac                  bf16_mac_unit_313                                                                     2096    161.196     0.000      161.196 <none> (D)  
        u_add                bf16_fp32_add_313                                                                     1572    117.340     0.000      117.340 <none> (D)  
        u_mul                bf16_mul_313                                                                           521     43.638     0.000       43.638 <none> (D)  
    g_row[9].g_col[26].u_pe  pe_314                                                                                2261    193.477     0.000      193.477 <none> (D)  
      u_mac                  bf16_mac_unit_314                                                                     2132    163.544     0.000      163.544 <none> (D)  
        u_add                bf16_fp32_add_314                                                                     1547    117.311     0.000      117.311 <none> (D)  
        u_mul                bf16_mul_314                                                                           585     46.233     0.000       46.233 <none> (D)  
    g_row[9].g_col[27].u_pe  pe_315                                                                                2168    188.388     0.000      188.388 <none> (D)  
      u_mac                  bf16_mac_unit_315                                                                     2027    157.595     0.000      157.595 <none> (D)  
        u_add                bf16_fp32_add_315                                                                     1511    114.030     0.000      114.030 <none> (D)  
        u_mul                bf16_mul_315                                                                           515     43.492     0.000       43.492 <none> (D)  
    g_row[9].g_col[28].u_pe  pe_316                                                                                2255    191.712     0.000      191.712 <none> (D)  
      u_mac                  bf16_mac_unit_316                                                                     2113    160.832     0.000      160.832 <none> (D)  
        u_add                bf16_fp32_add_316                                                                     1568    116.961     0.000      116.961 <none> (D)  
        u_mul                bf16_mul_316                                                                           543     43.725     0.000       43.725 <none> (D)  
    g_row[9].g_col[29].u_pe  pe_317                                                                                2263    192.777     0.000      192.777 <none> (D)  
      u_mac                  bf16_mac_unit_317                                                                     2134    162.859     0.000      162.859 <none> (D)  
        u_add                bf16_fp32_add_317                                                                     1593    118.885     0.000      118.885 <none> (D)  
        u_mul                bf16_mul_317                                                                           540     43.900     0.000       43.900 <none> (D)  
    g_row[9].g_col[2].u_pe   pe_290                                                                                2284    192.791     0.000      192.791 <none> (D)  
      u_mac                  bf16_mac_unit_290                                                                     2138    161.634     0.000      161.634 <none> (D)  
        u_add                bf16_fp32_add_290                                                                     1599    118.360     0.000      118.360 <none> (D)  
        u_mul                bf16_mul_290                                                                           537     43.128     0.000       43.128 <none> (D)  
    g_row[9].g_col[30].u_pe  pe_318                                                                                2190    187.032     0.000      187.032 <none> (D)  
      u_mac                  bf16_mac_unit_318                                                                     2056    156.720     0.000      156.720 <none> (D)  
        u_add                bf16_fp32_add_318                                                                     1509    112.558     0.000      112.558 <none> (D)  
        u_mul                bf16_mul_318                                                                           545     44.017     0.000       44.017 <none> (D)  
    g_row[9].g_col[31].u_pe  pe_319                                                                                2294    194.366     0.000      194.366 <none> (D)  
      u_mac                  bf16_mac_unit_319                                                                     2159    164.025     0.000      164.025 <none> (D)  
        u_add                bf16_fp32_add_319                                                                     1592    118.185     0.000      118.185 <none> (D)  
        u_mul                bf16_mul_319                                                                           566     45.781     0.000       45.781 <none> (D)  
    g_row[9].g_col[3].u_pe   pe_291                                                                                2253    194.045     0.000      194.045 <none> (D)  
      u_mac                  bf16_mac_unit_291                                                                     2116    163.544     0.000      163.544 <none> (D)  
        u_add                bf16_fp32_add_291                                                                     1591    118.783     0.000      118.783 <none> (D)  
        u_mul                bf16_mul_291                                                                           524     44.688     0.000       44.688 <none> (D)  
    g_row[9].g_col[4].u_pe   pe_292                                                                                2232    192.121     0.000      192.121 <none> (D)  
      u_mac                  bf16_mac_unit_292                                                                     2097    161.765     0.000      161.765 <none> (D)  
        u_add                bf16_fp32_add_292                                                                     1580    118.054     0.000      118.054 <none> (D)  
        u_mul                bf16_mul_292                                                                           513     43.419     0.000       43.419 <none> (D)  
    g_row[9].g_col[5].u_pe   pe_293                                                                                2163    184.597     0.000      184.597 <none> (D)  
      u_mac                  bf16_mac_unit_293                                                                     2032    154.519     0.000      154.519 <none> (D)  
        u_add                bf16_fp32_add_293                                                                     1499    110.298     0.000      110.298 <none> (D)  
        u_mul                bf16_mul_293                                                                           527     43.784     0.000       43.784 <none> (D)  
    g_row[9].g_col[6].u_pe   pe_294                                                                                2193    187.922     0.000      187.922 <none> (D)  
      u_mac                  bf16_mac_unit_294                                                                     2054    157.274     0.000      157.274 <none> (D)  
        u_add                bf16_fp32_add_294                                                                     1536    115.955     0.000      115.955 <none> (D)  
        u_mul                bf16_mul_294                                                                           516     41.174     0.000       41.174 <none> (D)  
    g_row[9].g_col[7].u_pe   pe_295                                                                                2206    188.388     0.000      188.388 <none> (D)  
      u_mac                  bf16_mac_unit_295                                                                     2076    158.368     0.000      158.368 <none> (D)  
        u_add                bf16_fp32_add_295                                                                     1523    114.497     0.000      114.497 <none> (D)  
        u_mul                bf16_mul_295                                                                           553     43.871     0.000       43.871 <none> (D)  
    g_row[9].g_col[8].u_pe   pe_296                                                                                2304    192.835     0.000      192.835 <none> (D)  
      u_mac                  bf16_mac_unit_296                                                                     2174    162.815     0.000      162.815 <none> (D)  
        u_add                bf16_fp32_add_296                                                                     1606    117.413     0.000      117.413 <none> (D)  
        u_mul                bf16_mul_296                                                                           565     45.183     0.000       45.183 <none> (D)  
    g_row[9].g_col[9].u_pe   pe_297                                                                                2262    194.104     0.000      194.104 <none> (D)  
      u_mac                  bf16_mac_unit_297                                                                     2118    163.077     0.000      163.077 <none> (D)  
        u_add                bf16_fp32_add_297                                                                     1542    116.990     0.000      116.990 <none> (D)  
        u_mul                bf16_mul_297                                                                           574     45.971     0.000       45.971 <none> (D)  
  u_axi                      axi_sys_AXI_WIDTH512_TUSER_W3_COLS32_ROWS16_ACT_WIDTH16_WT_WIDTH16_ADDR_WIDTH4          49      6.167     0.000        6.167 <none> (D)  
  u_bwd_wt_0                 weight_sram_COLS32_WT_WIDTH16_DEPTH16                                                25412   3937.679     0.000     3937.679 <none> (D)  
  u_bwd_wt_1                 weight_sram_COLS32_WT_WIDTH16_DEPTH16_2                                              25415   3939.151     0.000     3939.151 <none> (D)  
  u_ctrl                     controller_ROWS16_COLS32_ACT_WIDTH16_WT_WIDTH16_PSUM_WIDTH32_ADDR_WIDTH4              6994    894.891     0.000      894.891 <none> (D)  
  u_fwd_wt_0                 weight_sram_COLS32_WT_WIDTH16_DEPTH16_3                                              25487   3944.386     0.000     3944.386 <none> (D)  
  u_fwd_wt_1                 weight_sram_COLS32_WT_WIDTH16_DEPTH16_1                                              25453   3940.478     0.000     3940.478 <none> (D)  
  u_out                      output_sram_COLS32_PSUM_WIDTH32                                                       2096    396.547     0.000      396.547 <none> (D)  
  u_rb                       axi_readback_COLS32_PSUM_WIDTH32_AXI_WIDTH512                                         2675    560.557     0.000      560.557 <none> (D)  
  (D) = wireload is default in technology library
