============================================================
  Generated by:           Genus(TM) Synthesis Solution 23.10-p004_1
  Generated on:           May 04 2026  08:57:13 pm
  Module:                 sys_top
  Operating conditions:   PVT_0P7V_25C (balanced_tree)
  Wireload mode:          enclosed
  Area mode:              timing library
============================================================


Path 1: VIOLATED (-24 ps) Setup Check with Pin u_array/g_row[5].g_col[2].u_pe/psum_out_reg[1]/CLK->D
          Group: clk
     Startpoint: (R) act_buf_sel
          Clock: (R) clk
       Endpoint: (R) u_array/g_row[5].g_col[2].u_pe/psum_out_reg[1]/D
          Clock: (R) clk

                     Capture       Launch     
        Clock Edge:+    1650            0     
        Drv Adjust:+       0           10     
       Src Latency:+       0            0     
       Net Latency:+       0 (I)        0 (I) 
           Arrival:=    1650           10     
                                              
             Setup:-      24                  
     Required Time:=    1626                  
      Launch Clock:-      10                  
       Input Delay:-     165                  
         Data Path:-    1474                  
             Slack:=     -24                  

Exceptions/Constraints:
  input_delay             165             constraints.sdc_line_22_1034_1 

#---------------------------------------------------------------------------------------------------------------------------------------------------------------
#                              Timing Point                                Flags   Arc   Edge          Cell            Fanout Load Trans Delay Arrival Instance 
#                                                                                                                             (fF)  (ps)  (ps)   (ps)  Location 
#---------------------------------------------------------------------------------------------------------------------------------------------------------------
  act_buf_sel                                                              -       -     R     (arrival)                   10  8.4    25     0     175    (-,-) 
  u_ctrl/fopt27524/Y                                                       -       A->Y  R     BUFx3_ASAP7_75t_R            9  5.1    19    27     203    (-,-) 
  u_ctrl/fopt27519/Y                                                       -       A->Y  R     BUFx6f_ASAP7_75t_R           9  5.7    13    22     224    (-,-) 
  u_ctrl/g50800/Y                                                          -       A1->Y F     OAI21xp5_ASAP7_75t_R         1  0.6    16    12     236    (-,-) 
  u_array/fopt5227/Y                                                       -       A->Y  F     BUFx3_ASAP7_75t_R            9  5.6    17    26     262    (-,-) 
  u_array/fopt5221/Y                                                       -       A->Y  F     BUFx3_ASAP7_75t_R            2  2.4    10    22     285    (-,-) 
  u_array/fopt5219/Y                                                       -       A->Y  R     INVx2_ASAP7_75t_R            4  2.4    13    10     295    (-,-) 
  u_array/fopt5215/Y                                                       -       A->Y  R     BUFx3_ASAP7_75t_R            3  6.4    23    26     321    (-,-) 
  u_array/fopt5212/Y                                                       -       A->Y  F     INVx4_ASAP7_75t_R            8  4.8    14    12     333    (-,-) 
  u_array/g_row[5].g_col[2].u_pe/u_mac/u_mul/mul_59_28_g1861/Y             -       B->Y  R     NAND2xp5_ASAP7_75t_R         2  1.5    27    17     350    (-,-) 
  u_array/g_row[5].g_col[2].u_pe/u_mac/u_mul/mul_59_28_g1785/Y             -       B->Y  R     XNOR2xp5_ASAP7_75t_R         1  0.9    29    23     374    (-,-) 
  u_array/g_row[5].g_col[2].u_pe/u_mac/u_mul/mul_59_28_g1728/Y             -       B->Y  F     XNOR2x2_ASAP7_75t_R          2  2.0    14    41     415    (-,-) 
  u_array/g_row[5].g_col[2].u_pe/u_mac/u_mul/mul_59_28_g4272/Y             -       C->Y  F     MAJx2_ASAP7_75t_R            2  0.9    11    28     444    (-,-) 
  u_array/g_row[5].g_col[2].u_pe/u_mac/u_mul/mul_59_28_g1654/Y             -       A->Y  R     INVxp67_ASAP7_75t_R          2  1.6    24    16     460    (-,-) 
  u_array/g_row[5].g_col[2].u_pe/u_mac/u_mul/mul_59_28_g1618/Y             -       A2->Y F     OAI22xp5_ASAP7_75t_R         1  1.0    24    18     478    (-,-) 
  u_array/g_row[5].g_col[2].u_pe/u_mac/u_mul/mul_59_28_g1592/Y             -       A->Y  F     XNOR2xp5_ASAP7_75t_R         2  0.8    20    27     505    (-,-) 
  u_array/g_row[5].g_col[2].u_pe/u_mac/u_mul/g8730/Y                       -       B->Y  R     NAND2xp5_ASAP7_75t_R         3  1.4    26    19     524    (-,-) 
  u_array/g_row[5].g_col[2].u_pe/u_mac/u_mul/g8714/Y                       -       C->Y  F     NAND3xp33_ASAP7_75t_R        2  0.6    20    16     541    (-,-) 
  u_array/g_row[5].g_col[2].u_pe/u_mac/u_mul/g8703/Y                       -       A->Y  R     NOR2xp33_ASAP7_75t_R         1  0.6    24    18     558    (-,-) 
  u_array/g_row[5].g_col[2].u_pe/u_mac/u_mul/g8696/Y                       -       A2->Y F     OAI21xp5_ASAP7_75t_R         3  1.2    22    18     576    (-,-) 
  u_array/g_row[5].g_col[2].u_pe/u_mac/u_mul/g8692/Y                       -       A->Y  R     INVxp67_ASAP7_75t_R          1  0.4    12    12     588    (-,-) 
  u_array/g_row[5].g_col[2].u_pe/u_mac/u_mul/fopt4378/Y                    -       A->Y  F     INVxp67_ASAP7_75t_R          2  1.0    13    11     599    (-,-) 
  u_array/g_row[5].g_col[2].u_pe/u_mac/u_mul/g381/Y                        -       A->Y  R     MAJIxp5_ASAP7_75t_R          2  1.4    43    22     621    (-,-) 
  u_array/g_row[5].g_col[2].u_pe/u_mac/u_mul/g29/Y                         -       A1->Y F     AOI21xp5_ASAP7_75t_R         1  0.9    24    21     642    (-,-) 
  u_array/g_row[5].g_col[2].u_pe/u_mac/u_mul/g4396/Y                       -       B->Y  F     XOR2xp5_ASAP7_75t_R          2  1.1    25    26     668    (-,-) 
  u_array/g_row[5].g_col[2].u_pe/u_mac/u_mul/g18/Y                         -       A->Y  R     INVx1_ASAP7_75t_R            2  0.9    15    14     681    (-,-) 
  u_array/g_row[5].g_col[2].u_pe/u_mac/u_mul/g3977/Y                       -       A->Y  F     NAND3xp33_ASAP7_75t_R        1  0.5    18    14     695    (-,-) 
  u_array/g_row[5].g_col[2].u_pe/u_mac/u_mul/g4240/Y                       -       A1->Y F     OA331x2_ASAP7_75t_R          3  2.2    20    47     742    (-,-) 
  u_array/g_row[5].g_col[2].u_pe/u_mac/u_mul/g4208/Y                       -       B->Y  F     AND2x2_ASAP7_75t_R          14  6.5    26    34     776    (-,-) 
  u_array/g_row[5].g_col[2].u_pe/u_mac/u_mul/g4243/Y                       -       B2->Y F     AO22x1_ASAP7_75t_R           4  1.8    18    35     811    (-,-) 
  u_array/g_row[5].g_col[2].u_pe/u_mac/u_add/g13903/Y                      -       A1->Y R     OAI22xp33_ASAP7_75t_R        2  1.0    38    23     834    (-,-) 
  u_array/g_row[5].g_col[2].u_pe/u_mac/u_add/g13902/Y                      -       A->Y  F     INVx1_ASAP7_75t_R            2  1.0    16    15     849    (-,-) 
  u_array/g_row[5].g_col[2].u_pe/u_mac/u_add/g13869/Y                      -       C->Y  R     NAND4xp25_ASAP7_75t_R        1  0.5    19    15     864    (-,-) 
  u_array/g_row[5].g_col[2].u_pe/u_mac/u_add/g13866/Y                      -       A->Y  F     NAND3xp33_ASAP7_75t_R        1  0.5    19    15     878    (-,-) 
  u_array/g_row[5].g_col[2].u_pe/u_mac/u_add/g13865/Y                      -       B->Y  R     NAND2xp5_ASAP7_75t_R         1  1.0    20    16     894    (-,-) 
  u_array/g_row[5].g_col[2].u_pe/u_mac/u_add/g13864/Y                      -       B->Y  R     AND2x4_ASAP7_75t_R           5  4.5    15    25     920    (-,-) 
  u_array/g_row[5].g_col[2].u_pe/u_mac/u_add/g16060/Y                      -       B->Y  F     NOR2xp33_ASAP7_75t_R         1  1.0    27    19     939    (-,-) 
  u_array/g_row[5].g_col[2].u_pe/u_mac/u_add/g24043/Y                      -       B->Y  F     OR2x6_ASAP7_75t_R            9  9.2    19    37     976    (-,-) 
  u_array/g_row[5].g_col[2].u_pe/u_mac/u_add/fopt23917/Y                   -       A->Y  R     INVx1_ASAP7_75t_R            3  1.6    19    16     991    (-,-) 
  u_array/g_row[5].g_col[2].u_pe/u_mac/u_add/fopt23915/Y                   -       A->Y  F     INVx1_ASAP7_75t_R            4  2.8    22    18    1009    (-,-) 
  u_array/g_row[5].g_col[2].u_pe/u_mac/u_add/srl_68_50_g4313/Y             -       A2->Y R     OAI22x1_ASAP7_75t_R          3  2.1    32    21    1030    (-,-) 
  u_array/g_row[5].g_col[2].u_pe/u_mac/u_add/srl_68_50_g4246/Y             -       B2->Y F     AOI22x1_ASAP7_75t_R          3  1.5    24    19    1049    (-,-) 
  u_array/g_row[5].g_col[2].u_pe/u_mac/u_add/srl_68_50_g4218/Y             -       B2->Y R     OAI22xp5_ASAP7_75t_R         1  0.5    24    19    1068    (-,-) 
  u_array/g_row[5].g_col[2].u_pe/u_mac/u_add/g14027/Y                      -       B->Y  R     AND2x2_ASAP7_75t_R           3  2.0    14    26    1094    (-,-) 
  u_array/g_row[5].g_col[2].u_pe/u_mac/u_add/sub_75_43_Y_add_76_43_g3534/Y -       A->Y  F     INVx2_ASAP7_75t_R            2  1.0     7     7    1102    (-,-) 
  u_array/g_row[5].g_col[2].u_pe/u_mac/u_add/sub_75_43_Y_add_76_43_g3508/Y -       A1->Y R     OAI22xp5_ASAP7_75t_R         2  1.2    38    17    1119    (-,-) 
  u_array/g_row[5].g_col[2].u_pe/u_mac/u_add/sub_75_43_Y_add_76_43_g3467/Y -       B->Y  F     NAND2xp5_ASAP7_75t_R         2  1.0    23    19    1138    (-,-) 
  u_array/g_row[5].g_col[2].u_pe/u_mac/u_add/sub_75_43_Y_add_76_43_g3297/Y -       A->Y  R     NAND2xp5_ASAP7_75t_R         3  1.4    26    21    1159    (-,-) 
  u_array/g_row[5].g_col[2].u_pe/u_mac/u_add/sub_75_43_Y_add_76_43_g3268/Y -       A2->Y F     AOI21xp5_ASAP7_75t_R         2  1.0    20    16    1175    (-,-) 
  u_array/g_row[5].g_col[2].u_pe/u_mac/u_add/sub_75_43_Y_add_76_43_g3249/Y -       A2->Y R     OAI21xp5_ASAP7_75t_R         1  0.5    18    15    1190    (-,-) 
  u_array/g_row[5].g_col[2].u_pe/u_mac/u_add/sub_75_43_Y_add_76_43_g3235/Y -       B->Y  F     AOI21xp5_ASAP7_75t_R         1  1.3    22    16    1206    (-,-) 
  u_array/g_row[5].g_col[2].u_pe/u_mac/u_add/sub_75_43_Y_add_76_43_g3234/Y -       B->Y  R     OAI21x1_ASAP7_75t_R          3  1.5    22    13    1218    (-,-) 
  u_array/g_row[5].g_col[2].u_pe/u_mac/u_add/fopt23800/Y                   -       A->Y  R     BUFx3_ASAP7_75t_R            5  3.1    14    24    1242    (-,-) 
  u_array/g_row[5].g_col[2].u_pe/u_mac/u_add/fopt23799/Y                   -       A->Y  F     INVxp67_ASAP7_75t_R          2  1.0    14    12    1254    (-,-) 
  u_array/g_row[5].g_col[2].u_pe/u_mac/u_add/fopt23798/Y                   -       A->Y  R     INVx1_ASAP7_75t_R            2  0.9    12    10    1264    (-,-) 
  u_array/g_row[5].g_col[2].u_pe/u_mac/u_add/sub_75_43_Y_add_76_43_g3219/Y -       B2->Y R     AO22x1_ASAP7_75t_R           4  2.5    27    31    1295    (-,-) 
  u_array/g_row[5].g_col[2].u_pe/u_mac/u_add/g23458/Y                      -       A->Y  F     NOR2x1_ASAP7_75t_R           5  2.4    25    22    1317    (-,-) 
  u_array/g_row[5].g_col[2].u_pe/u_mac/u_add/g23111/Y                      -       B->Y  R     OAI21xp5_ASAP7_75t_R         1  0.9    25    16    1333    (-,-) 
  u_array/g_row[5].g_col[2].u_pe/u_mac/u_add/g23053/Y                      -       A2->Y F     AOI211x1_ASAP7_75t_R         2  1.1    28    23    1356    (-,-) 
  u_array/g_row[5].g_col[2].u_pe/u_mac/u_add/g23043/Y                      -       A->Y  R     INVx1_ASAP7_75t_R            1  1.0    17    15    1371    (-,-) 
  u_array/g_row[5].g_col[2].u_pe/u_mac/u_add/g23025/Y                      -       B->Y  F     NAND2x1_ASAP7_75t_R          3  1.4    17    12    1383    (-,-) 
  u_array/g_row[5].g_col[2].u_pe/u_mac/u_add/g22991/Y                      -       A2->Y R     AOI21xp5_ASAP7_75t_R         2  0.8    22    17    1400    (-,-) 
  u_array/g_row[5].g_col[2].u_pe/u_mac/u_add/g22989/Y                      -       A1->Y F     OAI21xp5_ASAP7_75t_R         2  0.8    18    16    1415    (-,-) 
  u_array/g_row[5].g_col[2].u_pe/u_mac/u_add/g22985/Y                      -       A1->Y R     AOI21xp5_ASAP7_75t_R         2  1.3    30    21    1436    (-,-) 
  u_array/g_row[5].g_col[2].u_pe/u_mac/u_add/g22983/Y                      -       A->Y  R     HB1xp67_ASAP7_75t_R          1  1.0    18    27    1463    (-,-) 
  u_array/g_row[5].g_col[2].u_pe/u_mac/u_add/g24007/Y                      -       B->Y  R     XOR2xp5_ASAP7_75t_R          1  1.0    28    27    1491    (-,-) 
  u_array/g_row[5].g_col[2].u_pe/u_mac/u_add/g24005/Y                      -       A2->Y F     AOI21x1_ASAP7_75t_R          3  1.5    19    15    1506    (-,-) 
  u_array/g_row[5].g_col[2].u_pe/u_mac/u_add/g24004/Y                      -       B->Y  R     NOR2xp67_ASAP7_75t_R         1  0.5    14    12    1518    (-,-) 
  u_array/g_row[5].g_col[2].u_pe/u_mac/u_add/g22942/Y                      -       C->Y  F     NAND4xp25_ASAP7_75t_R        2  0.8    34    22    1540    (-,-) 
  u_array/g_row[5].g_col[2].u_pe/u_mac/u_add/g23988/Y                      -       B->Y  F     AND2x2_ASAP7_75t_R           5  3.4    17    33    1573    (-,-) 
  u_array/g_row[5].g_col[2].u_pe/u_mac/u_add/g22935/Y                      -       B->Y  F     AND2x4_ASAP7_75t_R          22 10.5    22    30    1602    (-,-) 
  u_array/g_row[5].g_col[2].u_pe/u_mac/u_add/g22909/Y                      -       A2->Y R     AOI22xp33_ASAP7_75t_R        1  0.3    24    17    1620    (-,-) 
  u_array/g_row[5].g_col[2].u_pe/u_mac/u_add/g22863/Y                      -       A->Y  F     NAND2xp33_ASAP7_75t_R        1  0.5    15    13    1633    (-,-) 
  u_array/g_row[5].g_col[2].u_pe/g1038/Y                                   -       A1->Y R     AOI22xp5_ASAP7_75t_R         1  0.6    33    17    1650    (-,-) 
  u_array/g_row[5].g_col[2].u_pe/psum_out_reg[1]/D                         -       -     R     DFFASRHQNx1_ASAP7_75t_R      1    -     -     0    1650    (-,-) 
#---------------------------------------------------------------------------------------------------------------------------------------------------------------



Path 2: VIOLATED (-24 ps) Setup Check with Pin u_array/g_row[5].g_col[2].u_pe/psum_out_reg[1]/CLK->D
          Group: clk
     Startpoint: (R) act_buf_sel
          Clock: (R) clk
       Endpoint: (R) u_array/g_row[5].g_col[2].u_pe/psum_out_reg[1]/D
          Clock: (R) clk

                     Capture       Launch     
        Clock Edge:+    1650            0     
        Drv Adjust:+       0           10     
       Src Latency:+       0            0     
       Net Latency:+       0 (I)        0 (I) 
           Arrival:=    1650           10     
                                              
             Setup:-      24                  
     Required Time:=    1626                  
      Launch Clock:-      10                  
       Input Delay:-     165                  
         Data Path:-    1474                  
             Slack:=     -24                  

Exceptions/Constraints:
  input_delay             165             constraints.sdc_line_22_1034_1 

#---------------------------------------------------------------------------------------------------------------------------------------------------------------
#                              Timing Point                                Flags   Arc   Edge          Cell            Fanout Load Trans Delay Arrival Instance 
#                                                                                                                             (fF)  (ps)  (ps)   (ps)  Location 
#---------------------------------------------------------------------------------------------------------------------------------------------------------------
  act_buf_sel                                                              -       -     R     (arrival)                   10  8.4    25     0     175    (-,-) 
  u_ctrl/fopt27524/Y                                                       -       A->Y  R     BUFx3_ASAP7_75t_R            9  5.1    19    27     203    (-,-) 
  u_ctrl/fopt27519/Y                                                       -       A->Y  R     BUFx6f_ASAP7_75t_R           9  5.7    13    22     224    (-,-) 
  u_ctrl/g50800/Y                                                          -       A1->Y F     OAI21xp5_ASAP7_75t_R         1  0.6    16    12     236    (-,-) 
  u_array/fopt5227/Y                                                       -       A->Y  F     BUFx3_ASAP7_75t_R            9  5.6    17    26     262    (-,-) 
  u_array/fopt5221/Y                                                       -       A->Y  F     BUFx3_ASAP7_75t_R            2  2.4    10    22     285    (-,-) 
  u_array/fopt5219/Y                                                       -       A->Y  R     INVx2_ASAP7_75t_R            4  2.4    13    10     295    (-,-) 
  u_array/fopt5215/Y                                                       -       A->Y  R     BUFx3_ASAP7_75t_R            3  6.4    23    26     321    (-,-) 
  u_array/fopt5212/Y                                                       -       A->Y  F     INVx4_ASAP7_75t_R            8  4.8    14    12     333    (-,-) 
  u_array/g_row[5].g_col[2].u_pe/u_mac/u_mul/mul_59_28_g1861/Y             -       B->Y  R     NAND2xp5_ASAP7_75t_R         2  1.5    27    17     350    (-,-) 
  u_array/g_row[5].g_col[2].u_pe/u_mac/u_mul/mul_59_28_g1785/Y             -       B->Y  R     XNOR2xp5_ASAP7_75t_R         1  0.9    29    23     374    (-,-) 
  u_array/g_row[5].g_col[2].u_pe/u_mac/u_mul/mul_59_28_g1728/Y             -       B->Y  F     XNOR2x2_ASAP7_75t_R          2  2.0    14    41     415    (-,-) 
  u_array/g_row[5].g_col[2].u_pe/u_mac/u_mul/mul_59_28_g4272/Y             -       C->Y  F     MAJx2_ASAP7_75t_R            2  0.9    11    28     444    (-,-) 
  u_array/g_row[5].g_col[2].u_pe/u_mac/u_mul/mul_59_28_g1654/Y             -       A->Y  R     INVxp67_ASAP7_75t_R          2  1.6    24    16     460    (-,-) 
  u_array/g_row[5].g_col[2].u_pe/u_mac/u_mul/mul_59_28_g1618/Y             -       A2->Y F     OAI22xp5_ASAP7_75t_R         1  1.0    24    18     478    (-,-) 
  u_array/g_row[5].g_col[2].u_pe/u_mac/u_mul/mul_59_28_g1592/Y             -       A->Y  F     XNOR2xp5_ASAP7_75t_R         2  0.8    20    27     505    (-,-) 
  u_array/g_row[5].g_col[2].u_pe/u_mac/u_mul/g8730/Y                       -       B->Y  R     NAND2xp5_ASAP7_75t_R         3  1.4    26    19     524    (-,-) 
  u_array/g_row[5].g_col[2].u_pe/u_mac/u_mul/g8714/Y                       -       C->Y  F     NAND3xp33_ASAP7_75t_R        2  0.6    20    16     541    (-,-) 
  u_array/g_row[5].g_col[2].u_pe/u_mac/u_mul/g8703/Y                       -       A->Y  R     NOR2xp33_ASAP7_75t_R         1  0.6    24    18     558    (-,-) 
  u_array/g_row[5].g_col[2].u_pe/u_mac/u_mul/g8696/Y                       -       A2->Y F     OAI21xp5_ASAP7_75t_R         3  1.2    22    18     576    (-,-) 
  u_array/g_row[5].g_col[2].u_pe/u_mac/u_mul/g8692/Y                       -       A->Y  R     INVxp67_ASAP7_75t_R          1  0.4    12    12     588    (-,-) 
  u_array/g_row[5].g_col[2].u_pe/u_mac/u_mul/fopt4378/Y                    -       A->Y  F     INVxp67_ASAP7_75t_R          2  1.0    13    11     599    (-,-) 
  u_array/g_row[5].g_col[2].u_pe/u_mac/u_mul/g381/Y                        -       A->Y  R     MAJIxp5_ASAP7_75t_R          2  1.4    43    22     621    (-,-) 
  u_array/g_row[5].g_col[2].u_pe/u_mac/u_mul/g29/Y                         -       A1->Y F     AOI21xp5_ASAP7_75t_R         1  0.9    24    21     642    (-,-) 
  u_array/g_row[5].g_col[2].u_pe/u_mac/u_mul/g4396/Y                       -       B->Y  F     XOR2xp5_ASAP7_75t_R          2  1.1    25    26     668    (-,-) 
  u_array/g_row[5].g_col[2].u_pe/u_mac/u_mul/g18/Y                         -       A->Y  R     INVx1_ASAP7_75t_R            2  0.9    15    14     681    (-,-) 
  u_array/g_row[5].g_col[2].u_pe/u_mac/u_mul/g3977/Y                       -       A->Y  F     NAND3xp33_ASAP7_75t_R        1  0.5    18    14     695    (-,-) 
  u_array/g_row[5].g_col[2].u_pe/u_mac/u_mul/g4240/Y                       -       A1->Y F     OA331x2_ASAP7_75t_R          3  2.2    20    47     742    (-,-) 
  u_array/g_row[5].g_col[2].u_pe/u_mac/u_mul/g4208/Y                       -       B->Y  F     AND2x2_ASAP7_75t_R          14  6.5    26    34     776    (-,-) 
  u_array/g_row[5].g_col[2].u_pe/u_mac/u_mul/g4243/Y                       -       B2->Y F     AO22x1_ASAP7_75t_R           4  1.8    18    35     811    (-,-) 
  u_array/g_row[5].g_col[2].u_pe/u_mac/u_add/g13903/Y                      -       A1->Y R     OAI22xp33_ASAP7_75t_R        2  1.0    38    23     834    (-,-) 
  u_array/g_row[5].g_col[2].u_pe/u_mac/u_add/g13902/Y                      -       A->Y  F     INVx1_ASAP7_75t_R            2  1.0    16    15     849    (-,-) 
  u_array/g_row[5].g_col[2].u_pe/u_mac/u_add/g13869/Y                      -       C->Y  R     NAND4xp25_ASAP7_75t_R        1  0.5    19    15     864    (-,-) 
  u_array/g_row[5].g_col[2].u_pe/u_mac/u_add/g13866/Y                      -       A->Y  F     NAND3xp33_ASAP7_75t_R        1  0.5    19    15     878    (-,-) 
  u_array/g_row[5].g_col[2].u_pe/u_mac/u_add/g13865/Y                      -       B->Y  R     NAND2xp5_ASAP7_75t_R         1  1.0    20    16     894    (-,-) 
  u_array/g_row[5].g_col[2].u_pe/u_mac/u_add/g13864/Y                      -       B->Y  R     AND2x4_ASAP7_75t_R           5  4.5    15    25     920    (-,-) 
  u_array/g_row[5].g_col[2].u_pe/u_mac/u_add/g16069/Y                      -       A->Y  F     INVx2_ASAP7_75t_R            3  2.2    11    10     930    (-,-) 
  u_array/g_row[5].g_col[2].u_pe/u_mac/u_add/g16068/Y                      -       A->Y  R     INVx2_ASAP7_75t_R           10  5.0    24    16     946    (-,-) 
  u_array/g_row[5].g_col[2].u_pe/u_mac/u_add/g16055/Y                      -       B->Y  F     NAND2xp5_ASAP7_75t_R         1  0.5    14    12     958    (-,-) 
  u_array/g_row[5].g_col[2].u_pe/u_mac/u_add/g16026/Y                      -       B->Y  R     O2A1O1Ixp33_ASAP7_75t_R      2  1.0    38    21     979    (-,-) 
  u_array/g_row[5].g_col[2].u_pe/u_mac/u_add/srl_68_50_g4342/Y             -       B1->Y F     AOI22xp5_ASAP7_75t_R         2  1.1    28    19     998    (-,-) 
  u_array/g_row[5].g_col[2].u_pe/u_mac/u_add/srl_68_50_g4298/Y             -       A2->Y F     OA22x2_ASAP7_75t_R           2  0.9    10    30    1028    (-,-) 
  u_array/g_row[5].g_col[2].u_pe/u_mac/u_add/srl_68_50_g4286/Y             -       A->Y  R     INVx1_ASAP7_75t_R            1  0.5     8     8    1036    (-,-) 
  u_array/g_row[5].g_col[2].u_pe/u_mac/u_add/srl_68_50_g4244/Y             -       A1->Y F     AOI22xp5_ASAP7_75t_R         2  0.8    22    12    1048    (-,-) 
  u_array/g_row[5].g_col[2].u_pe/u_mac/u_add/fopt23777/Y                   -       A->Y  R     INVxp67_ASAP7_75t_R          1  0.5    14    12    1061    (-,-) 
  u_array/g_row[5].g_col[2].u_pe/u_mac/u_add/srl_68_50_g4211/Y             -       A1->Y F     AOI21xp5_ASAP7_75t_R         1  0.6    15    12    1072    (-,-) 
  u_array/g_row[5].g_col[2].u_pe/u_mac/u_add/srl_68_50_g4196/Y             -       A2->Y R     OAI22xp5_ASAP7_75t_R         1  0.5    21    14    1086    (-,-) 
  u_array/g_row[5].g_col[2].u_pe/u_mac/u_add/g14033/Y                      -       B->Y  R     AND2x2_ASAP7_75t_R           3  1.7    13    25    1111    (-,-) 
  u_array/g_row[5].g_col[2].u_pe/u_mac/u_add/g1402/Y                       -       A->Y  F     INVx1_ASAP7_75t_R            2  1.1    11    10    1121    (-,-) 
  u_array/g_row[5].g_col[2].u_pe/u_mac/u_add/g1365/Y                       -       A2->Y R     OAI22xp5_ASAP7_75t_R         2  1.3    34    19    1140    (-,-) 
  u_array/g_row[5].g_col[2].u_pe/u_mac/u_add/g1361/Y                       -       B->Y  F     NOR2x1_ASAP7_75t_R           3  1.9    22    20    1160    (-,-) 
  u_array/g_row[5].g_col[2].u_pe/u_mac/u_add/sub_75_43_Y_add_76_43_g3307/Y -       A->Y  R     NAND2xp5_ASAP7_75t_R         1  1.0    21    18    1178    (-,-) 
  u_array/g_row[5].g_col[2].u_pe/u_mac/u_add/sub_75_43_Y_add_76_43_g3282/Y -       A->Y  R     AND2x4_ASAP7_75t_R           5  4.1    14    24    1203    (-,-) 
  u_array/g_row[5].g_col[2].u_pe/u_mac/u_add/sub_75_43_Y_add_76_43_g3254/Y -       A2->Y F     OAI21x1_ASAP7_75t_R          1  0.9    15    11    1213    (-,-) 
  u_array/g_row[5].g_col[2].u_pe/u_mac/u_add/sub_75_43_Y_add_76_43_g3244/Y -       A->Y  R     XOR2x2_ASAP7_75t_R           9  4.9    27    44    1257    (-,-) 
  u_array/g_row[5].g_col[2].u_pe/u_mac/u_add/fopt23806/Y                   -       A->Y  F     INVx2_ASAP7_75t_R            1  0.5     8     8    1266    (-,-) 
  u_array/g_row[5].g_col[2].u_pe/u_mac/u_add/g23491/Y                      -       B->Y  R     NAND2xp5_ASAP7_75t_R         2  0.8    17    11    1277    (-,-) 
  u_array/g_row[5].g_col[2].u_pe/u_mac/u_add/g23373/Y                      -       A2->Y F     OAI21xp33_ASAP7_75t_R        1  0.5    18    14    1290    (-,-) 
  u_array/g_row[5].g_col[2].u_pe/u_mac/u_add/g23304/Y                      -       A->Y  R     NAND2xp5_ASAP7_75t_R         1  0.5    14    13    1304    (-,-) 
  u_array/g_row[5].g_col[2].u_pe/u_mac/u_add/g23207/Y                      -       A1->Y F     AOI21xp5_ASAP7_75t_R         1  0.6    16    12    1316    (-,-) 
  u_array/g_row[5].g_col[2].u_pe/u_mac/u_add/g23111/Y                      -       A1->Y R     OAI21xp5_ASAP7_75t_R         1  0.9    25    17    1333    (-,-) 
  u_array/g_row[5].g_col[2].u_pe/u_mac/u_add/g23053/Y                      -       A2->Y F     AOI211x1_ASAP7_75t_R         2  1.1    28    23    1356    (-,-) 
  u_array/g_row[5].g_col[2].u_pe/u_mac/u_add/g23043/Y                      -       A->Y  R     INVx1_ASAP7_75t_R            1  1.0    17    15    1371    (-,-) 
  u_array/g_row[5].g_col[2].u_pe/u_mac/u_add/g23025/Y                      -       B->Y  F     NAND2x1_ASAP7_75t_R          3  1.4    17    12    1383    (-,-) 
  u_array/g_row[5].g_col[2].u_pe/u_mac/u_add/g22991/Y                      -       A2->Y R     AOI21xp5_ASAP7_75t_R         2  0.8    22    17    1400    (-,-) 
  u_array/g_row[5].g_col[2].u_pe/u_mac/u_add/g22989/Y                      -       A1->Y F     OAI21xp5_ASAP7_75t_R         2  0.8    18    16    1415    (-,-) 
  u_array/g_row[5].g_col[2].u_pe/u_mac/u_add/g22985/Y                      -       A1->Y R     AOI21xp5_ASAP7_75t_R         2  1.3    30    21    1436    (-,-) 
  u_array/g_row[5].g_col[2].u_pe/u_mac/u_add/g22983/Y                      -       A->Y  R     HB1xp67_ASAP7_75t_R          1  1.0    18    27    1463    (-,-) 
  u_array/g_row[5].g_col[2].u_pe/u_mac/u_add/g24007/Y                      -       B->Y  R     XOR2xp5_ASAP7_75t_R          1  1.0    28    27    1491    (-,-) 
  u_array/g_row[5].g_col[2].u_pe/u_mac/u_add/g24005/Y                      -       A2->Y F     AOI21x1_ASAP7_75t_R          3  1.5    19    15    1506    (-,-) 
  u_array/g_row[5].g_col[2].u_pe/u_mac/u_add/g24004/Y                      -       B->Y  R     NOR2xp67_ASAP7_75t_R         1  0.5    14    12    1518    (-,-) 
  u_array/g_row[5].g_col[2].u_pe/u_mac/u_add/g22942/Y                      -       C->Y  F     NAND4xp25_ASAP7_75t_R        2  0.8    34    22    1540    (-,-) 
  u_array/g_row[5].g_col[2].u_pe/u_mac/u_add/g23988/Y                      -       B->Y  F     AND2x2_ASAP7_75t_R           5  3.4    17    33    1573    (-,-) 
  u_array/g_row[5].g_col[2].u_pe/u_mac/u_add/g22935/Y                      -       B->Y  F     AND2x4_ASAP7_75t_R          22 10.5    22    30    1602    (-,-) 
  u_array/g_row[5].g_col[2].u_pe/u_mac/u_add/g22909/Y                      -       A2->Y R     AOI22xp33_ASAP7_75t_R        1  0.3    24    17    1620    (-,-) 
  u_array/g_row[5].g_col[2].u_pe/u_mac/u_add/g22863/Y                      -       A->Y  F     NAND2xp33_ASAP7_75t_R        1  0.5    15    13    1633    (-,-) 
  u_array/g_row[5].g_col[2].u_pe/g1038/Y                                   -       A1->Y R     AOI22xp5_ASAP7_75t_R         1  0.6    33    17    1650    (-,-) 
  u_array/g_row[5].g_col[2].u_pe/psum_out_reg[1]/D                         -       -     R     DFFASRHQNx1_ASAP7_75t_R      1    -     -     0    1650    (-,-) 
#---------------------------------------------------------------------------------------------------------------------------------------------------------------



Path 3: VIOLATED (-24 ps) Setup Check with Pin u_array/g_row[5].g_col[2].u_pe/psum_out_reg[1]/CLK->D
          Group: clk
     Startpoint: (R) act_buf_sel
          Clock: (R) clk
       Endpoint: (R) u_array/g_row[5].g_col[2].u_pe/psum_out_reg[1]/D
          Clock: (R) clk

                     Capture       Launch     
        Clock Edge:+    1650            0     
        Drv Adjust:+       0           10     
       Src Latency:+       0            0     
       Net Latency:+       0 (I)        0 (I) 
           Arrival:=    1650           10     
                                              
             Setup:-      24                  
     Required Time:=    1626                  
      Launch Clock:-      10                  
       Input Delay:-     165                  
         Data Path:-    1474                  
             Slack:=     -24                  

Exceptions/Constraints:
  input_delay             165             constraints.sdc_line_22_1034_1 

#---------------------------------------------------------------------------------------------------------------------------------------------------------------
#                              Timing Point                                Flags   Arc   Edge          Cell            Fanout Load Trans Delay Arrival Instance 
#                                                                                                                             (fF)  (ps)  (ps)   (ps)  Location 
#---------------------------------------------------------------------------------------------------------------------------------------------------------------
  act_buf_sel                                                              -       -     R     (arrival)                   10  8.4    25     0     175    (-,-) 
  u_ctrl/fopt27524/Y                                                       -       A->Y  R     BUFx3_ASAP7_75t_R            9  5.1    19    27     203    (-,-) 
  u_ctrl/fopt27519/Y                                                       -       A->Y  R     BUFx6f_ASAP7_75t_R           9  5.7    13    22     224    (-,-) 
  u_ctrl/g50800/Y                                                          -       A1->Y F     OAI21xp5_ASAP7_75t_R         1  0.6    16    12     236    (-,-) 
  u_array/fopt5227/Y                                                       -       A->Y  F     BUFx3_ASAP7_75t_R            9  5.6    17    26     262    (-,-) 
  u_array/fopt5221/Y                                                       -       A->Y  F     BUFx3_ASAP7_75t_R            2  2.4    10    22     285    (-,-) 
  u_array/fopt5219/Y                                                       -       A->Y  R     INVx2_ASAP7_75t_R            4  2.4    13    10     295    (-,-) 
  u_array/fopt5215/Y                                                       -       A->Y  R     BUFx3_ASAP7_75t_R            3  6.4    23    26     321    (-,-) 
  u_array/fopt5212/Y                                                       -       A->Y  F     INVx4_ASAP7_75t_R            8  4.8    14    12     333    (-,-) 
  u_array/g_row[5].g_col[2].u_pe/u_mac/u_mul/mul_59_28_g1861/Y             -       B->Y  R     NAND2xp5_ASAP7_75t_R         2  1.5    27    17     350    (-,-) 
  u_array/g_row[5].g_col[2].u_pe/u_mac/u_mul/mul_59_28_g1785/Y             -       B->Y  R     XNOR2xp5_ASAP7_75t_R         1  0.9    29    23     374    (-,-) 
  u_array/g_row[5].g_col[2].u_pe/u_mac/u_mul/mul_59_28_g1728/Y             -       B->Y  F     XNOR2x2_ASAP7_75t_R          2  2.0    14    41     415    (-,-) 
  u_array/g_row[5].g_col[2].u_pe/u_mac/u_mul/mul_59_28_g4272/Y             -       C->Y  F     MAJx2_ASAP7_75t_R            2  0.9    11    28     444    (-,-) 
  u_array/g_row[5].g_col[2].u_pe/u_mac/u_mul/mul_59_28_g1654/Y             -       A->Y  R     INVxp67_ASAP7_75t_R          2  1.6    24    16     460    (-,-) 
  u_array/g_row[5].g_col[2].u_pe/u_mac/u_mul/mul_59_28_g1618/Y             -       A2->Y F     OAI22xp5_ASAP7_75t_R         1  1.0    24    18     478    (-,-) 
  u_array/g_row[5].g_col[2].u_pe/u_mac/u_mul/mul_59_28_g1592/Y             -       A->Y  F     XNOR2xp5_ASAP7_75t_R         2  0.8    20    27     505    (-,-) 
  u_array/g_row[5].g_col[2].u_pe/u_mac/u_mul/g8730/Y                       -       B->Y  R     NAND2xp5_ASAP7_75t_R         3  1.4    26    19     524    (-,-) 
  u_array/g_row[5].g_col[2].u_pe/u_mac/u_mul/g8714/Y                       -       C->Y  F     NAND3xp33_ASAP7_75t_R        2  0.6    20    16     541    (-,-) 
  u_array/g_row[5].g_col[2].u_pe/u_mac/u_mul/g8703/Y                       -       A->Y  R     NOR2xp33_ASAP7_75t_R         1  0.6    24    18     558    (-,-) 
  u_array/g_row[5].g_col[2].u_pe/u_mac/u_mul/g8696/Y                       -       A2->Y F     OAI21xp5_ASAP7_75t_R         3  1.2    22    18     576    (-,-) 
  u_array/g_row[5].g_col[2].u_pe/u_mac/u_mul/g8692/Y                       -       A->Y  R     INVxp67_ASAP7_75t_R          1  0.4    12    12     588    (-,-) 
  u_array/g_row[5].g_col[2].u_pe/u_mac/u_mul/fopt4378/Y                    -       A->Y  F     INVxp67_ASAP7_75t_R          2  1.0    13    11     599    (-,-) 
  u_array/g_row[5].g_col[2].u_pe/u_mac/u_mul/g381/Y                        -       A->Y  R     MAJIxp5_ASAP7_75t_R          2  1.4    43    22     621    (-,-) 
  u_array/g_row[5].g_col[2].u_pe/u_mac/u_mul/g29/Y                         -       A1->Y F     AOI21xp5_ASAP7_75t_R         1  0.9    24    21     642    (-,-) 
  u_array/g_row[5].g_col[2].u_pe/u_mac/u_mul/g4396/Y                       -       B->Y  F     XOR2xp5_ASAP7_75t_R          2  1.1    25    26     668    (-,-) 
  u_array/g_row[5].g_col[2].u_pe/u_mac/u_mul/g18/Y                         -       A->Y  R     INVx1_ASAP7_75t_R            2  0.9    15    14     681    (-,-) 
  u_array/g_row[5].g_col[2].u_pe/u_mac/u_mul/g3977/Y                       -       A->Y  F     NAND3xp33_ASAP7_75t_R        1  0.5    18    14     695    (-,-) 
  u_array/g_row[5].g_col[2].u_pe/u_mac/u_mul/g4240/Y                       -       A1->Y F     OA331x2_ASAP7_75t_R          3  2.2    20    47     742    (-,-) 
  u_array/g_row[5].g_col[2].u_pe/u_mac/u_mul/g4208/Y                       -       B->Y  F     AND2x2_ASAP7_75t_R          14  6.5    26    34     776    (-,-) 
  u_array/g_row[5].g_col[2].u_pe/u_mac/u_mul/g4243/Y                       -       B2->Y F     AO22x1_ASAP7_75t_R           4  1.8    18    35     811    (-,-) 
  u_array/g_row[5].g_col[2].u_pe/u_mac/u_add/g13903/Y                      -       A1->Y R     OAI22xp33_ASAP7_75t_R        2  1.0    38    23     834    (-,-) 
  u_array/g_row[5].g_col[2].u_pe/u_mac/u_add/g13902/Y                      -       A->Y  F     INVx1_ASAP7_75t_R            2  1.0    16    15     849    (-,-) 
  u_array/g_row[5].g_col[2].u_pe/u_mac/u_add/g13869/Y                      -       C->Y  R     NAND4xp25_ASAP7_75t_R        1  0.5    19    15     864    (-,-) 
  u_array/g_row[5].g_col[2].u_pe/u_mac/u_add/g13866/Y                      -       A->Y  F     NAND3xp33_ASAP7_75t_R        1  0.5    19    15     878    (-,-) 
  u_array/g_row[5].g_col[2].u_pe/u_mac/u_add/g13865/Y                      -       B->Y  R     NAND2xp5_ASAP7_75t_R         1  1.0    20    16     894    (-,-) 
  u_array/g_row[5].g_col[2].u_pe/u_mac/u_add/g13864/Y                      -       B->Y  R     AND2x4_ASAP7_75t_R           5  4.5    15    25     920    (-,-) 
  u_array/g_row[5].g_col[2].u_pe/u_mac/u_add/g16060/Y                      -       B->Y  F     NOR2xp33_ASAP7_75t_R         1  1.0    27    19     939    (-,-) 
  u_array/g_row[5].g_col[2].u_pe/u_mac/u_add/g24043/Y                      -       B->Y  F     OR2x6_ASAP7_75t_R            9  9.2    19    37     976    (-,-) 
  u_array/g_row[5].g_col[2].u_pe/u_mac/u_add/fopt24042/Y                   -       A->Y  R     INVx6_ASAP7_75t_R            5  6.2    14    13     988    (-,-) 
  u_array/g_row[5].g_col[2].u_pe/u_mac/u_add/fopt24046/Y                   -       A->Y  F     INVx6_ASAP7_75t_R            6  5.8    10    10     998    (-,-) 
  u_array/g_row[5].g_col[2].u_pe/u_mac/u_add/fopt24052/Y                   -       A->Y  R     INVx3_ASAP7_75t_R            4  2.0     9     8    1006    (-,-) 
  u_array/g_row[5].g_col[2].u_pe/u_mac/u_add/srl_68_50_g4293/Y             -       B2->Y F     OAI22xp5_ASAP7_75t_R         2  1.5    29    16    1023    (-,-) 
  u_array/g_row[5].g_col[2].u_pe/u_mac/u_add/srl_68_50_g4256/Y             -       B1->Y R     AOI22x1_ASAP7_75t_R          2  1.2    25    21    1043    (-,-) 
  u_array/g_row[5].g_col[2].u_pe/u_mac/u_add/fopt23828/Y                   -       A->Y  F     INVx1_ASAP7_75t_R            1  0.5    10    10    1053    (-,-) 
  u_array/g_row[5].g_col[2].u_pe/u_mac/u_add/srl_68_50_g4212/Y             -       A1->Y R     AOI21xp5_ASAP7_75t_R         1  0.4    16    11    1064    (-,-) 
  u_array/g_row[5].g_col[2].u_pe/u_mac/u_add/srl_68_50_g4197/Y             -       B1->Y F     OAI32xp33_ASAP7_75t_R        1  0.5    23    18    1082    (-,-) 
  u_array/g_row[5].g_col[2].u_pe/u_mac/u_add/g1394/Y                       -       B->Y  R     NAND2xp5_ASAP7_75t_R         2  0.9    19    16    1098    (-,-) 
  u_array/g_row[5].g_col[2].u_pe/u_mac/u_add/g1392/Y                       -       A->Y  F     INVx1_ASAP7_75t_R            3  1.7    16    14    1112    (-,-) 
  u_array/g_row[5].g_col[2].u_pe/u_mac/u_add/g1391/Y                       -       A->Y  R     INVx1_ASAP7_75t_R            3  1.9    20    16    1128    (-,-) 
  u_array/g_row[5].g_col[2].u_pe/u_mac/u_add/g1363/Y                       -       A1->Y F     AOI21x1_ASAP7_75t_R          3  1.4    18    15    1142    (-,-) 
  u_array/g_row[5].g_col[2].u_pe/u_mac/u_add/g1358/Y                       -       A->Y  R     NAND2xp5_ASAP7_75t_R         2  1.5    26    20    1162    (-,-) 
  u_array/g_row[5].g_col[2].u_pe/u_mac/u_add/sub_75_43_Y_add_76_43_g3294/Y -       A1->Y F     AOI21x1_ASAP7_75t_R          1  1.0    16    14    1177    (-,-) 
  u_array/g_row[5].g_col[2].u_pe/u_mac/u_add/sub_75_43_Y_add_76_43_g3282/Y -       B->Y  F     AND2x4_ASAP7_75t_R           5  4.2    12    24    1200    (-,-) 
  u_array/g_row[5].g_col[2].u_pe/u_mac/u_add/sub_75_43_Y_add_76_43_g3258/Y -       A->Y  R     XOR2x2_ASAP7_75t_R          13  7.9    40    49    1249    (-,-) 
  u_array/g_row[5].g_col[2].u_pe/u_mac/u_add/fopt23905/Y                   -       A->Y  F     INVx4_ASAP7_75t_R            7  3.3    14    13    1263    (-,-) 
  u_array/g_row[5].g_col[2].u_pe/u_mac/u_add/g23491/Y                      -       A->Y  R     NAND2xp5_ASAP7_75t_R         2  0.8    17    14    1277    (-,-) 
  u_array/g_row[5].g_col[2].u_pe/u_mac/u_add/g23373/Y                      -       A2->Y F     OAI21xp33_ASAP7_75t_R        1  0.5    18    14    1290    (-,-) 
  u_array/g_row[5].g_col[2].u_pe/u_mac/u_add/g23304/Y                      -       A->Y  R     NAND2xp5_ASAP7_75t_R         1  0.5    14    13    1304    (-,-) 
  u_array/g_row[5].g_col[2].u_pe/u_mac/u_add/g23207/Y                      -       A1->Y F     AOI21xp5_ASAP7_75t_R         1  0.6    16    12    1316    (-,-) 
  u_array/g_row[5].g_col[2].u_pe/u_mac/u_add/g23111/Y                      -       A1->Y R     OAI21xp5_ASAP7_75t_R         1  0.9    25    17    1333    (-,-) 
  u_array/g_row[5].g_col[2].u_pe/u_mac/u_add/g23053/Y                      -       A2->Y F     AOI211x1_ASAP7_75t_R         2  1.1    28    23    1356    (-,-) 
  u_array/g_row[5].g_col[2].u_pe/u_mac/u_add/g23043/Y                      -       A->Y  R     INVx1_ASAP7_75t_R            1  1.0    17    15    1371    (-,-) 
  u_array/g_row[5].g_col[2].u_pe/u_mac/u_add/g23025/Y                      -       B->Y  F     NAND2x1_ASAP7_75t_R          3  1.4    17    12    1383    (-,-) 
  u_array/g_row[5].g_col[2].u_pe/u_mac/u_add/g22991/Y                      -       A2->Y R     AOI21xp5_ASAP7_75t_R         2  0.8    22    17    1400    (-,-) 
  u_array/g_row[5].g_col[2].u_pe/u_mac/u_add/g22989/Y                      -       A1->Y F     OAI21xp5_ASAP7_75t_R         2  0.8    18    16    1415    (-,-) 
  u_array/g_row[5].g_col[2].u_pe/u_mac/u_add/g22985/Y                      -       A1->Y R     AOI21xp5_ASAP7_75t_R         2  1.3    30    21    1436    (-,-) 
  u_array/g_row[5].g_col[2].u_pe/u_mac/u_add/g22983/Y                      -       A->Y  R     HB1xp67_ASAP7_75t_R          1  1.0    18    27    1463    (-,-) 
  u_array/g_row[5].g_col[2].u_pe/u_mac/u_add/g24007/Y                      -       B->Y  R     XOR2xp5_ASAP7_75t_R          1  1.0    28    27    1491    (-,-) 
  u_array/g_row[5].g_col[2].u_pe/u_mac/u_add/g24005/Y                      -       A2->Y F     AOI21x1_ASAP7_75t_R          3  1.5    19    15    1506    (-,-) 
  u_array/g_row[5].g_col[2].u_pe/u_mac/u_add/g24004/Y                      -       B->Y  R     NOR2xp67_ASAP7_75t_R         1  0.5    14    12    1518    (-,-) 
  u_array/g_row[5].g_col[2].u_pe/u_mac/u_add/g22942/Y                      -       C->Y  F     NAND4xp25_ASAP7_75t_R        2  0.8    34    22    1540    (-,-) 
  u_array/g_row[5].g_col[2].u_pe/u_mac/u_add/g23988/Y                      -       B->Y  F     AND2x2_ASAP7_75t_R           5  3.4    17    33    1573    (-,-) 
  u_array/g_row[5].g_col[2].u_pe/u_mac/u_add/g22935/Y                      -       B->Y  F     AND2x4_ASAP7_75t_R          22 10.5    22    30    1602    (-,-) 
  u_array/g_row[5].g_col[2].u_pe/u_mac/u_add/g22909/Y                      -       A2->Y R     AOI22xp33_ASAP7_75t_R        1  0.3    24    17    1620    (-,-) 
  u_array/g_row[5].g_col[2].u_pe/u_mac/u_add/g22863/Y                      -       A->Y  F     NAND2xp33_ASAP7_75t_R        1  0.5    15    13    1633    (-,-) 
  u_array/g_row[5].g_col[2].u_pe/g1038/Y                                   -       A1->Y R     AOI22xp5_ASAP7_75t_R         1  0.6    33    17    1650    (-,-) 
  u_array/g_row[5].g_col[2].u_pe/psum_out_reg[1]/D                         -       -     R     DFFASRHQNx1_ASAP7_75t_R      1    -     -     0    1650    (-,-) 
#---------------------------------------------------------------------------------------------------------------------------------------------------------------



Path 4: VIOLATED (-24 ps) Setup Check with Pin u_array/g_row[5].g_col[2].u_pe/psum_out_reg[1]/CLK->D
          Group: clk
     Startpoint: (R) act_buf_sel
          Clock: (R) clk
       Endpoint: (R) u_array/g_row[5].g_col[2].u_pe/psum_out_reg[1]/D
          Clock: (R) clk

                     Capture       Launch     
        Clock Edge:+    1650            0     
        Drv Adjust:+       0           10     
       Src Latency:+       0            0     
       Net Latency:+       0 (I)        0 (I) 
           Arrival:=    1650           10     
                                              
             Setup:-      24                  
     Required Time:=    1626                  
      Launch Clock:-      10                  
       Input Delay:-     165                  
         Data Path:-    1474                  
             Slack:=     -24                  

Exceptions/Constraints:
  input_delay             165             constraints.sdc_line_22_1034_1 

#---------------------------------------------------------------------------------------------------------------------------------------------------------------
#                              Timing Point                                Flags   Arc   Edge          Cell            Fanout Load Trans Delay Arrival Instance 
#                                                                                                                             (fF)  (ps)  (ps)   (ps)  Location 
#---------------------------------------------------------------------------------------------------------------------------------------------------------------
  act_buf_sel                                                              -       -     R     (arrival)                   10  8.4    25     0     175    (-,-) 
  u_ctrl/fopt27524/Y                                                       -       A->Y  R     BUFx3_ASAP7_75t_R            9  5.1    19    27     203    (-,-) 
  u_ctrl/fopt27519/Y                                                       -       A->Y  R     BUFx6f_ASAP7_75t_R           9  5.7    13    22     224    (-,-) 
  u_ctrl/g50800/Y                                                          -       A1->Y F     OAI21xp5_ASAP7_75t_R         1  0.6    16    12     236    (-,-) 
  u_array/fopt5227/Y                                                       -       A->Y  F     BUFx3_ASAP7_75t_R            9  5.6    17    26     262    (-,-) 
  u_array/fopt5221/Y                                                       -       A->Y  F     BUFx3_ASAP7_75t_R            2  2.4    10    22     285    (-,-) 
  u_array/fopt5219/Y                                                       -       A->Y  R     INVx2_ASAP7_75t_R            4  2.4    13    10     295    (-,-) 
  u_array/fopt5215/Y                                                       -       A->Y  R     BUFx3_ASAP7_75t_R            3  6.4    23    26     321    (-,-) 
  u_array/fopt5212/Y                                                       -       A->Y  F     INVx4_ASAP7_75t_R            8  4.8    14    12     333    (-,-) 
  u_array/g_row[5].g_col[2].u_pe/u_mac/u_mul/mul_59_28_g1861/Y             -       B->Y  R     NAND2xp5_ASAP7_75t_R         2  1.5    27    17     350    (-,-) 
  u_array/g_row[5].g_col[2].u_pe/u_mac/u_mul/mul_59_28_g1785/Y             -       B->Y  R     XNOR2xp5_ASAP7_75t_R         1  0.9    29    23     374    (-,-) 
  u_array/g_row[5].g_col[2].u_pe/u_mac/u_mul/mul_59_28_g1728/Y             -       B->Y  F     XNOR2x2_ASAP7_75t_R          2  2.0    14    41     415    (-,-) 
  u_array/g_row[5].g_col[2].u_pe/u_mac/u_mul/mul_59_28_g4272/Y             -       C->Y  F     MAJx2_ASAP7_75t_R            2  0.9    11    28     444    (-,-) 
  u_array/g_row[5].g_col[2].u_pe/u_mac/u_mul/mul_59_28_g1654/Y             -       A->Y  R     INVxp67_ASAP7_75t_R          2  1.6    24    16     460    (-,-) 
  u_array/g_row[5].g_col[2].u_pe/u_mac/u_mul/mul_59_28_g1618/Y             -       A2->Y F     OAI22xp5_ASAP7_75t_R         1  1.0    24    18     478    (-,-) 
  u_array/g_row[5].g_col[2].u_pe/u_mac/u_mul/mul_59_28_g1592/Y             -       A->Y  F     XNOR2xp5_ASAP7_75t_R         2  0.8    20    27     505    (-,-) 
  u_array/g_row[5].g_col[2].u_pe/u_mac/u_mul/g8730/Y                       -       B->Y  R     NAND2xp5_ASAP7_75t_R         3  1.4    26    19     524    (-,-) 
  u_array/g_row[5].g_col[2].u_pe/u_mac/u_mul/g8714/Y                       -       C->Y  F     NAND3xp33_ASAP7_75t_R        2  0.6    20    16     541    (-,-) 
  u_array/g_row[5].g_col[2].u_pe/u_mac/u_mul/g8703/Y                       -       A->Y  R     NOR2xp33_ASAP7_75t_R         1  0.6    24    18     558    (-,-) 
  u_array/g_row[5].g_col[2].u_pe/u_mac/u_mul/g8696/Y                       -       A2->Y F     OAI21xp5_ASAP7_75t_R         3  1.2    22    18     576    (-,-) 
  u_array/g_row[5].g_col[2].u_pe/u_mac/u_mul/g8692/Y                       -       A->Y  R     INVxp67_ASAP7_75t_R          1  0.4    12    12     588    (-,-) 
  u_array/g_row[5].g_col[2].u_pe/u_mac/u_mul/fopt4378/Y                    -       A->Y  F     INVxp67_ASAP7_75t_R          2  1.0    13    11     599    (-,-) 
  u_array/g_row[5].g_col[2].u_pe/u_mac/u_mul/g381/Y                        -       A->Y  R     MAJIxp5_ASAP7_75t_R          2  1.4    43    22     621    (-,-) 
  u_array/g_row[5].g_col[2].u_pe/u_mac/u_mul/g29/Y                         -       A1->Y F     AOI21xp5_ASAP7_75t_R         1  0.9    24    21     642    (-,-) 
  u_array/g_row[5].g_col[2].u_pe/u_mac/u_mul/g4396/Y                       -       B->Y  F     XOR2xp5_ASAP7_75t_R          2  1.1    25    26     668    (-,-) 
  u_array/g_row[5].g_col[2].u_pe/u_mac/u_mul/g18/Y                         -       A->Y  R     INVx1_ASAP7_75t_R            2  0.9    15    14     681    (-,-) 
  u_array/g_row[5].g_col[2].u_pe/u_mac/u_mul/g3977/Y                       -       A->Y  F     NAND3xp33_ASAP7_75t_R        1  0.5    18    14     695    (-,-) 
  u_array/g_row[5].g_col[2].u_pe/u_mac/u_mul/g4240/Y                       -       A1->Y F     OA331x2_ASAP7_75t_R          3  2.2    20    47     742    (-,-) 
  u_array/g_row[5].g_col[2].u_pe/u_mac/u_mul/g4208/Y                       -       B->Y  F     AND2x2_ASAP7_75t_R          14  6.5    26    34     776    (-,-) 
  u_array/g_row[5].g_col[2].u_pe/u_mac/u_mul/g4243/Y                       -       B2->Y F     AO22x1_ASAP7_75t_R           4  1.8    18    35     811    (-,-) 
  u_array/g_row[5].g_col[2].u_pe/u_mac/u_add/g13903/Y                      -       A1->Y R     OAI22xp33_ASAP7_75t_R        2  1.0    38    23     834    (-,-) 
  u_array/g_row[5].g_col[2].u_pe/u_mac/u_add/g13902/Y                      -       A->Y  F     INVx1_ASAP7_75t_R            2  1.0    16    15     849    (-,-) 
  u_array/g_row[5].g_col[2].u_pe/u_mac/u_add/g13869/Y                      -       C->Y  R     NAND4xp25_ASAP7_75t_R        1  0.5    19    15     864    (-,-) 
  u_array/g_row[5].g_col[2].u_pe/u_mac/u_add/g13866/Y                      -       A->Y  F     NAND3xp33_ASAP7_75t_R        1  0.5    19    15     878    (-,-) 
  u_array/g_row[5].g_col[2].u_pe/u_mac/u_add/g13865/Y                      -       B->Y  R     NAND2xp5_ASAP7_75t_R         1  1.0    20    16     894    (-,-) 
  u_array/g_row[5].g_col[2].u_pe/u_mac/u_add/g13864/Y                      -       B->Y  R     AND2x4_ASAP7_75t_R           5  4.5    15    25     920    (-,-) 
  u_array/g_row[5].g_col[2].u_pe/u_mac/u_add/g16060/Y                      -       B->Y  F     NOR2xp33_ASAP7_75t_R         1  1.0    27    19     939    (-,-) 
  u_array/g_row[5].g_col[2].u_pe/u_mac/u_add/g24043/Y                      -       B->Y  F     OR2x6_ASAP7_75t_R            9  9.2    19    37     976    (-,-) 
  u_array/g_row[5].g_col[2].u_pe/u_mac/u_add/fopt23917/Y                   -       A->Y  R     INVx1_ASAP7_75t_R            3  1.6    19    16     991    (-,-) 
  u_array/g_row[5].g_col[2].u_pe/u_mac/u_add/fopt23915/Y                   -       A->Y  F     INVx1_ASAP7_75t_R            4  2.8    22    18    1009    (-,-) 
  u_array/g_row[5].g_col[2].u_pe/u_mac/u_add/srl_68_50_g4308/Y             -       A2->Y R     OAI22xp5_ASAP7_75t_R         2  1.1    32    21    1030    (-,-) 
  u_array/g_row[5].g_col[2].u_pe/u_mac/u_add/srl_68_50_g4301/Y             -       A->Y  F     INVx1_ASAP7_75t_R            1  0.5    11    11    1041    (-,-) 
  u_array/g_row[5].g_col[2].u_pe/u_mac/u_add/srl_68_50_g4240/Y             -       A->Y  R     NOR3xp33_ASAP7_75t_R         1  0.5    26    16    1056    (-,-) 
  u_array/g_row[5].g_col[2].u_pe/u_mac/u_add/srl_68_50_g4230/Y             -       B->Y  F     AOI21xp5_ASAP7_75t_R         1  0.5    19    13    1069    (-,-) 
  u_array/g_row[5].g_col[2].u_pe/u_mac/u_add/srl_68_50_g4202/Y             -       A->Y  R     NAND3xp33_ASAP7_75t_R        1  0.5    18    13    1082    (-,-) 
  u_array/g_row[5].g_col[2].u_pe/u_mac/u_add/g14030/Y                      -       B->Y  R     AND2x2_ASAP7_75t_R           1  1.5    12    24    1106    (-,-) 
  u_array/g_row[5].g_col[2].u_pe/u_mac/u_add/sub_75_43_Y_add_76_43_g3490/Y -       B->Y  R     XNOR2x1_ASAP7_75t_R          2  1.5    27    23    1130    (-,-) 
  u_array/g_row[5].g_col[2].u_pe/u_mac/u_add/sub_75_43_Y_add_76_43_g3432/Y -       B->Y  F     NOR2x1_ASAP7_75t_R           3  1.4    23    16    1146    (-,-) 
  u_array/g_row[5].g_col[2].u_pe/u_mac/u_add/sub_75_43_Y_add_76_43_g3353/Y -       B->Y  R     NOR2xp67_ASAP7_75t_R         2  0.9    20    16    1162    (-,-) 
  u_array/g_row[5].g_col[2].u_pe/u_mac/u_add/fopt23710/Y                   -       A->Y  F     INVxp67_ASAP7_75t_R          1  1.0    15    14    1175    (-,-) 
  u_array/g_row[5].g_col[2].u_pe/u_mac/u_add/sub_75_43_Y_add_76_43_g3280/Y -       A2->Y R     OAI21x1_ASAP7_75t_R          2  1.0    18    14    1190    (-,-) 
  u_array/g_row[5].g_col[2].u_pe/u_mac/u_add/sub_75_43_Y_add_76_43_g3235/Y -       A2->Y F     AOI21xp5_ASAP7_75t_R         1  1.3    22    16    1206    (-,-) 
  u_array/g_row[5].g_col[2].u_pe/u_mac/u_add/sub_75_43_Y_add_76_43_g3234/Y -       B->Y  R     OAI21x1_ASAP7_75t_R          3  1.5    22    13    1218    (-,-) 
  u_array/g_row[5].g_col[2].u_pe/u_mac/u_add/fopt23800/Y                   -       A->Y  R     BUFx3_ASAP7_75t_R            5  3.1    14    24    1242    (-,-) 
  u_array/g_row[5].g_col[2].u_pe/u_mac/u_add/fopt23799/Y                   -       A->Y  F     INVxp67_ASAP7_75t_R          2  1.0    14    12    1254    (-,-) 
  u_array/g_row[5].g_col[2].u_pe/u_mac/u_add/fopt23798/Y                   -       A->Y  R     INVx1_ASAP7_75t_R            2  0.9    12    10    1264    (-,-) 
  u_array/g_row[5].g_col[2].u_pe/u_mac/u_add/sub_75_43_Y_add_76_43_g3219/Y -       B2->Y R     AO22x1_ASAP7_75t_R           4  2.5    27    31    1295    (-,-) 
  u_array/g_row[5].g_col[2].u_pe/u_mac/u_add/g23458/Y                      -       A->Y  F     NOR2x1_ASAP7_75t_R           5  2.4    25    22    1317    (-,-) 
  u_array/g_row[5].g_col[2].u_pe/u_mac/u_add/g23111/Y                      -       B->Y  R     OAI21xp5_ASAP7_75t_R         1  0.9    25    16    1333    (-,-) 
  u_array/g_row[5].g_col[2].u_pe/u_mac/u_add/g23053/Y                      -       A2->Y F     AOI211x1_ASAP7_75t_R         2  1.1    28    23    1356    (-,-) 
  u_array/g_row[5].g_col[2].u_pe/u_mac/u_add/g23043/Y                      -       A->Y  R     INVx1_ASAP7_75t_R            1  1.0    17    15    1371    (-,-) 
  u_array/g_row[5].g_col[2].u_pe/u_mac/u_add/g23025/Y                      -       B->Y  F     NAND2x1_ASAP7_75t_R          3  1.4    17    12    1383    (-,-) 
  u_array/g_row[5].g_col[2].u_pe/u_mac/u_add/g22991/Y                      -       A2->Y R     AOI21xp5_ASAP7_75t_R         2  0.8    22    17    1400    (-,-) 
  u_array/g_row[5].g_col[2].u_pe/u_mac/u_add/g22989/Y                      -       A1->Y F     OAI21xp5_ASAP7_75t_R         2  0.8    18    16    1415    (-,-) 
  u_array/g_row[5].g_col[2].u_pe/u_mac/u_add/g22985/Y                      -       A1->Y R     AOI21xp5_ASAP7_75t_R         2  1.3    30    21    1436    (-,-) 
  u_array/g_row[5].g_col[2].u_pe/u_mac/u_add/g22983/Y                      -       A->Y  R     HB1xp67_ASAP7_75t_R          1  1.0    18    27    1463    (-,-) 
  u_array/g_row[5].g_col[2].u_pe/u_mac/u_add/g24007/Y                      -       B->Y  R     XOR2xp5_ASAP7_75t_R          1  1.0    28    27    1491    (-,-) 
  u_array/g_row[5].g_col[2].u_pe/u_mac/u_add/g24005/Y                      -       A2->Y F     AOI21x1_ASAP7_75t_R          3  1.5    19    15    1506    (-,-) 
  u_array/g_row[5].g_col[2].u_pe/u_mac/u_add/g24004/Y                      -       B->Y  R     NOR2xp67_ASAP7_75t_R         1  0.5    14    12    1518    (-,-) 
  u_array/g_row[5].g_col[2].u_pe/u_mac/u_add/g22942/Y                      -       C->Y  F     NAND4xp25_ASAP7_75t_R        2  0.8    34    22    1540    (-,-) 
  u_array/g_row[5].g_col[2].u_pe/u_mac/u_add/g23988/Y                      -       B->Y  F     AND2x2_ASAP7_75t_R           5  3.4    17    33    1573    (-,-) 
  u_array/g_row[5].g_col[2].u_pe/u_mac/u_add/g22935/Y                      -       B->Y  F     AND2x4_ASAP7_75t_R          22 10.5    22    30    1602    (-,-) 
  u_array/g_row[5].g_col[2].u_pe/u_mac/u_add/g22909/Y                      -       A2->Y R     AOI22xp33_ASAP7_75t_R        1  0.3    24    17    1620    (-,-) 
  u_array/g_row[5].g_col[2].u_pe/u_mac/u_add/g22863/Y                      -       A->Y  F     NAND2xp33_ASAP7_75t_R        1  0.5    15    13    1633    (-,-) 
  u_array/g_row[5].g_col[2].u_pe/g1038/Y                                   -       A1->Y R     AOI22xp5_ASAP7_75t_R         1  0.6    33    17    1650    (-,-) 
  u_array/g_row[5].g_col[2].u_pe/psum_out_reg[1]/D                         -       -     R     DFFASRHQNx1_ASAP7_75t_R      1    -     -     0    1650    (-,-) 
#---------------------------------------------------------------------------------------------------------------------------------------------------------------



Path 5: VIOLATED (-24 ps) Setup Check with Pin u_array/g_row[14].g_col[1].u_pe/psum_out_reg[11]/CLK->D
          Group: clk
     Startpoint: (R) act_buf_sel
          Clock: (R) clk
       Endpoint: (R) u_array/g_row[14].g_col[1].u_pe/psum_out_reg[11]/D
          Clock: (R) clk

                     Capture       Launch     
        Clock Edge:+    1650            0     
        Drv Adjust:+       0           10     
       Src Latency:+       0            0     
       Net Latency:+       0 (I)        0 (I) 
           Arrival:=    1650           10     
                                              
             Setup:-      22                  
     Required Time:=    1628                  
      Launch Clock:-      10                  
       Input Delay:-     165                  
         Data Path:-    1476                  
             Slack:=     -24                  

Exceptions/Constraints:
  input_delay             165             constraints.sdc_line_22_1034_1 

#----------------------------------------------------------------------------------------------------------------------------------------------------------------
#                               Timing Point                                Flags   Arc   Edge          Cell            Fanout Load Trans Delay Arrival Instance 
#                                                                                                                              (fF)  (ps)  (ps)   (ps)  Location 
#----------------------------------------------------------------------------------------------------------------------------------------------------------------
  act_buf_sel                                                               -       -     R     (arrival)                   10  8.4    25     0     175    (-,-) 
  u_ctrl/fopt27524/Y                                                        -       A->Y  R     BUFx3_ASAP7_75t_R            9  5.1    19    27     203    (-,-) 
  u_ctrl/fopt27519/Y                                                        -       A->Y  R     BUFx6f_ASAP7_75t_R           9  5.7    13    22     224    (-,-) 
  u_ctrl/g26585/Y                                                           -       A1->Y R     OA21x2_ASAP7_75t_R           1  2.3    16    26     250    (-,-) 
  u_ctrl/fopt45205/Y                                                        -       A->Y  F     INVx4_ASAP7_75t_R            6  5.9    14    12     262    (-,-) 
  u_array/fopt3435/Y                                                        -       A->Y  F     BUFx5_ASAP7_75t_R           25 14.8    27    35     297    (-,-) 
  u_array/g_row[14].g_col[1].u_pe/u_mac/u_mul/mul_59_28_g3042/Y             -       A->Y  R     NAND2xp5_ASAP7_75t_R         2  2.1    41    26     324    (-,-) 
  u_array/g_row[14].g_col[1].u_pe/u_mac/u_mul/mul_59_28_g2973/Y             -       B->Y  R     XNOR2x1_ASAP7_75t_R          1  1.5    27    29     353    (-,-) 
  u_array/g_row[14].g_col[1].u_pe/u_mac/u_mul/mul_59_28_g2939/Y             -       B->Y  R     XNOR2x1_ASAP7_75t_R          2  1.5    27    26     379    (-,-) 
  u_array/g_row[14].g_col[1].u_pe/u_mac/u_mul/mul_59_28_g3105/Y             -       B->Y  R     XNOR2xp5_ASAP7_75t_R         1  1.5    36    26     405    (-,-) 
  u_array/g_row[14].g_col[1].u_pe/u_mac/u_mul/mul_59_28_g3106/Y             -       B->Y  R     XOR2x1_ASAP7_75t_R           3  1.6    24    29     434    (-,-) 
  u_array/g_row[14].g_col[1].u_pe/u_mac/u_mul/mul_59_28_g2839/Y             -       A->Y  F     INVx1_ASAP7_75t_R            1  0.6    10    10     444    (-,-) 
  u_array/g_row[14].g_col[1].u_pe/u_mac/u_mul/mul_59_28_g2825/Y             -       A->Y  R     MAJIxp5_ASAP7_75t_R          2  1.2    31    20     464    (-,-) 
  u_array/g_row[14].g_col[1].u_pe/u_mac/u_mul/mul_59_28_g2785/Y             -       A->Y  F     NOR2xp67_ASAP7_75t_R         2  1.4    24    22     486    (-,-) 
  u_array/g_row[14].g_col[1].u_pe/u_mac/u_mul/mul_59_28_g4723/Y             -       B->Y  R     AOI21x1_ASAP7_75t_R          2  1.5    24    19     506    (-,-) 
  u_array/g_row[14].g_col[1].u_pe/u_mac/u_mul/mul_59_28_g4742/Y             -       B->Y  F     NAND2x1_ASAP7_75t_R          2  1.7    18    15     520    (-,-) 
  u_array/g_row[14].g_col[1].u_pe/u_mac/u_mul/mul_59_28_g4746/Y             -       A1->Y R     OAI31xp67_ASAP7_75t_R        2  1.2    34    20     541    (-,-) 
  u_array/g_row[14].g_col[1].u_pe/u_mac/u_mul/mul_59_28_g4748/Y             -       C->Y  R     AO211x2_ASAP7_75t_R          4  2.3    17    33     574    (-,-) 
  u_array/g_row[14].g_col[1].u_pe/u_mac/u_mul/fopt4725/Y                    -       A->Y  R     BUFx3_ASAP7_75t_R            3  2.2    11    21     594    (-,-) 
  u_array/g_row[14].g_col[1].u_pe/u_mac/u_mul/fopt4724/Y                    -       A->Y  F     INVx2_ASAP7_75t_R            3  1.4     8     8     602    (-,-) 
  u_array/g_row[14].g_col[1].u_pe/u_mac/u_mul/g4585/Y                       -       B->Y  R     NAND2xp5_ASAP7_75t_R         1  0.5    15     9     611    (-,-) 
  u_array/g_row[14].g_col[1].u_pe/u_mac/u_mul/g4542/Y                       -       A2->Y F     AOI21xp5_ASAP7_75t_R         1  0.9    23    13     624    (-,-) 
  u_array/g_row[14].g_col[1].u_pe/u_mac/u_mul/g4531/Y                       -       B->Y  F     XOR2xp5_ASAP7_75t_R          3  1.3    26    26     650    (-,-) 
  u_array/g_row[14].g_col[1].u_pe/u_mac/u_mul/g4505/Y                       -       D->Y  R     NOR4xp25_ASAP7_75t_R         1  0.5    38    28     678    (-,-) 
  u_array/g_row[14].g_col[1].u_pe/u_mac/u_mul/g4497/Y                       -       C->Y  F     NAND3xp33_ASAP7_75t_R        2  1.0    28    22     700    (-,-) 
  u_array/g_row[14].g_col[1].u_pe/u_mac/u_mul/g4495/Y                       -       A->Y  R     INVxp67_ASAP7_75t_R          1  0.5    15    14     713    (-,-) 
  u_array/g_row[14].g_col[1].u_pe/u_mac/u_mul/g4490/Y                       -       A2->Y F     AOI21xp5_ASAP7_75t_R         1  1.0    19    14     727    (-,-) 
  u_array/g_row[14].g_col[1].u_pe/u_mac/u_mul/g4488/Y                       -       B->Y  F     AND2x4_ASAP7_75t_R           8  4.8    13    25     752    (-,-) 
  u_array/g_row[14].g_col[1].u_pe/u_mac/u_mul/g4479/Y                       -       B->Y  R     OAI21xp5_ASAP7_75t_R         1  0.4    17    10     762    (-,-) 
  u_array/g_row[14].g_col[1].u_pe/u_mac/u_add/fopt23616/Y                   -       A->Y  F     INVxp67_ASAP7_75t_R          2  0.9    14    12     774    (-,-) 
  u_array/g_row[14].g_col[1].u_pe/u_mac/u_add/g18099/Y                      -       B->Y  R     NAND2xp5_ASAP7_75t_R         2  0.8    24    13     787    (-,-) 
  u_array/g_row[14].g_col[1].u_pe/u_mac/u_add/g18031/Y                      -       A->Y  F     NAND3xp33_ASAP7_75t_R        1  0.5    20    16     802    (-,-) 
  u_array/g_row[14].g_col[1].u_pe/u_mac/u_add/g18018/Y                      -       A->Y  R     NOR3xp33_ASAP7_75t_R         2  0.9    35    23     825    (-,-) 
  u_array/g_row[14].g_col[1].u_pe/u_mac/u_add/g18014/Y                      -       A->Y  F     INVxp67_ASAP7_75t_R          1  0.5    14    13     838    (-,-) 
  u_array/g_row[14].g_col[1].u_pe/u_mac/u_add/g18001/Y                      -       C->Y  R     O2A1O1Ixp33_ASAP7_75t_R      1  0.5    26    17     855    (-,-) 
  u_array/g_row[14].g_col[1].u_pe/u_mac/u_add/g17989/Y                      -       B->Y  F     AOI21xp5_ASAP7_75t_R         2  1.0    19    16     872    (-,-) 
  u_array/g_row[14].g_col[1].u_pe/u_mac/u_add/g17980/Y                      -       C->Y  R     OAI211xp5_ASAP7_75t_R        1  0.6    28    17     888    (-,-) 
  u_array/g_row[14].g_col[1].u_pe/u_mac/u_add/fopt31/Y                      -       A->Y  R     BUFx3_ASAP7_75t_R           13  5.3    20    28     917    (-,-) 
  u_array/g_row[14].g_col[1].u_pe/u_mac/u_add/g17963/Y                      -       B->Y  F     NOR2xp33_ASAP7_75t_R         1  0.5    19    15     932    (-,-) 
  u_array/g_row[14].g_col[1].u_pe/u_mac/u_add/g17945/Y                      -       B->Y  R     AOI21xp5_ASAP7_75t_R         1  0.8    22    18     950    (-,-) 
  u_array/g_row[14].g_col[1].u_pe/u_mac/u_add/g24729/Y                      -       A->Y  F     XOR2x2_ASAP7_75t_R           9  4.3    21    36     986    (-,-) 
  u_array/g_row[14].g_col[1].u_pe/u_mac/u_add/srl_68_50_g4474/Y             -       B->Y  F     OR2x2_ASAP7_75t_R            2  1.5    12    28    1014    (-,-) 
  u_array/g_row[14].g_col[1].u_pe/u_mac/u_add/srl_68_50_g4438/Y             -       B->Y  R     NOR2x1_ASAP7_75t_R           4  1.8    21    15    1029    (-,-) 
  u_array/g_row[14].g_col[1].u_pe/u_mac/u_add/srl_68_50_g4344/Y             -       B2->Y F     AOI22xp33_ASAP7_75t_R        1  0.5    23    15    1044    (-,-) 
  u_array/g_row[14].g_col[1].u_pe/u_mac/u_add/srl_68_50_g4309/Y             -       B->Y  R     NAND3xp33_ASAP7_75t_R        1  0.5    16    16    1060    (-,-) 
  u_array/g_row[14].g_col[1].u_pe/u_mac/u_add/g16202/Y                      -       B->Y  R     AND2x2_ASAP7_75t_R           3  2.6    17    26    1085    (-,-) 
  u_array/g_row[14].g_col[1].u_pe/u_mac/u_add/sub_75_43_Y_add_76_43_g4219/Y -       B->Y  R     XNOR2x1_ASAP7_75t_R          2  1.2    28    24    1109    (-,-) 
  u_array/g_row[14].g_col[1].u_pe/u_mac/u_add/sub_75_43_Y_add_76_43_g4115/Y -       B->Y  F     NOR2xp67_ASAP7_75t_R         2  1.4    22    20    1128    (-,-) 
  u_array/g_row[14].g_col[1].u_pe/u_mac/u_add/sub_75_43_Y_add_76_43_g4051/Y -       B->Y  R     NOR2x1_ASAP7_75t_R           2  0.8    16    13    1142    (-,-) 
  u_array/g_row[14].g_col[1].u_pe/u_mac/u_add/sub_75_43_Y_add_76_43_g4006/Y -       B->Y  R     AND2x2_ASAP7_75t_R           3  1.4    12    23    1164    (-,-) 
  u_array/g_row[14].g_col[1].u_pe/u_mac/u_add/sub_75_43_Y_add_76_43_g3984/Y -       A->Y  F     NAND2xp5_ASAP7_75t_R         1  0.6    14    10    1174    (-,-) 
  u_array/g_row[14].g_col[1].u_pe/u_mac/u_add/g24761/Y                      -       A1->Y F     OA21x2_ASAP7_75t_R           2  2.2    14    28    1202    (-,-) 
  u_array/g_row[14].g_col[1].u_pe/u_mac/u_add/fopt23844/Y                   -       A->Y  R     INVx2_ASAP7_75t_R            4  2.0    12    11    1213    (-,-) 
  u_array/g_row[14].g_col[1].u_pe/u_mac/u_add/fopt23843/Y                   -       A->Y  R     BUFx3_ASAP7_75t_R            4  2.0    10    19    1232    (-,-) 
  u_array/g_row[14].g_col[1].u_pe/u_mac/u_add/sub_75_43_Y_add_76_43_g3920/Y -       A1->Y F     AOI21xp5_ASAP7_75t_R         1  0.9    18    13    1244    (-,-) 
  u_array/g_row[14].g_col[1].u_pe/u_mac/u_add/sub_75_43_Y_add_76_43_g3899/Y -       A->Y  R     XOR2x2_ASAP7_75t_R           2  1.7    14    37    1281    (-,-) 
  u_array/g_row[14].g_col[1].u_pe/u_mac/u_add/g23526/Y                      -       A->Y  R     OR2x2_ASAP7_75t_R            3  1.6    12    22    1304    (-,-) 
  u_array/g_row[14].g_col[1].u_pe/u_mac/u_add/g23039/Y                      -       B->Y  F     AOI21xp5_ASAP7_75t_R         1  0.6    16    10    1314    (-,-) 
  u_array/g_row[14].g_col[1].u_pe/u_mac/u_add/g24784/Y                      -       A2->Y F     OA21x2_ASAP7_75t_R           1  0.6     8    25    1338    (-,-) 
  u_array/g_row[14].g_col[1].u_pe/u_mac/u_add/g24783/Y                      -       A1->Y F     OA21x2_ASAP7_75t_R           2  2.0    13    26    1364    (-,-) 
  u_array/g_row[14].g_col[1].u_pe/u_mac/u_add/g23806/Y                      -       A2->Y R     OAI21x1_ASAP7_75t_R          3  1.2    20    14    1379    (-,-) 
  u_array/g_row[14].g_col[1].u_pe/u_mac/u_add/g23837/Y                      -       B->Y  F     OAI21xp33_ASAP7_75t_R        1  0.5    17    15    1394    (-,-) 
  u_array/g_row[14].g_col[1].u_pe/u_mac/u_add/g22784/Y                      -       A->Y  R     NAND2xp5_ASAP7_75t_R         1  0.5    15    13    1406    (-,-) 
  u_array/g_row[14].g_col[1].u_pe/u_mac/u_add/g22780/Y                      -       A2->Y F     A2O1A1Ixp33_ASAP7_75t_R      1  0.5    25    16    1422    (-,-) 
  u_array/g_row[14].g_col[1].u_pe/u_mac/u_add/g22776/Y                      -       A2->Y R     AOI21xp5_ASAP7_75t_R         1  0.5    18    16    1438    (-,-) 
  u_array/g_row[14].g_col[1].u_pe/u_mac/u_add/g23770/Y                      -       A1->Y R     OA21x2_ASAP7_75t_R           6  2.9    18    29    1468    (-,-) 
  u_array/g_row[14].g_col[1].u_pe/u_mac/u_add/g55/Y                         -       A2->Y F     AOI21xp5_ASAP7_75t_R         3  1.1    21    15    1483    (-,-) 
  u_array/g_row[14].g_col[1].u_pe/u_mac/u_add/g54/Y                         -       E->Y  R     NOR5xp2_ASAP7_75t_R          1  0.5    49    35    1518    (-,-) 
  u_array/g_row[14].g_col[1].u_pe/u_mac/u_add/g23825/Y                      -       B->Y  F     NAND3xp33_ASAP7_75t_R        2  0.8    28    23    1540    (-,-) 
  u_array/g_row[14].g_col[1].u_pe/u_mac/u_add/g23951/Y                      -       B->Y  F     AND2x2_ASAP7_75t_R           5  4.3    19    33    1573    (-,-) 
  u_array/g_row[14].g_col[1].u_pe/u_mac/u_add/g23832/Y                      -       B->Y  F     AND2x4_ASAP7_75t_R          23  9.9    21    30    1603    (-,-) 
  u_array/g_row[14].g_col[1].u_pe/u_mac/u_add/g23957/Y                      -       B2->Y R     AOI22xp33_ASAP7_75t_R        1  0.3    20    17    1620    (-,-) 
  u_array/g_row[14].g_col[1].u_pe/u_mac/u_add/g22657/Y                      -       B->Y  F     NAND2xp33_ASAP7_75t_R        1  0.4    14    12    1633    (-,-) 
  u_array/g_row[14].g_col[1].u_pe/g1005/Y                                   -       A2->Y R     AOI22xp33_ASAP7_75t_R        1  0.6    40    19    1652    (-,-) 
  u_array/g_row[14].g_col[1].u_pe/psum_out_reg[11]/D                        -       -     R     DFFASRHQNx1_ASAP7_75t_R      1    -     -     0    1652    (-,-) 
#----------------------------------------------------------------------------------------------------------------------------------------------------------------



Path 6: VIOLATED (-24 ps) Setup Check with Pin u_array/g_row[14].g_col[1].u_pe/psum_out_reg[11]/CLK->D
          Group: clk
     Startpoint: (R) act_buf_sel
          Clock: (R) clk
       Endpoint: (R) u_array/g_row[14].g_col[1].u_pe/psum_out_reg[11]/D
          Clock: (R) clk

                     Capture       Launch     
        Clock Edge:+    1650            0     
        Drv Adjust:+       0           10     
       Src Latency:+       0            0     
       Net Latency:+       0 (I)        0 (I) 
           Arrival:=    1650           10     
                                              
             Setup:-      22                  
     Required Time:=    1628                  
      Launch Clock:-      10                  
       Input Delay:-     165                  
         Data Path:-    1476                  
             Slack:=     -24                  

Exceptions/Constraints:
  input_delay             165             constraints.sdc_line_22_1034_1 

#----------------------------------------------------------------------------------------------------------------------------------------------------------------
#                               Timing Point                                Flags   Arc   Edge          Cell            Fanout Load Trans Delay Arrival Instance 
#                                                                                                                              (fF)  (ps)  (ps)   (ps)  Location 
#----------------------------------------------------------------------------------------------------------------------------------------------------------------
  act_buf_sel                                                               -       -     R     (arrival)                   10  8.4    25     0     175    (-,-) 
  u_ctrl/fopt27524/Y                                                        -       A->Y  R     BUFx3_ASAP7_75t_R            9  5.1    19    27     203    (-,-) 
  u_ctrl/fopt27519/Y                                                        -       A->Y  R     BUFx6f_ASAP7_75t_R           9  5.7    13    22     224    (-,-) 
  u_ctrl/g26585/Y                                                           -       A1->Y R     OA21x2_ASAP7_75t_R           1  2.3    16    26     250    (-,-) 
  u_ctrl/fopt45205/Y                                                        -       A->Y  F     INVx4_ASAP7_75t_R            6  5.9    14    12     262    (-,-) 
  u_array/fopt3435/Y                                                        -       A->Y  F     BUFx5_ASAP7_75t_R           25 14.8    27    35     297    (-,-) 
  u_array/g_row[14].g_col[1].u_pe/u_mac/u_mul/mul_59_28_g3042/Y             -       A->Y  R     NAND2xp5_ASAP7_75t_R         2  2.1    41    26     324    (-,-) 
  u_array/g_row[14].g_col[1].u_pe/u_mac/u_mul/mul_59_28_g2973/Y             -       B->Y  R     XNOR2x1_ASAP7_75t_R          1  1.5    27    29     353    (-,-) 
  u_array/g_row[14].g_col[1].u_pe/u_mac/u_mul/mul_59_28_g2939/Y             -       B->Y  R     XNOR2x1_ASAP7_75t_R          2  1.5    27    26     379    (-,-) 
  u_array/g_row[14].g_col[1].u_pe/u_mac/u_mul/mul_59_28_g3105/Y             -       B->Y  R     XNOR2xp5_ASAP7_75t_R         1  1.5    36    26     405    (-,-) 
  u_array/g_row[14].g_col[1].u_pe/u_mac/u_mul/mul_59_28_g3106/Y             -       B->Y  R     XOR2x1_ASAP7_75t_R           3  1.6    24    29     434    (-,-) 
  u_array/g_row[14].g_col[1].u_pe/u_mac/u_mul/mul_59_28_g2839/Y             -       A->Y  F     INVx1_ASAP7_75t_R            1  0.6    10    10     444    (-,-) 
  u_array/g_row[14].g_col[1].u_pe/u_mac/u_mul/mul_59_28_g2825/Y             -       A->Y  R     MAJIxp5_ASAP7_75t_R          2  1.2    31    20     464    (-,-) 
  u_array/g_row[14].g_col[1].u_pe/u_mac/u_mul/mul_59_28_g2785/Y             -       A->Y  F     NOR2xp67_ASAP7_75t_R         2  1.4    24    22     486    (-,-) 
  u_array/g_row[14].g_col[1].u_pe/u_mac/u_mul/mul_59_28_g4723/Y             -       B->Y  R     AOI21x1_ASAP7_75t_R          2  1.5    24    19     506    (-,-) 
  u_array/g_row[14].g_col[1].u_pe/u_mac/u_mul/mul_59_28_g4742/Y             -       B->Y  F     NAND2x1_ASAP7_75t_R          2  1.7    18    15     520    (-,-) 
  u_array/g_row[14].g_col[1].u_pe/u_mac/u_mul/mul_59_28_g4746/Y             -       A1->Y R     OAI31xp67_ASAP7_75t_R        2  1.2    34    20     541    (-,-) 
  u_array/g_row[14].g_col[1].u_pe/u_mac/u_mul/mul_59_28_g4748/Y             -       C->Y  R     AO211x2_ASAP7_75t_R          4  2.3    17    33     574    (-,-) 
  u_array/g_row[14].g_col[1].u_pe/u_mac/u_mul/fopt4725/Y                    -       A->Y  R     BUFx3_ASAP7_75t_R            3  2.2    11    21     594    (-,-) 
  u_array/g_row[14].g_col[1].u_pe/u_mac/u_mul/fopt4724/Y                    -       A->Y  F     INVx2_ASAP7_75t_R            3  1.4     8     8     602    (-,-) 
  u_array/g_row[14].g_col[1].u_pe/u_mac/u_mul/g4585/Y                       -       B->Y  R     NAND2xp5_ASAP7_75t_R         1  0.5    15     9     611    (-,-) 
  u_array/g_row[14].g_col[1].u_pe/u_mac/u_mul/g4542/Y                       -       A2->Y F     AOI21xp5_ASAP7_75t_R         1  0.9    23    13     624    (-,-) 
  u_array/g_row[14].g_col[1].u_pe/u_mac/u_mul/g4531/Y                       -       B->Y  F     XOR2xp5_ASAP7_75t_R          3  1.3    26    26     650    (-,-) 
  u_array/g_row[14].g_col[1].u_pe/u_mac/u_mul/g4505/Y                       -       D->Y  R     NOR4xp25_ASAP7_75t_R         1  0.5    38    28     678    (-,-) 
  u_array/g_row[14].g_col[1].u_pe/u_mac/u_mul/g4497/Y                       -       C->Y  F     NAND3xp33_ASAP7_75t_R        2  1.0    28    22     700    (-,-) 
  u_array/g_row[14].g_col[1].u_pe/u_mac/u_mul/g4495/Y                       -       A->Y  R     INVxp67_ASAP7_75t_R          1  0.5    15    14     713    (-,-) 
  u_array/g_row[14].g_col[1].u_pe/u_mac/u_mul/g4490/Y                       -       A2->Y F     AOI21xp5_ASAP7_75t_R         1  1.0    19    14     727    (-,-) 
  u_array/g_row[14].g_col[1].u_pe/u_mac/u_mul/g4488/Y                       -       B->Y  F     AND2x4_ASAP7_75t_R           8  4.8    13    25     752    (-,-) 
  u_array/g_row[14].g_col[1].u_pe/u_mac/u_mul/g4479/Y                       -       B->Y  R     OAI21xp5_ASAP7_75t_R         1  0.4    17    10     762    (-,-) 
  u_array/g_row[14].g_col[1].u_pe/u_mac/u_add/fopt23616/Y                   -       A->Y  F     INVxp67_ASAP7_75t_R          2  0.9    14    12     774    (-,-) 
  u_array/g_row[14].g_col[1].u_pe/u_mac/u_add/g18099/Y                      -       B->Y  R     NAND2xp5_ASAP7_75t_R         2  0.8    24    13     787    (-,-) 
  u_array/g_row[14].g_col[1].u_pe/u_mac/u_add/g18031/Y                      -       A->Y  F     NAND3xp33_ASAP7_75t_R        1  0.5    20    16     802    (-,-) 
  u_array/g_row[14].g_col[1].u_pe/u_mac/u_add/g18018/Y                      -       A->Y  R     NOR3xp33_ASAP7_75t_R         2  0.9    35    23     825    (-,-) 
  u_array/g_row[14].g_col[1].u_pe/u_mac/u_add/g18014/Y                      -       A->Y  F     INVxp67_ASAP7_75t_R          1  0.5    14    13     838    (-,-) 
  u_array/g_row[14].g_col[1].u_pe/u_mac/u_add/g18001/Y                      -       C->Y  R     O2A1O1Ixp33_ASAP7_75t_R      1  0.5    26    17     855    (-,-) 
  u_array/g_row[14].g_col[1].u_pe/u_mac/u_add/g17989/Y                      -       B->Y  F     AOI21xp5_ASAP7_75t_R         2  1.0    19    16     872    (-,-) 
  u_array/g_row[14].g_col[1].u_pe/u_mac/u_add/g17980/Y                      -       C->Y  R     OAI211xp5_ASAP7_75t_R        1  0.6    28    17     888    (-,-) 
  u_array/g_row[14].g_col[1].u_pe/u_mac/u_add/fopt31/Y                      -       A->Y  R     BUFx3_ASAP7_75t_R           13  5.3    20    28     917    (-,-) 
  u_array/g_row[14].g_col[1].u_pe/u_mac/u_add/g17963/Y                      -       B->Y  F     NOR2xp33_ASAP7_75t_R         1  0.5    19    15     932    (-,-) 
  u_array/g_row[14].g_col[1].u_pe/u_mac/u_add/g17945/Y                      -       B->Y  R     AOI21xp5_ASAP7_75t_R         1  0.8    22    18     950    (-,-) 
  u_array/g_row[14].g_col[1].u_pe/u_mac/u_add/g24729/Y                      -       A->Y  F     XOR2x2_ASAP7_75t_R           9  4.3    21    36     986    (-,-) 
  u_array/g_row[14].g_col[1].u_pe/u_mac/u_add/srl_68_50_g4474/Y             -       B->Y  F     OR2x2_ASAP7_75t_R            2  1.5    12    28    1014    (-,-) 
  u_array/g_row[14].g_col[1].u_pe/u_mac/u_add/srl_68_50_g4438/Y             -       B->Y  R     NOR2x1_ASAP7_75t_R           4  1.8    21    15    1029    (-,-) 
  u_array/g_row[14].g_col[1].u_pe/u_mac/u_add/srl_68_50_g4344/Y             -       B2->Y F     AOI22xp33_ASAP7_75t_R        1  0.5    23    15    1044    (-,-) 
  u_array/g_row[14].g_col[1].u_pe/u_mac/u_add/srl_68_50_g4309/Y             -       B->Y  R     NAND3xp33_ASAP7_75t_R        1  0.5    16    16    1060    (-,-) 
  u_array/g_row[14].g_col[1].u_pe/u_mac/u_add/g16202/Y                      -       B->Y  R     AND2x2_ASAP7_75t_R           3  2.6    17    26    1085    (-,-) 
  u_array/g_row[14].g_col[1].u_pe/u_mac/u_add/sub_75_43_Y_add_76_43_g4219/Y -       B->Y  R     XNOR2x1_ASAP7_75t_R          2  1.2    28    24    1109    (-,-) 
  u_array/g_row[14].g_col[1].u_pe/u_mac/u_add/sub_75_43_Y_add_76_43_g4115/Y -       B->Y  F     NOR2xp67_ASAP7_75t_R         2  1.4    22    20    1128    (-,-) 
  u_array/g_row[14].g_col[1].u_pe/u_mac/u_add/sub_75_43_Y_add_76_43_g4051/Y -       B->Y  R     NOR2x1_ASAP7_75t_R           2  0.8    16    13    1142    (-,-) 
  u_array/g_row[14].g_col[1].u_pe/u_mac/u_add/sub_75_43_Y_add_76_43_g4006/Y -       B->Y  R     AND2x2_ASAP7_75t_R           3  1.4    12    23    1164    (-,-) 
  u_array/g_row[14].g_col[1].u_pe/u_mac/u_add/sub_75_43_Y_add_76_43_g3984/Y -       A->Y  F     NAND2xp5_ASAP7_75t_R         1  0.6    14    10    1174    (-,-) 
  u_array/g_row[14].g_col[1].u_pe/u_mac/u_add/g24761/Y                      -       A1->Y F     OA21x2_ASAP7_75t_R           2  2.2    14    28    1202    (-,-) 
  u_array/g_row[14].g_col[1].u_pe/u_mac/u_add/fopt23844/Y                   -       A->Y  R     INVx2_ASAP7_75t_R            4  2.0    12    11    1213    (-,-) 
  u_array/g_row[14].g_col[1].u_pe/u_mac/u_add/fopt23843/Y                   -       A->Y  R     BUFx3_ASAP7_75t_R            4  2.0    10    19    1232    (-,-) 
  u_array/g_row[14].g_col[1].u_pe/u_mac/u_add/sub_75_43_Y_add_76_43_g3920/Y -       A1->Y F     AOI21xp5_ASAP7_75t_R         1  0.9    18    13    1244    (-,-) 
  u_array/g_row[14].g_col[1].u_pe/u_mac/u_add/sub_75_43_Y_add_76_43_g3899/Y -       A->Y  R     XOR2x2_ASAP7_75t_R           2  1.7    14    37    1281    (-,-) 
  u_array/g_row[14].g_col[1].u_pe/u_mac/u_add/g23526/Y                      -       A->Y  R     OR2x2_ASAP7_75t_R            3  1.6    12    22    1304    (-,-) 
  u_array/g_row[14].g_col[1].u_pe/u_mac/u_add/g23039/Y                      -       B->Y  F     AOI21xp5_ASAP7_75t_R         1  0.6    16    10    1314    (-,-) 
  u_array/g_row[14].g_col[1].u_pe/u_mac/u_add/g24784/Y                      -       A2->Y F     OA21x2_ASAP7_75t_R           1  0.6     8    25    1338    (-,-) 
  u_array/g_row[14].g_col[1].u_pe/u_mac/u_add/g24783/Y                      -       A1->Y F     OA21x2_ASAP7_75t_R           2  2.0    13    26    1364    (-,-) 
  u_array/g_row[14].g_col[1].u_pe/u_mac/u_add/g23806/Y                      -       A2->Y R     OAI21x1_ASAP7_75t_R          3  1.2    20    14    1379    (-,-) 
  u_array/g_row[14].g_col[1].u_pe/u_mac/u_add/g23834/Y                      -       A2->Y F     AOI21xp5_ASAP7_75t_R         2  0.9    19    14    1393    (-,-) 
  u_array/g_row[14].g_col[1].u_pe/u_mac/u_add/g22782/Y                      -       A1->Y R     OAI21xp5_ASAP7_75t_R         2  1.3    30    21    1414    (-,-) 
  u_array/g_row[14].g_col[1].u_pe/u_mac/u_add/g22778/Y                      -       A2->Y F     AOI21x1_ASAP7_75t_R          2  1.0    19    13    1428    (-,-) 
  u_array/g_row[14].g_col[1].u_pe/u_mac/u_add/g22777/Y                      -       A->Y  F     HB1xp67_ASAP7_75t_R          1  1.0    15    25    1453    (-,-) 
  u_array/g_row[14].g_col[1].u_pe/u_mac/u_add/g23656/Y                      -       B->Y  F     XNOR2xp5_ASAP7_75t_R         1  0.5    17    22    1475    (-,-) 
  u_array/g_row[14].g_col[1].u_pe/u_mac/u_add/g23655/Y                      -       A2->Y R     AOI21xp5_ASAP7_75t_R         3  1.1    27    19    1494    (-,-) 
  u_array/g_row[14].g_col[1].u_pe/u_mac/u_add/g23699/Y                      -       A->Y  F     NAND2xp33_ASAP7_75t_R        1  0.5    18    14    1508    (-,-) 
  u_array/g_row[14].g_col[1].u_pe/u_mac/u_add/g22748/Y                      -       A->Y  R     NOR3xp33_ASAP7_75t_R         1  0.5    27    18    1525    (-,-) 
  u_array/g_row[14].g_col[1].u_pe/u_mac/u_add/g23828/Y                      -       A1->Y F     AOI31xp33_ASAP7_75t_R        1  0.5    20    16    1542    (-,-) 
  u_array/g_row[14].g_col[1].u_pe/u_mac/u_add/g23951/Y                      -       A->Y  F     AND2x2_ASAP7_75t_R           5  4.3    19    31    1573    (-,-) 
  u_array/g_row[14].g_col[1].u_pe/u_mac/u_add/g23832/Y                      -       B->Y  F     AND2x4_ASAP7_75t_R          23  9.9    21    30    1603    (-,-) 
  u_array/g_row[14].g_col[1].u_pe/u_mac/u_add/g23957/Y                      -       B2->Y R     AOI22xp33_ASAP7_75t_R        1  0.3    20    17    1620    (-,-) 
  u_array/g_row[14].g_col[1].u_pe/u_mac/u_add/g22657/Y                      -       B->Y  F     NAND2xp33_ASAP7_75t_R        1  0.4    14    12    1633    (-,-) 
  u_array/g_row[14].g_col[1].u_pe/g1005/Y                                   -       A2->Y R     AOI22xp33_ASAP7_75t_R        1  0.6    40    19    1652    (-,-) 
  u_array/g_row[14].g_col[1].u_pe/psum_out_reg[11]/D                        -       -     R     DFFASRHQNx1_ASAP7_75t_R      1    -     -     0    1652    (-,-) 
#----------------------------------------------------------------------------------------------------------------------------------------------------------------



Path 7: VIOLATED (-24 ps) Setup Check with Pin u_array/g_row[14].g_col[1].u_pe/psum_out_reg[11]/CLK->D
          Group: clk
     Startpoint: (R) act_buf_sel
          Clock: (R) clk
       Endpoint: (R) u_array/g_row[14].g_col[1].u_pe/psum_out_reg[11]/D
          Clock: (R) clk

                     Capture       Launch     
        Clock Edge:+    1650            0     
        Drv Adjust:+       0           10     
       Src Latency:+       0            0     
       Net Latency:+       0 (I)        0 (I) 
           Arrival:=    1650           10     
                                              
             Setup:-      22                  
     Required Time:=    1628                  
      Launch Clock:-      10                  
       Input Delay:-     165                  
         Data Path:-    1476                  
             Slack:=     -24                  

Exceptions/Constraints:
  input_delay             165             constraints.sdc_line_22_1034_1 

#----------------------------------------------------------------------------------------------------------------------------------------------------------------
#                               Timing Point                                Flags   Arc   Edge          Cell            Fanout Load Trans Delay Arrival Instance 
#                                                                                                                              (fF)  (ps)  (ps)   (ps)  Location 
#----------------------------------------------------------------------------------------------------------------------------------------------------------------
  act_buf_sel                                                               -       -     R     (arrival)                   10  8.4    25     0     175    (-,-) 
  u_ctrl/fopt27524/Y                                                        -       A->Y  R     BUFx3_ASAP7_75t_R            9  5.1    19    27     203    (-,-) 
  u_ctrl/fopt27519/Y                                                        -       A->Y  R     BUFx6f_ASAP7_75t_R           9  5.7    13    22     224    (-,-) 
  u_ctrl/g26585/Y                                                           -       A1->Y R     OA21x2_ASAP7_75t_R           1  2.3    16    26     250    (-,-) 
  u_ctrl/fopt45205/Y                                                        -       A->Y  F     INVx4_ASAP7_75t_R            6  5.9    14    12     262    (-,-) 
  u_array/fopt3435/Y                                                        -       A->Y  F     BUFx5_ASAP7_75t_R           25 14.8    27    35     297    (-,-) 
  u_array/g_row[14].g_col[1].u_pe/u_mac/u_mul/mul_59_28_g3042/Y             -       A->Y  R     NAND2xp5_ASAP7_75t_R         2  2.1    41    26     324    (-,-) 
  u_array/g_row[14].g_col[1].u_pe/u_mac/u_mul/mul_59_28_g2973/Y             -       B->Y  R     XNOR2x1_ASAP7_75t_R          1  1.5    27    29     353    (-,-) 
  u_array/g_row[14].g_col[1].u_pe/u_mac/u_mul/mul_59_28_g2939/Y             -       B->Y  R     XNOR2x1_ASAP7_75t_R          2  1.5    27    26     379    (-,-) 
  u_array/g_row[14].g_col[1].u_pe/u_mac/u_mul/mul_59_28_g3105/Y             -       B->Y  R     XNOR2xp5_ASAP7_75t_R         1  1.5    36    26     405    (-,-) 
  u_array/g_row[14].g_col[1].u_pe/u_mac/u_mul/mul_59_28_g3106/Y             -       B->Y  R     XOR2x1_ASAP7_75t_R           3  1.6    24    29     434    (-,-) 
  u_array/g_row[14].g_col[1].u_pe/u_mac/u_mul/mul_59_28_g2839/Y             -       A->Y  F     INVx1_ASAP7_75t_R            1  0.6    10    10     444    (-,-) 
  u_array/g_row[14].g_col[1].u_pe/u_mac/u_mul/mul_59_28_g2825/Y             -       A->Y  R     MAJIxp5_ASAP7_75t_R          2  1.2    31    20     464    (-,-) 
  u_array/g_row[14].g_col[1].u_pe/u_mac/u_mul/mul_59_28_g2785/Y             -       A->Y  F     NOR2xp67_ASAP7_75t_R         2  1.4    24    22     486    (-,-) 
  u_array/g_row[14].g_col[1].u_pe/u_mac/u_mul/mul_59_28_g4723/Y             -       B->Y  R     AOI21x1_ASAP7_75t_R          2  1.5    24    19     506    (-,-) 
  u_array/g_row[14].g_col[1].u_pe/u_mac/u_mul/mul_59_28_g4742/Y             -       B->Y  F     NAND2x1_ASAP7_75t_R          2  1.7    18    15     520    (-,-) 
  u_array/g_row[14].g_col[1].u_pe/u_mac/u_mul/mul_59_28_g4746/Y             -       A1->Y R     OAI31xp67_ASAP7_75t_R        2  1.2    34    20     541    (-,-) 
  u_array/g_row[14].g_col[1].u_pe/u_mac/u_mul/mul_59_28_g4748/Y             -       C->Y  R     AO211x2_ASAP7_75t_R          4  2.3    17    33     574    (-,-) 
  u_array/g_row[14].g_col[1].u_pe/u_mac/u_mul/fopt4725/Y                    -       A->Y  R     BUFx3_ASAP7_75t_R            3  2.2    11    21     594    (-,-) 
  u_array/g_row[14].g_col[1].u_pe/u_mac/u_mul/fopt4724/Y                    -       A->Y  F     INVx2_ASAP7_75t_R            3  1.4     8     8     602    (-,-) 
  u_array/g_row[14].g_col[1].u_pe/u_mac/u_mul/g4585/Y                       -       B->Y  R     NAND2xp5_ASAP7_75t_R         1  0.5    15     9     611    (-,-) 
  u_array/g_row[14].g_col[1].u_pe/u_mac/u_mul/g4542/Y                       -       A2->Y F     AOI21xp5_ASAP7_75t_R         1  0.9    23    13     624    (-,-) 
  u_array/g_row[14].g_col[1].u_pe/u_mac/u_mul/g4531/Y                       -       B->Y  F     XOR2xp5_ASAP7_75t_R          3  1.3    26    26     650    (-,-) 
  u_array/g_row[14].g_col[1].u_pe/u_mac/u_mul/g4505/Y                       -       D->Y  R     NOR4xp25_ASAP7_75t_R         1  0.5    38    28     678    (-,-) 
  u_array/g_row[14].g_col[1].u_pe/u_mac/u_mul/g4497/Y                       -       C->Y  F     NAND3xp33_ASAP7_75t_R        2  1.0    28    22     700    (-,-) 
  u_array/g_row[14].g_col[1].u_pe/u_mac/u_mul/g4495/Y                       -       A->Y  R     INVxp67_ASAP7_75t_R          1  0.5    15    14     713    (-,-) 
  u_array/g_row[14].g_col[1].u_pe/u_mac/u_mul/g4490/Y                       -       A2->Y F     AOI21xp5_ASAP7_75t_R         1  1.0    19    14     727    (-,-) 
  u_array/g_row[14].g_col[1].u_pe/u_mac/u_mul/g4488/Y                       -       B->Y  F     AND2x4_ASAP7_75t_R           8  4.8    13    25     752    (-,-) 
  u_array/g_row[14].g_col[1].u_pe/u_mac/u_mul/g4479/Y                       -       B->Y  R     OAI21xp5_ASAP7_75t_R         1  0.4    17    10     762    (-,-) 
  u_array/g_row[14].g_col[1].u_pe/u_mac/u_add/fopt23616/Y                   -       A->Y  F     INVxp67_ASAP7_75t_R          2  0.9    14    12     774    (-,-) 
  u_array/g_row[14].g_col[1].u_pe/u_mac/u_add/g18099/Y                      -       B->Y  R     NAND2xp5_ASAP7_75t_R         2  0.8    24    13     787    (-,-) 
  u_array/g_row[14].g_col[1].u_pe/u_mac/u_add/g18031/Y                      -       A->Y  F     NAND3xp33_ASAP7_75t_R        1  0.5    20    16     802    (-,-) 
  u_array/g_row[14].g_col[1].u_pe/u_mac/u_add/g18018/Y                      -       A->Y  R     NOR3xp33_ASAP7_75t_R         2  0.9    35    23     825    (-,-) 
  u_array/g_row[14].g_col[1].u_pe/u_mac/u_add/g18014/Y                      -       A->Y  F     INVxp67_ASAP7_75t_R          1  0.5    14    13     838    (-,-) 
  u_array/g_row[14].g_col[1].u_pe/u_mac/u_add/g18001/Y                      -       C->Y  R     O2A1O1Ixp33_ASAP7_75t_R      1  0.5    26    17     855    (-,-) 
  u_array/g_row[14].g_col[1].u_pe/u_mac/u_add/g17989/Y                      -       B->Y  F     AOI21xp5_ASAP7_75t_R         2  1.0    19    16     872    (-,-) 
  u_array/g_row[14].g_col[1].u_pe/u_mac/u_add/g17980/Y                      -       C->Y  R     OAI211xp5_ASAP7_75t_R        1  0.6    28    17     888    (-,-) 
  u_array/g_row[14].g_col[1].u_pe/u_mac/u_add/fopt31/Y                      -       A->Y  R     BUFx3_ASAP7_75t_R           13  5.3    20    28     917    (-,-) 
  u_array/g_row[14].g_col[1].u_pe/u_mac/u_add/g17963/Y                      -       B->Y  F     NOR2xp33_ASAP7_75t_R         1  0.5    19    15     932    (-,-) 
  u_array/g_row[14].g_col[1].u_pe/u_mac/u_add/g17945/Y                      -       B->Y  R     AOI21xp5_ASAP7_75t_R         1  0.8    22    18     950    (-,-) 
  u_array/g_row[14].g_col[1].u_pe/u_mac/u_add/g24729/Y                      -       A->Y  F     XOR2x2_ASAP7_75t_R           9  4.3    21    36     986    (-,-) 
  u_array/g_row[14].g_col[1].u_pe/u_mac/u_add/srl_68_50_g4486/Y             -       B->Y  F     OR2x2_ASAP7_75t_R            3  2.7    16    31    1017    (-,-) 
  u_array/g_row[14].g_col[1].u_pe/u_mac/u_add/srl_68_50_g4477/Y             -       A->Y  R     INVx2_ASAP7_75t_R            3  1.5    11    10    1027    (-,-) 
  u_array/g_row[14].g_col[1].u_pe/u_mac/u_add/srl_68_50_g4348/Y             -       B1->Y F     AOI22xp5_ASAP7_75t_R         2  0.9    25    12    1040    (-,-) 
  u_array/g_row[14].g_col[1].u_pe/u_mac/u_add/srl_68_50_g4306/Y             -       A1->Y R     OAI211xp5_ASAP7_75t_R        1  0.5    27    20    1060    (-,-) 
  u_array/g_row[14].g_col[1].u_pe/u_mac/u_add/g16207/Y                      -       A->Y  R     AND2x2_ASAP7_75t_R           2  1.9    14    26    1086    (-,-) 
  u_array/g_row[14].g_col[1].u_pe/u_mac/u_add/g23840/Y                      -       A->Y  R     XOR2xp5_ASAP7_75t_R          1  1.0    32    26    1112    (-,-) 
  u_array/g_row[14].g_col[1].u_pe/u_mac/u_add/sub_75_43_Y_add_76_43_g4185/Y -       B->Y  F     NOR2x1_ASAP7_75t_R           2  0.9    15    15    1127    (-,-) 
  u_array/g_row[14].g_col[1].u_pe/u_mac/u_add/sub_75_43_Y_add_76_43_g4042/Y -       A->Y  R     NOR2xp33_ASAP7_75t_R         1  0.5    19    15    1142    (-,-) 
  u_array/g_row[14].g_col[1].u_pe/u_mac/u_add/sub_75_43_Y_add_76_43_g4006/Y -       A->Y  R     AND2x2_ASAP7_75t_R           3  1.4    12    23    1164    (-,-) 
  u_array/g_row[14].g_col[1].u_pe/u_mac/u_add/sub_75_43_Y_add_76_43_g3984/Y -       A->Y  F     NAND2xp5_ASAP7_75t_R         1  0.6    14    10    1174    (-,-) 
  u_array/g_row[14].g_col[1].u_pe/u_mac/u_add/g24761/Y                      -       A1->Y F     OA21x2_ASAP7_75t_R           2  2.2    14    28    1202    (-,-) 
  u_array/g_row[14].g_col[1].u_pe/u_mac/u_add/fopt23844/Y                   -       A->Y  R     INVx2_ASAP7_75t_R            4  2.0    12    11    1213    (-,-) 
  u_array/g_row[14].g_col[1].u_pe/u_mac/u_add/fopt23843/Y                   -       A->Y  R     BUFx3_ASAP7_75t_R            4  2.0    10    19    1232    (-,-) 
  u_array/g_row[14].g_col[1].u_pe/u_mac/u_add/sub_75_43_Y_add_76_43_g3920/Y -       A1->Y F     AOI21xp5_ASAP7_75t_R         1  0.9    18    13    1244    (-,-) 
  u_array/g_row[14].g_col[1].u_pe/u_mac/u_add/sub_75_43_Y_add_76_43_g3899/Y -       A->Y  R     XOR2x2_ASAP7_75t_R           2  1.7    14    37    1281    (-,-) 
  u_array/g_row[14].g_col[1].u_pe/u_mac/u_add/g23526/Y                      -       A->Y  R     OR2x2_ASAP7_75t_R            3  1.6    12    22    1304    (-,-) 
  u_array/g_row[14].g_col[1].u_pe/u_mac/u_add/g23039/Y                      -       B->Y  F     AOI21xp5_ASAP7_75t_R         1  0.6    16    10    1314    (-,-) 
  u_array/g_row[14].g_col[1].u_pe/u_mac/u_add/g24784/Y                      -       A2->Y F     OA21x2_ASAP7_75t_R           1  0.6     8    25    1338    (-,-) 
  u_array/g_row[14].g_col[1].u_pe/u_mac/u_add/g24783/Y                      -       A1->Y F     OA21x2_ASAP7_75t_R           2  2.0    13    26    1364    (-,-) 
  u_array/g_row[14].g_col[1].u_pe/u_mac/u_add/g23806/Y                      -       A2->Y R     OAI21x1_ASAP7_75t_R          3  1.2    20    14    1379    (-,-) 
  u_array/g_row[14].g_col[1].u_pe/u_mac/u_add/g23837/Y                      -       B->Y  F     OAI21xp33_ASAP7_75t_R        1  0.5    17    15    1394    (-,-) 
  u_array/g_row[14].g_col[1].u_pe/u_mac/u_add/g22784/Y                      -       A->Y  R     NAND2xp5_ASAP7_75t_R         1  0.5    15    13    1406    (-,-) 
  u_array/g_row[14].g_col[1].u_pe/u_mac/u_add/g22780/Y                      -       A2->Y F     A2O1A1Ixp33_ASAP7_75t_R      1  0.5    25    16    1422    (-,-) 
  u_array/g_row[14].g_col[1].u_pe/u_mac/u_add/g22776/Y                      -       A2->Y R     AOI21xp5_ASAP7_75t_R         1  0.5    18    16    1438    (-,-) 
  u_array/g_row[14].g_col[1].u_pe/u_mac/u_add/g23770/Y                      -       A1->Y R     OA21x2_ASAP7_75t_R           6  2.9    18    29    1468    (-,-) 
  u_array/g_row[14].g_col[1].u_pe/u_mac/u_add/g55/Y                         -       A2->Y F     AOI21xp5_ASAP7_75t_R         3  1.1    21    15    1483    (-,-) 
  u_array/g_row[14].g_col[1].u_pe/u_mac/u_add/g54/Y                         -       E->Y  R     NOR5xp2_ASAP7_75t_R          1  0.5    49    35    1518    (-,-) 
  u_array/g_row[14].g_col[1].u_pe/u_mac/u_add/g23825/Y                      -       B->Y  F     NAND3xp33_ASAP7_75t_R        2  0.8    28    23    1540    (-,-) 
  u_array/g_row[14].g_col[1].u_pe/u_mac/u_add/g23951/Y                      -       B->Y  F     AND2x2_ASAP7_75t_R           5  4.3    19    33    1573    (-,-) 
  u_array/g_row[14].g_col[1].u_pe/u_mac/u_add/g23832/Y                      -       B->Y  F     AND2x4_ASAP7_75t_R          23  9.9    21    30    1603    (-,-) 
  u_array/g_row[14].g_col[1].u_pe/u_mac/u_add/g23957/Y                      -       B2->Y R     AOI22xp33_ASAP7_75t_R        1  0.3    20    17    1620    (-,-) 
  u_array/g_row[14].g_col[1].u_pe/u_mac/u_add/g22657/Y                      -       B->Y  F     NAND2xp33_ASAP7_75t_R        1  0.4    14    12    1633    (-,-) 
  u_array/g_row[14].g_col[1].u_pe/g1005/Y                                   -       A2->Y R     AOI22xp33_ASAP7_75t_R        1  0.6    40    19    1652    (-,-) 
  u_array/g_row[14].g_col[1].u_pe/psum_out_reg[11]/D                        -       -     R     DFFASRHQNx1_ASAP7_75t_R      1    -     -     0    1652    (-,-) 
#----------------------------------------------------------------------------------------------------------------------------------------------------------------



Path 8: VIOLATED (-24 ps) Setup Check with Pin u_array/g_row[14].g_col[1].u_pe/psum_out_reg[11]/CLK->D
          Group: clk
     Startpoint: (F) act_buf_sel
          Clock: (R) clk
       Endpoint: (R) u_array/g_row[14].g_col[1].u_pe/psum_out_reg[11]/D
          Clock: (R) clk

                     Capture       Launch     
        Clock Edge:+    1650            0     
        Drv Adjust:+       0           10     
       Src Latency:+       0            0     
       Net Latency:+       0 (I)        0 (I) 
           Arrival:=    1650           10     
                                              
             Setup:-      22                  
     Required Time:=    1628                  
      Launch Clock:-      10                  
       Input Delay:-     165                  
         Data Path:-    1477                  
             Slack:=     -24                  

Exceptions/Constraints:
  input_delay             165             constraints.sdc_line_22_1034_1 

#----------------------------------------------------------------------------------------------------------------------------------------------------------------
#                               Timing Point                                Flags   Arc   Edge          Cell            Fanout Load Trans Delay Arrival Instance 
#                                                                                                                              (fF)  (ps)  (ps)   (ps)  Location 
#----------------------------------------------------------------------------------------------------------------------------------------------------------------
  act_buf_sel                                                               -       -     F     (arrival)                   10  8.4    22     0     175    (-,-) 
  u_ctrl/fopt27524/Y                                                        -       A->Y  F     BUFx3_ASAP7_75t_R            9  5.1    16    28     202    (-,-) 
  u_ctrl/fopt27519/Y                                                        -       A->Y  F     BUFx6f_ASAP7_75t_R           9  5.9    12    22     225    (-,-) 
  u_ctrl/g26585/Y                                                           -       A1->Y F     OA21x2_ASAP7_75t_R           1  2.3    14    28     252    (-,-) 
  u_ctrl/fopt45205/Y                                                        -       A->Y  R     INVx4_ASAP7_75t_R            6  5.9    16    13     265    (-,-) 
  u_array/fopt3435/Y                                                        -       A->Y  R     BUFx5_ASAP7_75t_R           25 14.9    32    35     301    (-,-) 
  u_array/g_row[14].g_col[1].u_pe/u_mac/u_mul/mul_59_28_g3042/Y             -       A->Y  F     NAND2xp5_ASAP7_75t_R         2  2.1    40    23     324    (-,-) 
  u_array/g_row[14].g_col[1].u_pe/u_mac/u_mul/mul_59_28_g2973/Y             -       B->Y  F     XNOR2x1_ASAP7_75t_R          1  1.5    20    31     355    (-,-) 
  u_array/g_row[14].g_col[1].u_pe/u_mac/u_mul/mul_59_28_g2939/Y             -       B->Y  F     XNOR2x1_ASAP7_75t_R          2  1.6    19    26     381    (-,-) 
  u_array/g_row[14].g_col[1].u_pe/u_mac/u_mul/mul_59_28_g3105/Y             -       B->Y  R     XNOR2xp5_ASAP7_75t_R         1  1.5    36    24     405    (-,-) 
  u_array/g_row[14].g_col[1].u_pe/u_mac/u_mul/mul_59_28_g3106/Y             -       B->Y  R     XOR2x1_ASAP7_75t_R           3  1.6    24    29     434    (-,-) 
  u_array/g_row[14].g_col[1].u_pe/u_mac/u_mul/mul_59_28_g2839/Y             -       A->Y  F     INVx1_ASAP7_75t_R            1  0.6    10    10     444    (-,-) 
  u_array/g_row[14].g_col[1].u_pe/u_mac/u_mul/mul_59_28_g2825/Y             -       A->Y  R     MAJIxp5_ASAP7_75t_R          2  1.2    31    20     464    (-,-) 
  u_array/g_row[14].g_col[1].u_pe/u_mac/u_mul/mul_59_28_g2785/Y             -       A->Y  F     NOR2xp67_ASAP7_75t_R         2  1.4    24    22     486    (-,-) 
  u_array/g_row[14].g_col[1].u_pe/u_mac/u_mul/mul_59_28_g4723/Y             -       B->Y  R     AOI21x1_ASAP7_75t_R          2  1.5    24    19     506    (-,-) 
  u_array/g_row[14].g_col[1].u_pe/u_mac/u_mul/mul_59_28_g4742/Y             -       B->Y  F     NAND2x1_ASAP7_75t_R          2  1.7    18    15     520    (-,-) 
  u_array/g_row[14].g_col[1].u_pe/u_mac/u_mul/mul_59_28_g4746/Y             -       A1->Y R     OAI31xp67_ASAP7_75t_R        2  1.2    34    20     541    (-,-) 
  u_array/g_row[14].g_col[1].u_pe/u_mac/u_mul/mul_59_28_g4748/Y             -       C->Y  R     AO211x2_ASAP7_75t_R          4  2.3    17    33     574    (-,-) 
  u_array/g_row[14].g_col[1].u_pe/u_mac/u_mul/fopt4725/Y                    -       A->Y  R     BUFx3_ASAP7_75t_R            3  2.2    11    21     594    (-,-) 
  u_array/g_row[14].g_col[1].u_pe/u_mac/u_mul/fopt4724/Y                    -       A->Y  F     INVx2_ASAP7_75t_R            3  1.4     8     8     602    (-,-) 
  u_array/g_row[14].g_col[1].u_pe/u_mac/u_mul/g4585/Y                       -       B->Y  R     NAND2xp5_ASAP7_75t_R         1  0.5    15     9     611    (-,-) 
  u_array/g_row[14].g_col[1].u_pe/u_mac/u_mul/g4542/Y                       -       A2->Y F     AOI21xp5_ASAP7_75t_R         1  0.9    23    13     624    (-,-) 
  u_array/g_row[14].g_col[1].u_pe/u_mac/u_mul/g4531/Y                       -       B->Y  F     XOR2xp5_ASAP7_75t_R          3  1.3    26    26     650    (-,-) 
  u_array/g_row[14].g_col[1].u_pe/u_mac/u_mul/g4505/Y                       -       D->Y  R     NOR4xp25_ASAP7_75t_R         1  0.5    38    28     678    (-,-) 
  u_array/g_row[14].g_col[1].u_pe/u_mac/u_mul/g4497/Y                       -       C->Y  F     NAND3xp33_ASAP7_75t_R        2  1.0    28    22     700    (-,-) 
  u_array/g_row[14].g_col[1].u_pe/u_mac/u_mul/g4495/Y                       -       A->Y  R     INVxp67_ASAP7_75t_R          1  0.5    15    14     713    (-,-) 
  u_array/g_row[14].g_col[1].u_pe/u_mac/u_mul/g4490/Y                       -       A2->Y F     AOI21xp5_ASAP7_75t_R         1  1.0    19    14     727    (-,-) 
  u_array/g_row[14].g_col[1].u_pe/u_mac/u_mul/g4488/Y                       -       B->Y  F     AND2x4_ASAP7_75t_R           8  4.8    13    25     752    (-,-) 
  u_array/g_row[14].g_col[1].u_pe/u_mac/u_mul/g4479/Y                       -       B->Y  R     OAI21xp5_ASAP7_75t_R         1  0.4    17    10     762    (-,-) 
  u_array/g_row[14].g_col[1].u_pe/u_mac/u_add/fopt23616/Y                   -       A->Y  F     INVxp67_ASAP7_75t_R          2  0.9    14    12     774    (-,-) 
  u_array/g_row[14].g_col[1].u_pe/u_mac/u_add/g18099/Y                      -       B->Y  R     NAND2xp5_ASAP7_75t_R         2  0.8    24    13     787    (-,-) 
  u_array/g_row[14].g_col[1].u_pe/u_mac/u_add/g18031/Y                      -       A->Y  F     NAND3xp33_ASAP7_75t_R        1  0.5    20    16     802    (-,-) 
  u_array/g_row[14].g_col[1].u_pe/u_mac/u_add/g18018/Y                      -       A->Y  R     NOR3xp33_ASAP7_75t_R         2  0.9    35    23     825    (-,-) 
  u_array/g_row[14].g_col[1].u_pe/u_mac/u_add/g18014/Y                      -       A->Y  F     INVxp67_ASAP7_75t_R          1  0.5    14    13     838    (-,-) 
  u_array/g_row[14].g_col[1].u_pe/u_mac/u_add/g18001/Y                      -       C->Y  R     O2A1O1Ixp33_ASAP7_75t_R      1  0.5    26    17     855    (-,-) 
  u_array/g_row[14].g_col[1].u_pe/u_mac/u_add/g17989/Y                      -       B->Y  F     AOI21xp5_ASAP7_75t_R         2  1.0    19    16     872    (-,-) 
  u_array/g_row[14].g_col[1].u_pe/u_mac/u_add/g17980/Y                      -       C->Y  R     OAI211xp5_ASAP7_75t_R        1  0.6    28    17     888    (-,-) 
  u_array/g_row[14].g_col[1].u_pe/u_mac/u_add/fopt31/Y                      -       A->Y  R     BUFx3_ASAP7_75t_R           13  5.3    20    28     917    (-,-) 
  u_array/g_row[14].g_col[1].u_pe/u_mac/u_add/g17963/Y                      -       B->Y  F     NOR2xp33_ASAP7_75t_R         1  0.5    19    15     932    (-,-) 
  u_array/g_row[14].g_col[1].u_pe/u_mac/u_add/g17945/Y                      -       B->Y  R     AOI21xp5_ASAP7_75t_R         1  0.8    22    18     950    (-,-) 
  u_array/g_row[14].g_col[1].u_pe/u_mac/u_add/g24729/Y                      -       A->Y  F     XOR2x2_ASAP7_75t_R           9  4.3    21    36     986    (-,-) 
  u_array/g_row[14].g_col[1].u_pe/u_mac/u_add/srl_68_50_g4474/Y             -       B->Y  F     OR2x2_ASAP7_75t_R            2  1.5    12    28    1014    (-,-) 
  u_array/g_row[14].g_col[1].u_pe/u_mac/u_add/srl_68_50_g4438/Y             -       B->Y  R     NOR2x1_ASAP7_75t_R           4  1.8    21    15    1029    (-,-) 
  u_array/g_row[14].g_col[1].u_pe/u_mac/u_add/srl_68_50_g4344/Y             -       B2->Y F     AOI22xp33_ASAP7_75t_R        1  0.5    23    15    1044    (-,-) 
  u_array/g_row[14].g_col[1].u_pe/u_mac/u_add/srl_68_50_g4309/Y             -       B->Y  R     NAND3xp33_ASAP7_75t_R        1  0.5    16    16    1060    (-,-) 
  u_array/g_row[14].g_col[1].u_pe/u_mac/u_add/g16202/Y                      -       B->Y  R     AND2x2_ASAP7_75t_R           3  2.6    17    26    1085    (-,-) 
  u_array/g_row[14].g_col[1].u_pe/u_mac/u_add/sub_75_43_Y_add_76_43_g4219/Y -       B->Y  R     XNOR2x1_ASAP7_75t_R          2  1.2    28    24    1109    (-,-) 
  u_array/g_row[14].g_col[1].u_pe/u_mac/u_add/sub_75_43_Y_add_76_43_g4115/Y -       B->Y  F     NOR2xp67_ASAP7_75t_R         2  1.4    22    20    1128    (-,-) 
  u_array/g_row[14].g_col[1].u_pe/u_mac/u_add/sub_75_43_Y_add_76_43_g4051/Y -       B->Y  R     NOR2x1_ASAP7_75t_R           2  0.8    16    13    1142    (-,-) 
  u_array/g_row[14].g_col[1].u_pe/u_mac/u_add/sub_75_43_Y_add_76_43_g4006/Y -       B->Y  R     AND2x2_ASAP7_75t_R           3  1.4    12    23    1164    (-,-) 
  u_array/g_row[14].g_col[1].u_pe/u_mac/u_add/sub_75_43_Y_add_76_43_g3984/Y -       A->Y  F     NAND2xp5_ASAP7_75t_R         1  0.6    14    10    1174    (-,-) 
  u_array/g_row[14].g_col[1].u_pe/u_mac/u_add/g24761/Y                      -       A1->Y F     OA21x2_ASAP7_75t_R           2  2.2    14    28    1202    (-,-) 
  u_array/g_row[14].g_col[1].u_pe/u_mac/u_add/fopt23844/Y                   -       A->Y  R     INVx2_ASAP7_75t_R            4  2.0    12    11    1213    (-,-) 
  u_array/g_row[14].g_col[1].u_pe/u_mac/u_add/fopt23843/Y                   -       A->Y  R     BUFx3_ASAP7_75t_R            4  2.0    10    19    1232    (-,-) 
  u_array/g_row[14].g_col[1].u_pe/u_mac/u_add/sub_75_43_Y_add_76_43_g3920/Y -       A1->Y F     AOI21xp5_ASAP7_75t_R         1  0.9    18    13    1244    (-,-) 
  u_array/g_row[14].g_col[1].u_pe/u_mac/u_add/sub_75_43_Y_add_76_43_g3899/Y -       A->Y  R     XOR2x2_ASAP7_75t_R           2  1.7    14    37    1281    (-,-) 
  u_array/g_row[14].g_col[1].u_pe/u_mac/u_add/g23526/Y                      -       A->Y  R     OR2x2_ASAP7_75t_R            3  1.6    12    22    1304    (-,-) 
  u_array/g_row[14].g_col[1].u_pe/u_mac/u_add/g23039/Y                      -       B->Y  F     AOI21xp5_ASAP7_75t_R         1  0.6    16    10    1314    (-,-) 
  u_array/g_row[14].g_col[1].u_pe/u_mac/u_add/g24784/Y                      -       A2->Y F     OA21x2_ASAP7_75t_R           1  0.6     8    25    1338    (-,-) 
  u_array/g_row[14].g_col[1].u_pe/u_mac/u_add/g24783/Y                      -       A1->Y F     OA21x2_ASAP7_75t_R           2  2.0    13    26    1364    (-,-) 
  u_array/g_row[14].g_col[1].u_pe/u_mac/u_add/g23806/Y                      -       A2->Y R     OAI21x1_ASAP7_75t_R          3  1.2    20    14    1379    (-,-) 
  u_array/g_row[14].g_col[1].u_pe/u_mac/u_add/g23837/Y                      -       B->Y  F     OAI21xp33_ASAP7_75t_R        1  0.5    17    15    1394    (-,-) 
  u_array/g_row[14].g_col[1].u_pe/u_mac/u_add/g22784/Y                      -       A->Y  R     NAND2xp5_ASAP7_75t_R         1  0.5    15    13    1406    (-,-) 
  u_array/g_row[14].g_col[1].u_pe/u_mac/u_add/g22780/Y                      -       A2->Y F     A2O1A1Ixp33_ASAP7_75t_R      1  0.5    25    16    1422    (-,-) 
  u_array/g_row[14].g_col[1].u_pe/u_mac/u_add/g22776/Y                      -       A2->Y R     AOI21xp5_ASAP7_75t_R         1  0.5    18    16    1438    (-,-) 
  u_array/g_row[14].g_col[1].u_pe/u_mac/u_add/g23770/Y                      -       A1->Y R     OA21x2_ASAP7_75t_R           6  2.9    18    29    1468    (-,-) 
  u_array/g_row[14].g_col[1].u_pe/u_mac/u_add/g55/Y                         -       A2->Y F     AOI21xp5_ASAP7_75t_R         3  1.1    21    15    1483    (-,-) 
  u_array/g_row[14].g_col[1].u_pe/u_mac/u_add/g54/Y                         -       E->Y  R     NOR5xp2_ASAP7_75t_R          1  0.5    49    35    1518    (-,-) 
  u_array/g_row[14].g_col[1].u_pe/u_mac/u_add/g23825/Y                      -       B->Y  F     NAND3xp33_ASAP7_75t_R        2  0.8    28    23    1540    (-,-) 
  u_array/g_row[14].g_col[1].u_pe/u_mac/u_add/g23951/Y                      -       B->Y  F     AND2x2_ASAP7_75t_R           5  4.3    19    33    1573    (-,-) 
  u_array/g_row[14].g_col[1].u_pe/u_mac/u_add/g23832/Y                      -       B->Y  F     AND2x4_ASAP7_75t_R          23  9.9    21    30    1603    (-,-) 
  u_array/g_row[14].g_col[1].u_pe/u_mac/u_add/g23957/Y                      -       B2->Y R     AOI22xp33_ASAP7_75t_R        1  0.3    20    17    1620    (-,-) 
  u_array/g_row[14].g_col[1].u_pe/u_mac/u_add/g22657/Y                      -       B->Y  F     NAND2xp33_ASAP7_75t_R        1  0.4    14    12    1633    (-,-) 
  u_array/g_row[14].g_col[1].u_pe/g1005/Y                                   -       A2->Y R     AOI22xp33_ASAP7_75t_R        1  0.6    40    19    1652    (-,-) 
  u_array/g_row[14].g_col[1].u_pe/psum_out_reg[11]/D                        -       -     R     DFFASRHQNx1_ASAP7_75t_R      1    -     -     0    1652    (-,-) 
#----------------------------------------------------------------------------------------------------------------------------------------------------------------



Path 9: VIOLATED (-24 ps) Setup Check with Pin u_array/g_row[14].g_col[1].u_pe/psum_out_reg[0]/CLK->D
          Group: clk
     Startpoint: (R) act_buf_sel
          Clock: (R) clk
       Endpoint: (R) u_array/g_row[14].g_col[1].u_pe/psum_out_reg[0]/D
          Clock: (R) clk

                     Capture       Launch     
        Clock Edge:+    1650            0     
        Drv Adjust:+       0           10     
       Src Latency:+       0            0     
       Net Latency:+       0 (I)        0 (I) 
           Arrival:=    1650           10     
                                              
             Setup:-      24                  
     Required Time:=    1626                  
      Launch Clock:-      10                  
       Input Delay:-     165                  
         Data Path:-    1474                  
             Slack:=     -24                  

Exceptions/Constraints:
  input_delay             165             constraints.sdc_line_22_1034_1 

#----------------------------------------------------------------------------------------------------------------------------------------------------------------
#                               Timing Point                                Flags   Arc   Edge          Cell            Fanout Load Trans Delay Arrival Instance 
#                                                                                                                              (fF)  (ps)  (ps)   (ps)  Location 
#----------------------------------------------------------------------------------------------------------------------------------------------------------------
  act_buf_sel                                                               -       -     R     (arrival)                   10  8.4    25     0     175    (-,-) 
  u_ctrl/fopt27524/Y                                                        -       A->Y  R     BUFx3_ASAP7_75t_R            9  5.1    19    27     203    (-,-) 
  u_ctrl/fopt27519/Y                                                        -       A->Y  R     BUFx6f_ASAP7_75t_R           9  5.7    13    22     224    (-,-) 
  u_ctrl/g26585/Y                                                           -       A1->Y R     OA21x2_ASAP7_75t_R           1  2.3    16    26     250    (-,-) 
  u_ctrl/fopt45205/Y                                                        -       A->Y  F     INVx4_ASAP7_75t_R            6  5.9    14    12     262    (-,-) 
  u_array/fopt3435/Y                                                        -       A->Y  F     BUFx5_ASAP7_75t_R           25 14.8    27    35     297    (-,-) 
  u_array/g_row[14].g_col[1].u_pe/u_mac/u_mul/mul_59_28_g3042/Y             -       A->Y  R     NAND2xp5_ASAP7_75t_R         2  2.1    41    26     324    (-,-) 
  u_array/g_row[14].g_col[1].u_pe/u_mac/u_mul/mul_59_28_g2973/Y             -       B->Y  R     XNOR2x1_ASAP7_75t_R          1  1.5    27    29     353    (-,-) 
  u_array/g_row[14].g_col[1].u_pe/u_mac/u_mul/mul_59_28_g2939/Y             -       B->Y  R     XNOR2x1_ASAP7_75t_R          2  1.5    27    26     379    (-,-) 
  u_array/g_row[14].g_col[1].u_pe/u_mac/u_mul/mul_59_28_g3105/Y             -       B->Y  R     XNOR2xp5_ASAP7_75t_R         1  1.5    36    26     405    (-,-) 
  u_array/g_row[14].g_col[1].u_pe/u_mac/u_mul/mul_59_28_g3106/Y             -       B->Y  R     XOR2x1_ASAP7_75t_R           3  1.6    24    29     434    (-,-) 
  u_array/g_row[14].g_col[1].u_pe/u_mac/u_mul/mul_59_28_g2839/Y             -       A->Y  F     INVx1_ASAP7_75t_R            1  0.6    10    10     444    (-,-) 
  u_array/g_row[14].g_col[1].u_pe/u_mac/u_mul/mul_59_28_g2825/Y             -       A->Y  R     MAJIxp5_ASAP7_75t_R          2  1.2    31    20     464    (-,-) 
  u_array/g_row[14].g_col[1].u_pe/u_mac/u_mul/mul_59_28_g2785/Y             -       A->Y  F     NOR2xp67_ASAP7_75t_R         2  1.4    24    22     486    (-,-) 
  u_array/g_row[14].g_col[1].u_pe/u_mac/u_mul/mul_59_28_g4723/Y             -       B->Y  R     AOI21x1_ASAP7_75t_R          2  1.5    24    19     506    (-,-) 
  u_array/g_row[14].g_col[1].u_pe/u_mac/u_mul/mul_59_28_g4742/Y             -       B->Y  F     NAND2x1_ASAP7_75t_R          2  1.7    18    15     520    (-,-) 
  u_array/g_row[14].g_col[1].u_pe/u_mac/u_mul/mul_59_28_g4746/Y             -       A1->Y R     OAI31xp67_ASAP7_75t_R        2  1.2    34    20     541    (-,-) 
  u_array/g_row[14].g_col[1].u_pe/u_mac/u_mul/mul_59_28_g4748/Y             -       C->Y  R     AO211x2_ASAP7_75t_R          4  2.3    17    33     574    (-,-) 
  u_array/g_row[14].g_col[1].u_pe/u_mac/u_mul/fopt4725/Y                    -       A->Y  R     BUFx3_ASAP7_75t_R            3  2.2    11    21     594    (-,-) 
  u_array/g_row[14].g_col[1].u_pe/u_mac/u_mul/fopt4724/Y                    -       A->Y  F     INVx2_ASAP7_75t_R            3  1.4     8     8     602    (-,-) 
  u_array/g_row[14].g_col[1].u_pe/u_mac/u_mul/g4585/Y                       -       B->Y  R     NAND2xp5_ASAP7_75t_R         1  0.5    15     9     611    (-,-) 
  u_array/g_row[14].g_col[1].u_pe/u_mac/u_mul/g4542/Y                       -       A2->Y F     AOI21xp5_ASAP7_75t_R         1  0.9    23    13     624    (-,-) 
  u_array/g_row[14].g_col[1].u_pe/u_mac/u_mul/g4531/Y                       -       B->Y  F     XOR2xp5_ASAP7_75t_R          3  1.3    26    26     650    (-,-) 
  u_array/g_row[14].g_col[1].u_pe/u_mac/u_mul/g4505/Y                       -       D->Y  R     NOR4xp25_ASAP7_75t_R         1  0.5    38    28     678    (-,-) 
  u_array/g_row[14].g_col[1].u_pe/u_mac/u_mul/g4497/Y                       -       C->Y  F     NAND3xp33_ASAP7_75t_R        2  1.0    28    22     700    (-,-) 
  u_array/g_row[14].g_col[1].u_pe/u_mac/u_mul/g4495/Y                       -       A->Y  R     INVxp67_ASAP7_75t_R          1  0.5    15    14     713    (-,-) 
  u_array/g_row[14].g_col[1].u_pe/u_mac/u_mul/g4490/Y                       -       A2->Y F     AOI21xp5_ASAP7_75t_R         1  1.0    19    14     727    (-,-) 
  u_array/g_row[14].g_col[1].u_pe/u_mac/u_mul/g4488/Y                       -       B->Y  F     AND2x4_ASAP7_75t_R           8  4.8    13    25     752    (-,-) 
  u_array/g_row[14].g_col[1].u_pe/u_mac/u_mul/g4479/Y                       -       B->Y  R     OAI21xp5_ASAP7_75t_R         1  0.4    17    10     762    (-,-) 
  u_array/g_row[14].g_col[1].u_pe/u_mac/u_add/fopt23616/Y                   -       A->Y  F     INVxp67_ASAP7_75t_R          2  0.9    14    12     774    (-,-) 
  u_array/g_row[14].g_col[1].u_pe/u_mac/u_add/g18099/Y                      -       B->Y  R     NAND2xp5_ASAP7_75t_R         2  0.8    24    13     787    (-,-) 
  u_array/g_row[14].g_col[1].u_pe/u_mac/u_add/g18031/Y                      -       A->Y  F     NAND3xp33_ASAP7_75t_R        1  0.5    20    16     802    (-,-) 
  u_array/g_row[14].g_col[1].u_pe/u_mac/u_add/g18018/Y                      -       A->Y  R     NOR3xp33_ASAP7_75t_R         2  0.9    35    23     825    (-,-) 
  u_array/g_row[14].g_col[1].u_pe/u_mac/u_add/g18014/Y                      -       A->Y  F     INVxp67_ASAP7_75t_R          1  0.5    14    13     838    (-,-) 
  u_array/g_row[14].g_col[1].u_pe/u_mac/u_add/g18001/Y                      -       C->Y  R     O2A1O1Ixp33_ASAP7_75t_R      1  0.5    26    17     855    (-,-) 
  u_array/g_row[14].g_col[1].u_pe/u_mac/u_add/g17989/Y                      -       B->Y  F     AOI21xp5_ASAP7_75t_R         2  1.0    19    16     872    (-,-) 
  u_array/g_row[14].g_col[1].u_pe/u_mac/u_add/g17980/Y                      -       C->Y  R     OAI211xp5_ASAP7_75t_R        1  0.6    28    17     888    (-,-) 
  u_array/g_row[14].g_col[1].u_pe/u_mac/u_add/fopt31/Y                      -       A->Y  R     BUFx3_ASAP7_75t_R           13  5.3    20    28     917    (-,-) 
  u_array/g_row[14].g_col[1].u_pe/u_mac/u_add/g17963/Y                      -       B->Y  F     NOR2xp33_ASAP7_75t_R         1  0.5    19    15     932    (-,-) 
  u_array/g_row[14].g_col[1].u_pe/u_mac/u_add/g17945/Y                      -       B->Y  R     AOI21xp5_ASAP7_75t_R         1  0.8    22    18     950    (-,-) 
  u_array/g_row[14].g_col[1].u_pe/u_mac/u_add/g24729/Y                      -       A->Y  F     XOR2x2_ASAP7_75t_R           9  4.3    21    36     986    (-,-) 
  u_array/g_row[14].g_col[1].u_pe/u_mac/u_add/srl_68_50_g4474/Y             -       B->Y  F     OR2x2_ASAP7_75t_R            2  1.5    12    28    1014    (-,-) 
  u_array/g_row[14].g_col[1].u_pe/u_mac/u_add/srl_68_50_g4438/Y             -       B->Y  R     NOR2x1_ASAP7_75t_R           4  1.8    21    15    1029    (-,-) 
  u_array/g_row[14].g_col[1].u_pe/u_mac/u_add/srl_68_50_g4344/Y             -       B2->Y F     AOI22xp33_ASAP7_75t_R        1  0.5    23    15    1044    (-,-) 
  u_array/g_row[14].g_col[1].u_pe/u_mac/u_add/srl_68_50_g4309/Y             -       B->Y  R     NAND3xp33_ASAP7_75t_R        1  0.5    16    16    1060    (-,-) 
  u_array/g_row[14].g_col[1].u_pe/u_mac/u_add/g16202/Y                      -       B->Y  R     AND2x2_ASAP7_75t_R           3  2.6    17    26    1085    (-,-) 
  u_array/g_row[14].g_col[1].u_pe/u_mac/u_add/sub_75_43_Y_add_76_43_g4219/Y -       B->Y  R     XNOR2x1_ASAP7_75t_R          2  1.2    28    24    1109    (-,-) 
  u_array/g_row[14].g_col[1].u_pe/u_mac/u_add/sub_75_43_Y_add_76_43_g4115/Y -       B->Y  F     NOR2xp67_ASAP7_75t_R         2  1.4    22    20    1128    (-,-) 
  u_array/g_row[14].g_col[1].u_pe/u_mac/u_add/sub_75_43_Y_add_76_43_g4051/Y -       B->Y  R     NOR2x1_ASAP7_75t_R           2  0.8    16    13    1142    (-,-) 
  u_array/g_row[14].g_col[1].u_pe/u_mac/u_add/sub_75_43_Y_add_76_43_g4006/Y -       B->Y  R     AND2x2_ASAP7_75t_R           3  1.4    12    23    1164    (-,-) 
  u_array/g_row[14].g_col[1].u_pe/u_mac/u_add/sub_75_43_Y_add_76_43_g3984/Y -       A->Y  F     NAND2xp5_ASAP7_75t_R         1  0.6    14    10    1174    (-,-) 
  u_array/g_row[14].g_col[1].u_pe/u_mac/u_add/g24761/Y                      -       A1->Y F     OA21x2_ASAP7_75t_R           2  2.2    14    28    1202    (-,-) 
  u_array/g_row[14].g_col[1].u_pe/u_mac/u_add/fopt23844/Y                   -       A->Y  R     INVx2_ASAP7_75t_R            4  2.0    12    11    1213    (-,-) 
  u_array/g_row[14].g_col[1].u_pe/u_mac/u_add/fopt23843/Y                   -       A->Y  R     BUFx3_ASAP7_75t_R            4  2.0    10    19    1232    (-,-) 
  u_array/g_row[14].g_col[1].u_pe/u_mac/u_add/sub_75_43_Y_add_76_43_g3920/Y -       A1->Y F     AOI21xp5_ASAP7_75t_R         1  0.9    18    13    1244    (-,-) 
  u_array/g_row[14].g_col[1].u_pe/u_mac/u_add/sub_75_43_Y_add_76_43_g3899/Y -       A->Y  R     XOR2x2_ASAP7_75t_R           2  1.7    14    37    1281    (-,-) 
  u_array/g_row[14].g_col[1].u_pe/u_mac/u_add/g23526/Y                      -       A->Y  R     OR2x2_ASAP7_75t_R            3  1.6    12    22    1304    (-,-) 
  u_array/g_row[14].g_col[1].u_pe/u_mac/u_add/g23039/Y                      -       B->Y  F     AOI21xp5_ASAP7_75t_R         1  0.6    16    10    1314    (-,-) 
  u_array/g_row[14].g_col[1].u_pe/u_mac/u_add/g24784/Y                      -       A2->Y F     OA21x2_ASAP7_75t_R           1  0.6     8    25    1338    (-,-) 
  u_array/g_row[14].g_col[1].u_pe/u_mac/u_add/g24783/Y                      -       A1->Y F     OA21x2_ASAP7_75t_R           2  2.0    13    26    1364    (-,-) 
  u_array/g_row[14].g_col[1].u_pe/u_mac/u_add/g23806/Y                      -       A2->Y R     OAI21x1_ASAP7_75t_R          3  1.2    20    14    1379    (-,-) 
  u_array/g_row[14].g_col[1].u_pe/u_mac/u_add/g23837/Y                      -       B->Y  F     OAI21xp33_ASAP7_75t_R        1  0.5    17    15    1394    (-,-) 
  u_array/g_row[14].g_col[1].u_pe/u_mac/u_add/g22784/Y                      -       A->Y  R     NAND2xp5_ASAP7_75t_R         1  0.5    15    13    1406    (-,-) 
  u_array/g_row[14].g_col[1].u_pe/u_mac/u_add/g22780/Y                      -       A2->Y F     A2O1A1Ixp33_ASAP7_75t_R      1  0.5    25    16    1422    (-,-) 
  u_array/g_row[14].g_col[1].u_pe/u_mac/u_add/g22776/Y                      -       A2->Y R     AOI21xp5_ASAP7_75t_R         1  0.5    18    16    1438    (-,-) 
  u_array/g_row[14].g_col[1].u_pe/u_mac/u_add/g23770/Y                      -       A1->Y R     OA21x2_ASAP7_75t_R           6  2.9    18    29    1468    (-,-) 
  u_array/g_row[14].g_col[1].u_pe/u_mac/u_add/g55/Y                         -       A2->Y F     AOI21xp5_ASAP7_75t_R         3  1.1    21    15    1483    (-,-) 
  u_array/g_row[14].g_col[1].u_pe/u_mac/u_add/g54/Y                         -       E->Y  R     NOR5xp2_ASAP7_75t_R          1  0.5    49    35    1518    (-,-) 
  u_array/g_row[14].g_col[1].u_pe/u_mac/u_add/g23825/Y                      -       B->Y  F     NAND3xp33_ASAP7_75t_R        2  0.8    28    23    1540    (-,-) 
  u_array/g_row[14].g_col[1].u_pe/u_mac/u_add/g23951/Y                      -       B->Y  F     AND2x2_ASAP7_75t_R           5  4.3    19    33    1573    (-,-) 
  u_array/g_row[14].g_col[1].u_pe/u_mac/u_add/g23832/Y                      -       B->Y  F     AND2x4_ASAP7_75t_R          23  9.9    21    30    1603    (-,-) 
  u_array/g_row[14].g_col[1].u_pe/u_mac/u_add/g22736/Y                      -       A->Y  R     INVxp67_ASAP7_75t_R          1  0.5    13    12    1616    (-,-) 
  u_array/g_row[14].g_col[1].u_pe/u_mac/u_add/g22676/Y                      -       B1->Y F     OAI221xp5_ASAP7_75t_R        1  0.5    26    14    1630    (-,-) 
  u_array/g_row[14].g_col[1].u_pe/g1032/Y                                   -       A1->Y R     AOI22xp5_ASAP7_75t_R         1  0.6    33    19    1649    (-,-) 
  u_array/g_row[14].g_col[1].u_pe/psum_out_reg[0]/D                         -       -     R     DFFASRHQNx1_ASAP7_75t_R      1    -     -     0    1649    (-,-) 
#----------------------------------------------------------------------------------------------------------------------------------------------------------------



Path 10: VIOLATED (-24 ps) Setup Check with Pin u_array/g_row[14].g_col[1].u_pe/psum_out_reg[0]/CLK->D
          Group: clk
     Startpoint: (R) act_buf_sel
          Clock: (R) clk
       Endpoint: (R) u_array/g_row[14].g_col[1].u_pe/psum_out_reg[0]/D
          Clock: (R) clk

                     Capture       Launch     
        Clock Edge:+    1650            0     
        Drv Adjust:+       0           10     
       Src Latency:+       0            0     
       Net Latency:+       0 (I)        0 (I) 
           Arrival:=    1650           10     
                                              
             Setup:-      24                  
     Required Time:=    1626                  
      Launch Clock:-      10                  
       Input Delay:-     165                  
         Data Path:-    1474                  
             Slack:=     -24                  

Exceptions/Constraints:
  input_delay             165             constraints.sdc_line_22_1034_1 

#----------------------------------------------------------------------------------------------------------------------------------------------------------------
#                               Timing Point                                Flags   Arc   Edge          Cell            Fanout Load Trans Delay Arrival Instance 
#                                                                                                                              (fF)  (ps)  (ps)   (ps)  Location 
#----------------------------------------------------------------------------------------------------------------------------------------------------------------
  act_buf_sel                                                               -       -     R     (arrival)                   10  8.4    25     0     175    (-,-) 
  u_ctrl/fopt27524/Y                                                        -       A->Y  R     BUFx3_ASAP7_75t_R            9  5.1    19    27     203    (-,-) 
  u_ctrl/fopt27519/Y                                                        -       A->Y  R     BUFx6f_ASAP7_75t_R           9  5.7    13    22     224    (-,-) 
  u_ctrl/g26585/Y                                                           -       A1->Y R     OA21x2_ASAP7_75t_R           1  2.3    16    26     250    (-,-) 
  u_ctrl/fopt45205/Y                                                        -       A->Y  F     INVx4_ASAP7_75t_R            6  5.9    14    12     262    (-,-) 
  u_array/fopt3435/Y                                                        -       A->Y  F     BUFx5_ASAP7_75t_R           25 14.8    27    35     297    (-,-) 
  u_array/g_row[14].g_col[1].u_pe/u_mac/u_mul/mul_59_28_g3042/Y             -       A->Y  R     NAND2xp5_ASAP7_75t_R         2  2.1    41    26     324    (-,-) 
  u_array/g_row[14].g_col[1].u_pe/u_mac/u_mul/mul_59_28_g2973/Y             -       B->Y  R     XNOR2x1_ASAP7_75t_R          1  1.5    27    29     353    (-,-) 
  u_array/g_row[14].g_col[1].u_pe/u_mac/u_mul/mul_59_28_g2939/Y             -       B->Y  R     XNOR2x1_ASAP7_75t_R          2  1.5    27    26     379    (-,-) 
  u_array/g_row[14].g_col[1].u_pe/u_mac/u_mul/mul_59_28_g3105/Y             -       B->Y  R     XNOR2xp5_ASAP7_75t_R         1  1.5    36    26     405    (-,-) 
  u_array/g_row[14].g_col[1].u_pe/u_mac/u_mul/mul_59_28_g3106/Y             -       B->Y  R     XOR2x1_ASAP7_75t_R           3  1.6    24    29     434    (-,-) 
  u_array/g_row[14].g_col[1].u_pe/u_mac/u_mul/mul_59_28_g2839/Y             -       A->Y  F     INVx1_ASAP7_75t_R            1  0.6    10    10     444    (-,-) 
  u_array/g_row[14].g_col[1].u_pe/u_mac/u_mul/mul_59_28_g2825/Y             -       A->Y  R     MAJIxp5_ASAP7_75t_R          2  1.2    31    20     464    (-,-) 
  u_array/g_row[14].g_col[1].u_pe/u_mac/u_mul/mul_59_28_g2785/Y             -       A->Y  F     NOR2xp67_ASAP7_75t_R         2  1.4    24    22     486    (-,-) 
  u_array/g_row[14].g_col[1].u_pe/u_mac/u_mul/mul_59_28_g4723/Y             -       B->Y  R     AOI21x1_ASAP7_75t_R          2  1.5    24    19     506    (-,-) 
  u_array/g_row[14].g_col[1].u_pe/u_mac/u_mul/mul_59_28_g4742/Y             -       B->Y  F     NAND2x1_ASAP7_75t_R          2  1.7    18    15     520    (-,-) 
  u_array/g_row[14].g_col[1].u_pe/u_mac/u_mul/mul_59_28_g4746/Y             -       A1->Y R     OAI31xp67_ASAP7_75t_R        2  1.2    34    20     541    (-,-) 
  u_array/g_row[14].g_col[1].u_pe/u_mac/u_mul/mul_59_28_g4748/Y             -       C->Y  R     AO211x2_ASAP7_75t_R          4  2.3    17    33     574    (-,-) 
  u_array/g_row[14].g_col[1].u_pe/u_mac/u_mul/fopt4725/Y                    -       A->Y  R     BUFx3_ASAP7_75t_R            3  2.2    11    21     594    (-,-) 
  u_array/g_row[14].g_col[1].u_pe/u_mac/u_mul/fopt4724/Y                    -       A->Y  F     INVx2_ASAP7_75t_R            3  1.4     8     8     602    (-,-) 
  u_array/g_row[14].g_col[1].u_pe/u_mac/u_mul/g4585/Y                       -       B->Y  R     NAND2xp5_ASAP7_75t_R         1  0.5    15     9     611    (-,-) 
  u_array/g_row[14].g_col[1].u_pe/u_mac/u_mul/g4542/Y                       -       A2->Y F     AOI21xp5_ASAP7_75t_R         1  0.9    23    13     624    (-,-) 
  u_array/g_row[14].g_col[1].u_pe/u_mac/u_mul/g4531/Y                       -       B->Y  F     XOR2xp5_ASAP7_75t_R          3  1.3    26    26     650    (-,-) 
  u_array/g_row[14].g_col[1].u_pe/u_mac/u_mul/g4505/Y                       -       D->Y  R     NOR4xp25_ASAP7_75t_R         1  0.5    38    28     678    (-,-) 
  u_array/g_row[14].g_col[1].u_pe/u_mac/u_mul/g4497/Y                       -       C->Y  F     NAND3xp33_ASAP7_75t_R        2  1.0    28    22     700    (-,-) 
  u_array/g_row[14].g_col[1].u_pe/u_mac/u_mul/g4495/Y                       -       A->Y  R     INVxp67_ASAP7_75t_R          1  0.5    15    14     713    (-,-) 
  u_array/g_row[14].g_col[1].u_pe/u_mac/u_mul/g4490/Y                       -       A2->Y F     AOI21xp5_ASAP7_75t_R         1  1.0    19    14     727    (-,-) 
  u_array/g_row[14].g_col[1].u_pe/u_mac/u_mul/g4488/Y                       -       B->Y  F     AND2x4_ASAP7_75t_R           8  4.8    13    25     752    (-,-) 
  u_array/g_row[14].g_col[1].u_pe/u_mac/u_mul/g4479/Y                       -       B->Y  R     OAI21xp5_ASAP7_75t_R         1  0.4    17    10     762    (-,-) 
  u_array/g_row[14].g_col[1].u_pe/u_mac/u_add/fopt23616/Y                   -       A->Y  F     INVxp67_ASAP7_75t_R          2  0.9    14    12     774    (-,-) 
  u_array/g_row[14].g_col[1].u_pe/u_mac/u_add/g18099/Y                      -       B->Y  R     NAND2xp5_ASAP7_75t_R         2  0.8    24    13     787    (-,-) 
  u_array/g_row[14].g_col[1].u_pe/u_mac/u_add/g18031/Y                      -       A->Y  F     NAND3xp33_ASAP7_75t_R        1  0.5    20    16     802    (-,-) 
  u_array/g_row[14].g_col[1].u_pe/u_mac/u_add/g18018/Y                      -       A->Y  R     NOR3xp33_ASAP7_75t_R         2  0.9    35    23     825    (-,-) 
  u_array/g_row[14].g_col[1].u_pe/u_mac/u_add/g18014/Y                      -       A->Y  F     INVxp67_ASAP7_75t_R          1  0.5    14    13     838    (-,-) 
  u_array/g_row[14].g_col[1].u_pe/u_mac/u_add/g18001/Y                      -       C->Y  R     O2A1O1Ixp33_ASAP7_75t_R      1  0.5    26    17     855    (-,-) 
  u_array/g_row[14].g_col[1].u_pe/u_mac/u_add/g17989/Y                      -       B->Y  F     AOI21xp5_ASAP7_75t_R         2  1.0    19    16     872    (-,-) 
  u_array/g_row[14].g_col[1].u_pe/u_mac/u_add/g17980/Y                      -       C->Y  R     OAI211xp5_ASAP7_75t_R        1  0.6    28    17     888    (-,-) 
  u_array/g_row[14].g_col[1].u_pe/u_mac/u_add/fopt31/Y                      -       A->Y  R     BUFx3_ASAP7_75t_R           13  5.3    20    28     917    (-,-) 
  u_array/g_row[14].g_col[1].u_pe/u_mac/u_add/g17963/Y                      -       B->Y  F     NOR2xp33_ASAP7_75t_R         1  0.5    19    15     932    (-,-) 
  u_array/g_row[14].g_col[1].u_pe/u_mac/u_add/g17945/Y                      -       B->Y  R     AOI21xp5_ASAP7_75t_R         1  0.8    22    18     950    (-,-) 
  u_array/g_row[14].g_col[1].u_pe/u_mac/u_add/g24729/Y                      -       A->Y  F     XOR2x2_ASAP7_75t_R           9  4.3    21    36     986    (-,-) 
  u_array/g_row[14].g_col[1].u_pe/u_mac/u_add/srl_68_50_g4474/Y             -       B->Y  F     OR2x2_ASAP7_75t_R            2  1.5    12    28    1014    (-,-) 
  u_array/g_row[14].g_col[1].u_pe/u_mac/u_add/srl_68_50_g4438/Y             -       B->Y  R     NOR2x1_ASAP7_75t_R           4  1.8    21    15    1029    (-,-) 
  u_array/g_row[14].g_col[1].u_pe/u_mac/u_add/srl_68_50_g4344/Y             -       B2->Y F     AOI22xp33_ASAP7_75t_R        1  0.5    23    15    1044    (-,-) 
  u_array/g_row[14].g_col[1].u_pe/u_mac/u_add/srl_68_50_g4309/Y             -       B->Y  R     NAND3xp33_ASAP7_75t_R        1  0.5    16    16    1060    (-,-) 
  u_array/g_row[14].g_col[1].u_pe/u_mac/u_add/g16202/Y                      -       B->Y  R     AND2x2_ASAP7_75t_R           3  2.6    17    26    1085    (-,-) 
  u_array/g_row[14].g_col[1].u_pe/u_mac/u_add/sub_75_43_Y_add_76_43_g4219/Y -       B->Y  R     XNOR2x1_ASAP7_75t_R          2  1.2    28    24    1109    (-,-) 
  u_array/g_row[14].g_col[1].u_pe/u_mac/u_add/sub_75_43_Y_add_76_43_g4115/Y -       B->Y  F     NOR2xp67_ASAP7_75t_R         2  1.4    22    20    1128    (-,-) 
  u_array/g_row[14].g_col[1].u_pe/u_mac/u_add/sub_75_43_Y_add_76_43_g4051/Y -       B->Y  R     NOR2x1_ASAP7_75t_R           2  0.8    16    13    1142    (-,-) 
  u_array/g_row[14].g_col[1].u_pe/u_mac/u_add/sub_75_43_Y_add_76_43_g4006/Y -       B->Y  R     AND2x2_ASAP7_75t_R           3  1.4    12    23    1164    (-,-) 
  u_array/g_row[14].g_col[1].u_pe/u_mac/u_add/sub_75_43_Y_add_76_43_g3984/Y -       A->Y  F     NAND2xp5_ASAP7_75t_R         1  0.6    14    10    1174    (-,-) 
  u_array/g_row[14].g_col[1].u_pe/u_mac/u_add/g24761/Y                      -       A1->Y F     OA21x2_ASAP7_75t_R           2  2.2    14    28    1202    (-,-) 
  u_array/g_row[14].g_col[1].u_pe/u_mac/u_add/fopt23844/Y                   -       A->Y  R     INVx2_ASAP7_75t_R            4  2.0    12    11    1213    (-,-) 
  u_array/g_row[14].g_col[1].u_pe/u_mac/u_add/fopt23843/Y                   -       A->Y  R     BUFx3_ASAP7_75t_R            4  2.0    10    19    1232    (-,-) 
  u_array/g_row[14].g_col[1].u_pe/u_mac/u_add/sub_75_43_Y_add_76_43_g3920/Y -       A1->Y F     AOI21xp5_ASAP7_75t_R         1  0.9    18    13    1244    (-,-) 
  u_array/g_row[14].g_col[1].u_pe/u_mac/u_add/sub_75_43_Y_add_76_43_g3899/Y -       A->Y  R     XOR2x2_ASAP7_75t_R           2  1.7    14    37    1281    (-,-) 
  u_array/g_row[14].g_col[1].u_pe/u_mac/u_add/g23526/Y                      -       A->Y  R     OR2x2_ASAP7_75t_R            3  1.6    12    22    1304    (-,-) 
  u_array/g_row[14].g_col[1].u_pe/u_mac/u_add/g23039/Y                      -       B->Y  F     AOI21xp5_ASAP7_75t_R         1  0.6    16    10    1314    (-,-) 
  u_array/g_row[14].g_col[1].u_pe/u_mac/u_add/g24784/Y                      -       A2->Y F     OA21x2_ASAP7_75t_R           1  0.6     8    25    1338    (-,-) 
  u_array/g_row[14].g_col[1].u_pe/u_mac/u_add/g24783/Y                      -       A1->Y F     OA21x2_ASAP7_75t_R           2  2.0    13    26    1364    (-,-) 
  u_array/g_row[14].g_col[1].u_pe/u_mac/u_add/g23806/Y                      -       A2->Y R     OAI21x1_ASAP7_75t_R          3  1.2    20    14    1379    (-,-) 
  u_array/g_row[14].g_col[1].u_pe/u_mac/u_add/g23834/Y                      -       A2->Y F     AOI21xp5_ASAP7_75t_R         2  0.9    19    14    1393    (-,-) 
  u_array/g_row[14].g_col[1].u_pe/u_mac/u_add/g22782/Y                      -       A1->Y R     OAI21xp5_ASAP7_75t_R         2  1.3    30    21    1414    (-,-) 
  u_array/g_row[14].g_col[1].u_pe/u_mac/u_add/g22778/Y                      -       A2->Y F     AOI21x1_ASAP7_75t_R          2  1.0    19    13    1428    (-,-) 
  u_array/g_row[14].g_col[1].u_pe/u_mac/u_add/g22777/Y                      -       A->Y  F     HB1xp67_ASAP7_75t_R          1  1.0    15    25    1453    (-,-) 
  u_array/g_row[14].g_col[1].u_pe/u_mac/u_add/g23656/Y                      -       B->Y  F     XNOR2xp5_ASAP7_75t_R         1  0.5    17    22    1475    (-,-) 
  u_array/g_row[14].g_col[1].u_pe/u_mac/u_add/g23655/Y                      -       A2->Y R     AOI21xp5_ASAP7_75t_R         3  1.1    27    19    1494    (-,-) 
  u_array/g_row[14].g_col[1].u_pe/u_mac/u_add/g23699/Y                      -       A->Y  F     NAND2xp33_ASAP7_75t_R        1  0.5    18    14    1508    (-,-) 
  u_array/g_row[14].g_col[1].u_pe/u_mac/u_add/g22748/Y                      -       A->Y  R     NOR3xp33_ASAP7_75t_R         1  0.5    27    18    1525    (-,-) 
  u_array/g_row[14].g_col[1].u_pe/u_mac/u_add/g23828/Y                      -       A1->Y F     AOI31xp33_ASAP7_75t_R        1  0.5    20    16    1542    (-,-) 
  u_array/g_row[14].g_col[1].u_pe/u_mac/u_add/g23951/Y                      -       A->Y  F     AND2x2_ASAP7_75t_R           5  4.3    19    31    1573    (-,-) 
  u_array/g_row[14].g_col[1].u_pe/u_mac/u_add/g23832/Y                      -       B->Y  F     AND2x4_ASAP7_75t_R          23  9.9    21    30    1603    (-,-) 
  u_array/g_row[14].g_col[1].u_pe/u_mac/u_add/g22736/Y                      -       A->Y  R     INVxp67_ASAP7_75t_R          1  0.5    13    12    1616    (-,-) 
  u_array/g_row[14].g_col[1].u_pe/u_mac/u_add/g22676/Y                      -       B1->Y F     OAI221xp5_ASAP7_75t_R        1  0.5    26    14    1630    (-,-) 
  u_array/g_row[14].g_col[1].u_pe/g1032/Y                                   -       A1->Y R     AOI22xp5_ASAP7_75t_R         1  0.6    33    19    1649    (-,-) 
  u_array/g_row[14].g_col[1].u_pe/psum_out_reg[0]/D                         -       -     R     DFFASRHQNx1_ASAP7_75t_R      1    -     -     0    1649    (-,-) 
#----------------------------------------------------------------------------------------------------------------------------------------------------------------

