TMPDIR is being set to /tmp/genus_temp_23315_mo.ece.pdx.edu_iwyse_SnOPK7
Cadence Genus(TM) Synthesis Solution.
Copyright 2024 Cadence Design Systems, Inc. All rights reserved worldwide.
Cadence and the Cadence logo are registered trademarks and Genus is a trademark
of Cadence Design Systems, Inc. in the United States and other countries.

[10:33:55.427913] Configured Lic search path (23.02-s003): 5280@cadence-lic.cecs.pdx.edu

Version: 23.10-p004_1, built Thu Feb 01 13:43:46 PST 2024
Options: -no_gui -files genus.tcl 
Date:    Sat May 30 10:33:55 2026
Host:    mo.ece.pdx.edu (x86_64 w/Linux 3.10.0-1160.119.1.el7.x86_64) (1core*32cpus*32physical cpus*Intel Xeon Processor (Cascadelake) 16384KB) (125666820KB)
PID:     23315
OS:      CentOS Linux release 7.9.2009 (Core)

Checking out license: Genus_Synthesis
[10:33:55.167401] Periodic Lic check successful
[10:33:55.691728] Feature usage summary:
[10:33:55.691730] Genus_Synthesis



***********************************************************************************************************
***********************************************************************************************************



Finished executable startup (1 second elapsed).

Loading tool scripts...
Finished loading tool scripts (22 seconds elapsed).

WARNING: The genus.tcl file in the current directory /home/iwyse/common/Documents/ECE510/project/510Project/project/cadence/systolic_32x32 is no longer loaded at startup.
         You should change the name to genus_startup.tcl if you want it loaded at startup.
#@ Processing -files option
@genus:root: 1> source genus.tcl
#@ Begin verbose source ./genus.tcl
@file(genus.tcl) 45: set script_dir   [file dirname [file normalize [info script]]]
@file(genus.tcl) 46: set asap7_root   [file normalize $script_dir/../asap7/asap7sc7p5t_28]
@file(genus.tcl) 47: set asap7_lib_dir $asap7_root/LIB/NLDM
@file(genus.tcl) 48: set asap7_lef_dir $asap7_root/LEF
@file(genus.tcl) 50: set lib_tt_simple $asap7_lib_dir/asap7sc7p5t_SIMPLE_RVT_TT_nldm_211120.lib
@file(genus.tcl) 51: set lib_tt_invbuf $asap7_lib_dir/asap7sc7p5t_INVBUF_RVT_TT_nldm_220122.lib
@file(genus.tcl) 52: set lib_tt_seq    $asap7_lib_dir/asap7sc7p5t_SEQ_RVT_TT_nldm_220123.lib
@file(genus.tcl) 53: set lib_tt_ao     $asap7_lib_dir/asap7sc7p5t_AO_RVT_TT_nldm_211120.lib
@file(genus.tcl) 54: set lib_tt_oa     $asap7_lib_dir/asap7sc7p5t_OA_RVT_TT_nldm_211120.lib
@file(genus.tcl) 57: set_db init_lib_search_path     $asap7_lib_dir
  Setting attribute of root '/': 'init_lib_search_path' = /home/iwyse/common/Documents/ECE510/project/510Project/project/cadence/asap7/asap7sc7p5t_28/LIB/NLDM
@file(genus.tcl) 58: set_db init_hdl_search_path     ../../HDL_Systolic_32x32
  Setting attribute of root '/': 'init_hdl_search_path' = ../../HDL_Systolic_32x32
@file(genus.tcl) 61: set_db syn_generic_effort   medium
  Setting attribute of root '/': 'syn_generic_effort' = medium
@file(genus.tcl) 62: set_db syn_map_effort       medium
  Setting attribute of root '/': 'syn_map_effort' = medium
@file(genus.tcl) 63: set_db syn_opt_effort       medium
  Setting attribute of root '/': 'syn_opt_effort' = medium
@file(genus.tcl) 69: set_db auto_ungroup         none
  Setting attribute of root '/': 'auto_ungroup' = none
@file(genus.tcl) 72: read_libs [list $lib_tt_simple $lib_tt_invbuf $lib_tt_seq $lib_tt_ao $lib_tt_oa]
Info    : Created nominal operating condition. [LBR-412]
        : Operating condition '_nominal_' was created for the PVT values (1.000000, 0.700000, 25.000000) in library 'asap7sc7p5t_SIMPLE_RVT_TT_nldm_211120.lib'.
        : The nominal operating condition is represented, either by the nominal PVT values specified in the library source (via nom_process,nom_voltage and nom_temperature respectively), or by the default PVT values (1.0,1.0,1.0).
Info    : Created nominal operating condition. [LBR-412]
        : Operating condition '_nominal_' was created for the PVT values (1.000000, 0.700000, 25.000000) in library 'asap7sc7p5t_INVBUF_RVT_TT_nldm_220122.lib'.
Info    : Created nominal operating condition. [LBR-412]
        : Operating condition '_nominal_' was created for the PVT values (1.000000, 0.700000, 25.000000) in library 'asap7sc7p5t_SEQ_RVT_TT_nldm_220123.lib'.
Info    : Created nominal operating condition. [LBR-412]
        : Operating condition '_nominal_' was created for the PVT values (1.000000, 0.700000, 25.000000) in library 'asap7sc7p5t_AO_RVT_TT_nldm_211120.lib'.
Info    : Created nominal operating condition. [LBR-412]
        : Operating condition '_nominal_' was created for the PVT values (1.000000, 0.700000, 25.000000) in library 'asap7sc7p5t_OA_RVT_TT_nldm_211120.lib'.
@file(genus.tcl) 76: read_hdl -sv               ../../HDL_Systolic_32x32/bf16_mul.sv
@file(genus.tcl) 77: read_hdl -sv               ../../HDL_Systolic_32x32/bf16_fp32_add.sv
@file(genus.tcl) 78: read_hdl -sv               ../../HDL_Systolic_32x32/bf16_mac_unit.sv
@file(genus.tcl) 81: read_hdl -sv               ../../HDL_Systolic_32x32/pe.sv
@file(genus.tcl) 82: read_hdl -sv               ../../HDL_Systolic_32x32/systolic_32x32.sv
@file(genus.tcl) 85: read_hdl -sv               ../../HDL_Systolic_32x32/weight_sram.sv
@file(genus.tcl) 86: read_hdl -sv               ../../HDL_Systolic_32x32/act_stagger.sv
@file(genus.tcl) 87: read_hdl -sv               ../../HDL_Systolic_32x32/accum_sram.sv
@file(genus.tcl) 88: read_hdl -sv               ../../HDL_Systolic_32x32/bias_sram.sv
@file(genus.tcl) 91: read_hdl -sv               ../../HDL_Systolic_32x32/fp32_recip.sv
@file(genus.tcl) 92: read_hdl -sv               ../../HDL_Systolic_32x32/gelu_unit.sv
@file(genus.tcl) 95: read_hdl -sv               ../../HDL_Systolic_32x32/axi.sv
@file(genus.tcl) 96: read_hdl -sv               ../../HDL_Systolic_32x32/controller.sv
@file(genus.tcl) 97: read_hdl -sv               ../../HDL_Systolic_32x32/axi_readback.sv
@file(genus.tcl) 98: read_hdl -sv               ../../HDL_Systolic_32x32/top.sv
@file(genus.tcl) 101: elaborate sys_top
  Libraries have 167 usable logic and 23 usable sequential lib-cells.
Info    : Elaborating Design. [ELAB-1]
        : Elaborating top-level block 'sys_top' from file './../../HDL_Systolic_32x32/top.sv'.
Warning : Using default parameter value for module elaboration. [CDFG-818]
        : Elaborating block 'sys_top' with default parameters value.
Warning : Removing unused register. [CDFG-508]
        : Removing unused flip-flop register 'stage[0][1]' in module 'act_stagger_ROWS32_ACT_WIDTH16' in file './../../HDL_Systolic_32x32/act_stagger.sv' on line 37.
        : Genus removes the flip-flop or latch inferred for an unused signal or variable. To preserve the flip-flop or latch, set the hdl_preserve_unused_registers attribute to true or use a pragma in the RTL.
Warning : Removing unused register. [CDFG-508]
        : Removing unused flip-flop register 'stage[0][2]' in module 'act_stagger_ROWS32_ACT_WIDTH16' in file './../../HDL_Systolic_32x32/act_stagger.sv' on line 37.
Warning : Removing unused register. [CDFG-508]
        : Removing unused flip-flop register 'stage[0][3]' in module 'act_stagger_ROWS32_ACT_WIDTH16' in file './../../HDL_Systolic_32x32/act_stagger.sv' on line 37.
Warning : Removing unused register. [CDFG-508]
        : Removing unused flip-flop register 'stage[0][4]' in module 'act_stagger_ROWS32_ACT_WIDTH16' in file './../../HDL_Systolic_32x32/act_stagger.sv' on line 37.
Warning : Removing unused register. [CDFG-508]
        : Removing unused flip-flop register 'stage[0][5]' in module 'act_stagger_ROWS32_ACT_WIDTH16' in file './../../HDL_Systolic_32x32/act_stagger.sv' on line 37.
Warning : Removing unused register. [CDFG-508]
        : Removing unused flip-flop register 'stage[0][6]' in module 'act_stagger_ROWS32_ACT_WIDTH16' in file './../../HDL_Systolic_32x32/act_stagger.sv' on line 37.
Warning : Removing unused register. [CDFG-508]
        : Removing unused flip-flop register 'stage[0][7]' in module 'act_stagger_ROWS32_ACT_WIDTH16' in file './../../HDL_Systolic_32x32/act_stagger.sv' on line 37.
Warning : Removing unused register. [CDFG-508]
        : Removing unused flip-flop register 'stage[0][8]' in module 'act_stagger_ROWS32_ACT_WIDTH16' in file './../../HDL_Systolic_32x32/act_stagger.sv' on line 37.
Warning : Removing unused register. [CDFG-508]
        : Removing unused flip-flop register 'stage[0][9]' in module 'act_stagger_ROWS32_ACT_WIDTH16' in file './../../HDL_Systolic_32x32/act_stagger.sv' on line 37.
Warning : Removing unused register. [CDFG-508]
        : Removing unused flip-flop register 'stage[0][10]' in module 'act_stagger_ROWS32_ACT_WIDTH16' in file './../../HDL_Systolic_32x32/act_stagger.sv' on line 37.
Warning : Removing unused register. [CDFG-508]
        : Removing unused flip-flop register 'stage[0][11]' in module 'act_stagger_ROWS32_ACT_WIDTH16' in file './../../HDL_Systolic_32x32/act_stagger.sv' on line 37.
Warning : Removing unused register. [CDFG-508]
        : Removing unused flip-flop register 'stage[0][12]' in module 'act_stagger_ROWS32_ACT_WIDTH16' in file './../../HDL_Systolic_32x32/act_stagger.sv' on line 37.
Warning : Removing unused register. [CDFG-508]
        : Removing unused flip-flop register 'stage[0][13]' in module 'act_stagger_ROWS32_ACT_WIDTH16' in file './../../HDL_Systolic_32x32/act_stagger.sv' on line 37.
Warning : Removing unused register. [CDFG-508]
        : Removing unused flip-flop register 'stage[0][14]' in module 'act_stagger_ROWS32_ACT_WIDTH16' in file './../../HDL_Systolic_32x32/act_stagger.sv' on line 37.
Warning : Removing unused register. [CDFG-508]
        : Removing unused flip-flop register 'stage[0][15]' in module 'act_stagger_ROWS32_ACT_WIDTH16' in file './../../HDL_Systolic_32x32/act_stagger.sv' on line 37.
Warning : Removing unused register. [CDFG-508]
        : Removing unused flip-flop register 'stage[0][16]' in module 'act_stagger_ROWS32_ACT_WIDTH16' in file './../../HDL_Systolic_32x32/act_stagger.sv' on line 37.
Warning : Removing unused register. [CDFG-508]
        : Removing unused flip-flop register 'stage[0][17]' in module 'act_stagger_ROWS32_ACT_WIDTH16' in file './../../HDL_Systolic_32x32/act_stagger.sv' on line 37.
Warning : Removing unused register. [CDFG-508]
        : Removing unused flip-flop register 'stage[0][18]' in module 'act_stagger_ROWS32_ACT_WIDTH16' in file './../../HDL_Systolic_32x32/act_stagger.sv' on line 37.
Warning : Removing unused register. [CDFG-508]
        : Removing unused flip-flop register 'stage[0][19]' in module 'act_stagger_ROWS32_ACT_WIDTH16' in file './../../HDL_Systolic_32x32/act_stagger.sv' on line 37.
Warning : Removing unused register. [CDFG-508]
        : Removing unused flip-flop register 'stage[0][20]' in module 'act_stagger_ROWS32_ACT_WIDTH16' in file './../../HDL_Systolic_32x32/act_stagger.sv' on line 37.
Warning : Maximum message print count reached. [MESG-11]
        : Maximum print count of '20' reached for message 'CDFG-508'.
Warning : Unreachable statements for case item. [CDFG-472]
        : Case item 'default' in module 'controller_ROWS32_COLS32_WT_WIDTH16_PSUM_WIDTH32_M_MAX256_ADDR_WIDTH5_M_ADDR_W9' in file './../../HDL_Systolic_32x32/controller.sv' on line 164.
Warning : In legacy_ui mode, Genus creates a blackbox as description for a module is not found. Black boxes represent unresolved references in the design and are usually not expected. Another possible reason is, some libraries are not read and the tool could not get the content for some macros or lib_cells. [CDFG-428]
        : A blackbox was created for instance 'u_s1' in file './../../HDL_Systolic_32x32/gelu_unit.sv' on line 58.
        : Check the kind of module a black box is. If it is a lib_cell or a macro, check why the corresponding .lib was not read in. This could be either due to a missing or faulty file or due to an incomplete init_lib_search_path attribute value making restricting access to the missing file. If it is a module of your design, verify whether the path to this module is a part of the files you read or else check that the init_hdl_search_path attribute is not missing some paths.
Info    : Done Elaborating Design. [ELAB-3]
        : Done elaborating 'sys_top'.
Warning : Black-boxes are represented as unresolved references in the design. [TUI-273]
        : Cannot resolve reference to 'fp32_mul'.
        : Run check_design to get all unresolved instance. To resolve the reference, either load a technology library containing the cell by appending to the 'library' attribute, or read in the hdl file containing the module before performing elaboration. As the design is incomplete, synthesis results may not correspond to the entire design.
Checking for analog nets...
Check completed for analog nets.
Checking for source RTL...
Check completed for source RTL.
Running Unified Mux Engine Tricks...
Completed Unified Mux Engine Tricks

Stage: post_elab
-------------------------------------------------------
| Trick             | Accepts | Rejects | Runtime (s) | 
-------------------------------------------------------
| ume_constant_bmux |       0 |       0 |        0.06 | 
| ume_merge         |       0 |       0 |        0.01 | 
| ume_ssm           |       0 |       0 |        0.04 | 
| ume_cse           |       1 |       0 |        4.30 | 
| ume_shrink        |       0 |       0 |        0.05 | 
| ume_sweep         |       0 |       0 |        0.03 | 
| ume_constant_bmux |       0 |       0 |        0.06 | 
| ume_merge         |       0 |       0 |        0.01 | 
| ume_ssm           |       0 |       0 |        0.04 | 
| ume_cse           |       0 |       0 |        3.99 | 
| ume_shrink        |       0 |       0 |        0.05 | 
| ume_sweep         |       0 |       0 |        0.03 | 
-------------------------------------------------------
Starting optimize datapath shifters [v1.0] (stage: post_elab, startdef: sys_top, recur: true)
Completed optimize datapath shifters (accepts: 0, rejects: 0, runtime: 0.009s)
Starting clip mux common data inputs [v1.0] (stage: post_elab, startdef: sys_top, recur: true)
Completed clip mux common data inputs (accepts: 0, rejects: 0, runtime: 0.048s)
Starting clip the non-user hierarchies [v2.0] (stage: post_elab, startdef: sys_top, recur: true)
Completed clip the non-user hierarchies (accepts: 1, rejects: 0, runtime: 1.426s)
Starting basic netlist cleanup [v1.0] (stage: post_elab, startdef: sys_top, recur: true)
Completed basic netlist cleanup (accepts: 0, rejects: 0, runtime: 0.015s)

Stage: post_elab
--------------------------------------------------------------------
| Transform                      | Accepts | Rejects | Runtime (s) | 
--------------------------------------------------------------------
| hlo_optimize_datapath_shifters |       0 |       0 |        0.01 | 
| hlo_clip_mux_input             |       0 |       0 |        0.05 | 
| hlo_clip                       |       1 |       0 |        1.43 | 
| hlo_cleanup                    |       0 |       0 |        0.01 | 
--------------------------------------------------------------------
UM:   flow.cputime  flow.realtime  timing.setup.tns  timing.setup.wns  snapshot
UM:*                                                                   elaborate
@file(genus.tcl) 102: check_design -unresolved


 	 Check Design Report (c)
	 ------------------- 

  Unresolved References & Empty Modules
  ------------------------------------- 
design 'sys_top' has the following unresolved references
hinst:sys_top/u_rb/g_postproc[31].u_gelu/u_s20
hinst:sys_top/u_rb/g_postproc[31].u_gelu/u_s18_hx
hinst:sys_top/u_rb/g_postproc[31].u_gelu/u_s18_tr
hinst:sys_top/u_rb/g_postproc[31].u_gelu/u_s17
hinst:sys_top/u_rb/g_postproc[31].u_gelu/u_s15
hinst:sys_top/u_rb/g_postproc[31].u_gelu/u_s14
hinst:sys_top/u_rb/g_postproc[31].u_gelu/u_s12
hinst:sys_top/u_rb/g_postproc[31].u_gelu/u_s11
hinst:sys_top/u_rb/g_postproc[31].u_gelu/u_s8_26
hinst:sys_top/u_rb/g_postproc[31].u_gelu/u_s8_2
hinst:sys_top/u_rb/g_postproc[31].u_gelu/u_s7_666
hinst:sys_top/u_rb/g_postproc[31].u_gelu/u_s7_171
hinst:sys_top/u_rb/g_postproc[31].u_gelu/u_s7_a4
hinst:sys_top/u_rb/g_postproc[31].u_gelu/u_s6
hinst:sys_top/u_rb/g_postproc[31].u_gelu/u_s5
hinst:sys_top/u_rb/g_postproc[31].u_gelu/u_s3
hinst:sys_top/u_rb/g_postproc[31].u_gelu/u_s2
hinst:sys_top/u_rb/g_postproc[31].u_gelu/u_s1
hinst:sys_top/u_rb/g_postproc[30].u_gelu/u_s20
hinst:sys_top/u_rb/g_postproc[30].u_gelu/u_s18_hx
hinst:sys_top/u_rb/g_postproc[30].u_gelu/u_s18_tr
hinst:sys_top/u_rb/g_postproc[30].u_gelu/u_s17
hinst:sys_top/u_rb/g_postproc[30].u_gelu/u_s15
hinst:sys_top/u_rb/g_postproc[30].u_gelu/u_s14
hinst:sys_top/u_rb/g_postproc[30].u_gelu/u_s12
hinst:sys_top/u_rb/g_postproc[30].u_gelu/u_s11
hinst:sys_top/u_rb/g_postproc[30].u_gelu/u_s8_26
hinst:sys_top/u_rb/g_postproc[30].u_gelu/u_s8_2
hinst:sys_top/u_rb/g_postproc[30].u_gelu/u_s7_666
hinst:sys_top/u_rb/g_postproc[30].u_gelu/u_s7_171
hinst:sys_top/u_rb/g_postproc[30].u_gelu/u_s7_a4
hinst:sys_top/u_rb/g_postproc[30].u_gelu/u_s6
hinst:sys_top/u_rb/g_postproc[30].u_gelu/u_s5
hinst:sys_top/u_rb/g_postproc[30].u_gelu/u_s3
hinst:sys_top/u_rb/g_postproc[30].u_gelu/u_s2
hinst:sys_top/u_rb/g_postproc[30].u_gelu/u_s1
hinst:sys_top/u_rb/g_postproc[29].u_gelu/u_s20
hinst:sys_top/u_rb/g_postproc[29].u_gelu/u_s18_hx
hinst:sys_top/u_rb/g_postproc[29].u_gelu/u_s18_tr
hinst:sys_top/u_rb/g_postproc[29].u_gelu/u_s17
hinst:sys_top/u_rb/g_postproc[29].u_gelu/u_s15
hinst:sys_top/u_rb/g_postproc[29].u_gelu/u_s14
hinst:sys_top/u_rb/g_postproc[29].u_gelu/u_s12
hinst:sys_top/u_rb/g_postproc[29].u_gelu/u_s11
hinst:sys_top/u_rb/g_postproc[29].u_gelu/u_s8_26
hinst:sys_top/u_rb/g_postproc[29].u_gelu/u_s8_2
hinst:sys_top/u_rb/g_postproc[29].u_gelu/u_s7_666
hinst:sys_top/u_rb/g_postproc[29].u_gelu/u_s7_171
hinst:sys_top/u_rb/g_postproc[29].u_gelu/u_s7_a4
hinst:sys_top/u_rb/g_postproc[29].u_gelu/u_s6
hinst:sys_top/u_rb/g_postproc[29].u_gelu/u_s5
hinst:sys_top/u_rb/g_postproc[29].u_gelu/u_s3
hinst:sys_top/u_rb/g_postproc[29].u_gelu/u_s2
hinst:sys_top/u_rb/g_postproc[29].u_gelu/u_s1
hinst:sys_top/u_rb/g_postproc[28].u_gelu/u_s20
hinst:sys_top/u_rb/g_postproc[28].u_gelu/u_s18_hx
hinst:sys_top/u_rb/g_postproc[28].u_gelu/u_s18_tr
hinst:sys_top/u_rb/g_postproc[28].u_gelu/u_s17
hinst:sys_top/u_rb/g_postproc[28].u_gelu/u_s15
hinst:sys_top/u_rb/g_postproc[28].u_gelu/u_s14
hinst:sys_top/u_rb/g_postproc[28].u_gelu/u_s12
hinst:sys_top/u_rb/g_postproc[28].u_gelu/u_s11
hinst:sys_top/u_rb/g_postproc[28].u_gelu/u_s8_26
hinst:sys_top/u_rb/g_postproc[28].u_gelu/u_s8_2
hinst:sys_top/u_rb/g_postproc[28].u_gelu/u_s7_666
hinst:sys_top/u_rb/g_postproc[28].u_gelu/u_s7_171
hinst:sys_top/u_rb/g_postproc[28].u_gelu/u_s7_a4
hinst:sys_top/u_rb/g_postproc[28].u_gelu/u_s6
hinst:sys_top/u_rb/g_postproc[28].u_gelu/u_s5
hinst:sys_top/u_rb/g_postproc[28].u_gelu/u_s3
hinst:sys_top/u_rb/g_postproc[28].u_gelu/u_s2
hinst:sys_top/u_rb/g_postproc[28].u_gelu/u_s1
hinst:sys_top/u_rb/g_postproc[27].u_gelu/u_s20
hinst:sys_top/u_rb/g_postproc[27].u_gelu/u_s18_hx
hinst:sys_top/u_rb/g_postproc[27].u_gelu/u_s18_tr
hinst:sys_top/u_rb/g_postproc[27].u_gelu/u_s17
hinst:sys_top/u_rb/g_postproc[27].u_gelu/u_s15
hinst:sys_top/u_rb/g_postproc[27].u_gelu/u_s14
hinst:sys_top/u_rb/g_postproc[27].u_gelu/u_s12
hinst:sys_top/u_rb/g_postproc[27].u_gelu/u_s11
hinst:sys_top/u_rb/g_postproc[27].u_gelu/u_s8_26
hinst:sys_top/u_rb/g_postproc[27].u_gelu/u_s8_2
hinst:sys_top/u_rb/g_postproc[27].u_gelu/u_s7_666
hinst:sys_top/u_rb/g_postproc[27].u_gelu/u_s7_171
hinst:sys_top/u_rb/g_postproc[27].u_gelu/u_s7_a4
hinst:sys_top/u_rb/g_postproc[27].u_gelu/u_s6
hinst:sys_top/u_rb/g_postproc[27].u_gelu/u_s5
hinst:sys_top/u_rb/g_postproc[27].u_gelu/u_s3
hinst:sys_top/u_rb/g_postproc[27].u_gelu/u_s2
hinst:sys_top/u_rb/g_postproc[27].u_gelu/u_s1
hinst:sys_top/u_rb/g_postproc[26].u_gelu/u_s20
hinst:sys_top/u_rb/g_postproc[26].u_gelu/u_s18_hx
hinst:sys_top/u_rb/g_postproc[26].u_gelu/u_s18_tr
hinst:sys_top/u_rb/g_postproc[26].u_gelu/u_s17
hinst:sys_top/u_rb/g_postproc[26].u_gelu/u_s15
hinst:sys_top/u_rb/g_postproc[26].u_gelu/u_s14
hinst:sys_top/u_rb/g_postproc[26].u_gelu/u_s12
hinst:sys_top/u_rb/g_postproc[26].u_gelu/u_s11
hinst:sys_top/u_rb/g_postproc[26].u_gelu/u_s8_26
hinst:sys_top/u_rb/g_postproc[26].u_gelu/u_s8_2
hinst:sys_top/u_rb/g_postproc[26].u_gelu/u_s7_666
hinst:sys_top/u_rb/g_postproc[26].u_gelu/u_s7_171
hinst:sys_top/u_rb/g_postproc[26].u_gelu/u_s7_a4
hinst:sys_top/u_rb/g_postproc[26].u_gelu/u_s6
hinst:sys_top/u_rb/g_postproc[26].u_gelu/u_s5
hinst:sys_top/u_rb/g_postproc[26].u_gelu/u_s3
hinst:sys_top/u_rb/g_postproc[26].u_gelu/u_s2
hinst:sys_top/u_rb/g_postproc[26].u_gelu/u_s1
hinst:sys_top/u_rb/g_postproc[25].u_gelu/u_s20
hinst:sys_top/u_rb/g_postproc[25].u_gelu/u_s18_hx
hinst:sys_top/u_rb/g_postproc[25].u_gelu/u_s18_tr
hinst:sys_top/u_rb/g_postproc[25].u_gelu/u_s17
hinst:sys_top/u_rb/g_postproc[25].u_gelu/u_s15
hinst:sys_top/u_rb/g_postproc[25].u_gelu/u_s14
hinst:sys_top/u_rb/g_postproc[25].u_gelu/u_s12
hinst:sys_top/u_rb/g_postproc[25].u_gelu/u_s11
hinst:sys_top/u_rb/g_postproc[25].u_gelu/u_s8_26
hinst:sys_top/u_rb/g_postproc[25].u_gelu/u_s8_2
hinst:sys_top/u_rb/g_postproc[25].u_gelu/u_s7_666
hinst:sys_top/u_rb/g_postproc[25].u_gelu/u_s7_171
hinst:sys_top/u_rb/g_postproc[25].u_gelu/u_s7_a4
hinst:sys_top/u_rb/g_postproc[25].u_gelu/u_s6
hinst:sys_top/u_rb/g_postproc[25].u_gelu/u_s5
hinst:sys_top/u_rb/g_postproc[25].u_gelu/u_s3
hinst:sys_top/u_rb/g_postproc[25].u_gelu/u_s2
hinst:sys_top/u_rb/g_postproc[25].u_gelu/u_s1
hinst:sys_top/u_rb/g_postproc[24].u_gelu/u_s20
hinst:sys_top/u_rb/g_postproc[24].u_gelu/u_s18_hx
hinst:sys_top/u_rb/g_postproc[24].u_gelu/u_s18_tr
hinst:sys_top/u_rb/g_postproc[24].u_gelu/u_s17
hinst:sys_top/u_rb/g_postproc[24].u_gelu/u_s15
hinst:sys_top/u_rb/g_postproc[24].u_gelu/u_s14
hinst:sys_top/u_rb/g_postproc[24].u_gelu/u_s12
hinst:sys_top/u_rb/g_postproc[24].u_gelu/u_s11
hinst:sys_top/u_rb/g_postproc[24].u_gelu/u_s8_26
hinst:sys_top/u_rb/g_postproc[24].u_gelu/u_s8_2
hinst:sys_top/u_rb/g_postproc[24].u_gelu/u_s7_666
hinst:sys_top/u_rb/g_postproc[24].u_gelu/u_s7_171
hinst:sys_top/u_rb/g_postproc[24].u_gelu/u_s7_a4
hinst:sys_top/u_rb/g_postproc[24].u_gelu/u_s6
hinst:sys_top/u_rb/g_postproc[24].u_gelu/u_s5
hinst:sys_top/u_rb/g_postproc[24].u_gelu/u_s3
hinst:sys_top/u_rb/g_postproc[24].u_gelu/u_s2
hinst:sys_top/u_rb/g_postproc[24].u_gelu/u_s1
hinst:sys_top/u_rb/g_postproc[23].u_gelu/u_s20
hinst:sys_top/u_rb/g_postproc[23].u_gelu/u_s18_hx
hinst:sys_top/u_rb/g_postproc[23].u_gelu/u_s18_tr
hinst:sys_top/u_rb/g_postproc[23].u_gelu/u_s17
hinst:sys_top/u_rb/g_postproc[23].u_gelu/u_s15
hinst:sys_top/u_rb/g_postproc[23].u_gelu/u_s14
hinst:sys_top/u_rb/g_postproc[23].u_gelu/u_s12
hinst:sys_top/u_rb/g_postproc[23].u_gelu/u_s11
hinst:sys_top/u_rb/g_postproc[23].u_gelu/u_s8_26
hinst:sys_top/u_rb/g_postproc[23].u_gelu/u_s8_2
hinst:sys_top/u_rb/g_postproc[23].u_gelu/u_s7_666
hinst:sys_top/u_rb/g_postproc[23].u_gelu/u_s7_171
hinst:sys_top/u_rb/g_postproc[23].u_gelu/u_s7_a4
hinst:sys_top/u_rb/g_postproc[23].u_gelu/u_s6
hinst:sys_top/u_rb/g_postproc[23].u_gelu/u_s5
hinst:sys_top/u_rb/g_postproc[23].u_gelu/u_s3
hinst:sys_top/u_rb/g_postproc[23].u_gelu/u_s2
hinst:sys_top/u_rb/g_postproc[23].u_gelu/u_s1
hinst:sys_top/u_rb/g_postproc[22].u_gelu/u_s20
hinst:sys_top/u_rb/g_postproc[22].u_gelu/u_s18_hx
hinst:sys_top/u_rb/g_postproc[22].u_gelu/u_s18_tr
hinst:sys_top/u_rb/g_postproc[22].u_gelu/u_s17
hinst:sys_top/u_rb/g_postproc[22].u_gelu/u_s15
hinst:sys_top/u_rb/g_postproc[22].u_gelu/u_s14
hinst:sys_top/u_rb/g_postproc[22].u_gelu/u_s12
hinst:sys_top/u_rb/g_postproc[22].u_gelu/u_s11
hinst:sys_top/u_rb/g_postproc[22].u_gelu/u_s8_26
hinst:sys_top/u_rb/g_postproc[22].u_gelu/u_s8_2
hinst:sys_top/u_rb/g_postproc[22].u_gelu/u_s7_666
hinst:sys_top/u_rb/g_postproc[22].u_gelu/u_s7_171
hinst:sys_top/u_rb/g_postproc[22].u_gelu/u_s7_a4
hinst:sys_top/u_rb/g_postproc[22].u_gelu/u_s6
hinst:sys_top/u_rb/g_postproc[22].u_gelu/u_s5
hinst:sys_top/u_rb/g_postproc[22].u_gelu/u_s3
hinst:sys_top/u_rb/g_postproc[22].u_gelu/u_s2
hinst:sys_top/u_rb/g_postproc[22].u_gelu/u_s1
hinst:sys_top/u_rb/g_postproc[21].u_gelu/u_s20
hinst:sys_top/u_rb/g_postproc[21].u_gelu/u_s18_hx
hinst:sys_top/u_rb/g_postproc[21].u_gelu/u_s18_tr
hinst:sys_top/u_rb/g_postproc[21].u_gelu/u_s17
hinst:sys_top/u_rb/g_postproc[21].u_gelu/u_s15
hinst:sys_top/u_rb/g_postproc[21].u_gelu/u_s14
hinst:sys_top/u_rb/g_postproc[21].u_gelu/u_s12
hinst:sys_top/u_rb/g_postproc[21].u_gelu/u_s11
hinst:sys_top/u_rb/g_postproc[21].u_gelu/u_s8_26
hinst:sys_top/u_rb/g_postproc[21].u_gelu/u_s8_2
hinst:sys_top/u_rb/g_postproc[21].u_gelu/u_s7_666
hinst:sys_top/u_rb/g_postproc[21].u_gelu/u_s7_171
hinst:sys_top/u_rb/g_postproc[21].u_gelu/u_s7_a4
hinst:sys_top/u_rb/g_postproc[21].u_gelu/u_s6
hinst:sys_top/u_rb/g_postproc[21].u_gelu/u_s5
hinst:sys_top/u_rb/g_postproc[21].u_gelu/u_s3
hinst:sys_top/u_rb/g_postproc[21].u_gelu/u_s2
hinst:sys_top/u_rb/g_postproc[21].u_gelu/u_s1
hinst:sys_top/u_rb/g_postproc[20].u_gelu/u_s20
hinst:sys_top/u_rb/g_postproc[20].u_gelu/u_s18_hx
hinst:sys_top/u_rb/g_postproc[20].u_gelu/u_s18_tr
hinst:sys_top/u_rb/g_postproc[20].u_gelu/u_s17
hinst:sys_top/u_rb/g_postproc[20].u_gelu/u_s15
hinst:sys_top/u_rb/g_postproc[20].u_gelu/u_s14
hinst:sys_top/u_rb/g_postproc[20].u_gelu/u_s12
hinst:sys_top/u_rb/g_postproc[20].u_gelu/u_s11
hinst:sys_top/u_rb/g_postproc[20].u_gelu/u_s8_26
hinst:sys_top/u_rb/g_postproc[20].u_gelu/u_s8_2
hinst:sys_top/u_rb/g_postproc[20].u_gelu/u_s7_666
hinst:sys_top/u_rb/g_postproc[20].u_gelu/u_s7_171
hinst:sys_top/u_rb/g_postproc[20].u_gelu/u_s7_a4
hinst:sys_top/u_rb/g_postproc[20].u_gelu/u_s6
hinst:sys_top/u_rb/g_postproc[20].u_gelu/u_s5
hinst:sys_top/u_rb/g_postproc[20].u_gelu/u_s3
hinst:sys_top/u_rb/g_postproc[20].u_gelu/u_s2
hinst:sys_top/u_rb/g_postproc[20].u_gelu/u_s1
hinst:sys_top/u_rb/g_postproc[19].u_gelu/u_s20
hinst:sys_top/u_rb/g_postproc[19].u_gelu/u_s18_hx
hinst:sys_top/u_rb/g_postproc[19].u_gelu/u_s18_tr
hinst:sys_top/u_rb/g_postproc[19].u_gelu/u_s17
hinst:sys_top/u_rb/g_postproc[19].u_gelu/u_s15
hinst:sys_top/u_rb/g_postproc[19].u_gelu/u_s14
hinst:sys_top/u_rb/g_postproc[19].u_gelu/u_s12
hinst:sys_top/u_rb/g_postproc[19].u_gelu/u_s11
hinst:sys_top/u_rb/g_postproc[19].u_gelu/u_s8_26
hinst:sys_top/u_rb/g_postproc[19].u_gelu/u_s8_2
hinst:sys_top/u_rb/g_postproc[19].u_gelu/u_s7_666
hinst:sys_top/u_rb/g_postproc[19].u_gelu/u_s7_171
hinst:sys_top/u_rb/g_postproc[19].u_gelu/u_s7_a4
hinst:sys_top/u_rb/g_postproc[19].u_gelu/u_s6
hinst:sys_top/u_rb/g_postproc[19].u_gelu/u_s5
hinst:sys_top/u_rb/g_postproc[19].u_gelu/u_s3
hinst:sys_top/u_rb/g_postproc[19].u_gelu/u_s2
hinst:sys_top/u_rb/g_postproc[19].u_gelu/u_s1
hinst:sys_top/u_rb/g_postproc[18].u_gelu/u_s20
hinst:sys_top/u_rb/g_postproc[18].u_gelu/u_s18_hx
hinst:sys_top/u_rb/g_postproc[18].u_gelu/u_s18_tr
hinst:sys_top/u_rb/g_postproc[18].u_gelu/u_s17
hinst:sys_top/u_rb/g_postproc[18].u_gelu/u_s15
hinst:sys_top/u_rb/g_postproc[18].u_gelu/u_s14
hinst:sys_top/u_rb/g_postproc[18].u_gelu/u_s12
hinst:sys_top/u_rb/g_postproc[18].u_gelu/u_s11
hinst:sys_top/u_rb/g_postproc[18].u_gelu/u_s8_26
hinst:sys_top/u_rb/g_postproc[18].u_gelu/u_s8_2
hinst:sys_top/u_rb/g_postproc[18].u_gelu/u_s7_666
hinst:sys_top/u_rb/g_postproc[18].u_gelu/u_s7_171
hinst:sys_top/u_rb/g_postproc[18].u_gelu/u_s7_a4
hinst:sys_top/u_rb/g_postproc[18].u_gelu/u_s6
hinst:sys_top/u_rb/g_postproc[18].u_gelu/u_s5
hinst:sys_top/u_rb/g_postproc[18].u_gelu/u_s3
hinst:sys_top/u_rb/g_postproc[18].u_gelu/u_s2
hinst:sys_top/u_rb/g_postproc[18].u_gelu/u_s1
hinst:sys_top/u_rb/g_postproc[17].u_gelu/u_s20
hinst:sys_top/u_rb/g_postproc[17].u_gelu/u_s18_hx
hinst:sys_top/u_rb/g_postproc[17].u_gelu/u_s18_tr
hinst:sys_top/u_rb/g_postproc[17].u_gelu/u_s17
hinst:sys_top/u_rb/g_postproc[17].u_gelu/u_s15
hinst:sys_top/u_rb/g_postproc[17].u_gelu/u_s14
hinst:sys_top/u_rb/g_postproc[17].u_gelu/u_s12
hinst:sys_top/u_rb/g_postproc[17].u_gelu/u_s11
hinst:sys_top/u_rb/g_postproc[17].u_gelu/u_s8_26
hinst:sys_top/u_rb/g_postproc[17].u_gelu/u_s8_2
hinst:sys_top/u_rb/g_postproc[17].u_gelu/u_s7_666
hinst:sys_top/u_rb/g_postproc[17].u_gelu/u_s7_171
hinst:sys_top/u_rb/g_postproc[17].u_gelu/u_s7_a4
hinst:sys_top/u_rb/g_postproc[17].u_gelu/u_s6
hinst:sys_top/u_rb/g_postproc[17].u_gelu/u_s5
hinst:sys_top/u_rb/g_postproc[17].u_gelu/u_s3
hinst:sys_top/u_rb/g_postproc[17].u_gelu/u_s2
hinst:sys_top/u_rb/g_postproc[17].u_gelu/u_s1
hinst:sys_top/u_rb/g_postproc[16].u_gelu/u_s20
hinst:sys_top/u_rb/g_postproc[16].u_gelu/u_s18_hx
hinst:sys_top/u_rb/g_postproc[16].u_gelu/u_s18_tr
hinst:sys_top/u_rb/g_postproc[16].u_gelu/u_s17
hinst:sys_top/u_rb/g_postproc[16].u_gelu/u_s15
hinst:sys_top/u_rb/g_postproc[16].u_gelu/u_s14
hinst:sys_top/u_rb/g_postproc[16].u_gelu/u_s12
hinst:sys_top/u_rb/g_postproc[16].u_gelu/u_s11
hinst:sys_top/u_rb/g_postproc[16].u_gelu/u_s8_26
hinst:sys_top/u_rb/g_postproc[16].u_gelu/u_s8_2
hinst:sys_top/u_rb/g_postproc[16].u_gelu/u_s7_666
hinst:sys_top/u_rb/g_postproc[16].u_gelu/u_s7_171
hinst:sys_top/u_rb/g_postproc[16].u_gelu/u_s7_a4
hinst:sys_top/u_rb/g_postproc[16].u_gelu/u_s6
hinst:sys_top/u_rb/g_postproc[16].u_gelu/u_s5
hinst:sys_top/u_rb/g_postproc[16].u_gelu/u_s3
hinst:sys_top/u_rb/g_postproc[16].u_gelu/u_s2
hinst:sys_top/u_rb/g_postproc[16].u_gelu/u_s1
hinst:sys_top/u_rb/g_postproc[15].u_gelu/u_s20
hinst:sys_top/u_rb/g_postproc[15].u_gelu/u_s18_hx
hinst:sys_top/u_rb/g_postproc[15].u_gelu/u_s18_tr
hinst:sys_top/u_rb/g_postproc[15].u_gelu/u_s17
hinst:sys_top/u_rb/g_postproc[15].u_gelu/u_s15
hinst:sys_top/u_rb/g_postproc[15].u_gelu/u_s14
hinst:sys_top/u_rb/g_postproc[15].u_gelu/u_s12
hinst:sys_top/u_rb/g_postproc[15].u_gelu/u_s11
hinst:sys_top/u_rb/g_postproc[15].u_gelu/u_s8_26
hinst:sys_top/u_rb/g_postproc[15].u_gelu/u_s8_2
hinst:sys_top/u_rb/g_postproc[15].u_gelu/u_s7_666
hinst:sys_top/u_rb/g_postproc[15].u_gelu/u_s7_171
hinst:sys_top/u_rb/g_postproc[15].u_gelu/u_s7_a4
hinst:sys_top/u_rb/g_postproc[15].u_gelu/u_s6
hinst:sys_top/u_rb/g_postproc[15].u_gelu/u_s5
hinst:sys_top/u_rb/g_postproc[15].u_gelu/u_s3
hinst:sys_top/u_rb/g_postproc[15].u_gelu/u_s2
hinst:sys_top/u_rb/g_postproc[15].u_gelu/u_s1
hinst:sys_top/u_rb/g_postproc[14].u_gelu/u_s20
hinst:sys_top/u_rb/g_postproc[14].u_gelu/u_s18_hx
hinst:sys_top/u_rb/g_postproc[14].u_gelu/u_s18_tr
hinst:sys_top/u_rb/g_postproc[14].u_gelu/u_s17
hinst:sys_top/u_rb/g_postproc[14].u_gelu/u_s15
hinst:sys_top/u_rb/g_postproc[14].u_gelu/u_s14
hinst:sys_top/u_rb/g_postproc[14].u_gelu/u_s12
hinst:sys_top/u_rb/g_postproc[14].u_gelu/u_s11
hinst:sys_top/u_rb/g_postproc[14].u_gelu/u_s8_26
hinst:sys_top/u_rb/g_postproc[14].u_gelu/u_s8_2
hinst:sys_top/u_rb/g_postproc[14].u_gelu/u_s7_666
hinst:sys_top/u_rb/g_postproc[14].u_gelu/u_s7_171
hinst:sys_top/u_rb/g_postproc[14].u_gelu/u_s7_a4
hinst:sys_top/u_rb/g_postproc[14].u_gelu/u_s6
hinst:sys_top/u_rb/g_postproc[14].u_gelu/u_s5
hinst:sys_top/u_rb/g_postproc[14].u_gelu/u_s3
hinst:sys_top/u_rb/g_postproc[14].u_gelu/u_s2
hinst:sys_top/u_rb/g_postproc[14].u_gelu/u_s1
hinst:sys_top/u_rb/g_postproc[13].u_gelu/u_s20
hinst:sys_top/u_rb/g_postproc[13].u_gelu/u_s18_hx
hinst:sys_top/u_rb/g_postproc[13].u_gelu/u_s18_tr
hinst:sys_top/u_rb/g_postproc[13].u_gelu/u_s17
hinst:sys_top/u_rb/g_postproc[13].u_gelu/u_s15
hinst:sys_top/u_rb/g_postproc[13].u_gelu/u_s14
hinst:sys_top/u_rb/g_postproc[13].u_gelu/u_s12
hinst:sys_top/u_rb/g_postproc[13].u_gelu/u_s11
hinst:sys_top/u_rb/g_postproc[13].u_gelu/u_s8_26
hinst:sys_top/u_rb/g_postproc[13].u_gelu/u_s8_2
hinst:sys_top/u_rb/g_postproc[13].u_gelu/u_s7_666
hinst:sys_top/u_rb/g_postproc[13].u_gelu/u_s7_171
hinst:sys_top/u_rb/g_postproc[13].u_gelu/u_s7_a4
hinst:sys_top/u_rb/g_postproc[13].u_gelu/u_s6
hinst:sys_top/u_rb/g_postproc[13].u_gelu/u_s5
hinst:sys_top/u_rb/g_postproc[13].u_gelu/u_s3
hinst:sys_top/u_rb/g_postproc[13].u_gelu/u_s2
hinst:sys_top/u_rb/g_postproc[13].u_gelu/u_s1
hinst:sys_top/u_rb/g_postproc[12].u_gelu/u_s20
hinst:sys_top/u_rb/g_postproc[12].u_gelu/u_s18_hx
hinst:sys_top/u_rb/g_postproc[12].u_gelu/u_s18_tr
hinst:sys_top/u_rb/g_postproc[12].u_gelu/u_s17
hinst:sys_top/u_rb/g_postproc[12].u_gelu/u_s15
hinst:sys_top/u_rb/g_postproc[12].u_gelu/u_s14
hinst:sys_top/u_rb/g_postproc[12].u_gelu/u_s12
hinst:sys_top/u_rb/g_postproc[12].u_gelu/u_s11
hinst:sys_top/u_rb/g_postproc[12].u_gelu/u_s8_26
hinst:sys_top/u_rb/g_postproc[12].u_gelu/u_s8_2
hinst:sys_top/u_rb/g_postproc[12].u_gelu/u_s7_666
hinst:sys_top/u_rb/g_postproc[12].u_gelu/u_s7_171
hinst:sys_top/u_rb/g_postproc[12].u_gelu/u_s7_a4
hinst:sys_top/u_rb/g_postproc[12].u_gelu/u_s6
hinst:sys_top/u_rb/g_postproc[12].u_gelu/u_s5
hinst:sys_top/u_rb/g_postproc[12].u_gelu/u_s3
hinst:sys_top/u_rb/g_postproc[12].u_gelu/u_s2
hinst:sys_top/u_rb/g_postproc[12].u_gelu/u_s1
hinst:sys_top/u_rb/g_postproc[11].u_gelu/u_s20
hinst:sys_top/u_rb/g_postproc[11].u_gelu/u_s18_hx
hinst:sys_top/u_rb/g_postproc[11].u_gelu/u_s18_tr
hinst:sys_top/u_rb/g_postproc[11].u_gelu/u_s17
hinst:sys_top/u_rb/g_postproc[11].u_gelu/u_s15
hinst:sys_top/u_rb/g_postproc[11].u_gelu/u_s14
hinst:sys_top/u_rb/g_postproc[11].u_gelu/u_s12
hinst:sys_top/u_rb/g_postproc[11].u_gelu/u_s11
hinst:sys_top/u_rb/g_postproc[11].u_gelu/u_s8_26
hinst:sys_top/u_rb/g_postproc[11].u_gelu/u_s8_2
hinst:sys_top/u_rb/g_postproc[11].u_gelu/u_s7_666
hinst:sys_top/u_rb/g_postproc[11].u_gelu/u_s7_171
hinst:sys_top/u_rb/g_postproc[11].u_gelu/u_s7_a4
hinst:sys_top/u_rb/g_postproc[11].u_gelu/u_s6
hinst:sys_top/u_rb/g_postproc[11].u_gelu/u_s5
hinst:sys_top/u_rb/g_postproc[11].u_gelu/u_s3
hinst:sys_top/u_rb/g_postproc[11].u_gelu/u_s2
hinst:sys_top/u_rb/g_postproc[11].u_gelu/u_s1
hinst:sys_top/u_rb/g_postproc[10].u_gelu/u_s20
hinst:sys_top/u_rb/g_postproc[10].u_gelu/u_s18_hx
hinst:sys_top/u_rb/g_postproc[10].u_gelu/u_s18_tr
hinst:sys_top/u_rb/g_postproc[10].u_gelu/u_s17
hinst:sys_top/u_rb/g_postproc[10].u_gelu/u_s15
hinst:sys_top/u_rb/g_postproc[10].u_gelu/u_s14
hinst:sys_top/u_rb/g_postproc[10].u_gelu/u_s12
hinst:sys_top/u_rb/g_postproc[10].u_gelu/u_s11
hinst:sys_top/u_rb/g_postproc[10].u_gelu/u_s8_26
hinst:sys_top/u_rb/g_postproc[10].u_gelu/u_s8_2
hinst:sys_top/u_rb/g_postproc[10].u_gelu/u_s7_666
hinst:sys_top/u_rb/g_postproc[10].u_gelu/u_s7_171
hinst:sys_top/u_rb/g_postproc[10].u_gelu/u_s7_a4
hinst:sys_top/u_rb/g_postproc[10].u_gelu/u_s6
hinst:sys_top/u_rb/g_postproc[10].u_gelu/u_s5
hinst:sys_top/u_rb/g_postproc[10].u_gelu/u_s3
hinst:sys_top/u_rb/g_postproc[10].u_gelu/u_s2
hinst:sys_top/u_rb/g_postproc[10].u_gelu/u_s1
hinst:sys_top/u_rb/g_postproc[9].u_gelu/u_s20
hinst:sys_top/u_rb/g_postproc[9].u_gelu/u_s18_hx
hinst:sys_top/u_rb/g_postproc[9].u_gelu/u_s18_tr
hinst:sys_top/u_rb/g_postproc[9].u_gelu/u_s17
hinst:sys_top/u_rb/g_postproc[9].u_gelu/u_s15
hinst:sys_top/u_rb/g_postproc[9].u_gelu/u_s14
hinst:sys_top/u_rb/g_postproc[9].u_gelu/u_s12
hinst:sys_top/u_rb/g_postproc[9].u_gelu/u_s11
hinst:sys_top/u_rb/g_postproc[9].u_gelu/u_s8_26
hinst:sys_top/u_rb/g_postproc[9].u_gelu/u_s8_2
hinst:sys_top/u_rb/g_postproc[9].u_gelu/u_s7_666
hinst:sys_top/u_rb/g_postproc[9].u_gelu/u_s7_171
hinst:sys_top/u_rb/g_postproc[9].u_gelu/u_s7_a4
hinst:sys_top/u_rb/g_postproc[9].u_gelu/u_s6
hinst:sys_top/u_rb/g_postproc[9].u_gelu/u_s5
hinst:sys_top/u_rb/g_postproc[9].u_gelu/u_s3
hinst:sys_top/u_rb/g_postproc[9].u_gelu/u_s2
hinst:sys_top/u_rb/g_postproc[9].u_gelu/u_s1
hinst:sys_top/u_rb/g_postproc[8].u_gelu/u_s20
hinst:sys_top/u_rb/g_postproc[8].u_gelu/u_s18_hx
hinst:sys_top/u_rb/g_postproc[8].u_gelu/u_s18_tr
hinst:sys_top/u_rb/g_postproc[8].u_gelu/u_s17
hinst:sys_top/u_rb/g_postproc[8].u_gelu/u_s15
hinst:sys_top/u_rb/g_postproc[8].u_gelu/u_s14
hinst:sys_top/u_rb/g_postproc[8].u_gelu/u_s12
hinst:sys_top/u_rb/g_postproc[8].u_gelu/u_s11
hinst:sys_top/u_rb/g_postproc[8].u_gelu/u_s8_26
hinst:sys_top/u_rb/g_postproc[8].u_gelu/u_s8_2
hinst:sys_top/u_rb/g_postproc[8].u_gelu/u_s7_666
hinst:sys_top/u_rb/g_postproc[8].u_gelu/u_s7_171
hinst:sys_top/u_rb/g_postproc[8].u_gelu/u_s7_a4
hinst:sys_top/u_rb/g_postproc[8].u_gelu/u_s6
hinst:sys_top/u_rb/g_postproc[8].u_gelu/u_s5
hinst:sys_top/u_rb/g_postproc[8].u_gelu/u_s3
hinst:sys_top/u_rb/g_postproc[8].u_gelu/u_s2
hinst:sys_top/u_rb/g_postproc[8].u_gelu/u_s1
hinst:sys_top/u_rb/g_postproc[7].u_gelu/u_s20
hinst:sys_top/u_rb/g_postproc[7].u_gelu/u_s18_hx
hinst:sys_top/u_rb/g_postproc[7].u_gelu/u_s18_tr
hinst:sys_top/u_rb/g_postproc[7].u_gelu/u_s17
hinst:sys_top/u_rb/g_postproc[7].u_gelu/u_s15
hinst:sys_top/u_rb/g_postproc[7].u_gelu/u_s14
hinst:sys_top/u_rb/g_postproc[7].u_gelu/u_s12
hinst:sys_top/u_rb/g_postproc[7].u_gelu/u_s11
hinst:sys_top/u_rb/g_postproc[7].u_gelu/u_s8_26
hinst:sys_top/u_rb/g_postproc[7].u_gelu/u_s8_2
hinst:sys_top/u_rb/g_postproc[7].u_gelu/u_s7_666
hinst:sys_top/u_rb/g_postproc[7].u_gelu/u_s7_171
hinst:sys_top/u_rb/g_postproc[7].u_gelu/u_s7_a4
hinst:sys_top/u_rb/g_postproc[7].u_gelu/u_s6
hinst:sys_top/u_rb/g_postproc[7].u_gelu/u_s5
hinst:sys_top/u_rb/g_postproc[7].u_gelu/u_s3
hinst:sys_top/u_rb/g_postproc[7].u_gelu/u_s2
hinst:sys_top/u_rb/g_postproc[7].u_gelu/u_s1
hinst:sys_top/u_rb/g_postproc[6].u_gelu/u_s20
hinst:sys_top/u_rb/g_postproc[6].u_gelu/u_s18_hx
hinst:sys_top/u_rb/g_postproc[6].u_gelu/u_s18_tr
hinst:sys_top/u_rb/g_postproc[6].u_gelu/u_s17
hinst:sys_top/u_rb/g_postproc[6].u_gelu/u_s15
hinst:sys_top/u_rb/g_postproc[6].u_gelu/u_s14
hinst:sys_top/u_rb/g_postproc[6].u_gelu/u_s12
hinst:sys_top/u_rb/g_postproc[6].u_gelu/u_s11
hinst:sys_top/u_rb/g_postproc[6].u_gelu/u_s8_26
hinst:sys_top/u_rb/g_postproc[6].u_gelu/u_s8_2
hinst:sys_top/u_rb/g_postproc[6].u_gelu/u_s7_666
hinst:sys_top/u_rb/g_postproc[6].u_gelu/u_s7_171
hinst:sys_top/u_rb/g_postproc[6].u_gelu/u_s7_a4
hinst:sys_top/u_rb/g_postproc[6].u_gelu/u_s6
hinst:sys_top/u_rb/g_postproc[6].u_gelu/u_s5
hinst:sys_top/u_rb/g_postproc[6].u_gelu/u_s3
hinst:sys_top/u_rb/g_postproc[6].u_gelu/u_s2
hinst:sys_top/u_rb/g_postproc[6].u_gelu/u_s1
hinst:sys_top/u_rb/g_postproc[5].u_gelu/u_s20
hinst:sys_top/u_rb/g_postproc[5].u_gelu/u_s18_hx
hinst:sys_top/u_rb/g_postproc[5].u_gelu/u_s18_tr
hinst:sys_top/u_rb/g_postproc[5].u_gelu/u_s17
hinst:sys_top/u_rb/g_postproc[5].u_gelu/u_s15
hinst:sys_top/u_rb/g_postproc[5].u_gelu/u_s14
hinst:sys_top/u_rb/g_postproc[5].u_gelu/u_s12
hinst:sys_top/u_rb/g_postproc[5].u_gelu/u_s11
hinst:sys_top/u_rb/g_postproc[5].u_gelu/u_s8_26
hinst:sys_top/u_rb/g_postproc[5].u_gelu/u_s8_2
hinst:sys_top/u_rb/g_postproc[5].u_gelu/u_s7_666
hinst:sys_top/u_rb/g_postproc[5].u_gelu/u_s7_171
hinst:sys_top/u_rb/g_postproc[5].u_gelu/u_s7_a4
hinst:sys_top/u_rb/g_postproc[5].u_gelu/u_s6
hinst:sys_top/u_rb/g_postproc[5].u_gelu/u_s5
hinst:sys_top/u_rb/g_postproc[5].u_gelu/u_s3
hinst:sys_top/u_rb/g_postproc[5].u_gelu/u_s2
hinst:sys_top/u_rb/g_postproc[5].u_gelu/u_s1
hinst:sys_top/u_rb/g_postproc[4].u_gelu/u_s20
hinst:sys_top/u_rb/g_postproc[4].u_gelu/u_s18_hx
hinst:sys_top/u_rb/g_postproc[4].u_gelu/u_s18_tr
hinst:sys_top/u_rb/g_postproc[4].u_gelu/u_s17
hinst:sys_top/u_rb/g_postproc[4].u_gelu/u_s15
hinst:sys_top/u_rb/g_postproc[4].u_gelu/u_s14
hinst:sys_top/u_rb/g_postproc[4].u_gelu/u_s12
hinst:sys_top/u_rb/g_postproc[4].u_gelu/u_s11
hinst:sys_top/u_rb/g_postproc[4].u_gelu/u_s8_26
hinst:sys_top/u_rb/g_postproc[4].u_gelu/u_s8_2
hinst:sys_top/u_rb/g_postproc[4].u_gelu/u_s7_666
hinst:sys_top/u_rb/g_postproc[4].u_gelu/u_s7_171
hinst:sys_top/u_rb/g_postproc[4].u_gelu/u_s7_a4
hinst:sys_top/u_rb/g_postproc[4].u_gelu/u_s6
hinst:sys_top/u_rb/g_postproc[4].u_gelu/u_s5
hinst:sys_top/u_rb/g_postproc[4].u_gelu/u_s3
hinst:sys_top/u_rb/g_postproc[4].u_gelu/u_s2
hinst:sys_top/u_rb/g_postproc[4].u_gelu/u_s1
hinst:sys_top/u_rb/g_postproc[3].u_gelu/u_s20
hinst:sys_top/u_rb/g_postproc[3].u_gelu/u_s18_hx
hinst:sys_top/u_rb/g_postproc[3].u_gelu/u_s18_tr
hinst:sys_top/u_rb/g_postproc[3].u_gelu/u_s17
hinst:sys_top/u_rb/g_postproc[3].u_gelu/u_s15
hinst:sys_top/u_rb/g_postproc[3].u_gelu/u_s14
hinst:sys_top/u_rb/g_postproc[3].u_gelu/u_s12
hinst:sys_top/u_rb/g_postproc[3].u_gelu/u_s11
hinst:sys_top/u_rb/g_postproc[3].u_gelu/u_s8_26
hinst:sys_top/u_rb/g_postproc[3].u_gelu/u_s8_2
hinst:sys_top/u_rb/g_postproc[3].u_gelu/u_s7_666
hinst:sys_top/u_rb/g_postproc[3].u_gelu/u_s7_171
hinst:sys_top/u_rb/g_postproc[3].u_gelu/u_s7_a4
hinst:sys_top/u_rb/g_postproc[3].u_gelu/u_s6
hinst:sys_top/u_rb/g_postproc[3].u_gelu/u_s5
hinst:sys_top/u_rb/g_postproc[3].u_gelu/u_s3
hinst:sys_top/u_rb/g_postproc[3].u_gelu/u_s2
hinst:sys_top/u_rb/g_postproc[3].u_gelu/u_s1
hinst:sys_top/u_rb/g_postproc[2].u_gelu/u_s20
hinst:sys_top/u_rb/g_postproc[2].u_gelu/u_s18_hx
hinst:sys_top/u_rb/g_postproc[2].u_gelu/u_s18_tr
hinst:sys_top/u_rb/g_postproc[2].u_gelu/u_s17
hinst:sys_top/u_rb/g_postproc[2].u_gelu/u_s15
hinst:sys_top/u_rb/g_postproc[2].u_gelu/u_s14
hinst:sys_top/u_rb/g_postproc[2].u_gelu/u_s12
hinst:sys_top/u_rb/g_postproc[2].u_gelu/u_s11
hinst:sys_top/u_rb/g_postproc[2].u_gelu/u_s8_26
hinst:sys_top/u_rb/g_postproc[2].u_gelu/u_s8_2
hinst:sys_top/u_rb/g_postproc[2].u_gelu/u_s7_666
hinst:sys_top/u_rb/g_postproc[2].u_gelu/u_s7_171
hinst:sys_top/u_rb/g_postproc[2].u_gelu/u_s7_a4
hinst:sys_top/u_rb/g_postproc[2].u_gelu/u_s6
hinst:sys_top/u_rb/g_postproc[2].u_gelu/u_s5
hinst:sys_top/u_rb/g_postproc[2].u_gelu/u_s3
hinst:sys_top/u_rb/g_postproc[2].u_gelu/u_s2
hinst:sys_top/u_rb/g_postproc[2].u_gelu/u_s1
hinst:sys_top/u_rb/g_postproc[1].u_gelu/u_s20
hinst:sys_top/u_rb/g_postproc[1].u_gelu/u_s18_hx
hinst:sys_top/u_rb/g_postproc[1].u_gelu/u_s18_tr
hinst:sys_top/u_rb/g_postproc[1].u_gelu/u_s17
hinst:sys_top/u_rb/g_postproc[1].u_gelu/u_s15
hinst:sys_top/u_rb/g_postproc[1].u_gelu/u_s14
hinst:sys_top/u_rb/g_postproc[1].u_gelu/u_s12
hinst:sys_top/u_rb/g_postproc[1].u_gelu/u_s11
hinst:sys_top/u_rb/g_postproc[1].u_gelu/u_s8_26
hinst:sys_top/u_rb/g_postproc[1].u_gelu/u_s8_2
hinst:sys_top/u_rb/g_postproc[1].u_gelu/u_s7_666
hinst:sys_top/u_rb/g_postproc[1].u_gelu/u_s7_171
hinst:sys_top/u_rb/g_postproc[1].u_gelu/u_s7_a4
hinst:sys_top/u_rb/g_postproc[1].u_gelu/u_s6
hinst:sys_top/u_rb/g_postproc[1].u_gelu/u_s5
hinst:sys_top/u_rb/g_postproc[1].u_gelu/u_s3
hinst:sys_top/u_rb/g_postproc[1].u_gelu/u_s2
hinst:sys_top/u_rb/g_postproc[1].u_gelu/u_s1
hinst:sys_top/u_rb/g_postproc[0].u_gelu/u_s20
hinst:sys_top/u_rb/g_postproc[0].u_gelu/u_s18_hx
hinst:sys_top/u_rb/g_postproc[0].u_gelu/u_s18_tr
hinst:sys_top/u_rb/g_postproc[0].u_gelu/u_s17
hinst:sys_top/u_rb/g_postproc[0].u_gelu/u_s15
hinst:sys_top/u_rb/g_postproc[0].u_gelu/u_s14
hinst:sys_top/u_rb/g_postproc[0].u_gelu/u_s12
hinst:sys_top/u_rb/g_postproc[0].u_gelu/u_s11
hinst:sys_top/u_rb/g_postproc[0].u_gelu/u_s8_26
hinst:sys_top/u_rb/g_postproc[0].u_gelu/u_s8_2
hinst:sys_top/u_rb/g_postproc[0].u_gelu/u_s7_666
hinst:sys_top/u_rb/g_postproc[0].u_gelu/u_s7_171
hinst:sys_top/u_rb/g_postproc[0].u_gelu/u_s7_a4
hinst:sys_top/u_rb/g_postproc[0].u_gelu/u_s6
hinst:sys_top/u_rb/g_postproc[0].u_gelu/u_s5
hinst:sys_top/u_rb/g_postproc[0].u_gelu/u_s3
hinst:sys_top/u_rb/g_postproc[0].u_gelu/u_s2
hinst:sys_top/u_rb/g_postproc[0].u_gelu/u_s1
Total number of unresolved references in design 'sys_top' : 576

No empty modules in design 'sys_top'

  Done Checking the design.
@file(genus.tcl) 108: read_sdc constraints.sdc
Statistics for commands executed by read_sdc:
 "all_inputs"               - successful      2 , failed      0 (runtime  0.01)
 "all_outputs"              - successful      3 , failed      0 (runtime  0.01)
 "create_clock"             - successful      1 , failed      0 (runtime  0.01)
 "get_clocks"               - successful      3 , failed      0 (runtime  0.00)
 "get_ports"                - successful      4 , failed      0 (runtime  0.01)
 "remove_from_collection"   - successful      2 , failed      0 (runtime  0.00)
 "set_clock_transition"     - successful      1 , failed      0 (runtime  0.00)
 "set_clock_uncertainty"    - successful      2 , failed      0 (runtime  0.00)
 "set_driving_cell"         - successful      1 , failed      0 (runtime  0.01)
 "set_false_path"           - successful      1 , failed      0 (runtime  0.00)
 "set_input_delay"          - successful      2 , failed      0 (runtime  0.01)
 "set_load"                 - successful      1 , failed      0 (runtime  0.00)
 "set_output_delay"         - successful      2 , failed      0 (runtime  0.01)
read_sdc completed in 00:00:00 (hh:mm:ss)
@file(genus.tcl) 111: syn_generic

Stage: pre_early_cg
-----------------------------------------------
| Transform | Accepts | Rejects | Runtime (s) | 
-----------------------------------------------
-----------------------------------------------
Mapping ChipWare ICG instances in sys_top
Found 0 unmapped ChipWare ICG instances
Mapped 0 of 0 ChipWare ICG instances
##Generic Timing Info for library domain: _default_ typical gate delay: 20.9 ps std_slew: 4.2 ps std_load: 0.8 fF
Starting mux data reorder optimization [v1.0] (stage: pre_to_gen_setup, startdef: sys_top, recur: true)
Completed mux data reorder optimization (accepts: 0, rejects: 0, runtime: 0.016s)

Stage: pre_to_gen_setup
-----------------------------------------------------
| Transform       | Accepts | Rejects | Runtime (s) | 
-----------------------------------------------------
| hlo_mux_reorder |       0 |       0 |        0.02 | 
-----------------------------------------------------
Info    : Deleting instances not driving any primary outputs. [GLO-34]
        : Deleting 16384 sequential instances.
        : Optimizations such as constant propagation or redundancy removal could change the connections so a hierarchical instance does not drive any primary outputs anymore. To see the list of deleted hierarchical instances, set the 'information_level' attribute to 2 or above. If the message is truncated set the message attribute 'truncate' to false to see the complete list. To prevent this optimization, set the 'delete_unloaded_insts' root/subdesign attribute to 'false' or 'preserve' instance attribute to 'true'.
Running DP early constant propagation (netlist sys_top)...
Running DP early redundancy removal
Completed DP early redundancy removal on sys_top (runtime = 16.4s)
  DP early const prop: Remove temporary buffer gelu_unit/TMP_BUFFER_0
  DP early const prop: Remove temporary buffer gelu_unit/TMP_BUFFER_1
  DP early const prop: Remove temporary buffer gelu_unit/TMP_BUFFER_2
  DP early const prop: Remove temporary buffer gelu_unit/TMP_BUFFER_3
  DP early const prop: Remove temporary buffer gelu_unit/TMP_BUFFER_4
  DP early const prop: Remove temporary buffer gelu_unit/TMP_BUFFER_5
  DP early const prop: Remove temporary buffer gelu_unit/TMP_BUFFER_6
  DP early const prop: Remove temporary buffer gelu_unit/TMP_BUFFER_7
  DP early const prop: Remove temporary buffer gelu_unit/TMP_BUFFER_8
  DP early const prop: Remove temporary buffer gelu_unit/TMP_BUFFER_9
  DP early const prop: Remove temporary buffer gelu_unit/TMP_BUFFER_10
  DP early const prop: Remove temporary buffer gelu_unit/TMP_BUFFER_11
  DP early const prop: Remove temporary buffer gelu_unit/TMP_BUFFER_12
  DP early const prop: Remove temporary buffer gelu_unit/TMP_BUFFER_13
  DP early const prop: Remove temporary buffer gelu_unit/TMP_BUFFER_14
  DP early const prop: Remove temporary buffer gelu_unit/TMP_BUFFER_15
  DP early const prop: Remove temporary buffer gelu_unit/TMP_BUFFER_16
  DP early const prop: Remove temporary buffer gelu_unit/TMP_BUFFER_17
  DP early const prop: Remove temporary buffer gelu_unit/TMP_BUFFER_18
  DP early const prop: Remove temporary buffer gelu_unit/TMP_BUFFER_19
  DP early const prop: Remove temporary buffer gelu_unit/TMP_BUFFER_20
  DP early const prop: Remove temporary buffer gelu_unit/TMP_BUFFER_21
  DP early const prop: Remove temporary buffer gelu_unit/TMP_BUFFER_22
  DP early const prop: Remove temporary buffer gelu_unit/TMP_BUFFER_23
  DP early const prop: Remove temporary buffer gelu_unit/TMP_BUFFER_24
  DP early const prop: Remove temporary buffer gelu_unit/TMP_BUFFER_25
  DP early const prop: Remove temporary buffer gelu_unit/TMP_BUFFER_26
  DP early const prop: Remove temporary buffer gelu_unit/TMP_BUFFER_27
  DP early const prop: Remove temporary buffer gelu_unit/TMP_BUFFER_28
  DP early const prop: Remove temporary buffer gelu_unit/TMP_BUFFER_29
  DP early const prop: Remove temporary buffer gelu_unit/TMP_BUFFER_30
  DP early const prop: Remove temporary buffer gelu_unit/TMP_BUFFER_31
...done running DP early constant propagation (438 seconds CPU time, netlist sys_top).
Info    : Synthesizing. [SYNTH-1]
        : Synthesizing 'sys_top' to generic gates using 'medium' effort.
Running Synthesis Turbo Flow Version 3.
PBS_Generic-Start - Elapsed_Time 0, CPU_Time 0.0
stamp 'PBS_Generic-Start' being created for table 'pbs_debug'

  Total Time (Wall) |  Stage Time (Wall)  |   % (Wall)   |    Date - Time     |  Memory   | Stage
--------------------+---------------------+--------------+--------------------+-----------+----------------------
 00:11:06(00:11:15) |  00:00:00(00:00:00) |   0.0(  0.0) |   10:45:13 (May30) |   8.72 GB | PBS_Generic-Start
--------------------+---------------------+--------------+--------------------+-----------+----------------------
Number of threads: 8 * 1   (id: pbs_debug, time_info v1.57)
Info: (*N*) indicates data that was populated from previously saved time_info database
Info: CPU time includes time of parent + longest thread
Info    : Enabling Partition Based Synthesis. [PBS-1]
        : Starting distributed generic optimization.
Info    : Attempting to launch a super-threading server. [ST-120]
        : Attempting to Launch server 1 of 8.
        : The tool is entering super-threading mode and is launching a CPU server process.  This is enabled by the root attribute 'super_thread_servers' or 'auto_super_thread'.
Info    : Connection established with super-threading server. [ST-110]
        : The server 'localhost_1_0' is process '30435' on this host.
        : The tool is entering super-threading mode and has established a connection with a CPU server process.  This is enabled by the root attributes 'super_thread_servers' or 'auto_super_thread'.
     Generating lib_script file: /home/iwyse/common/Documents/ECE510/project/510Project/project/cadence/systolic_32x32/.pbs_mo.ece.pdx.edu_23315/lib_script
Start partitioning.  Summary: MEM {curr: 9.6G, peak: 12.8G, phys curr: 9.0G, phys peak: 12.0G}
Start partitioning design sys_top for generic optimization.
Total generic instances for partitioning: 4102960
	Generic partition 0: size 48242
	Generic partition 1: size 264994
	Generic partition 2: size 264994
	Generic partition 3: size 101952
	Generic partition 4: size 101952
	Generic partition 5: size 93456
	Generic partition 6: size 107616
	Generic partition 7: size 93456
	Generic partition 8: size 107616
	Generic partition 9: size 107616
	Generic partition 10: size 84960
	Generic partition 11: size 104784
	Generic partition 12: size 101952
	Generic partition 13: size 99120
	Generic partition 14: size 107616
	Generic partition 15: size 107616
	Generic partition 16: size 101952
	Generic partition 17: size 104784
	Generic partition 18: size 99120
	Generic partition 19: size 107616
	Generic partition 20: size 101952
	Generic partition 21: size 107616
	Generic partition 22: size 107616
	Generic partition 23: size 104784
	Generic partition 24: size 107616
	Generic partition 25: size 101952
	Generic partition 26: size 107616
	Generic partition 27: size 107616
	Generic partition 28: size 104784
	Generic partition 29: size 107616
	Generic partition 30: size 107616
	Generic partition 31: size 93298
	Generic partition 32: size 93298
	Generic partition 33: size 96980
	Generic partition 34: size 95139
	Generic partition 35: size 79425
	Generic partition 36: size 81266
	Generic partition 37: size 85356
Done partitioning.  Summary: RT {elapsed: 2s, ST: 3s}, MEM {curr: 9.6G, peak: 12.8G, phys curr: 9.1G, phys peak: 12.0G}
Start creating partition netlists.  Summary: MEM {curr: 9.6G, peak: 12.8G, phys curr: 9.1G, phys peak: 12.0G}
Done creating partition netlists.  Summary: RT {elapsed: 59s, ST: 56s}, MEM {curr: 13.9G, peak: 13.9G, phys curr: 12.4G, phys peak: 12.4G}
Start budgeting timing for partitions.  Summary: MEM {curr: 13.9G, peak: 13.9G, phys curr: 12.4G, phys peak: 12.4G}
Done budgeting timing for partitions.  Summary: RT {elapsed: 429s, ST: 489s}, MEM {curr: 23.7G, peak: 23.7G, phys curr: 23.3G, phys peak: 23.3G}
Start deriving partition netlists.  Summary: MEM {curr: 23.7G, peak: 23.7G, phys curr: 23.3G, phys peak: 23.3G}
The inst 'pbs_genopt_0' is selected as pbs candidate. The instance cnt is: '48242'.
The inst 'pbs_genopt_1' is selected as pbs candidate. The instance cnt is: '264994'.
The inst 'pbs_genopt_2' is selected as pbs candidate. The instance cnt is: '264994'.
The inst 'pbs_genopt_3' is selected as pbs candidate. The instance cnt is: '101952'.
The inst 'pbs_genopt_4' is selected as pbs candidate. The instance cnt is: '101952'.
The inst 'pbs_genopt_5' is selected as pbs candidate. The instance cnt is: '93456'.
The inst 'pbs_genopt_6' is selected as pbs candidate. The instance cnt is: '107616'.
The inst 'pbs_genopt_7' is selected as pbs candidate. The instance cnt is: '93456'.
The inst 'pbs_genopt_8' is selected as pbs candidate. The instance cnt is: '107616'.
The inst 'pbs_genopt_9' is selected as pbs candidate. The instance cnt is: '107616'.
The inst 'pbs_genopt_10' is selected as pbs candidate. The instance cnt is: '84960'.
The inst 'pbs_genopt_11' is selected as pbs candidate. The instance cnt is: '104784'.
The inst 'pbs_genopt_12' is selected as pbs candidate. The instance cnt is: '101952'.
The inst 'pbs_genopt_13' is selected as pbs candidate. The instance cnt is: '99120'.
The inst 'pbs_genopt_14' is selected as pbs candidate. The instance cnt is: '107616'.
The inst 'pbs_genopt_15' is selected as pbs candidate. The instance cnt is: '107616'.
The inst 'pbs_genopt_16' is selected as pbs candidate. The instance cnt is: '101952'.
The inst 'pbs_genopt_17' is selected as pbs candidate. The instance cnt is: '104784'.
The inst 'pbs_genopt_18' is selected as pbs candidate. The instance cnt is: '99120'.
The inst 'pbs_genopt_19' is selected as pbs candidate. The instance cnt is: '107616'.
The inst 'pbs_genopt_20' is selected as pbs candidate. The instance cnt is: '101952'.
The inst 'pbs_genopt_21' is selected as pbs candidate. The instance cnt is: '107616'.
The inst 'pbs_genopt_22' is selected as pbs candidate. The instance cnt is: '107616'.
The inst 'pbs_genopt_23' is selected as pbs candidate. The instance cnt is: '104784'.
The inst 'pbs_genopt_24' is selected as pbs candidate. The instance cnt is: '107616'.
The inst 'pbs_genopt_25' is selected as pbs candidate. The instance cnt is: '101952'.
The inst 'pbs_genopt_26' is selected as pbs candidate. The instance cnt is: '107616'.
The inst 'pbs_genopt_27' is selected as pbs candidate. The instance cnt is: '107616'.
The inst 'pbs_genopt_28' is selected as pbs candidate. The instance cnt is: '104784'.
The inst 'pbs_genopt_29' is selected as pbs candidate. The instance cnt is: '107616'.
The inst 'pbs_genopt_30' is selected as pbs candidate. The instance cnt is: '107616'.
The inst 'pbs_genopt_31' is selected as pbs candidate. The instance cnt is: '93298'.
The inst 'pbs_genopt_32' is selected as pbs candidate. The instance cnt is: '93298'.
The inst 'pbs_genopt_33' is selected as pbs candidate. The instance cnt is: '96980'.
The inst 'pbs_genopt_34' is selected as pbs candidate. The instance cnt is: '95139'.
The inst 'pbs_genopt_35' is selected as pbs candidate. The instance cnt is: '79425'.
The inst 'pbs_genopt_36' is selected as pbs candidate. The instance cnt is: '81266'.
The inst 'pbs_genopt_37' is selected as pbs candidate. The instance cnt is: '85356'.
Done deriving partition netlists.  Summary: RT {elapsed: 59s, ST: 58s}, MEM {curr: 23.7G, peak: 23.8G, phys curr: 23.3G, phys peak: 23.3G}
Wait for super-thread servers to finish loading libraries.
Start super thread servers forking.  Summary: MEM {curr: 16.4G, peak: 23.8G, phys curr: 23.2G, phys peak: 23.3G}
                  Library loading done successfully on server 'localhost_1_0'.
Info    : Connection established with super-threading server. [ST-110]
        : The server 'localhost_1_1' is forked process '8372' on this host.
Info    : Connection established with super-threading server. [ST-110]
        : The server 'localhost_1_2' is forked process '8375' on this host.
Info    : Connection established with super-threading server. [ST-110]
        : The server 'localhost_1_3' is forked process '8377' on this host.
Info    : Connection established with super-threading server. [ST-110]
        : The server 'localhost_1_4' is forked process '8379' on this host.
Info    : Connection established with super-threading server. [ST-110]
        : The server 'localhost_1_5' is forked process '8381' on this host.
Info    : Connection established with super-threading server. [ST-110]
        : The server 'localhost_1_6' is forked process '8383' on this host.
Info    : Connection established with super-threading server. [ST-110]
        : The server 'localhost_1_7' is forked process '8385' on this host.
Done super thread servers forking.  Summary: RT {elapsed: 1s, ST: 0s}, MEM {curr: 16.4G, peak: 23.8G, phys curr: 23.2G, phys peak: 23.3G}
        Distributing super-thread jobs: {pbs_genopt_1 ./.pbs_mo.ece.pdx.edu_23315/pbs_genopt_1.etf} {pbs_genopt_2 ./.pbs_mo.ece.pdx.edu_23315/pbs_genopt_2.etf} {pbs_genopt_8 ./.pbs_mo.ece.pdx.edu_23315/pbs_genopt_8.etf} {pbs_genopt_9 ./.pbs_mo.ece.pdx.edu_23315/pbs_genopt_9.etf} {pbs_genopt_30 ./.pbs_mo.ece.pdx.edu_23315/pbs_genopt_30.etf} {pbs_genopt_14 ./.pbs_mo.ece.pdx.edu_23315/pbs_genopt_14.etf} {pbs_genopt_15 ./.pbs_mo.ece.pdx.edu_23315/pbs_genopt_15.etf} {pbs_genopt_6 ./.pbs_mo.ece.pdx.edu_23315/pbs_genopt_6.etf} {pbs_genopt_29 ./.pbs_mo.ece.pdx.edu_23315/pbs_genopt_29.etf} {pbs_genopt_19 ./.pbs_mo.ece.pdx.edu_23315/pbs_genopt_19.etf} {pbs_genopt_21 ./.pbs_mo.ece.pdx.edu_23315/pbs_genopt_21.etf} {pbs_genopt_22 ./.pbs_mo.ece.pdx.edu_23315/pbs_genopt_22.etf} {pbs_genopt_24 ./.pbs_mo.ece.pdx.edu_23315/pbs_genopt_24.etf} {pbs_genopt_26 ./.pbs_mo.ece.pdx.edu_23315/pbs_genopt_26.etf} {pbs_genopt_27 ./.pbs_mo.ece.pdx.edu_23315/pbs_genopt_27.etf} {pbs_genopt_11 ./.pbs_mo.ece.pdx.edu_23315/pbs_genopt_11.etf} {pbs_genopt_17 ./.pbs_mo.ece.pdx.edu_23315/pbs_genopt_17.etf} {pbs_genopt_23 ./.pbs_mo.ece.pdx.edu_23315/pbs_genopt_23.etf} {pbs_genopt_28 ./.pbs_mo.ece.pdx.edu_23315/pbs_genopt_28.etf} {pbs_genopt_4 ./.pbs_mo.ece.pdx.edu_23315/pbs_genopt_4.etf} {pbs_genopt_16 ./.pbs_mo.ece.pdx.edu_23315/pbs_genopt_16.etf} {pbs_genopt_25 ./.pbs_mo.ece.pdx.edu_23315/pbs_genopt_25.etf} {pbs_genopt_20 ./.pbs_mo.ece.pdx.edu_23315/pbs_genopt_20.etf} {pbs_genopt_3 ./.pbs_mo.ece.pdx.edu_23315/pbs_genopt_3.etf} {pbs_genopt_12 ./.pbs_mo.ece.pdx.edu_23315/pbs_genopt_12.etf} {pbs_genopt_13 ./.pbs_mo.ece.pdx.edu_23315/pbs_genopt_13.etf} {pbs_genopt_18 ./.pbs_mo.ece.pdx.edu_23315/pbs_genopt_18.etf} {pbs_genopt_33 ./.pbs_mo.ece.pdx.edu_23315/pbs_genopt_33.etf} {pbs_genopt_34 ./.pbs_mo.ece.pdx.edu_23315/pbs_genopt_34.etf} {pbs_genopt_7 ./.pbs_mo.ece.pdx.edu_23315/pbs_genopt_7.etf} {pbs_genopt_5 ./.pbs_mo.ece.pdx.edu_23315/pbs_genopt_5.etf} {pbs_genopt_32 ./.pbs_mo.ece.pdx.edu_23315/pbs_genopt_32.etf} {pbs_genopt_31 ./.pbs_mo.ece.pdx.edu_23315/pbs_genopt_31.etf} {pbs_genopt_37 ./.pbs_mo.ece.pdx.edu_23315/pbs_genopt_37.etf} {pbs_genopt_10 ./.pbs_mo.ece.pdx.edu_23315/pbs_genopt_10.etf} {pbs_genopt_36 ./.pbs_mo.ece.pdx.edu_23315/pbs_genopt_36.etf} {pbs_genopt_35 ./.pbs_mo.ece.pdx.edu_23315/pbs_genopt_35.etf} {pbs_genopt_0 ./.pbs_mo.ece.pdx.edu_23315/pbs_genopt_0.etf}
          Sending 'pbs_genopt_1 ./.pbs_mo.ece.pdx.edu_23315/pbs_genopt_1.etf' to server 'localhost_1_5'...
            Sent 'pbs_genopt_1 ./.pbs_mo.ece.pdx.edu_23315/pbs_genopt_1.etf' to server 'localhost_1_5'.
          Sending 'pbs_genopt_2 ./.pbs_mo.ece.pdx.edu_23315/pbs_genopt_2.etf' to server 'localhost_1_2'...
            Sent 'pbs_genopt_2 ./.pbs_mo.ece.pdx.edu_23315/pbs_genopt_2.etf' to server 'localhost_1_2'.
          Sending 'pbs_genopt_8 ./.pbs_mo.ece.pdx.edu_23315/pbs_genopt_8.etf' to server 'localhost_1_1'...
            Sent 'pbs_genopt_8 ./.pbs_mo.ece.pdx.edu_23315/pbs_genopt_8.etf' to server 'localhost_1_1'.
          Sending 'pbs_genopt_9 ./.pbs_mo.ece.pdx.edu_23315/pbs_genopt_9.etf' to server 'localhost_1_0'...
            Sent 'pbs_genopt_9 ./.pbs_mo.ece.pdx.edu_23315/pbs_genopt_9.etf' to server 'localhost_1_0'.
          Sending 'pbs_genopt_30 ./.pbs_mo.ece.pdx.edu_23315/pbs_genopt_30.etf' to server 'localhost_1_7'...
            Sent 'pbs_genopt_30 ./.pbs_mo.ece.pdx.edu_23315/pbs_genopt_30.etf' to server 'localhost_1_7'.
          Sending 'pbs_genopt_14 ./.pbs_mo.ece.pdx.edu_23315/pbs_genopt_14.etf' to server 'localhost_1_4'...
            Sent 'pbs_genopt_14 ./.pbs_mo.ece.pdx.edu_23315/pbs_genopt_14.etf' to server 'localhost_1_4'.
          Sending 'pbs_genopt_15 ./.pbs_mo.ece.pdx.edu_23315/pbs_genopt_15.etf' to server 'localhost_1_3'...
            Sent 'pbs_genopt_15 ./.pbs_mo.ece.pdx.edu_23315/pbs_genopt_15.etf' to server 'localhost_1_3'.
          Sending 'pbs_genopt_6 ./.pbs_mo.ece.pdx.edu_23315/pbs_genopt_6.etf' to server 'localhost_1_6'...
            Sent 'pbs_genopt_6 ./.pbs_mo.ece.pdx.edu_23315/pbs_genopt_6.etf' to server 'localhost_1_6'.
          Received 'pbs_genopt_2 ./.pbs_mo.ece.pdx.edu_23315/pbs_genopt_2.etf' from server 'localhost_1_2'. (742604 ms elapsed)
          Sending 'pbs_genopt_29 ./.pbs_mo.ece.pdx.edu_23315/pbs_genopt_29.etf' to server 'localhost_1_2'...
            Sent 'pbs_genopt_29 ./.pbs_mo.ece.pdx.edu_23315/pbs_genopt_29.etf' to server 'localhost_1_2'.
          Received 'pbs_genopt_1 ./.pbs_mo.ece.pdx.edu_23315/pbs_genopt_1.etf' from server 'localhost_1_5'. (774025 ms elapsed)
          Sending 'pbs_genopt_19 ./.pbs_mo.ece.pdx.edu_23315/pbs_genopt_19.etf' to server 'localhost_1_5'...
            Sent 'pbs_genopt_19 ./.pbs_mo.ece.pdx.edu_23315/pbs_genopt_19.etf' to server 'localhost_1_5'.
          Received 'pbs_genopt_8 ./.pbs_mo.ece.pdx.edu_23315/pbs_genopt_8.etf' from server 'localhost_1_1'. (1552621 ms elapsed)
          Sending 'pbs_genopt_21 ./.pbs_mo.ece.pdx.edu_23315/pbs_genopt_21.etf' to server 'localhost_1_1'...
            Sent 'pbs_genopt_21 ./.pbs_mo.ece.pdx.edu_23315/pbs_genopt_21.etf' to server 'localhost_1_1'.
          Received 'pbs_genopt_15 ./.pbs_mo.ece.pdx.edu_23315/pbs_genopt_15.etf' from server 'localhost_1_3'. (1557248 ms elapsed)
          Sending 'pbs_genopt_22 ./.pbs_mo.ece.pdx.edu_23315/pbs_genopt_22.etf' to server 'localhost_1_3'...
            Sent 'pbs_genopt_22 ./.pbs_mo.ece.pdx.edu_23315/pbs_genopt_22.etf' to server 'localhost_1_3'.
          Received 'pbs_genopt_6 ./.pbs_mo.ece.pdx.edu_23315/pbs_genopt_6.etf' from server 'localhost_1_6'. (1583402 ms elapsed)
       Partition:  pbs_genopt_6 - PBS_Generic_Opt-Distributed_Read_DB - Elapsed_Time 2.00, CPU_Time 3.00
       Partition:  pbs_genopt_6 - PBS_Generic_Opt-Distributed_Generic - Elapsed_Time 1566.00, CPU_Time 1564.00
       Partition:  pbs_genopt_6 - PBS_Generic_Opt-Distributed_Prop_Const - Elapsed_Time 3.00, CPU_Time 3.00
       Partition:  pbs_genopt_6 - PBS_Generic_Opt-Distributed_Gobble - Elapsed_Time 0.00, CPU_Time 0.00
       Partition:  pbs_genopt_6 - PBS_Generic_Opt-Distributed_Report - Elapsed_Time 0.00, CPU_Time 0.00
       Start - Partition: pbs_genopt_6 Slack: -377.4 TNS: 458918.4 Cell-Count: 107616 Cell-Area: 11550 
Init-Memory: 1605.31
       Done  - Partition: pbs_genopt_6 Slack: -148.8 TNS: 158357.4 Cell-Count: 112632 Cell-Area: 9975 
Peak-Memory: 2084.08 Elapsed: 1572
       Partition:  pbs_genopt_6 - PBS_Generic_Opt-Distributed_Write_DB - Elapsed_Time 11.00, CPU_Time 11.00
       pbs_genopt_6 - PBS_Generic_Opt-Assembly - Elapsed_Time 8, CPU_Time 8.0
       Partition:  pbs_genopt_6 - Runtime taken by the partition - Elapsed_Time 1582.00, CPU_Time 1581.00
       Partition:  pbs_genopt_15 - PBS_Generic_Opt-Distributed_Read_DB - Elapsed_Time 2.00, CPU_Time 2.00
       Partition:  pbs_genopt_15 - PBS_Generic_Opt-Distributed_Generic - Elapsed_Time 1538.00, CPU_Time 1538.00
       Partition:  pbs_genopt_15 - PBS_Generic_Opt-Distributed_Prop_Const - Elapsed_Time 3.00, CPU_Time 3.00
       Partition:  pbs_genopt_15 - PBS_Generic_Opt-Distributed_Gobble - Elapsed_Time 1.00, CPU_Time 0.00
       Partition:  pbs_genopt_15 - PBS_Generic_Opt-Distributed_Report - Elapsed_Time 0.00, CPU_Time 0.00
       Start - Partition: pbs_genopt_15 Slack: -377.4 TNS: 458918.4 Cell-Count: 107616 Cell-Area: 11550 
Init-Memory: 1605.31
       Done  - Partition: pbs_genopt_15 Slack: -148.8 TNS: 158357.4 Cell-Count: 112632 Cell-Area: 9975 
Peak-Memory: 2081.08 Elapsed: 1545
       Partition:  pbs_genopt_15 - PBS_Generic_Opt-Distributed_Write_DB - Elapsed_Time 12.00, CPU_Time 12.00
       pbs_genopt_15 - PBS_Generic_Opt-Assembly - Elapsed_Time 6, CPU_Time 7.0
       Partition:  pbs_genopt_15 - Runtime taken by the partition - Elapsed_Time 1556.00, CPU_Time 1555.00
          Sending 'pbs_genopt_24 ./.pbs_mo.ece.pdx.edu_23315/pbs_genopt_24.etf' to server 'localhost_1_6'...
            Sent 'pbs_genopt_24 ./.pbs_mo.ece.pdx.edu_23315/pbs_genopt_24.etf' to server 'localhost_1_6'.
          Received 'pbs_genopt_9 ./.pbs_mo.ece.pdx.edu_23315/pbs_genopt_9.etf' from server 'localhost_1_0'. (1597478 ms elapsed)
          Sending 'pbs_genopt_26 ./.pbs_mo.ece.pdx.edu_23315/pbs_genopt_26.etf' to server 'localhost_1_0'...
            Sent 'pbs_genopt_26 ./.pbs_mo.ece.pdx.edu_23315/pbs_genopt_26.etf' to server 'localhost_1_0'.
          Received 'pbs_genopt_14 ./.pbs_mo.ece.pdx.edu_23315/pbs_genopt_14.etf' from server 'localhost_1_4'. (1618961 ms elapsed)
       Partition:  pbs_genopt_14 - PBS_Generic_Opt-Distributed_Read_DB - Elapsed_Time 3.00, CPU_Time 3.00
       Partition:  pbs_genopt_14 - PBS_Generic_Opt-Distributed_Generic - Elapsed_Time 1600.00, CPU_Time 1599.00
       Partition:  pbs_genopt_14 - PBS_Generic_Opt-Distributed_Prop_Const - Elapsed_Time 3.00, CPU_Time 3.00
       Partition:  pbs_genopt_14 - PBS_Generic_Opt-Distributed_Gobble - Elapsed_Time 1.00, CPU_Time 0.00
       Partition:  pbs_genopt_14 - PBS_Generic_Opt-Distributed_Report - Elapsed_Time 0.00, CPU_Time 0.00
       Start - Partition: pbs_genopt_14 Slack: -377.4 TNS: 458822.4 Cell-Count: 107616 Cell-Area: 11550 
Init-Memory: 1605.31
       Done  - Partition: pbs_genopt_14 Slack: -148.8 TNS: 158261.4 Cell-Count: 112632 Cell-Area: 9975 
Peak-Memory: 2082.08 Elapsed: 1608
       Partition:  pbs_genopt_14 - PBS_Generic_Opt-Distributed_Write_DB - Elapsed_Time 10.00, CPU_Time 12.00
       pbs_genopt_14 - PBS_Generic_Opt-Assembly - Elapsed_Time 7, CPU_Time 6.0
       Partition:  pbs_genopt_14 - Runtime taken by the partition - Elapsed_Time 1618.00, CPU_Time 1617.00
          Sending 'pbs_genopt_27 ./.pbs_mo.ece.pdx.edu_23315/pbs_genopt_27.etf' to server 'localhost_1_4'...
            Sent 'pbs_genopt_27 ./.pbs_mo.ece.pdx.edu_23315/pbs_genopt_27.etf' to server 'localhost_1_4'.
          Received 'pbs_genopt_30 ./.pbs_mo.ece.pdx.edu_23315/pbs_genopt_30.etf' from server 'localhost_1_7'. (1640176 ms elapsed)
       Partition:  pbs_genopt_30 - PBS_Generic_Opt-Distributed_Read_DB - Elapsed_Time 2.00, CPU_Time 3.00
       Partition:  pbs_genopt_30 - PBS_Generic_Opt-Distributed_Generic - Elapsed_Time 1621.00, CPU_Time 1619.00
       Partition:  pbs_genopt_30 - PBS_Generic_Opt-Distributed_Prop_Const - Elapsed_Time 3.00, CPU_Time 3.00
       Partition:  pbs_genopt_30 - PBS_Generic_Opt-Distributed_Gobble - Elapsed_Time 1.00, CPU_Time 0.00
       Partition:  pbs_genopt_30 - PBS_Generic_Opt-Distributed_Report - Elapsed_Time 0.00, CPU_Time 0.00
       Start - Partition: pbs_genopt_30 Slack: -377.4 TNS: 458822.4 Cell-Count: 107616 Cell-Area: 11550 
Init-Memory: 1605.31
       Done  - Partition: pbs_genopt_30 Slack: -148.8 TNS: 158261.4 Cell-Count: 112632 Cell-Area: 9975 
Peak-Memory: 2080.08 Elapsed: 1628
       Partition:  pbs_genopt_30 - PBS_Generic_Opt-Distributed_Write_DB - Elapsed_Time 11.00, CPU_Time 13.00
       pbs_genopt_30 - PBS_Generic_Opt-Assembly - Elapsed_Time 6, CPU_Time 7.0
       Partition:  pbs_genopt_30 - Runtime taken by the partition - Elapsed_Time 1638.00, CPU_Time 1638.00
       Partition:  pbs_genopt_9 - PBS_Generic_Opt-Distributed_Read_DB - Elapsed_Time 3.00, CPU_Time 2.00
       Partition:  pbs_genopt_9 - PBS_Generic_Opt-Distributed_Generic - Elapsed_Time 1576.00, CPU_Time 1579.00
       Partition:  pbs_genopt_9 - PBS_Generic_Opt-Distributed_Prop_Const - Elapsed_Time 3.00, CPU_Time 3.00
       Partition:  pbs_genopt_9 - PBS_Generic_Opt-Distributed_Gobble - Elapsed_Time 0.00, CPU_Time 0.00
       Partition:  pbs_genopt_9 - PBS_Generic_Opt-Distributed_Report - Elapsed_Time 0.00, CPU_Time 0.00
       Start - Partition: pbs_genopt_9 Slack: -377.4 TNS: 458918.4 Cell-Count: 107616 Cell-Area: 11550 
Init-Memory: 1605.31
       Done  - Partition: pbs_genopt_9 Slack: -148.8 TNS: 158357.4 Cell-Count: 112632 Cell-Area: 9975 
Peak-Memory: 2084.71 Elapsed: 1583
       Partition:  pbs_genopt_9 - PBS_Generic_Opt-Distributed_Write_DB - Elapsed_Time 12.00, CPU_Time 11.98
       pbs_genopt_9 - PBS_Generic_Opt-Assembly - Elapsed_Time 5, CPU_Time 5.0
       Partition:  pbs_genopt_9 - Runtime taken by the partition - Elapsed_Time 1594.00, CPU_Time 1595.98
       Partition:  pbs_genopt_8 - PBS_Generic_Opt-Distributed_Read_DB - Elapsed_Time 2.00, CPU_Time 3.00
       Partition:  pbs_genopt_8 - PBS_Generic_Opt-Distributed_Generic - Elapsed_Time 1535.00, CPU_Time 1533.00
       Partition:  pbs_genopt_8 - PBS_Generic_Opt-Distributed_Prop_Const - Elapsed_Time 3.00, CPU_Time 3.00
       Partition:  pbs_genopt_8 - PBS_Generic_Opt-Distributed_Gobble - Elapsed_Time 0.00, CPU_Time 0.00
       Partition:  pbs_genopt_8 - PBS_Generic_Opt-Distributed_Report - Elapsed_Time 0.00, CPU_Time 0.00
       Start - Partition: pbs_genopt_8 Slack: -377.4 TNS: 458918.4 Cell-Count: 107616 Cell-Area: 11550 
Init-Memory: 1605.31
       Done  - Partition: pbs_genopt_8 Slack: -148.8 TNS: 158357.4 Cell-Count: 112632 Cell-Area: 9975 
Peak-Memory: 2081.39 Elapsed: 1541
       Partition:  pbs_genopt_8 - PBS_Generic_Opt-Distributed_Write_DB - Elapsed_Time 11.00, CPU_Time 12.00
       pbs_genopt_8 - PBS_Generic_Opt-Assembly - Elapsed_Time 6, CPU_Time 6.0
       Partition:  pbs_genopt_8 - Runtime taken by the partition - Elapsed_Time 1551.00, CPU_Time 1551.00
       Partition:  pbs_genopt_2 - PBS_Generic_Opt-Distributed_Read_DB - Elapsed_Time 10.00, CPU_Time 10.00
       Partition:  pbs_genopt_2 - PBS_Generic_Opt-Distributed_Generic - Elapsed_Time 531.00, CPU_Time 529.00
       Partition:  pbs_genopt_2 - PBS_Generic_Opt-Distributed_Prop_Const - Elapsed_Time 34.00, CPU_Time 34.00
       Partition:  pbs_genopt_2 - PBS_Generic_Opt-Distributed_Gobble - Elapsed_Time 3.00, CPU_Time 3.00
       Partition:  pbs_genopt_2 - PBS_Generic_Opt-Distributed_Report - Elapsed_Time 0.00, CPU_Time 0.00
       Start - Partition: pbs_genopt_2 Slack: -8.8 TNS: 5126.4 Cell-Count: 264994 Cell-Area: 120071 
Init-Memory: 3609.92
       Done  - Partition: pbs_genopt_2 Slack: -20.1 TNS: 32656.0 Cell-Count: 993682 Cell-Area: 151764 
Peak-Memory: 5012.79 Elapsed: 579
       Partition:  pbs_genopt_2 - PBS_Generic_Opt-Distributed_Write_DB - Elapsed_Time 143.00, CPU_Time 148.00
       pbs_genopt_2 - PBS_Generic_Opt-Assembly - Elapsed_Time 70, CPU_Time 70.0
       Partition:  pbs_genopt_2 - Runtime taken by the partition - Elapsed_Time 721.00, CPU_Time 724.00
       Partition:  pbs_genopt_1 - PBS_Generic_Opt-Distributed_Read_DB - Elapsed_Time 10.00, CPU_Time 10.00
       Partition:  pbs_genopt_1 - PBS_Generic_Opt-Distributed_Generic - Elapsed_Time 557.00, CPU_Time 555.00
       Partition:  pbs_genopt_1 - PBS_Generic_Opt-Distributed_Prop_Const - Elapsed_Time 38.00, CPU_Time 38.00
       Partition:  pbs_genopt_1 - PBS_Generic_Opt-Distributed_Gobble - Elapsed_Time 2.00, CPU_Time 2.00
       Partition:  pbs_genopt_1 - PBS_Generic_Opt-Distributed_Report - Elapsed_Time 0.00, CPU_Time 0.00
       Start - Partition: pbs_genopt_1 Slack: -8.8 TNS: 5126.4 Cell-Count: 264994 Cell-Area: 120071 
Init-Memory: 3609.92
       Done  - Partition: pbs_genopt_1 Slack: -20.1 TNS: 32656.0 Cell-Count: 993682 Cell-Area: 151764 
Peak-Memory: 5014.29 Elapsed: 608
       Partition:  pbs_genopt_1 - PBS_Generic_Opt-Distributed_Write_DB - Elapsed_Time 145.00, CPU_Time 148.00
       pbs_genopt_1 - PBS_Generic_Opt-Assembly - Elapsed_Time 66, CPU_Time 66.0
       Partition:  pbs_genopt_1 - Runtime taken by the partition - Elapsed_Time 752.00, CPU_Time 753.00
          Sending 'pbs_genopt_11 ./.pbs_mo.ece.pdx.edu_23315/pbs_genopt_11.etf' to server 'localhost_1_7'...
            Sent 'pbs_genopt_11 ./.pbs_mo.ece.pdx.edu_23315/pbs_genopt_11.etf' to server 'localhost_1_7'.
          Received 'pbs_genopt_19 ./.pbs_mo.ece.pdx.edu_23315/pbs_genopt_19.etf' from server 'localhost_1_5'. (1568008 ms elapsed)
          Sending 'pbs_genopt_17 ./.pbs_mo.ece.pdx.edu_23315/pbs_genopt_17.etf' to server 'localhost_1_5'...
            Sent 'pbs_genopt_17 ./.pbs_mo.ece.pdx.edu_23315/pbs_genopt_17.etf' to server 'localhost_1_5'.
          Received 'pbs_genopt_29 ./.pbs_mo.ece.pdx.edu_23315/pbs_genopt_29.etf' from server 'localhost_1_2'. (1607764 ms elapsed)
       Partition:  pbs_genopt_29 - PBS_Generic_Opt-Distributed_Read_DB - Elapsed_Time 2.00, CPU_Time 2.00
       Partition:  pbs_genopt_29 - PBS_Generic_Opt-Distributed_Generic - Elapsed_Time 1591.00, CPU_Time 1590.00
       Partition:  pbs_genopt_29 - PBS_Generic_Opt-Distributed_Prop_Const - Elapsed_Time 3.00, CPU_Time 3.00
       Partition:  pbs_genopt_29 - PBS_Generic_Opt-Distributed_Gobble - Elapsed_Time 0.00, CPU_Time 0.00
       Partition:  pbs_genopt_29 - PBS_Generic_Opt-Distributed_Report - Elapsed_Time 0.00, CPU_Time 0.00
       Start - Partition: pbs_genopt_29 Slack: -377.4 TNS: 458918.4 Cell-Count: 107616 Cell-Area: 11550 
Init-Memory: 2426.54
       Done  - Partition: pbs_genopt_29 Slack: -148.8 TNS: 158357.4 Cell-Count: 112632 Cell-Area: 9975 
Peak-Memory: 6027.55 Elapsed: 1596
       Partition:  pbs_genopt_29 - PBS_Generic_Opt-Distributed_Write_DB - Elapsed_Time 11.00, CPU_Time 12.00
       pbs_genopt_29 - PBS_Generic_Opt-Assembly - Elapsed_Time 6, CPU_Time 6.0
       Partition:  pbs_genopt_29 - Runtime taken by the partition - Elapsed_Time 1607.00, CPU_Time 1607.00
       Partition:  pbs_genopt_19 - PBS_Generic_Opt-Distributed_Read_DB - Elapsed_Time 3.00, CPU_Time 2.00
       Partition:  pbs_genopt_19 - PBS_Generic_Opt-Distributed_Generic - Elapsed_Time 1552.00, CPU_Time 1551.00
       Partition:  pbs_genopt_19 - PBS_Generic_Opt-Distributed_Prop_Const - Elapsed_Time 2.00, CPU_Time 2.00
       Partition:  pbs_genopt_19 - PBS_Generic_Opt-Distributed_Gobble - Elapsed_Time 0.00, CPU_Time 0.00
       Partition:  pbs_genopt_19 - PBS_Generic_Opt-Distributed_Report - Elapsed_Time 0.00, CPU_Time 0.00
       Start - Partition: pbs_genopt_19 Slack: -377.4 TNS: 458918.4 Cell-Count: 107616 Cell-Area: 11550 
Init-Memory: 2437.34
       Done  - Partition: pbs_genopt_19 Slack: -148.8 TNS: 158357.4 Cell-Count: 112632 Cell-Area: 9975 
Peak-Memory: 6014.35 Elapsed: 1557
       Partition:  pbs_genopt_19 - PBS_Generic_Opt-Distributed_Write_DB - Elapsed_Time 11.00, CPU_Time 11.00
       pbs_genopt_19 - PBS_Generic_Opt-Assembly - Elapsed_Time 5, CPU_Time 5.0
       Partition:  pbs_genopt_19 - Runtime taken by the partition - Elapsed_Time 1568.00, CPU_Time 1566.00
          Sending 'pbs_genopt_23 ./.pbs_mo.ece.pdx.edu_23315/pbs_genopt_23.etf' to server 'localhost_1_2'...
            Sent 'pbs_genopt_23 ./.pbs_mo.ece.pdx.edu_23315/pbs_genopt_23.etf' to server 'localhost_1_2'.
          Received 'pbs_genopt_21 ./.pbs_mo.ece.pdx.edu_23315/pbs_genopt_21.etf' from server 'localhost_1_1'. (1569560 ms elapsed)
       Partition:  pbs_genopt_21 - PBS_Generic_Opt-Distributed_Read_DB - Elapsed_Time 2.00, CPU_Time 3.00
       Partition:  pbs_genopt_21 - PBS_Generic_Opt-Distributed_Generic - Elapsed_Time 1552.00, CPU_Time 1550.00
       Partition:  pbs_genopt_21 - PBS_Generic_Opt-Distributed_Prop_Const - Elapsed_Time 3.00, CPU_Time 4.00
       Partition:  pbs_genopt_21 - PBS_Generic_Opt-Distributed_Gobble - Elapsed_Time 1.00, CPU_Time 0.00
       Partition:  pbs_genopt_21 - PBS_Generic_Opt-Distributed_Report - Elapsed_Time 0.00, CPU_Time 0.00
       Start - Partition: pbs_genopt_21 Slack: -377.4 TNS: 458822.4 Cell-Count: 107616 Cell-Area: 11550 
Init-Memory: 2082.39
       Done  - Partition: pbs_genopt_21 Slack: -148.8 TNS: 158261.4 Cell-Count: 112632 Cell-Area: 9975 
Peak-Memory: 2220.53 Elapsed: 1558
       Partition:  pbs_genopt_21 - PBS_Generic_Opt-Distributed_Write_DB - Elapsed_Time 11.00, CPU_Time 12.00
       pbs_genopt_21 - PBS_Generic_Opt-Assembly - Elapsed_Time 5, CPU_Time 5.0
       Partition:  pbs_genopt_21 - Runtime taken by the partition - Elapsed_Time 1569.00, CPU_Time 1569.00
          Sending 'pbs_genopt_28 ./.pbs_mo.ece.pdx.edu_23315/pbs_genopt_28.etf' to server 'localhost_1_1'...
            Sent 'pbs_genopt_28 ./.pbs_mo.ece.pdx.edu_23315/pbs_genopt_28.etf' to server 'localhost_1_1'.
          Received 'pbs_genopt_22 ./.pbs_mo.ece.pdx.edu_23315/pbs_genopt_22.etf' from server 'localhost_1_3'. (1624575 ms elapsed)
       Partition:  pbs_genopt_22 - PBS_Generic_Opt-Distributed_Read_DB - Elapsed_Time 2.00, CPU_Time 2.00
       Partition:  pbs_genopt_22 - PBS_Generic_Opt-Distributed_Generic - Elapsed_Time 1608.00, CPU_Time 1607.00
       Partition:  pbs_genopt_22 - PBS_Generic_Opt-Distributed_Prop_Const - Elapsed_Time 3.00, CPU_Time 3.00
       Partition:  pbs_genopt_22 - PBS_Generic_Opt-Distributed_Gobble - Elapsed_Time 0.00, CPU_Time 0.00
       Partition:  pbs_genopt_22 - PBS_Generic_Opt-Distributed_Report - Elapsed_Time 0.00, CPU_Time 0.00
       Start - Partition: pbs_genopt_22 Slack: -377.4 TNS: 458918.4 Cell-Count: 107616 Cell-Area: 11550 
Init-Memory: 2082.08
       Done  - Partition: pbs_genopt_22 Slack: -148.8 TNS: 158357.4 Cell-Count: 112632 Cell-Area: 9975 
Peak-Memory: 2220.21 Elapsed: 1613
       Partition:  pbs_genopt_22 - PBS_Generic_Opt-Distributed_Write_DB - Elapsed_Time 10.00, CPU_Time 11.00
       pbs_genopt_22 - PBS_Generic_Opt-Assembly - Elapsed_Time 7, CPU_Time 6.0
       Partition:  pbs_genopt_22 - Runtime taken by the partition - Elapsed_Time 1623.00, CPU_Time 1623.00
          Sending 'pbs_genopt_4 ./.pbs_mo.ece.pdx.edu_23315/pbs_genopt_4.etf' to server 'localhost_1_3'...
            Sent 'pbs_genopt_4 ./.pbs_mo.ece.pdx.edu_23315/pbs_genopt_4.etf' to server 'localhost_1_3'.
          Received 'pbs_genopt_27 ./.pbs_mo.ece.pdx.edu_23315/pbs_genopt_27.etf' from server 'localhost_1_4'. (1597142 ms elapsed)
          Sending 'pbs_genopt_16 ./.pbs_mo.ece.pdx.edu_23315/pbs_genopt_16.etf' to server 'localhost_1_4'...
            Sent 'pbs_genopt_16 ./.pbs_mo.ece.pdx.edu_23315/pbs_genopt_16.etf' to server 'localhost_1_4'.
          Received 'pbs_genopt_24 ./.pbs_mo.ece.pdx.edu_23315/pbs_genopt_24.etf' from server 'localhost_1_6'. (1628701 ms elapsed)
       Partition:  pbs_genopt_24 - PBS_Generic_Opt-Distributed_Read_DB - Elapsed_Time 3.00, CPU_Time 3.00
       Partition:  pbs_genopt_24 - PBS_Generic_Opt-Distributed_Generic - Elapsed_Time 1612.00, CPU_Time 1611.00
       Partition:  pbs_genopt_24 - PBS_Generic_Opt-Distributed_Prop_Const - Elapsed_Time 2.00, CPU_Time 2.00
       Partition:  pbs_genopt_24 - PBS_Generic_Opt-Distributed_Gobble - Elapsed_Time 1.00, CPU_Time 1.00
       Partition:  pbs_genopt_24 - PBS_Generic_Opt-Distributed_Report - Elapsed_Time 0.00, CPU_Time 0.00
       Start - Partition: pbs_genopt_24 Slack: -377.4 TNS: 458822.4 Cell-Count: 107616 Cell-Area: 11550 
Init-Memory: 2084.08
       Done  - Partition: pbs_genopt_24 Slack: -148.8 TNS: 158261.4 Cell-Count: 112632 Cell-Area: 9975 
Peak-Memory: 2223.53 Elapsed: 1618
       Partition:  pbs_genopt_24 - PBS_Generic_Opt-Distributed_Write_DB - Elapsed_Time 10.00, CPU_Time 10.00
       pbs_genopt_24 - PBS_Generic_Opt-Assembly - Elapsed_Time 6, CPU_Time 7.0
       Partition:  pbs_genopt_24 - Runtime taken by the partition - Elapsed_Time 1628.00, CPU_Time 1627.00
          Sending 'pbs_genopt_25 ./.pbs_mo.ece.pdx.edu_23315/pbs_genopt_25.etf' to server 'localhost_1_6'...
            Sent 'pbs_genopt_25 ./.pbs_mo.ece.pdx.edu_23315/pbs_genopt_25.etf' to server 'localhost_1_6'.
          Received 'pbs_genopt_26 ./.pbs_mo.ece.pdx.edu_23315/pbs_genopt_26.etf' from server 'localhost_1_0'. (1643676 ms elapsed)
       Partition:  pbs_genopt_26 - PBS_Generic_Opt-Distributed_Read_DB - Elapsed_Time 3.00, CPU_Time 3.00
       Partition:  pbs_genopt_26 - PBS_Generic_Opt-Distributed_Generic - Elapsed_Time 1626.00, CPU_Time 1628.00
       Partition:  pbs_genopt_26 - PBS_Generic_Opt-Distributed_Prop_Const - Elapsed_Time 3.00, CPU_Time 3.00
       Partition:  pbs_genopt_26 - PBS_Generic_Opt-Distributed_Gobble - Elapsed_Time 0.00, CPU_Time 1.00
       Partition:  pbs_genopt_26 - PBS_Generic_Opt-Distributed_Report - Elapsed_Time 0.00, CPU_Time 0.00
       Start - Partition: pbs_genopt_26 Slack: -377.4 TNS: 458918.4 Cell-Count: 107616 Cell-Area: 11550 
Init-Memory: 2086.71
       Done  - Partition: pbs_genopt_26 Slack: -148.8 TNS: 158357.4 Cell-Count: 112632 Cell-Area: 9975 
Peak-Memory: 2224.16 Elapsed: 1632
       Partition:  pbs_genopt_26 - PBS_Generic_Opt-Distributed_Write_DB - Elapsed_Time 11.00, CPU_Time 11.00
       pbs_genopt_26 - PBS_Generic_Opt-Assembly - Elapsed_Time 5, CPU_Time 5.0
       Partition:  pbs_genopt_26 - Runtime taken by the partition - Elapsed_Time 1643.00, CPU_Time 1646.00
       Partition:  pbs_genopt_27 - PBS_Generic_Opt-Distributed_Read_DB - Elapsed_Time 3.00, CPU_Time 3.00
       Partition:  pbs_genopt_27 - PBS_Generic_Opt-Distributed_Generic - Elapsed_Time 1581.00, CPU_Time 1579.00
       Partition:  pbs_genopt_27 - PBS_Generic_Opt-Distributed_Prop_Const - Elapsed_Time 2.00, CPU_Time 3.00
       Partition:  pbs_genopt_27 - PBS_Generic_Opt-Distributed_Gobble - Elapsed_Time 0.00, CPU_Time 0.00
       Partition:  pbs_genopt_27 - PBS_Generic_Opt-Distributed_Report - Elapsed_Time 0.00, CPU_Time 0.00
       Start - Partition: pbs_genopt_27 Slack: -377.4 TNS: 458886.4 Cell-Count: 107616 Cell-Area: 11550 
Init-Memory: 2082.08
       Done  - Partition: pbs_genopt_27 Slack: -148.8 TNS: 158325.4 Cell-Count: 112632 Cell-Area: 9975 
Peak-Memory: 2220.21 Elapsed: 1586
       Partition:  pbs_genopt_27 - PBS_Generic_Opt-Distributed_Write_DB - Elapsed_Time 10.00, CPU_Time 10.00
       pbs_genopt_27 - PBS_Generic_Opt-Assembly - Elapsed_Time 5, CPU_Time 5.0
       Partition:  pbs_genopt_27 - Runtime taken by the partition - Elapsed_Time 1596.00, CPU_Time 1595.00
          Sending 'pbs_genopt_20 ./.pbs_mo.ece.pdx.edu_23315/pbs_genopt_20.etf' to server 'localhost_1_0'...
            Sent 'pbs_genopt_20 ./.pbs_mo.ece.pdx.edu_23315/pbs_genopt_20.etf' to server 'localhost_1_0'.
          Received 'pbs_genopt_11 ./.pbs_mo.ece.pdx.edu_23315/pbs_genopt_11.etf' from server 'localhost_1_7'. (1556909 ms elapsed)
       Partition:  pbs_genopt_11 - PBS_Generic_Opt-Distributed_Read_DB - Elapsed_Time 2.00, CPU_Time 2.00
       Partition:  pbs_genopt_11 - PBS_Generic_Opt-Distributed_Generic - Elapsed_Time 1542.00, CPU_Time 1540.00
       Partition:  pbs_genopt_11 - PBS_Generic_Opt-Distributed_Prop_Const - Elapsed_Time 3.00, CPU_Time 3.00
       Partition:  pbs_genopt_11 - PBS_Generic_Opt-Distributed_Gobble - Elapsed_Time 0.00, CPU_Time 0.00
       Partition:  pbs_genopt_11 - PBS_Generic_Opt-Distributed_Report - Elapsed_Time 0.00, CPU_Time 0.00
       Start - Partition: pbs_genopt_11 Slack: -377.4 TNS: 446745.6 Cell-Count: 104784 Cell-Area: 11246 
Init-Memory: 2080.08
       Done  - Partition: pbs_genopt_11 Slack: -148.8 TNS: 154094.1 Cell-Count: 109668 Cell-Area: 9713 
Peak-Memory: 2204.21 Elapsed: 1547
       Partition:  pbs_genopt_11 - PBS_Generic_Opt-Distributed_Write_DB - Elapsed_Time 10.00, CPU_Time 10.00
       pbs_genopt_11 - PBS_Generic_Opt-Assembly - Elapsed_Time 6, CPU_Time 6.0
       Partition:  pbs_genopt_11 - Runtime taken by the partition - Elapsed_Time 1557.00, CPU_Time 1555.00
          Sending 'pbs_genopt_3 ./.pbs_mo.ece.pdx.edu_23315/pbs_genopt_3.etf' to server 'localhost_1_7'...
            Sent 'pbs_genopt_3 ./.pbs_mo.ece.pdx.edu_23315/pbs_genopt_3.etf' to server 'localhost_1_7'.
          Received 'pbs_genopt_17 ./.pbs_mo.ece.pdx.edu_23315/pbs_genopt_17.etf' from server 'localhost_1_5'. (1535903 ms elapsed)
       Partition:  pbs_genopt_17 - PBS_Generic_Opt-Distributed_Read_DB - Elapsed_Time 2.00, CPU_Time 2.00
       Partition:  pbs_genopt_17 - PBS_Generic_Opt-Distributed_Generic - Elapsed_Time 1521.00, CPU_Time 1519.00
       Partition:  pbs_genopt_17 - PBS_Generic_Opt-Distributed_Prop_Const - Elapsed_Time 3.00, CPU_Time 3.00
       Partition:  pbs_genopt_17 - PBS_Generic_Opt-Distributed_Gobble - Elapsed_Time 0.00, CPU_Time 1.00
       Partition:  pbs_genopt_17 - PBS_Generic_Opt-Distributed_Report - Elapsed_Time 0.00, CPU_Time 0.00
       Start - Partition: pbs_genopt_17 Slack: -377.4 TNS: 446841.6 Cell-Count: 104784 Cell-Area: 11246 
Init-Memory: 2450.99
       Done  - Partition: pbs_genopt_17 Slack: -148.8 TNS: 154190.1 Cell-Count: 109668 Cell-Area: 9713 
Peak-Memory: 6014.35 Elapsed: 1526
       Partition:  pbs_genopt_17 - PBS_Generic_Opt-Distributed_Write_DB - Elapsed_Time 9.00, CPU_Time 9.00
       pbs_genopt_17 - PBS_Generic_Opt-Assembly - Elapsed_Time 7, CPU_Time 7.0
       Partition:  pbs_genopt_17 - Runtime taken by the partition - Elapsed_Time 1535.00, CPU_Time 1534.00
          Sending 'pbs_genopt_12 ./.pbs_mo.ece.pdx.edu_23315/pbs_genopt_12.etf' to server 'localhost_1_5'...
            Sent 'pbs_genopt_12 ./.pbs_mo.ece.pdx.edu_23315/pbs_genopt_12.etf' to server 'localhost_1_5'.
          Received 'pbs_genopt_23 ./.pbs_mo.ece.pdx.edu_23315/pbs_genopt_23.etf' from server 'localhost_1_2'. (1541512 ms elapsed)
       Partition:  pbs_genopt_23 - PBS_Generic_Opt-Distributed_Read_DB - Elapsed_Time 2.00, CPU_Time 2.00
       Partition:  pbs_genopt_23 - PBS_Generic_Opt-Distributed_Generic - Elapsed_Time 1526.00, CPU_Time 1524.00
       Partition:  pbs_genopt_23 - PBS_Generic_Opt-Distributed_Prop_Const - Elapsed_Time 3.00, CPU_Time 3.00
       Partition:  pbs_genopt_23 - PBS_Generic_Opt-Distributed_Gobble - Elapsed_Time 0.00, CPU_Time 1.00
       Partition:  pbs_genopt_23 - PBS_Generic_Opt-Distributed_Report - Elapsed_Time 0.00, CPU_Time 0.00
       Start - Partition: pbs_genopt_23 Slack: -377.4 TNS: 446841.6 Cell-Count: 104784 Cell-Area: 11246 
Init-Memory: 2440.19
       Done  - Partition: pbs_genopt_23 Slack: -148.8 TNS: 154190.1 Cell-Count: 109668 Cell-Area: 9713 
Peak-Memory: 6027.55 Elapsed: 1531
       Partition:  pbs_genopt_23 - PBS_Generic_Opt-Distributed_Write_DB - Elapsed_Time 10.00, CPU_Time 10.00
       pbs_genopt_23 - PBS_Generic_Opt-Assembly - Elapsed_Time 6, CPU_Time 6.0
       Partition:  pbs_genopt_23 - Runtime taken by the partition - Elapsed_Time 1541.00, CPU_Time 1540.00
          Sending 'pbs_genopt_13 ./.pbs_mo.ece.pdx.edu_23315/pbs_genopt_13.etf' to server 'localhost_1_2'...
            Sent 'pbs_genopt_13 ./.pbs_mo.ece.pdx.edu_23315/pbs_genopt_13.etf' to server 'localhost_1_2'.
          Received 'pbs_genopt_28 ./.pbs_mo.ece.pdx.edu_23315/pbs_genopt_28.etf' from server 'localhost_1_1'. (1510889 ms elapsed)
       Partition:  pbs_genopt_28 - PBS_Generic_Opt-Distributed_Read_DB - Elapsed_Time 1.00, CPU_Time 2.00
       Partition:  pbs_genopt_28 - PBS_Generic_Opt-Distributed_Generic - Elapsed_Time 1497.00, CPU_Time 1495.00
       Partition:  pbs_genopt_28 - PBS_Generic_Opt-Distributed_Prop_Const - Elapsed_Time 2.00, CPU_Time 3.00
       Partition:  pbs_genopt_28 - PBS_Generic_Opt-Distributed_Gobble - Elapsed_Time 0.00, CPU_Time 0.00
       Partition:  pbs_genopt_28 - PBS_Generic_Opt-Distributed_Report - Elapsed_Time 0.00, CPU_Time 0.00
       Start - Partition: pbs_genopt_28 Slack: -377.4 TNS: 446841.6 Cell-Count: 104784 Cell-Area: 11246 
Init-Memory: 2220.53
       Done  - Partition: pbs_genopt_28 Slack: -148.8 TNS: 154190.1 Cell-Count: 109668 Cell-Area: 9713 
Peak-Memory: 2252.54 Elapsed: 1500
       Partition:  pbs_genopt_28 - PBS_Generic_Opt-Distributed_Write_DB - Elapsed_Time 10.00, CPU_Time 10.00
       pbs_genopt_28 - PBS_Generic_Opt-Assembly - Elapsed_Time 6, CPU_Time 7.0
       Partition:  pbs_genopt_28 - Runtime taken by the partition - Elapsed_Time 1510.00, CPU_Time 1510.00
          Sending 'pbs_genopt_18 ./.pbs_mo.ece.pdx.edu_23315/pbs_genopt_18.etf' to server 'localhost_1_1'...
            Sent 'pbs_genopt_18 ./.pbs_mo.ece.pdx.edu_23315/pbs_genopt_18.etf' to server 'localhost_1_1'.
          Received 'pbs_genopt_4 ./.pbs_mo.ece.pdx.edu_23315/pbs_genopt_4.etf' from server 'localhost_1_3'. (1459914 ms elapsed)
       Partition:  pbs_genopt_4 - PBS_Generic_Opt-Distributed_Read_DB - Elapsed_Time 1.00, CPU_Time 2.00
       Partition:  pbs_genopt_4 - PBS_Generic_Opt-Distributed_Generic - Elapsed_Time 1446.00, CPU_Time 1444.00
       Partition:  pbs_genopt_4 - PBS_Generic_Opt-Distributed_Prop_Const - Elapsed_Time 2.00, CPU_Time 3.00
       Partition:  pbs_genopt_4 - PBS_Generic_Opt-Distributed_Gobble - Elapsed_Time 1.00, CPU_Time 0.00
       Partition:  pbs_genopt_4 - PBS_Generic_Opt-Distributed_Report - Elapsed_Time 0.00, CPU_Time 0.00
       Start - Partition: pbs_genopt_4 Slack: -377.4 TNS: 434700.8 Cell-Count: 101952 Cell-Area: 10942 
Init-Memory: 2220.21
       Done  - Partition: pbs_genopt_4 Slack: -148.8 TNS: 149958.8 Cell-Count: 106704 Cell-Area: 9450 
Peak-Memory: 2252.23 Elapsed: 1450
       Partition:  pbs_genopt_4 - PBS_Generic_Opt-Distributed_Write_DB - Elapsed_Time 9.00, CPU_Time 10.00
       pbs_genopt_4 - PBS_Generic_Opt-Assembly - Elapsed_Time 5, CPU_Time 5.0
       Partition:  pbs_genopt_4 - Runtime taken by the partition - Elapsed_Time 1459.00, CPU_Time 1459.00
          Sending 'pbs_genopt_33 ./.pbs_mo.ece.pdx.edu_23315/pbs_genopt_33.etf' to server 'localhost_1_3'...
            Sent 'pbs_genopt_33 ./.pbs_mo.ece.pdx.edu_23315/pbs_genopt_33.etf' to server 'localhost_1_3'.
          Received 'pbs_genopt_16 ./.pbs_mo.ece.pdx.edu_23315/pbs_genopt_16.etf' from server 'localhost_1_4'. (1494263 ms elapsed)
       Partition:  pbs_genopt_16 - PBS_Generic_Opt-Distributed_Read_DB - Elapsed_Time 3.00, CPU_Time 3.00
       Partition:  pbs_genopt_16 - PBS_Generic_Opt-Distributed_Generic - Elapsed_Time 1478.00, CPU_Time 1477.00
       Partition:  pbs_genopt_16 - PBS_Generic_Opt-Distributed_Prop_Const - Elapsed_Time 3.00, CPU_Time 3.00
       Partition:  pbs_genopt_16 - PBS_Generic_Opt-Distributed_Gobble - Elapsed_Time 0.00, CPU_Time 0.00
       Partition:  pbs_genopt_16 - PBS_Generic_Opt-Distributed_Report - Elapsed_Time 0.00, CPU_Time 0.00
       Start - Partition: pbs_genopt_16 Slack: -377.4 TNS: 434668.8 Cell-Count: 101952 Cell-Area: 10942 
Init-Memory: 2220.21
       Done  - Partition: pbs_genopt_16 Slack: -148.8 TNS: 149926.8 Cell-Count: 106704 Cell-Area: 9450 
Peak-Memory: 2252.23 Elapsed: 1484
       Partition:  pbs_genopt_16 - PBS_Generic_Opt-Distributed_Write_DB - Elapsed_Time 10.00, CPU_Time 10.00
       pbs_genopt_16 - PBS_Generic_Opt-Assembly - Elapsed_Time 6, CPU_Time 5.0
       Partition:  pbs_genopt_16 - Runtime taken by the partition - Elapsed_Time 1494.00, CPU_Time 1493.00
          Sending 'pbs_genopt_34 ./.pbs_mo.ece.pdx.edu_23315/pbs_genopt_34.etf' to server 'localhost_1_4'...
            Sent 'pbs_genopt_34 ./.pbs_mo.ece.pdx.edu_23315/pbs_genopt_34.etf' to server 'localhost_1_4'.
          Received 'pbs_genopt_20 ./.pbs_mo.ece.pdx.edu_23315/pbs_genopt_20.etf' from server 'localhost_1_0'. (1471458 ms elapsed)
          Sending 'pbs_genopt_7 ./.pbs_mo.ece.pdx.edu_23315/pbs_genopt_7.etf' to server 'localhost_1_0'...
            Sent 'pbs_genopt_7 ./.pbs_mo.ece.pdx.edu_23315/pbs_genopt_7.etf' to server 'localhost_1_0'.
          Received 'pbs_genopt_25 ./.pbs_mo.ece.pdx.edu_23315/pbs_genopt_25.etf' from server 'localhost_1_6'. (1490274 ms elapsed)
       Partition:  pbs_genopt_25 - PBS_Generic_Opt-Distributed_Read_DB - Elapsed_Time 3.00, CPU_Time 3.00
       Partition:  pbs_genopt_25 - PBS_Generic_Opt-Distributed_Generic - Elapsed_Time 1469.00, CPU_Time 1468.00
       Partition:  pbs_genopt_25 - PBS_Generic_Opt-Distributed_Prop_Const - Elapsed_Time 2.00, CPU_Time 3.00
       Partition:  pbs_genopt_25 - PBS_Generic_Opt-Distributed_Gobble - Elapsed_Time 1.00, CPU_Time 0.00
       Partition:  pbs_genopt_25 - PBS_Generic_Opt-Distributed_Report - Elapsed_Time 0.00, CPU_Time 0.00
       Start - Partition: pbs_genopt_25 Slack: -377.4 TNS: 434764.8 Cell-Count: 101952 Cell-Area: 10942 
Init-Memory: 2223.53
       Done  - Partition: pbs_genopt_25 Slack: -148.8 TNS: 150022.8 Cell-Count: 106704 Cell-Area: 9450 
Peak-Memory: 2255.54 Elapsed: 1475
       Partition:  pbs_genopt_25 - PBS_Generic_Opt-Distributed_Write_DB - Elapsed_Time 9.00, CPU_Time 10.00
       pbs_genopt_25 - PBS_Generic_Opt-Assembly - Elapsed_Time 5, CPU_Time 5.0
       Partition:  pbs_genopt_25 - Runtime taken by the partition - Elapsed_Time 1484.00, CPU_Time 1484.00
       Partition:  pbs_genopt_20 - PBS_Generic_Opt-Distributed_Read_DB - Elapsed_Time 2.00, CPU_Time 2.00
       Partition:  pbs_genopt_20 - PBS_Generic_Opt-Distributed_Generic - Elapsed_Time 1449.00, CPU_Time 1452.00
       Partition:  pbs_genopt_20 - PBS_Generic_Opt-Distributed_Prop_Const - Elapsed_Time 4.00, CPU_Time 3.00
       Partition:  pbs_genopt_20 - PBS_Generic_Opt-Distributed_Gobble - Elapsed_Time 0.00, CPU_Time 0.00
       Partition:  pbs_genopt_20 - PBS_Generic_Opt-Distributed_Report - Elapsed_Time 0.00, CPU_Time 0.00
       Start - Partition: pbs_genopt_20 Slack: -377.4 TNS: 434764.8 Cell-Count: 101952 Cell-Area: 10942 
Init-Memory: 2224.15
       Done  - Partition: pbs_genopt_20 Slack: -148.8 TNS: 150022.8 Cell-Count: 106704 Cell-Area: 9450 
Peak-Memory: 2256.17 Elapsed: 1455
       Partition:  pbs_genopt_20 - PBS_Generic_Opt-Distributed_Write_DB - Elapsed_Time 10.00, CPU_Time 11.00
       pbs_genopt_20 - PBS_Generic_Opt-Assembly - Elapsed_Time 5, CPU_Time 5.0
       Partition:  pbs_genopt_20 - Runtime taken by the partition - Elapsed_Time 1465.00, CPU_Time 1468.00
          Sending 'pbs_genopt_5 ./.pbs_mo.ece.pdx.edu_23315/pbs_genopt_5.etf' to server 'localhost_1_6'...
            Sent 'pbs_genopt_5 ./.pbs_mo.ece.pdx.edu_23315/pbs_genopt_5.etf' to server 'localhost_1_6'.
          Received 'pbs_genopt_3 ./.pbs_mo.ece.pdx.edu_23315/pbs_genopt_3.etf' from server 'localhost_1_7'. (1460951 ms elapsed)
       Partition:  pbs_genopt_3 - PBS_Generic_Opt-Distributed_Read_DB - Elapsed_Time 2.00, CPU_Time 2.00
       Partition:  pbs_genopt_3 - PBS_Generic_Opt-Distributed_Generic - Elapsed_Time 1444.00, CPU_Time 1443.00
       Partition:  pbs_genopt_3 - PBS_Generic_Opt-Distributed_Prop_Const - Elapsed_Time 4.00, CPU_Time 4.00
       Partition:  pbs_genopt_3 - PBS_Generic_Opt-Distributed_Gobble - Elapsed_Time 0.00, CPU_Time 0.00
       Partition:  pbs_genopt_3 - PBS_Generic_Opt-Distributed_Report - Elapsed_Time 0.00, CPU_Time 0.00
       Start - Partition: pbs_genopt_3 Slack: -377.4 TNS: 434700.8 Cell-Count: 101952 Cell-Area: 10942 
Init-Memory: 2204.21
       Done  - Partition: pbs_genopt_3 Slack: -148.8 TNS: 149958.8 Cell-Count: 106704 Cell-Area: 9450 
Peak-Memory: 2236.23 Elapsed: 1450
       Partition:  pbs_genopt_3 - PBS_Generic_Opt-Distributed_Write_DB - Elapsed_Time 10.00, CPU_Time 10.00
       pbs_genopt_3 - PBS_Generic_Opt-Assembly - Elapsed_Time 6, CPU_Time 7.0
       Partition:  pbs_genopt_3 - Runtime taken by the partition - Elapsed_Time 1460.00, CPU_Time 1459.00
          Sending 'pbs_genopt_32 ./.pbs_mo.ece.pdx.edu_23315/pbs_genopt_32.etf' to server 'localhost_1_7'...
            Sent 'pbs_genopt_32 ./.pbs_mo.ece.pdx.edu_23315/pbs_genopt_32.etf' to server 'localhost_1_7'.
          Received 'pbs_genopt_33 ./.pbs_mo.ece.pdx.edu_23315/pbs_genopt_33.etf' from server 'localhost_1_3'. (225797 ms elapsed)
          Sending 'pbs_genopt_31 ./.pbs_mo.ece.pdx.edu_23315/pbs_genopt_31.etf' to server 'localhost_1_3'...
            Sent 'pbs_genopt_31 ./.pbs_mo.ece.pdx.edu_23315/pbs_genopt_31.etf' to server 'localhost_1_3'.
          Received 'pbs_genopt_34 ./.pbs_mo.ece.pdx.edu_23315/pbs_genopt_34.etf' from server 'localhost_1_4'. (209628 ms elapsed)
          Sending 'pbs_genopt_37 ./.pbs_mo.ece.pdx.edu_23315/pbs_genopt_37.etf' to server 'localhost_1_4'...
            Sent 'pbs_genopt_37 ./.pbs_mo.ece.pdx.edu_23315/pbs_genopt_37.etf' to server 'localhost_1_4'.
          Received 'pbs_genopt_32 ./.pbs_mo.ece.pdx.edu_23315/pbs_genopt_32.etf' from server 'localhost_1_7'. (219864 ms elapsed)
          Sending 'pbs_genopt_10 ./.pbs_mo.ece.pdx.edu_23315/pbs_genopt_10.etf' to server 'localhost_1_7'...
            Sent 'pbs_genopt_10 ./.pbs_mo.ece.pdx.edu_23315/pbs_genopt_10.etf' to server 'localhost_1_7'.
          Received 'pbs_genopt_31 ./.pbs_mo.ece.pdx.edu_23315/pbs_genopt_31.etf' from server 'localhost_1_3'. (209536 ms elapsed)
          Sending 'pbs_genopt_36 ./.pbs_mo.ece.pdx.edu_23315/pbs_genopt_36.etf' to server 'localhost_1_3'...
            Sent 'pbs_genopt_36 ./.pbs_mo.ece.pdx.edu_23315/pbs_genopt_36.etf' to server 'localhost_1_3'.
          Received 'pbs_genopt_37 ./.pbs_mo.ece.pdx.edu_23315/pbs_genopt_37.etf' from server 'localhost_1_4'. (197363 ms elapsed)
          Sending 'pbs_genopt_35 ./.pbs_mo.ece.pdx.edu_23315/pbs_genopt_35.etf' to server 'localhost_1_4'...
            Sent 'pbs_genopt_35 ./.pbs_mo.ece.pdx.edu_23315/pbs_genopt_35.etf' to server 'localhost_1_4'.
          Received 'pbs_genopt_36 ./.pbs_mo.ece.pdx.edu_23315/pbs_genopt_36.etf' from server 'localhost_1_3'. (189636 ms elapsed)
          Sending 'pbs_genopt_0 ./.pbs_mo.ece.pdx.edu_23315/pbs_genopt_0.etf' to server 'localhost_1_3'...
            Sent 'pbs_genopt_0 ./.pbs_mo.ece.pdx.edu_23315/pbs_genopt_0.etf' to server 'localhost_1_3'.
          Received 'pbs_genopt_35 ./.pbs_mo.ece.pdx.edu_23315/pbs_genopt_35.etf' from server 'localhost_1_4'. (184351 ms elapsed)
          Received 'pbs_genopt_12 ./.pbs_mo.ece.pdx.edu_23315/pbs_genopt_12.etf' from server 'localhost_1_5'. (1442074 ms elapsed)
       Partition:  pbs_genopt_12 - PBS_Generic_Opt-Distributed_Read_DB - Elapsed_Time 3.00, CPU_Time 3.00
       Partition:  pbs_genopt_12 - PBS_Generic_Opt-Distributed_Generic - Elapsed_Time 1425.00, CPU_Time 1424.00
       Partition:  pbs_genopt_12 - PBS_Generic_Opt-Distributed_Prop_Const - Elapsed_Time 3.00, CPU_Time 4.00
       Partition:  pbs_genopt_12 - PBS_Generic_Opt-Distributed_Gobble - Elapsed_Time 0.00, CPU_Time 0.00
       Partition:  pbs_genopt_12 - PBS_Generic_Opt-Distributed_Report - Elapsed_Time 0.00, CPU_Time 0.00
       Start - Partition: pbs_genopt_12 Slack: -377.4 TNS: 434764.8 Cell-Count: 101952 Cell-Area: 10942 
Init-Memory: 2450.99
       Done  - Partition: pbs_genopt_12 Slack: -148.8 TNS: 150022.8 Cell-Count: 106704 Cell-Area: 9450 
Peak-Memory: 6014.35 Elapsed: 1431
       Partition:  pbs_genopt_12 - PBS_Generic_Opt-Distributed_Write_DB - Elapsed_Time 10.00, CPU_Time 10.00
       pbs_genopt_12 - PBS_Generic_Opt-Assembly - Elapsed_Time 7, CPU_Time 6.0
       Partition:  pbs_genopt_12 - Runtime taken by the partition - Elapsed_Time 1441.00, CPU_Time 1441.00
          Received 'pbs_genopt_13 ./.pbs_mo.ece.pdx.edu_23315/pbs_genopt_13.etf' from server 'localhost_1_2'. (1448555 ms elapsed)
       Partition:  pbs_genopt_13 - PBS_Generic_Opt-Distributed_Read_DB - Elapsed_Time 2.00, CPU_Time 2.00
       Partition:  pbs_genopt_13 - PBS_Generic_Opt-Distributed_Generic - Elapsed_Time 1434.00, CPU_Time 1433.00
       Partition:  pbs_genopt_13 - PBS_Generic_Opt-Distributed_Prop_Const - Elapsed_Time 2.00, CPU_Time 2.00
       Partition:  pbs_genopt_13 - PBS_Generic_Opt-Distributed_Gobble - Elapsed_Time 0.00, CPU_Time 0.00
       Partition:  pbs_genopt_13 - PBS_Generic_Opt-Distributed_Report - Elapsed_Time 0.00, CPU_Time 0.00
       Start - Partition: pbs_genopt_13 Slack: -377.4 TNS: 422688.0 Cell-Count: 99120 Cell-Area: 10638 
Init-Memory: 2440.19
       Done  - Partition: pbs_genopt_13 Slack: -148.8 TNS: 145855.5 Cell-Count: 103740 Cell-Area: 9187 
Peak-Memory: 6027.55 Elapsed: 1438
       Partition:  pbs_genopt_13 - PBS_Generic_Opt-Distributed_Write_DB - Elapsed_Time 9.00, CPU_Time 10.00
       pbs_genopt_13 - PBS_Generic_Opt-Assembly - Elapsed_Time 6, CPU_Time 6.0
       Partition:  pbs_genopt_13 - Runtime taken by the partition - Elapsed_Time 1447.00, CPU_Time 1447.00
          Received 'pbs_genopt_0 ./.pbs_mo.ece.pdx.edu_23315/pbs_genopt_0.etf' from server 'localhost_1_3'. (85950 ms elapsed)
          Received 'pbs_genopt_7 ./.pbs_mo.ece.pdx.edu_23315/pbs_genopt_7.etf' from server 'localhost_1_0'. (1356018 ms elapsed)
          Received 'pbs_genopt_5 ./.pbs_mo.ece.pdx.edu_23315/pbs_genopt_5.etf' from server 'localhost_1_6'. (1351735 ms elapsed)
          Received 'pbs_genopt_18 ./.pbs_mo.ece.pdx.edu_23315/pbs_genopt_18.etf' from server 'localhost_1_1'. (1454875 ms elapsed)
       Partition:  pbs_genopt_18 - PBS_Generic_Opt-Distributed_Read_DB - Elapsed_Time 2.00, CPU_Time 2.00
       Partition:  pbs_genopt_18 - PBS_Generic_Opt-Distributed_Generic - Elapsed_Time 1440.00, CPU_Time 1438.00
       Partition:  pbs_genopt_18 - PBS_Generic_Opt-Distributed_Prop_Const - Elapsed_Time 2.00, CPU_Time 3.00
       Partition:  pbs_genopt_18 - PBS_Generic_Opt-Distributed_Gobble - Elapsed_Time 1.00, CPU_Time 0.00
       Partition:  pbs_genopt_18 - PBS_Generic_Opt-Distributed_Report - Elapsed_Time 0.00, CPU_Time 0.00
       Start - Partition: pbs_genopt_18 Slack: -377.4 TNS: 422592.0 Cell-Count: 99120 Cell-Area: 10638 
Init-Memory: 2220.53
       Done  - Partition: pbs_genopt_18 Slack: -148.8 TNS: 145759.5 Cell-Count: 103740 Cell-Area: 9187 
Peak-Memory: 2252.54 Elapsed: 1445
       Partition:  pbs_genopt_18 - PBS_Generic_Opt-Distributed_Write_DB - Elapsed_Time 9.00, CPU_Time 10.00
       pbs_genopt_18 - PBS_Generic_Opt-Assembly - Elapsed_Time 6, CPU_Time 6.0
       Partition:  pbs_genopt_18 - Runtime taken by the partition - Elapsed_Time 1454.00, CPU_Time 1453.00
       Partition:  pbs_genopt_33 - PBS_Generic_Opt-Distributed_Read_DB - Elapsed_Time 3.00, CPU_Time 3.00
       Partition:  pbs_genopt_33 - PBS_Generic_Opt-Distributed_Generic - Elapsed_Time 212.00, CPU_Time 212.00
       Partition:  pbs_genopt_33 - PBS_Generic_Opt-Distributed_Prop_Const - Elapsed_Time 3.00, CPU_Time 3.00
       Partition:  pbs_genopt_33 - PBS_Generic_Opt-Distributed_Gobble - Elapsed_Time 0.00, CPU_Time 0.00
       Partition:  pbs_genopt_33 - PBS_Generic_Opt-Distributed_Report - Elapsed_Time 0.00, CPU_Time 0.00
       Start - Partition: pbs_genopt_33 Slack: -45.0 TNS: 7200.0 Cell-Count: 96980 Cell-Area: 12769 
Init-Memory: 2220.21
       Done  - Partition: pbs_genopt_33 Slack: 81.9 TNS: 0.0 Cell-Count: 64520 Cell-Area: 8616 
Peak-Memory: 2252.23 Elapsed: 218
       Partition:  pbs_genopt_33 - PBS_Generic_Opt-Distributed_Write_DB - Elapsed_Time 7.00, CPU_Time 8.00
       pbs_genopt_33 - PBS_Generic_Opt-Assembly - Elapsed_Time 4, CPU_Time 4.0
       Partition:  pbs_genopt_33 - Runtime taken by the partition - Elapsed_Time 225.00, CPU_Time 226.00
       Partition:  pbs_genopt_34 - PBS_Generic_Opt-Distributed_Read_DB - Elapsed_Time 3.00, CPU_Time 3.00
       Partition:  pbs_genopt_34 - PBS_Generic_Opt-Distributed_Generic - Elapsed_Time 197.00, CPU_Time 197.00
       Partition:  pbs_genopt_34 - PBS_Generic_Opt-Distributed_Prop_Const - Elapsed_Time 3.00, CPU_Time 2.00
       Partition:  pbs_genopt_34 - PBS_Generic_Opt-Distributed_Gobble - Elapsed_Time 0.00, CPU_Time 1.00
       Partition:  pbs_genopt_34 - PBS_Generic_Opt-Distributed_Report - Elapsed_Time 0.00, CPU_Time 0.00
       Start - Partition: pbs_genopt_34 Slack: -45.0 TNS: 5760.0 Cell-Count: 95139 Cell-Area: 12560 
Init-Memory: 2220.21
       Done  - Partition: pbs_genopt_34 Slack: 81.9 TNS: 0.0 Cell-Count: 63232 Cell-Area: 8478 
Peak-Memory: 2252.23 Elapsed: 203
       Partition:  pbs_genopt_34 - PBS_Generic_Opt-Distributed_Write_DB - Elapsed_Time 6.00, CPU_Time 6.00
       pbs_genopt_34 - PBS_Generic_Opt-Assembly - Elapsed_Time 4, CPU_Time 4.0
       Partition:  pbs_genopt_34 - Runtime taken by the partition - Elapsed_Time 209.00, CPU_Time 209.00
       Partition:  pbs_genopt_7 - PBS_Generic_Opt-Distributed_Read_DB - Elapsed_Time 3.00, CPU_Time 3.00
       Partition:  pbs_genopt_7 - PBS_Generic_Opt-Distributed_Generic - Elapsed_Time 1341.00, CPU_Time 1343.00
       Partition:  pbs_genopt_7 - PBS_Generic_Opt-Distributed_Prop_Const - Elapsed_Time 3.00, CPU_Time 3.00
       Partition:  pbs_genopt_7 - PBS_Generic_Opt-Distributed_Gobble - Elapsed_Time 0.00, CPU_Time 0.00
       Partition:  pbs_genopt_7 - PBS_Generic_Opt-Distributed_Report - Elapsed_Time 0.00, CPU_Time 0.00
       Start - Partition: pbs_genopt_7 Slack: -377.4 TNS: 398438.4 Cell-Count: 93456 Cell-Area: 10030 
Init-Memory: 2224.15
       Done  - Partition: pbs_genopt_7 Slack: -148.8 TNS: 137424.9 Cell-Count: 97812 Cell-Area: 8662 
Peak-Memory: 2256.17 Elapsed: 1347
       Partition:  pbs_genopt_7 - PBS_Generic_Opt-Distributed_Write_DB - Elapsed_Time 8.00, CPU_Time 9.00
       pbs_genopt_7 - PBS_Generic_Opt-Assembly - Elapsed_Time 4, CPU_Time 4.0
       Partition:  pbs_genopt_7 - Runtime taken by the partition - Elapsed_Time 1355.00, CPU_Time 1358.00
       Partition:  pbs_genopt_5 - PBS_Generic_Opt-Distributed_Read_DB - Elapsed_Time 1.00, CPU_Time 2.00
       Partition:  pbs_genopt_5 - PBS_Generic_Opt-Distributed_Generic - Elapsed_Time 1338.00, CPU_Time 1336.00
       Partition:  pbs_genopt_5 - PBS_Generic_Opt-Distributed_Prop_Const - Elapsed_Time 3.00, CPU_Time 3.00
       Partition:  pbs_genopt_5 - PBS_Generic_Opt-Distributed_Gobble - Elapsed_Time 0.00, CPU_Time 1.00
       Partition:  pbs_genopt_5 - PBS_Generic_Opt-Distributed_Report - Elapsed_Time 0.00, CPU_Time 0.00
       Start - Partition: pbs_genopt_5 Slack: -377.4 TNS: 398438.4 Cell-Count: 93456 Cell-Area: 10030 
Init-Memory: 2223.53
       Done  - Partition: pbs_genopt_5 Slack: -148.8 TNS: 137424.9 Cell-Count: 97812 Cell-Area: 8662 
Peak-Memory: 2255.54 Elapsed: 1342
       Partition:  pbs_genopt_5 - PBS_Generic_Opt-Distributed_Write_DB - Elapsed_Time 9.00, CPU_Time 8.00
       pbs_genopt_5 - PBS_Generic_Opt-Assembly - Elapsed_Time 4, CPU_Time 4.0
       Partition:  pbs_genopt_5 - Runtime taken by the partition - Elapsed_Time 1351.00, CPU_Time 1350.00
       Partition:  pbs_genopt_32 - PBS_Generic_Opt-Distributed_Read_DB - Elapsed_Time 3.00, CPU_Time 3.00
       Partition:  pbs_genopt_32 - PBS_Generic_Opt-Distributed_Generic - Elapsed_Time 206.00, CPU_Time 206.00
       Partition:  pbs_genopt_32 - PBS_Generic_Opt-Distributed_Prop_Const - Elapsed_Time 3.00, CPU_Time 3.00
       Partition:  pbs_genopt_32 - PBS_Generic_Opt-Distributed_Gobble - Elapsed_Time 1.00, CPU_Time 1.00
       Partition:  pbs_genopt_32 - PBS_Generic_Opt-Distributed_Report - Elapsed_Time 0.00, CPU_Time 0.00
       Start - Partition: pbs_genopt_32 Slack: -45.0 TNS: 4320.0 Cell-Count: 93298 Cell-Area: 12352 
Init-Memory: 2204.21
       Done  - Partition: pbs_genopt_32 Slack: 81.9 TNS: 0.0 Cell-Count: 61944 Cell-Area: 8341 
Peak-Memory: 2236.23 Elapsed: 213
       Partition:  pbs_genopt_32 - PBS_Generic_Opt-Distributed_Write_DB - Elapsed_Time 7.00, CPU_Time 7.00
       pbs_genopt_32 - PBS_Generic_Opt-Assembly - Elapsed_Time 3, CPU_Time 3.0
       Partition:  pbs_genopt_32 - Runtime taken by the partition - Elapsed_Time 220.00, CPU_Time 220.00
       Partition:  pbs_genopt_31 - PBS_Generic_Opt-Distributed_Read_DB - Elapsed_Time 3.00, CPU_Time 2.00
       Partition:  pbs_genopt_31 - PBS_Generic_Opt-Distributed_Generic - Elapsed_Time 196.00, CPU_Time 197.00
       Partition:  pbs_genopt_31 - PBS_Generic_Opt-Distributed_Prop_Const - Elapsed_Time 3.00, CPU_Time 3.00
       Partition:  pbs_genopt_31 - PBS_Generic_Opt-Distributed_Gobble - Elapsed_Time 0.00, CPU_Time 0.00
       Partition:  pbs_genopt_31 - PBS_Generic_Opt-Distributed_Report - Elapsed_Time 0.00, CPU_Time 0.00
       Start - Partition: pbs_genopt_31 Slack: -45.0 TNS: 4320.0 Cell-Count: 93298 Cell-Area: 12352 
Init-Memory: 2221.21
       Done  - Partition: pbs_genopt_31 Slack: 81.9 TNS: 0.0 Cell-Count: 61944 Cell-Area: 8341 
Peak-Memory: 2253.23 Elapsed: 202
       Partition:  pbs_genopt_31 - PBS_Generic_Opt-Distributed_Write_DB - Elapsed_Time 7.00, CPU_Time 7.00
       pbs_genopt_31 - PBS_Generic_Opt-Assembly - Elapsed_Time 4, CPU_Time 4.0
       Partition:  pbs_genopt_31 - Runtime taken by the partition - Elapsed_Time 209.00, CPU_Time 209.00
       Partition:  pbs_genopt_37 - PBS_Generic_Opt-Distributed_Read_DB - Elapsed_Time 1.00, CPU_Time 2.00
       Partition:  pbs_genopt_37 - PBS_Generic_Opt-Distributed_Generic - Elapsed_Time 187.00, CPU_Time 187.00
       Partition:  pbs_genopt_37 - PBS_Generic_Opt-Distributed_Prop_Const - Elapsed_Time 2.00, CPU_Time 2.00
       Partition:  pbs_genopt_37 - PBS_Generic_Opt-Distributed_Gobble - Elapsed_Time 1.00, CPU_Time 0.00
       Partition:  pbs_genopt_37 - PBS_Generic_Opt-Distributed_Report - Elapsed_Time 0.00, CPU_Time 0.00
       Start - Partition: pbs_genopt_37 Slack: -49.2 TNS: 10037.6 Cell-Count: 85356 Cell-Area: 11396 
Init-Memory: 2220.21
       Done  - Partition: pbs_genopt_37 Slack: -4.1 TNS: 8.8 Cell-Count: 56945 Cell-Area: 7825 
Peak-Memory: 2423.21 Elapsed: 191
       Partition:  pbs_genopt_37 - PBS_Generic_Opt-Distributed_Write_DB - Elapsed_Time 5.00, CPU_Time 6.00
       pbs_genopt_37 - PBS_Generic_Opt-Assembly - Elapsed_Time 4, CPU_Time 4.0
       Partition:  pbs_genopt_37 - Runtime taken by the partition - Elapsed_Time 196.00, CPU_Time 197.00
          Received 'pbs_genopt_10 ./.pbs_mo.ece.pdx.edu_23315/pbs_genopt_10.etf' from server 'localhost_1_7'. (1248837 ms elapsed)
       Partition:  pbs_genopt_10 - PBS_Generic_Opt-Distributed_Read_DB - Elapsed_Time 2.00, CPU_Time 1.00
       Partition:  pbs_genopt_10 - PBS_Generic_Opt-Distributed_Generic - Elapsed_Time 1234.00, CPU_Time 1233.00
       Partition:  pbs_genopt_10 - PBS_Generic_Opt-Distributed_Prop_Const - Elapsed_Time 3.00, CPU_Time 3.00
       Partition:  pbs_genopt_10 - PBS_Generic_Opt-Distributed_Gobble - Elapsed_Time 0.00, CPU_Time 0.00
       Partition:  pbs_genopt_10 - PBS_Generic_Opt-Distributed_Report - Elapsed_Time 0.00, CPU_Time 0.00
       Start - Partition: pbs_genopt_10 Slack: -377.4 TNS: 362304.0 Cell-Count: 84960 Cell-Area: 9118 
Init-Memory: 2204.21
       Done  - Partition: pbs_genopt_10 Slack: -148.8 TNS: 125019.0 Cell-Count: 88920 Cell-Area: 7875 
Peak-Memory: 2236.23 Elapsed: 1239
       Partition:  pbs_genopt_10 - PBS_Generic_Opt-Distributed_Write_DB - Elapsed_Time 9.00, CPU_Time 10.00
       pbs_genopt_10 - PBS_Generic_Opt-Assembly - Elapsed_Time 6, CPU_Time 6.0
       Partition:  pbs_genopt_10 - Runtime taken by the partition - Elapsed_Time 1248.00, CPU_Time 1247.00
       Partition:  pbs_genopt_36 - PBS_Generic_Opt-Distributed_Read_DB - Elapsed_Time 2.00, CPU_Time 1.00
       Partition:  pbs_genopt_36 - PBS_Generic_Opt-Distributed_Generic - Elapsed_Time 180.00, CPU_Time 180.00
       Partition:  pbs_genopt_36 - PBS_Generic_Opt-Distributed_Prop_Const - Elapsed_Time 2.00, CPU_Time 2.00
       Partition:  pbs_genopt_36 - PBS_Generic_Opt-Distributed_Gobble - Elapsed_Time 0.00, CPU_Time 0.00
       Partition:  pbs_genopt_36 - PBS_Generic_Opt-Distributed_Report - Elapsed_Time 0.00, CPU_Time 0.00
       Start - Partition: pbs_genopt_36 Slack: -45.0 TNS: 8640.0 Cell-Count: 81266 Cell-Area: 10631 
Init-Memory: 2221.21
       Done  - Partition: pbs_genopt_36 Slack: 81.9 TNS: 0.0 Cell-Count: 54192 Cell-Area: 7167 
Peak-Memory: 2253.23 Elapsed: 184
       Partition:  pbs_genopt_36 - PBS_Generic_Opt-Distributed_Write_DB - Elapsed_Time 6.00, CPU_Time 6.00
       pbs_genopt_36 - PBS_Generic_Opt-Assembly - Elapsed_Time 4, CPU_Time 4.0
       Partition:  pbs_genopt_36 - Runtime taken by the partition - Elapsed_Time 190.00, CPU_Time 189.00
       Partition:  pbs_genopt_35 - PBS_Generic_Opt-Distributed_Read_DB - Elapsed_Time 3.00, CPU_Time 2.00
       Partition:  pbs_genopt_35 - PBS_Generic_Opt-Distributed_Generic - Elapsed_Time 173.00, CPU_Time 174.00
       Partition:  pbs_genopt_35 - PBS_Generic_Opt-Distributed_Prop_Const - Elapsed_Time 2.00, CPU_Time 2.00
       Partition:  pbs_genopt_35 - PBS_Generic_Opt-Distributed_Gobble - Elapsed_Time 0.00, CPU_Time 0.00
       Partition:  pbs_genopt_35 - PBS_Generic_Opt-Distributed_Report - Elapsed_Time 0.00, CPU_Time 0.00
       Start - Partition: pbs_genopt_35 Slack: -45.0 TNS: 7200.0 Cell-Count: 79425 Cell-Area: 10423 
Init-Memory: 2423.21
       Done  - Partition: pbs_genopt_35 Slack: 81.9 TNS: 0.0 Cell-Count: 52904 Cell-Area: 7030 
Peak-Memory: 2455.23 Elapsed: 178
       Partition:  pbs_genopt_35 - PBS_Generic_Opt-Distributed_Write_DB - Elapsed_Time 6.00, CPU_Time 6.00
       pbs_genopt_35 - PBS_Generic_Opt-Assembly - Elapsed_Time 3, CPU_Time 3.0
       Partition:  pbs_genopt_35 - Runtime taken by the partition - Elapsed_Time 184.00, CPU_Time 184.00
       Partition:  pbs_genopt_0 - PBS_Generic_Opt-Distributed_Read_DB - Elapsed_Time 2.00, CPU_Time 1.00
       Partition:  pbs_genopt_0 - PBS_Generic_Opt-Distributed_Generic - Elapsed_Time 67.00, CPU_Time 68.00
       Partition:  pbs_genopt_0 - PBS_Generic_Opt-Distributed_Prop_Const - Elapsed_Time 3.00, CPU_Time 3.00
       Partition:  pbs_genopt_0 - PBS_Generic_Opt-Distributed_Gobble - Elapsed_Time 0.00, CPU_Time 0.00
       Partition:  pbs_genopt_0 - PBS_Generic_Opt-Distributed_Report - Elapsed_Time 0.00, CPU_Time 0.00
       Start - Partition: pbs_genopt_0 Slack: -20.4 TNS: 12314.5 Cell-Count: 48242 Cell-Area: 15792 
Init-Memory: 2221.21
       Done  - Partition: pbs_genopt_0 Slack: -20.4 TNS: 8492.8 Cell-Count: 97083 Cell-Area: 17864 
Peak-Memory: 2253.23 Elapsed: 72
       Partition:  pbs_genopt_0 - PBS_Generic_Opt-Distributed_Write_DB - Elapsed_Time 13.00, CPU_Time 13.00
       pbs_genopt_0 - PBS_Generic_Opt-Assembly - Elapsed_Time 8, CPU_Time 8.0
       Partition:  pbs_genopt_0 - Runtime taken by the partition - Elapsed_Time 85.00, CPU_Time 85.00
Assembled design in-time
Background Table : HLO::pre_to_gen_setup 
---------------------------------------------------------------------
| Transform       | Accepts | Rejects | Runtime (s) | Netlist ID    | 
---------------------------------------------------------------------
| hlo_mux_reorder |       0 |       0 |        0.17 | pbs_genopt_9  | 
| hlo_mux_reorder |       0 |       0 |        0.18 | pbs_genopt_8  | 
| hlo_mux_reorder |       0 |       0 |        0.16 | pbs_genopt_7  | 
| hlo_mux_reorder |       0 |       0 |        0.19 | pbs_genopt_6  | 
| hlo_mux_reorder |       0 |       0 |        0.16 | pbs_genopt_5  | 
| hlo_mux_reorder |       0 |       0 |        0.17 | pbs_genopt_4  | 
| hlo_mux_reorder |       0 |       0 |        0.23 | pbs_genopt_37 | 
| hlo_mux_reorder |       0 |       0 |        0.26 | pbs_genopt_36 | 
| hlo_mux_reorder |       0 |       0 |        0.19 | pbs_genopt_35 | 
| hlo_mux_reorder |       0 |       0 |        0.24 | pbs_genopt_34 | 
| hlo_mux_reorder |       0 |       0 |        0.25 | pbs_genopt_33 | 
| hlo_mux_reorder |       0 |       0 |        0.24 | pbs_genopt_32 | 
| hlo_mux_reorder |       0 |       0 |        0.25 | pbs_genopt_31 | 
| hlo_mux_reorder |       0 |       0 |        0.19 | pbs_genopt_30 | 
| hlo_mux_reorder |       0 |       0 |        0.15 | pbs_genopt_3  | 
| hlo_mux_reorder |       0 |       0 |        0.18 | pbs_genopt_29 | 
| hlo_mux_reorder |       0 |       0 |        0.21 | pbs_genopt_28 | 
| hlo_mux_reorder |       0 |       0 |        0.19 | pbs_genopt_27 | 
| hlo_mux_reorder |       0 |       0 |        0.25 | pbs_genopt_26 | 
| hlo_mux_reorder |       0 |       0 |        0.18 | pbs_genopt_25 | 
| hlo_mux_reorder |       0 |       0 |        0.20 | pbs_genopt_24 | 
| hlo_mux_reorder |       0 |       0 |        0.18 | pbs_genopt_23 | 
| hlo_mux_reorder |       0 |       0 |        0.24 | pbs_genopt_22 | 
| hlo_mux_reorder |       0 |       0 |        0.18 | pbs_genopt_21 | 
| hlo_mux_reorder |       0 |       0 |        0.21 | pbs_genopt_20 | 
| hlo_mux_reorder |       0 |       0 |        4.01 | pbs_genopt_2  | 
| hlo_mux_reorder |       0 |       0 |        0.23 | pbs_genopt_19 | 
| hlo_mux_reorder |       0 |       0 |        0.17 | pbs_genopt_18 | 
| hlo_mux_reorder |       0 |       0 |        0.18 | pbs_genopt_17 | 
| hlo_mux_reorder |       0 |       0 |        0.18 | pbs_genopt_16 | 
| hlo_mux_reorder |       0 |       0 |        0.19 | pbs_genopt_15 | 
| hlo_mux_reorder |       0 |       0 |        0.18 | pbs_genopt_14 | 
| hlo_mux_reorder |       0 |       0 |        0.16 | pbs_genopt_13 | 
| hlo_mux_reorder |       0 |       0 |        0.16 | pbs_genopt_12 | 
| hlo_mux_reorder |       0 |       0 |        0.24 | pbs_genopt_11 | 
| hlo_mux_reorder |       0 |       0 |        0.14 | pbs_genopt_10 | 
| hlo_mux_reorder |       0 |       0 |        4.33 | pbs_genopt_1  | 
| hlo_mux_reorder |       0 |       0 |        0.50 | pbs_genopt_0  | 
---------------------------------------------------------------------
 
Background Table : HLO::post_to_gen_setup 
---------------------------------------------------------------------
| Transform       | Accepts | Rejects | Runtime (s) | Netlist ID    | 
---------------------------------------------------------------------
| hlo_mux_reorder |       0 |       0 |        0.00 | pbs_genopt_9  | 
| hlo_mux_reorder |       0 |       0 |        0.00 | pbs_genopt_8  | 
| hlo_mux_reorder |       0 |       0 |        0.00 | pbs_genopt_7  | 
| hlo_mux_reorder |       0 |       0 |        0.00 | pbs_genopt_6  | 
| hlo_mux_reorder |       0 |       0 |        0.00 | pbs_genopt_5  | 
| hlo_mux_reorder |       0 |       0 |        0.00 | pbs_genopt_4  | 
| hlo_mux_reorder |       0 |       0 |        0.00 | pbs_genopt_37 | 
| hlo_mux_reorder |       0 |       0 |        0.00 | pbs_genopt_36 | 
| hlo_mux_reorder |       0 |       0 |        0.00 | pbs_genopt_35 | 
| hlo_mux_reorder |       0 |       0 |        0.00 | pbs_genopt_34 | 
| hlo_mux_reorder |       0 |       0 |        0.00 | pbs_genopt_33 | 
| hlo_mux_reorder |       0 |       0 |        0.00 | pbs_genopt_32 | 
| hlo_mux_reorder |       0 |       0 |        0.00 | pbs_genopt_31 | 
| hlo_mux_reorder |       0 |       0 |        0.00 | pbs_genopt_30 | 
| hlo_mux_reorder |       0 |       0 |        0.00 | pbs_genopt_3  | 
| hlo_mux_reorder |       0 |       0 |        0.00 | pbs_genopt_29 | 
| hlo_mux_reorder |       0 |       0 |        0.01 | pbs_genopt_28 | 
| hlo_mux_reorder |       0 |       0 |        0.00 | pbs_genopt_27 | 
| hlo_mux_reorder |       0 |       0 |        0.01 | pbs_genopt_26 | 
| hlo_mux_reorder |       0 |       0 |        0.00 | pbs_genopt_25 | 
| hlo_mux_reorder |       0 |       0 |        0.00 | pbs_genopt_24 | 
| hlo_mux_reorder |       0 |       0 |        0.00 | pbs_genopt_23 | 
| hlo_mux_reorder |       0 |       0 |        0.01 | pbs_genopt_22 | 
| hlo_mux_reorder |       0 |       0 |        0.00 | pbs_genopt_21 | 
| hlo_mux_reorder |       0 |       0 |        0.00 | pbs_genopt_20 | 
| hlo_mux_reorder |       0 |       0 |        0.01 | pbs_genopt_2  | 
| hlo_mux_reorder |       0 |       0 |        0.00 | pbs_genopt_19 | 
| hlo_mux_reorder |       0 |       0 |        0.00 | pbs_genopt_18 | 
| hlo_mux_reorder |       0 |       0 |        0.00 | pbs_genopt_17 | 
| hlo_mux_reorder |       0 |       0 |        0.00 | pbs_genopt_16 | 
| hlo_mux_reorder |       0 |       0 |        0.00 | pbs_genopt_15 | 
| hlo_mux_reorder |       0 |       0 |        0.00 | pbs_genopt_14 | 
| hlo_mux_reorder |       0 |       0 |        0.00 | pbs_genopt_13 | 
| hlo_mux_reorder |       0 |       0 |        0.00 | pbs_genopt_12 | 
| hlo_mux_reorder |       0 |       0 |        0.00 | pbs_genopt_11 | 
| hlo_mux_reorder |       0 |       0 |        0.00 | pbs_genopt_10 | 
| hlo_mux_reorder |       0 |       0 |        0.01 | pbs_genopt_1  | 
| hlo_mux_reorder |       0 |       0 |        0.00 | pbs_genopt_0  | 
---------------------------------------------------------------------
 
Background Table : UME::pre_hlo_rtlopt 
---------------------------------------------------------------
| Trick     | Accepts | Rejects | Runtime (s) | Netlist ID    | 
---------------------------------------------------------------
| ume_share |       0 |       0 |        0.00 | pbs_genopt_9  | 
| ume_sweep |       0 |       0 |        0.00 |               |
| ume_ssm   |       0 |       0 |        0.00 |               |
| ume_share |       0 |       0 |        0.00 | pbs_genopt_8  | 
| ume_sweep |       0 |       0 |        0.00 |               |
| ume_ssm   |       0 |       0 |        0.00 |               |
| ume_share |       0 |       0 |        0.00 | pbs_genopt_7  | 
| ume_sweep |       0 |       0 |        0.00 |               |
| ume_ssm   |       0 |       0 |        0.00 |               |
| ume_share |       0 |       0 |        0.00 | pbs_genopt_6  | 
| ume_sweep |       0 |       0 |        0.00 |               |
| ume_ssm   |       0 |       0 |        0.00 |               |
| ume_share |       0 |       0 |        0.00 | pbs_genopt_5  | 
| ume_sweep |       0 |       0 |        0.00 |               |
| ume_ssm   |       0 |       0 |        0.00 |               |
| ume_share |       0 |       0 |        0.00 | pbs_genopt_4  | 
| ume_sweep |       0 |       0 |        0.00 |               |
| ume_ssm   |       0 |       0 |        0.00 |               |
| ume_share |       0 |       0 |        0.00 | pbs_genopt_37 | 
| ume_sweep |       0 |       0 |        0.00 |               |
| ume_ssm   |       0 |       0 |        0.00 |               |
| ume_share |       0 |       0 |        0.00 | pbs_genopt_36 | 
| ume_sweep |       0 |       0 |        0.00 |               |
| ume_ssm   |       0 |       0 |        0.00 |               |
| ume_share |       0 |       0 |        0.00 | pbs_genopt_35 | 
| ume_sweep |       0 |       0 |        0.00 |               |
| ume_ssm   |       0 |       0 |        0.00 |               |
| ume_share |       0 |       0 |        0.00 | pbs_genopt_34 | 
| ume_sweep |       0 |       0 |        0.00 |               |
| ume_ssm   |       0 |       0 |        0.00 |               |
| ume_share |       0 |       0 |        0.00 | pbs_genopt_33 | 
| ume_sweep |       0 |       0 |        0.00 |               |
| ume_ssm   |       0 |       0 |        0.00 |               |
| ume_share |       0 |       0 |        0.00 | pbs_genopt_32 | 
| ume_sweep |       0 |       0 |        0.00 |               |
| ume_ssm   |       0 |       0 |        0.00 |               |
| ume_share |       0 |       0 |        0.00 | pbs_genopt_31 | 
| ume_sweep |       0 |       0 |        0.00 |               |
| ume_ssm   |       0 |       0 |        0.00 |               |
| ume_share |       0 |       0 |        0.00 | pbs_genopt_30 | 
| ume_sweep |       0 |       0 |        0.00 |               |
| ume_ssm   |       0 |       0 |        0.00 |               |
| ume_share |       0 |       0 |        0.00 | pbs_genopt_3  | 
| ume_sweep |       0 |       0 |        0.00 |               |
| ume_ssm   |       0 |       0 |        0.00 |               |
| ume_share |       0 |       0 |        0.00 | pbs_genopt_29 | 
| ume_sweep |       0 |       0 |        0.00 |               |
| ume_ssm   |       0 |       0 |        0.00 |               |
| ume_share |       0 |       0 |        0.01 | pbs_genopt_28 | 
| ume_sweep |       0 |       0 |        0.01 |               |
| ume_ssm   |       0 |       0 |        0.01 |               |
| ume_share |       0 |       0 |        0.00 | pbs_genopt_27 | 
| ume_sweep |       0 |       0 |        0.00 |               |
| ume_ssm   |       0 |       0 |        0.00 |               |
| ume_share |       0 |       0 |        0.00 | pbs_genopt_26 | 
| ume_sweep |       0 |       0 |        0.00 |               |
| ume_ssm   |       0 |       0 |        0.00 |               |
| ume_share |       0 |       0 |        0.00 | pbs_genopt_25 | 
| ume_sweep |       0 |       0 |        0.00 |               |
| ume_ssm   |       0 |       0 |        0.00 |               |
| ume_share |       0 |       0 |        0.00 | pbs_genopt_24 | 
| ume_sweep |       0 |       0 |        0.00 |               |
| ume_ssm   |       0 |       0 |        0.00 |               |
| ume_share |       0 |       0 |        0.00 | pbs_genopt_23 | 
| ume_sweep |       0 |       0 |        0.00 |               |
| ume_ssm   |       0 |       0 |        0.00 |               |
| ume_share |       0 |       0 |        0.00 | pbs_genopt_22 | 
| ume_sweep |       0 |       0 |        0.00 |               |
| ume_ssm   |       0 |       0 |        0.00 |               |
| ume_share |       0 |       0 |        0.00 | pbs_genopt_21 | 
| ume_sweep |       0 |       0 |        0.00 |               |
| ume_ssm   |       0 |       0 |        0.00 |               |
| ume_share |       0 |       0 |        0.00 | pbs_genopt_20 | 
| ume_sweep |       0 |       0 |        0.00 |               |
| ume_ssm   |       0 |       0 |        0.00 |               |
| ume_share |       0 |       0 |        0.46 | pbs_genopt_2  | 
| ume_sweep |       0 |       0 |        0.04 |               |
| ume_ssm   |       0 |       0 |        0.01 |               |
| ume_share |       0 |       0 |        0.00 | pbs_genopt_19 | 
| ume_sweep |       0 |       0 |        0.00 |               |
| ume_ssm   |       0 |       0 |        0.00 |               |
| ume_share |       0 |       0 |        0.00 | pbs_genopt_18 | 
| ume_sweep |       0 |       0 |        0.00 |               |
| ume_ssm   |       0 |       0 |        0.00 |               |
| ume_share |       0 |       0 |        0.00 | pbs_genopt_17 | 
| ume_sweep |       0 |       0 |        0.00 |               |
| ume_ssm   |       0 |       0 |        0.00 |               |
| ume_share |       0 |       0 |        0.00 | pbs_genopt_16 | 
| ume_sweep |       0 |       0 |        0.00 |               |
| ume_ssm   |       0 |       0 |        0.00 |               |
| ume_share |       0 |       0 |        0.00 | pbs_genopt_15 | 
| ume_sweep |       0 |       0 |        0.00 |               |
| ume_ssm   |       0 |       0 |        0.00 |               |
| ume_share |       0 |       0 |        0.00 | pbs_genopt_14 | 
| ume_sweep |       0 |       0 |        0.00 |               |
| ume_ssm   |       0 |       0 |        0.00 |               |
| ume_share |       0 |       0 |        0.00 | pbs_genopt_13 | 
| ume_sweep |       0 |       0 |        0.00 |               |
| ume_ssm   |       0 |       0 |        0.00 |               |
| ume_share |       0 |       0 |        0.00 | pbs_genopt_12 | 
| ume_sweep |       0 |       0 |        0.00 |               |
| ume_ssm   |       0 |       0 |        0.00 |               |
| ume_share |       0 |       0 |        0.00 | pbs_genopt_11 | 
| ume_sweep |       0 |       0 |        0.00 |               |
| ume_ssm   |       0 |       0 |        0.00 |               |
| ume_share |       0 |       0 |        0.00 | pbs_genopt_10 | 
| ume_sweep |       0 |       0 |        0.00 |               |
| ume_ssm   |       0 |       0 |        0.00 |               |
| ume_share |       0 |       0 |        0.41 | pbs_genopt_1  | 
| ume_sweep |       0 |       0 |        0.03 |               |
| ume_ssm   |       0 |       0 |        0.01 |               |
| ume_share |       0 |       0 |        0.01 | pbs_genopt_0  | 
| ume_sweep |       0 |       0 |        0.00 |               |
| ume_ssm   |       0 |       0 |        0.00 |               |
---------------------------------------------------------------
 
Background Table : HLO::pre_rtlopt 
---------------------------------------------------------------------------------
| Transform                   | Accepts | Rejects | Runtime (s) | Netlist ID    | 
---------------------------------------------------------------------------------
| hlo_cleanup                 |       0 |       0 |        0.00 | pbs_genopt_9  | 
| hlo_clip                    |       0 |       0 |        0.00 |               |
| hlo_clip_mux_input          |       0 |       0 |        0.00 |               |
| hlo_redundancy_removal_word |      38 |       0 |       15.16 |               |
| hlo_datapath_recast         |       0 |       0 |        0.00 |               |
| hlo_optimize_datapath       |       0 |       0 |        0.00 |               |
| hlo_mux_consolidation       |       0 |       0 |        0.01 |               |
| hlo_mux_cascade_opt         |       0 |       0 |        0.01 |               |
| hlo_reduce_operator_chain   |       0 |       0 |        0.00 |               |
| hlo_identity_transform      |       0 |       0 |        0.01 |               |
| hlo_restructure             |       0 |       0 |        0.02 |               |
| hlo_reconv_opt              |       0 |       0 |        0.00 |               |
| hlo_inequality_transform    |       0 |       0 |        0.18 |               |
| hlo_constant_mux_opt        |       0 |       0 |        0.00 |               |
| hlo_mux_consolidation       |       0 |       0 |        0.01 |               |
| hlo_mux_cascade_opt         |       0 |       0 |        0.00 |               |
| hlo_chop_mux                |       0 |       0 |        0.00 |               |
| hlo_mux_decode              |       0 |       0 |        0.00 |               |
| hlo_decode_mux_sandwich     |       0 |       0 |        0.00 |               |
| hlo_infer_macro             |       0 |       0 |        0.16 |               |
| hlo_recase_casebox          |       0 |       0 |        0.17 |               |
| hlo_cleanup                 |       0 |       0 |        0.00 | pbs_genopt_8  | 
| hlo_clip                    |       0 |       0 |        0.00 |               |
| hlo_clip_mux_input          |       0 |       0 |        0.00 |               |
| hlo_redundancy_removal_word |      38 |       0 |       13.09 |               |
| hlo_datapath_recast         |       0 |       0 |        0.00 |               |
| hlo_optimize_datapath       |       0 |       0 |        0.00 |               |
| hlo_mux_consolidation       |       0 |       0 |        0.01 |               |
| hlo_mux_cascade_opt         |       0 |       0 |        0.01 |               |
| hlo_reduce_operator_chain   |       0 |       0 |        0.00 |               |
| hlo_identity_transform      |       0 |       0 |        0.01 |               |
| hlo_restructure             |       0 |       0 |        0.02 |               |
| hlo_reconv_opt              |       0 |       0 |        0.00 |               |
| hlo_inequality_transform    |       0 |       0 |        0.18 |               |
| hlo_constant_mux_opt        |       0 |       0 |        0.01 |               |
| hlo_mux_consolidation       |       0 |       0 |        0.01 |               |
| hlo_mux_cascade_opt         |       0 |       0 |        0.01 |               |
| hlo_chop_mux                |       0 |       0 |        0.00 |               |
| hlo_mux_decode              |       0 |       0 |        0.00 |               |
| hlo_decode_mux_sandwich     |       0 |       0 |        0.00 |               |
| hlo_infer_macro             |       0 |       0 |        0.16 |               |
| hlo_recase_casebox          |       0 |       0 |        0.18 |               |
| hlo_cleanup                 |       0 |       0 |        0.00 | pbs_genopt_7  | 
| hlo_clip                    |       0 |       0 |        0.00 |               |
| hlo_clip_mux_input          |       0 |       0 |        0.00 |               |
| hlo_redundancy_removal_word |      33 |       0 |       11.77 |               |
| hlo_datapath_recast         |       0 |       0 |        0.00 |               |
| hlo_optimize_datapath       |       0 |       0 |        0.00 |               |
| hlo_mux_consolidation       |       0 |       0 |        0.01 |               |
| hlo_mux_cascade_opt         |       0 |       0 |        0.00 |               |
| hlo_reduce_operator_chain   |       0 |       0 |        0.00 |               |
| hlo_identity_transform      |       0 |       0 |        0.01 |               |
| hlo_restructure             |       0 |       0 |        0.02 |               |
| hlo_reconv_opt              |       0 |       0 |        0.00 |               |
| hlo_inequality_transform    |       0 |       0 |        0.17 |               |
| hlo_constant_mux_opt        |       0 |       0 |        0.00 |               |
| hlo_mux_consolidation       |       0 |       0 |        0.01 |               |
| hlo_mux_cascade_opt         |       0 |       0 |        0.00 |               |
| hlo_chop_mux                |       0 |       0 |        0.00 |               |
| hlo_mux_decode              |       0 |       0 |        0.00 |               |
| hlo_decode_mux_sandwich     |       0 |       0 |        0.00 |               |
| hlo_infer_macro             |       0 |       0 |        0.16 |               |
| hlo_recase_casebox          |       0 |       0 |        0.17 |               |
| hlo_cleanup                 |       0 |       0 |        0.00 | pbs_genopt_6  | 
| hlo_clip                    |       0 |       0 |        0.00 |               |
| hlo_clip_mux_input          |       0 |       0 |        0.00 |               |
| hlo_redundancy_removal_word |      38 |       0 |       13.08 |               |
| hlo_datapath_recast         |       0 |       0 |        0.00 |               |
| hlo_optimize_datapath       |       0 |       0 |        0.00 |               |
| hlo_mux_consolidation       |       0 |       0 |        0.01 |               |
| hlo_mux_cascade_opt         |       0 |       0 |        0.01 |               |
| hlo_reduce_operator_chain   |       0 |       0 |        0.00 |               |
| hlo_identity_transform      |       0 |       0 |        0.01 |               |
| hlo_restructure             |       0 |       0 |        0.02 |               |
| hlo_reconv_opt              |       0 |       0 |        0.00 |               |
| hlo_inequality_transform    |       0 |       0 |        0.19 |               |
| hlo_constant_mux_opt        |       0 |       0 |        0.00 |               |
| hlo_mux_consolidation       |       0 |       0 |        0.01 |               |
| hlo_mux_cascade_opt         |       0 |       0 |        0.01 |               |
| hlo_chop_mux                |       0 |       0 |        0.00 |               |
| hlo_mux_decode              |       0 |       0 |        0.00 |               |
| hlo_decode_mux_sandwich     |       0 |       0 |        0.00 |               |
| hlo_infer_macro             |       0 |       0 |        0.18 |               |
| hlo_recase_casebox          |       0 |       0 |        0.23 |               |
| hlo_cleanup                 |       0 |       0 |        0.00 | pbs_genopt_5  | 
| hlo_clip                    |       0 |       0 |        0.00 |               |
| hlo_clip_mux_input          |       0 |       0 |        0.00 |               |
| hlo_redundancy_removal_word |      33 |       0 |       11.33 |               |
| hlo_datapath_recast         |       0 |       0 |        0.00 |               |
| hlo_optimize_datapath       |       0 |       0 |        0.00 |               |
| hlo_mux_consolidation       |       0 |       0 |        0.01 |               |
| hlo_mux_cascade_opt         |       0 |       0 |        0.00 |               |
| hlo_reduce_operator_chain   |       0 |       0 |        0.00 |               |
| hlo_identity_transform      |       0 |       0 |        0.01 |               |
| hlo_restructure             |       0 |       0 |        0.02 |               |
| hlo_reconv_opt              |       0 |       0 |        0.00 |               |
| hlo_inequality_transform    |       0 |       0 |        0.16 |               |
| hlo_constant_mux_opt        |       0 |       0 |        0.00 |               |
| hlo_mux_consolidation       |       0 |       0 |        0.01 |               |
| hlo_mux_cascade_opt         |       0 |       0 |        0.00 |               |
| hlo_chop_mux                |       0 |       0 |        0.00 |               |
| hlo_mux_decode              |       0 |       0 |        0.00 |               |
| hlo_decode_mux_sandwich     |       0 |       0 |        0.00 |               |
| hlo_infer_macro             |       0 |       0 |        0.14 |               |
| hlo_recase_casebox          |       0 |       0 |        0.16 |               |
| hlo_cleanup                 |       0 |       0 |        0.00 | pbs_genopt_4  | 
| hlo_clip                    |       0 |       0 |        0.00 |               |
| hlo_clip_mux_input          |       0 |       0 |        0.00 |               |
| hlo_redundancy_removal_word |      36 |       0 |       12.22 |               |
| hlo_datapath_recast         |       0 |       0 |        0.00 |               |
| hlo_optimize_datapath       |       0 |       0 |        0.00 |               |
| hlo_mux_consolidation       |       0 |       0 |        0.01 |               |
| hlo_mux_cascade_opt         |       0 |       0 |        0.00 |               |
| hlo_reduce_operator_chain   |       0 |       0 |        0.00 |               |
| hlo_identity_transform      |       0 |       0 |        0.01 |               |
| hlo_restructure             |       0 |       0 |        0.02 |               |
| hlo_reconv_opt              |       0 |       0 |        0.00 |               |
| hlo_inequality_transform    |       0 |       0 |        0.17 |               |
| hlo_constant_mux_opt        |       0 |       0 |        0.00 |               |
| hlo_mux_consolidation       |       0 |       0 |        0.01 |               |
| hlo_mux_cascade_opt         |       0 |       0 |        0.00 |               |
| hlo_chop_mux                |       0 |       0 |        0.00 |               |
| hlo_mux_decode              |       0 |       0 |        0.00 |               |
| hlo_decode_mux_sandwich     |       0 |       0 |        0.00 |               |
| hlo_infer_macro             |       0 |       0 |        0.15 |               |
| hlo_recase_casebox          |       0 |       0 |        0.16 |               |
| hlo_cleanup                 |       0 |       0 |        0.00 | pbs_genopt_37 | 
| hlo_clip                    |       0 |       0 |        0.00 |               |
| hlo_clip_mux_input          |       0 |       0 |        0.00 |               |
| hlo_redundancy_removal_word |     114 |       0 |       13.88 |               |
| hlo_datapath_recast         |       0 |       0 |        0.00 |               |
| hlo_optimize_datapath       |       0 |       0 |        0.00 |               |
| hlo_mux_consolidation       |       0 |       0 |        0.01 |               |
| hlo_mux_cascade_opt         |       0 |       0 |        0.00 |               |
| hlo_reduce_operator_chain   |       0 |       0 |        0.00 |               |
| hlo_identity_transform      |       0 |       0 |        0.01 |               |
| hlo_restructure             |       0 |       0 |        0.03 |               |
| hlo_reconv_opt              |       0 |       0 |        0.00 |               |
| hlo_inequality_transform    |       0 |       0 |        0.17 |               |
| hlo_constant_mux_opt        |       0 |       0 |        0.00 |               |
| hlo_mux_consolidation       |       0 |       0 |        0.01 |               |
| hlo_mux_cascade_opt         |       0 |       0 |        0.00 |               |
| hlo_chop_mux                |       0 |       0 |        0.00 |               |
| hlo_mux_decode              |       0 |       0 |        0.00 |               |
| hlo_decode_mux_sandwich     |       0 |       0 |        0.00 |               |
| hlo_infer_macro             |       0 |      62 |        0.16 |               |
| hlo_recase_casebox          |       0 |       0 |        0.20 |               |
| hlo_cleanup                 |       0 |       0 |        0.00 | pbs_genopt_36 | 
| hlo_clip                    |       0 |       0 |        0.00 |               |
| hlo_clip_mux_input          |       0 |       0 |        0.00 |               |
| hlo_redundancy_removal_word |     114 |       0 |       12.13 |               |
| hlo_datapath_recast         |       0 |       0 |        0.00 |               |
| hlo_optimize_datapath       |       0 |       0 |        0.00 |               |
| hlo_mux_consolidation       |       0 |       0 |        0.01 |               |
| hlo_mux_cascade_opt         |       0 |       0 |        0.00 |               |
| hlo_reduce_operator_chain   |       0 |       0 |        0.00 |               |
| hlo_identity_transform      |       0 |       0 |        0.01 |               |
| hlo_restructure             |       0 |       0 |        0.03 |               |
| hlo_reconv_opt              |       0 |       0 |        0.00 |               |
| hlo_inequality_transform    |       0 |       0 |        0.20 |               |
| hlo_constant_mux_opt        |       0 |       0 |        0.00 |               |
| hlo_mux_consolidation       |       0 |       0 |        0.01 |               |
| hlo_mux_cascade_opt         |       0 |       0 |        0.00 |               |
| hlo_chop_mux                |       0 |       0 |        0.00 |               |
| hlo_mux_decode              |       0 |       0 |        0.00 |               |
| hlo_decode_mux_sandwich     |       0 |       0 |        0.00 |               |
| hlo_infer_macro             |       0 |      60 |        0.16 |               |
| hlo_recase_casebox          |       0 |       0 |        0.23 |               |
| hlo_cleanup                 |       0 |       0 |        0.00 | pbs_genopt_35 | 
| hlo_clip                    |       0 |       0 |        0.00 |               |
| hlo_clip_mux_input          |       0 |       0 |        0.00 |               |
| hlo_redundancy_removal_word |     113 |       0 |       11.38 |               |
| hlo_datapath_recast         |       0 |       0 |        0.00 |               |
| hlo_optimize_datapath       |       0 |       0 |        0.00 |               |
| hlo_mux_consolidation       |       0 |       0 |        0.01 |               |
| hlo_mux_cascade_opt         |       0 |       0 |        0.00 |               |
| hlo_reduce_operator_chain   |       0 |       0 |        0.00 |               |
| hlo_identity_transform      |       0 |       0 |        0.01 |               |
| hlo_restructure             |       0 |       0 |        0.03 |               |
| hlo_reconv_opt              |       0 |       0 |        0.00 |               |
| hlo_inequality_transform    |       0 |       0 |        0.15 |               |
| hlo_constant_mux_opt        |       0 |       0 |        0.00 |               |
| hlo_mux_consolidation       |       0 |       0 |        0.01 |               |
| hlo_mux_cascade_opt         |       0 |       0 |        0.00 |               |
| hlo_chop_mux                |       0 |       0 |        0.00 |               |
| hlo_mux_decode              |       0 |       0 |        0.00 |               |
| hlo_decode_mux_sandwich     |       0 |       0 |        0.00 |               |
| hlo_infer_macro             |       0 |      60 |        0.14 |               |
| hlo_recase_casebox          |       0 |       0 |        0.17 |               |
| hlo_cleanup                 |       0 |       0 |        0.00 | pbs_genopt_34 | 
| hlo_clip                    |       0 |       0 |        0.00 |               |
| hlo_clip_mux_input          |       0 |       0 |        0.00 |               |
| hlo_redundancy_removal_word |     139 |       0 |       14.36 |               |
| hlo_datapath_recast         |       0 |       0 |        0.00 |               |
| hlo_optimize_datapath       |       0 |       0 |        0.00 |               |
| hlo_mux_consolidation       |       0 |       0 |        0.01 |               |
| hlo_mux_cascade_opt         |       0 |       0 |        0.00 |               |
| hlo_reduce_operator_chain   |       0 |       0 |        0.00 |               |
| hlo_identity_transform      |       0 |       0 |        0.02 |               |
| hlo_restructure             |       0 |       0 |        0.04 |               |
| hlo_reconv_opt              |       0 |       0 |        0.00 |               |
| hlo_inequality_transform    |       0 |       0 |        0.21 |               |
| hlo_constant_mux_opt        |       0 |       0 |        0.00 |               |
| hlo_mux_consolidation       |       0 |       0 |        0.01 |               |
| hlo_mux_cascade_opt         |       0 |       0 |        0.00 |               |
| hlo_chop_mux                |       0 |       0 |        0.00 |               |
| hlo_mux_decode              |       0 |       0 |        0.00 |               |
| hlo_decode_mux_sandwich     |       0 |       0 |        0.00 |               |
| hlo_infer_macro             |       0 |      75 |        0.20 |               |
| hlo_recase_casebox          |       0 |       0 |        0.25 |               |
| hlo_cleanup                 |       0 |       0 |        0.00 | pbs_genopt_33 | 
| hlo_clip                    |       0 |       0 |        0.00 |               |
| hlo_clip_mux_input          |       0 |       0 |        0.00 |               |
| hlo_redundancy_removal_word |     140 |       0 |       15.02 |               |
| hlo_datapath_recast         |       0 |       0 |        0.00 |               |
| hlo_optimize_datapath       |       0 |       0 |        0.00 |               |
| hlo_mux_consolidation       |       0 |       0 |        0.01 |               |
| hlo_mux_cascade_opt         |       0 |       0 |        0.00 |               |
| hlo_reduce_operator_chain   |       0 |       0 |        0.00 |               |
| hlo_identity_transform      |       0 |       0 |        0.02 |               |
| hlo_restructure             |       0 |       0 |        0.03 |               |
| hlo_reconv_opt              |       0 |       0 |        0.00 |               |
| hlo_inequality_transform    |       0 |       0 |        0.21 |               |
| hlo_constant_mux_opt        |       0 |       0 |        0.00 |               |
| hlo_mux_consolidation       |       0 |       0 |        0.01 |               |
| hlo_mux_cascade_opt         |       0 |       0 |        0.00 |               |
| hlo_chop_mux                |       0 |       0 |        0.00 |               |
| hlo_mux_decode              |       0 |       0 |        0.00 |               |
| hlo_decode_mux_sandwich     |       0 |       0 |        0.00 |               |
| hlo_infer_macro             |       0 |      75 |        0.20 |               |
| hlo_recase_casebox          |       0 |       0 |        0.23 |               |
| hlo_cleanup                 |       0 |       0 |        0.00 | pbs_genopt_32 | 
| hlo_clip                    |       0 |       0 |        0.00 |               |
| hlo_clip_mux_input          |       0 |       0 |        0.00 |               |
| hlo_redundancy_removal_word |     138 |       0 |       14.14 |               |
| hlo_datapath_recast         |       0 |       0 |        0.00 |               |
| hlo_optimize_datapath       |       0 |       0 |        0.00 |               |
| hlo_mux_consolidation       |       0 |       0 |        0.01 |               |
| hlo_mux_cascade_opt         |       0 |       0 |        0.00 |               |
| hlo_reduce_operator_chain   |       0 |       0 |        0.00 |               |
| hlo_identity_transform      |       0 |       0 |        0.02 |               |
| hlo_restructure             |       0 |       0 |        0.03 |               |
| hlo_reconv_opt              |       0 |       0 |        0.00 |               |
| hlo_inequality_transform    |       0 |       0 |        0.21 |               |
| hlo_constant_mux_opt        |       0 |       0 |        0.00 |               |
| hlo_mux_consolidation       |       0 |       0 |        0.01 |               |
| hlo_mux_cascade_opt         |       0 |       0 |        0.00 |               |
| hlo_chop_mux                |       0 |       0 |        0.00 |               |
| hlo_mux_decode              |       0 |       0 |        0.00 |               |
| hlo_decode_mux_sandwich     |       0 |       0 |        0.00 |               |
| hlo_infer_macro             |       0 |      75 |        0.19 |               |
| hlo_recase_casebox          |       0 |       0 |        0.23 |               |
| hlo_cleanup                 |       0 |       0 |        0.00 | pbs_genopt_31 | 
| hlo_clip                    |       0 |       0 |        0.00 |               |
| hlo_clip_mux_input          |       0 |       0 |        0.00 |               |
| hlo_redundancy_removal_word |     138 |       0 |       15.47 |               |
| hlo_datapath_recast         |       0 |       0 |        0.00 |               |
| hlo_optimize_datapath       |       0 |       0 |        0.00 |               |
| hlo_mux_consolidation       |       0 |       0 |        0.01 |               |
| hlo_mux_cascade_opt         |       0 |       0 |        0.01 |               |
| hlo_reduce_operator_chain   |       0 |       0 |        0.00 |               |
| hlo_identity_transform      |       0 |       0 |        0.02 |               |
| hlo_restructure             |       0 |       0 |        0.03 |               |
| hlo_reconv_opt              |       0 |       0 |        0.00 |               |
| hlo_inequality_transform    |       0 |       0 |        0.22 |               |
| hlo_constant_mux_opt        |       0 |       0 |        0.00 |               |
| hlo_mux_consolidation       |       0 |       0 |        0.01 |               |
| hlo_mux_cascade_opt         |       0 |       0 |        0.00 |               |
| hlo_chop_mux                |       0 |       0 |        0.00 |               |
| hlo_mux_decode              |       0 |       0 |        0.00 |               |
| hlo_decode_mux_sandwich     |       0 |       0 |        0.00 |               |
| hlo_infer_macro             |       0 |      75 |        0.20 |               |
| hlo_recase_casebox          |       0 |       0 |        0.24 |               |
| hlo_cleanup                 |       0 |       0 |        0.00 | pbs_genopt_30 | 
| hlo_clip                    |       0 |       0 |        0.00 |               |
| hlo_clip_mux_input          |       0 |       0 |        0.00 |               |
| hlo_redundancy_removal_word |      38 |       0 |       13.58 |               |
| hlo_datapath_recast         |       0 |       0 |        0.00 |               |
| hlo_optimize_datapath       |       0 |       0 |        0.00 |               |
| hlo_mux_consolidation       |       0 |       0 |        0.01 |               |
| hlo_mux_cascade_opt         |       0 |       0 |        0.01 |               |
| hlo_reduce_operator_chain   |       0 |       0 |        0.00 |               |
| hlo_identity_transform      |       0 |       0 |        0.01 |               |
| hlo_restructure             |       0 |       0 |        0.02 |               |
| hlo_reconv_opt              |       0 |       0 |        0.00 |               |
| hlo_inequality_transform    |       0 |       0 |        0.20 |               |
| hlo_constant_mux_opt        |       0 |       0 |        0.00 |               |
| hlo_mux_consolidation       |       0 |       0 |        0.01 |               |
| hlo_mux_cascade_opt         |       0 |       0 |        0.00 |               |
| hlo_chop_mux                |       0 |       0 |        0.00 |               |
| hlo_mux_decode              |       0 |       0 |        0.00 |               |
| hlo_decode_mux_sandwich     |       0 |       0 |        0.00 |               |
| hlo_infer_macro             |       0 |       0 |        0.18 |               |
| hlo_recase_casebox          |       0 |       0 |        0.18 |               |
| hlo_cleanup                 |       0 |       0 |        0.00 | pbs_genopt_3  | 
| hlo_clip                    |       0 |       0 |        0.00 |               |
| hlo_clip_mux_input          |       0 |       0 |        0.00 |               |
| hlo_redundancy_removal_word |      36 |       0 |       13.17 |               |
| hlo_datapath_recast         |       0 |       0 |        0.00 |               |
| hlo_optimize_datapath       |       0 |       0 |        0.00 |               |
| hlo_mux_consolidation       |       0 |       0 |        0.01 |               |
| hlo_mux_cascade_opt         |       0 |       0 |        0.00 |               |
| hlo_reduce_operator_chain   |       0 |       0 |        0.00 |               |
| hlo_identity_transform      |       0 |       0 |        0.01 |               |
| hlo_restructure             |       0 |       0 |        0.02 |               |
| hlo_reconv_opt              |       0 |       0 |        0.00 |               |
| hlo_inequality_transform    |       0 |       0 |        0.15 |               |
| hlo_constant_mux_opt        |       0 |       0 |        0.00 |               |
| hlo_mux_consolidation       |       0 |       0 |        0.01 |               |
| hlo_mux_cascade_opt         |       0 |       0 |        0.00 |               |
| hlo_chop_mux                |       0 |       0 |        0.00 |               |
| hlo_mux_decode              |       0 |       0 |        0.00 |               |
| hlo_decode_mux_sandwich     |       0 |       0 |        0.00 |               |
| hlo_infer_macro             |       0 |       0 |        0.14 |               |
| hlo_recase_casebox          |       0 |       0 |        0.16 |               |
| hlo_cleanup                 |       0 |       0 |        0.00 | pbs_genopt_29 | 
| hlo_clip                    |       0 |       0 |        0.00 |               |
| hlo_clip_mux_input          |       0 |       0 |        0.00 |               |
| hlo_redundancy_removal_word |      38 |       0 |       13.19 |               |
| hlo_datapath_recast         |       0 |       0 |        0.00 |               |
| hlo_optimize_datapath       |       0 |       0 |        0.00 |               |
| hlo_mux_consolidation       |       0 |       0 |        0.01 |               |
| hlo_mux_cascade_opt         |       0 |       0 |        0.01 |               |
| hlo_reduce_operator_chain   |       0 |       0 |        0.00 |               |
| hlo_identity_transform      |       0 |       0 |        0.01 |               |
| hlo_restructure             |       0 |       0 |        0.02 |               |
| hlo_reconv_opt              |       0 |       0 |        0.00 |               |
| hlo_inequality_transform    |       0 |       0 |        0.19 |               |
| hlo_constant_mux_opt        |       0 |       0 |        0.01 |               |
| hlo_mux_consolidation       |       0 |       0 |        0.01 |               |
| hlo_mux_cascade_opt         |       0 |       0 |        0.01 |               |
| hlo_chop_mux                |       0 |       0 |        0.00 |               |
| hlo_mux_decode              |       0 |       0 |        0.00 |               |
| hlo_decode_mux_sandwich     |       0 |       0 |        0.00 |               |
| hlo_infer_macro             |       0 |       0 |        0.18 |               |
| hlo_recase_casebox          |       0 |       0 |        0.20 |               |
| hlo_cleanup                 |       0 |       0 |        0.00 | pbs_genopt_28 | 
| hlo_clip                    |       0 |       0 |        0.00 |               |
| hlo_clip_mux_input          |       0 |       0 |        0.00 |               |
| hlo_redundancy_removal_word |      37 |       0 |       11.88 |               |
| hlo_datapath_recast         |       0 |       0 |        0.00 |               |
| hlo_optimize_datapath       |       0 |       0 |        0.00 |               |
| hlo_mux_consolidation       |       0 |       0 |        0.01 |               |
| hlo_mux_cascade_opt         |       0 |       0 |        0.00 |               |
| hlo_reduce_operator_chain   |       0 |       0 |        0.00 |               |
| hlo_identity_transform      |       0 |       0 |        0.01 |               |
| hlo_restructure             |       0 |       0 |        0.02 |               |
| hlo_reconv_opt              |       0 |       0 |        0.00 |               |
| hlo_inequality_transform    |       0 |       0 |        0.17 |               |
| hlo_constant_mux_opt        |       0 |       0 |        0.00 |               |
| hlo_mux_consolidation       |       0 |       0 |        0.01 |               |
| hlo_mux_cascade_opt         |       0 |       0 |        0.00 |               |
| hlo_chop_mux                |       0 |       0 |        0.00 |               |
| hlo_mux_decode              |       0 |       0 |        0.00 |               |
| hlo_decode_mux_sandwich     |       0 |       0 |        0.00 |               |
| hlo_infer_macro             |       0 |       0 |        0.16 |               |
| hlo_recase_casebox          |       0 |       0 |        0.17 |               |
| hlo_cleanup                 |       0 |       0 |        0.00 | pbs_genopt_27 | 
| hlo_clip                    |       0 |       0 |        0.00 |               |
| hlo_clip_mux_input          |       0 |       0 |        0.00 |               |
| hlo_redundancy_removal_word |      38 |       0 |       13.99 |               |
| hlo_datapath_recast         |       0 |       0 |        0.00 |               |
| hlo_optimize_datapath       |       0 |       0 |        0.00 |               |
| hlo_mux_consolidation       |       0 |       0 |        0.01 |               |
| hlo_mux_cascade_opt         |       0 |       0 |        0.00 |               |
| hlo_reduce_operator_chain   |       0 |       0 |        0.00 |               |
| hlo_identity_transform      |       0 |       0 |        0.01 |               |
| hlo_restructure             |       0 |       0 |        0.02 |               |
| hlo_reconv_opt              |       0 |       0 |        0.00 |               |
| hlo_inequality_transform    |       0 |       0 |        0.18 |               |
| hlo_constant_mux_opt        |       0 |       0 |        0.00 |               |
| hlo_mux_consolidation       |       0 |       0 |        0.01 |               |
| hlo_mux_cascade_opt         |       0 |       0 |        0.01 |               |
| hlo_chop_mux                |       0 |       0 |        0.00 |               |
| hlo_mux_decode              |       0 |       0 |        0.00 |               |
| hlo_decode_mux_sandwich     |       0 |       0 |        0.00 |               |
| hlo_infer_macro             |       0 |       0 |        0.17 |               |
| hlo_recase_casebox          |       0 |       0 |        0.17 |               |
| hlo_cleanup                 |       0 |       0 |        0.00 | pbs_genopt_26 | 
| hlo_clip                    |       0 |       0 |        0.00 |               |
| hlo_clip_mux_input          |       0 |       0 |        0.00 |               |
| hlo_redundancy_removal_word |      38 |       0 |       15.53 |               |
| hlo_datapath_recast         |       0 |       0 |        0.00 |               |
| hlo_optimize_datapath       |       0 |       0 |        0.00 |               |
| hlo_mux_consolidation       |       0 |       0 |        0.01 |               |
| hlo_mux_cascade_opt         |       0 |       0 |        0.01 |               |
| hlo_reduce_operator_chain   |       0 |       0 |        0.00 |               |
| hlo_identity_transform      |       0 |       0 |        0.02 |               |
| hlo_restructure             |       0 |       0 |        0.02 |               |
| hlo_reconv_opt              |       0 |       0 |        0.00 |               |
| hlo_inequality_transform    |       0 |       0 |        0.19 |               |
| hlo_constant_mux_opt        |       0 |       0 |        0.00 |               |
| hlo_mux_consolidation       |       0 |       0 |        0.01 |               |
| hlo_mux_cascade_opt         |       0 |       0 |        0.00 |               |
| hlo_chop_mux                |       0 |       0 |        0.00 |               |
| hlo_mux_decode              |       0 |       0 |        0.00 |               |
| hlo_decode_mux_sandwich     |       0 |       0 |        0.00 |               |
| hlo_infer_macro             |       0 |       0 |        0.17 |               |
| hlo_recase_casebox          |       0 |       0 |        0.20 |               |
| hlo_cleanup                 |       0 |       0 |        0.00 | pbs_genopt_25 | 
| hlo_clip                    |       0 |       0 |        0.00 |               |
| hlo_clip_mux_input          |       0 |       0 |        0.00 |               |
| hlo_redundancy_removal_word |      36 |       0 |       12.67 |               |
| hlo_datapath_recast         |       0 |       0 |        0.00 |               |
| hlo_optimize_datapath       |       0 |       0 |        0.00 |               |
| hlo_mux_consolidation       |       0 |       0 |        0.01 |               |
| hlo_mux_cascade_opt         |       0 |       0 |        0.00 |               |
| hlo_reduce_operator_chain   |       0 |       0 |        0.00 |               |
| hlo_identity_transform      |       0 |       0 |        0.01 |               |
| hlo_restructure             |       0 |       0 |        0.02 |               |
| hlo_reconv_opt              |       0 |       0 |        0.00 |               |
| hlo_inequality_transform    |       0 |       0 |        0.17 |               |
| hlo_constant_mux_opt        |       0 |       0 |        0.00 |               |
| hlo_mux_consolidation       |       0 |       0 |        0.01 |               |
| hlo_mux_cascade_opt         |       0 |       0 |        0.00 |               |
| hlo_chop_mux                |       0 |       0 |        0.00 |               |
| hlo_mux_decode              |       0 |       0 |        0.00 |               |
| hlo_decode_mux_sandwich     |       0 |       0 |        0.00 |               |
| hlo_infer_macro             |       0 |       0 |        0.16 |               |
| hlo_recase_casebox          |       0 |       0 |        0.17 |               |
| hlo_cleanup                 |       0 |       0 |        0.00 | pbs_genopt_24 | 
| hlo_clip                    |       0 |       0 |        0.00 |               |
| hlo_clip_mux_input          |       0 |       0 |        0.01 |               |
| hlo_redundancy_removal_word |      38 |       0 |       14.75 |               |
| hlo_datapath_recast         |       0 |       0 |        0.00 |               |
| hlo_optimize_datapath       |       0 |       0 |        0.00 |               |
| hlo_mux_consolidation       |       0 |       0 |        0.01 |               |
| hlo_mux_cascade_opt         |       0 |       0 |        0.00 |               |
| hlo_reduce_operator_chain   |       0 |       0 |        0.00 |               |
| hlo_identity_transform      |       0 |       0 |        0.01 |               |
| hlo_restructure             |       0 |       0 |        0.02 |               |
| hlo_reconv_opt              |       0 |       0 |        0.00 |               |
| hlo_inequality_transform    |       0 |       0 |        0.19 |               |
| hlo_constant_mux_opt        |       0 |       0 |        0.00 |               |
| hlo_mux_consolidation       |       0 |       0 |        0.01 |               |
| hlo_mux_cascade_opt         |       0 |       0 |        0.01 |               |
| hlo_chop_mux                |       0 |       0 |        0.00 |               |
| hlo_mux_decode              |       0 |       0 |        0.00 |               |
| hlo_decode_mux_sandwich     |       0 |       0 |        0.00 |               |
| hlo_infer_macro             |       0 |       0 |        0.17 |               |
| hlo_recase_casebox          |       0 |       0 |        0.21 |               |
| hlo_cleanup                 |       0 |       0 |        0.00 | pbs_genopt_23 | 
| hlo_clip                    |       0 |       0 |        0.00 |               |
| hlo_clip_mux_input          |       0 |       0 |        0.00 |               |
| hlo_redundancy_removal_word |      37 |       0 |       13.12 |               |
| hlo_datapath_recast         |       0 |       0 |        0.00 |               |
| hlo_optimize_datapath       |       0 |       0 |        0.00 |               |
| hlo_mux_consolidation       |       0 |       0 |        0.01 |               |
| hlo_mux_cascade_opt         |       0 |       0 |        0.00 |               |
| hlo_reduce_operator_chain   |       0 |       0 |        0.00 |               |
| hlo_identity_transform      |       0 |       0 |        0.01 |               |
| hlo_restructure             |       0 |       0 |        0.02 |               |
| hlo_reconv_opt              |       0 |       0 |        0.00 |               |
| hlo_inequality_transform    |       0 |       0 |        0.17 |               |
| hlo_constant_mux_opt        |       0 |       0 |        0.00 |               |
| hlo_mux_consolidation       |       0 |       0 |        0.01 |               |
| hlo_mux_cascade_opt         |       0 |       0 |        0.00 |               |
| hlo_chop_mux                |       0 |       0 |        0.00 |               |
| hlo_mux_decode              |       0 |       0 |        0.00 |               |
| hlo_decode_mux_sandwich     |       0 |       0 |        0.00 |               |
| hlo_infer_macro             |       0 |       0 |        0.17 |               |
| hlo_recase_casebox          |       0 |       0 |        0.17 |               |
| hlo_cleanup                 |       0 |       0 |        0.00 | pbs_genopt_22 | 
| hlo_clip                    |       0 |       0 |        0.00 |               |
| hlo_clip_mux_input          |       0 |       0 |        0.00 |               |
| hlo_redundancy_removal_word |      38 |       0 |       12.97 |               |
| hlo_datapath_recast         |       0 |       0 |        0.00 |               |
| hlo_optimize_datapath       |       0 |       0 |        0.00 |               |
| hlo_mux_consolidation       |       0 |       0 |        0.01 |               |
| hlo_mux_cascade_opt         |       0 |       0 |        0.00 |               |
| hlo_reduce_operator_chain   |       0 |       0 |        0.00 |               |
| hlo_identity_transform      |       0 |       0 |        0.01 |               |
| hlo_restructure             |       0 |       0 |        0.02 |               |
| hlo_reconv_opt              |       0 |       0 |        0.00 |               |
| hlo_inequality_transform    |       0 |       0 |        0.17 |               |
| hlo_constant_mux_opt        |       0 |       0 |        0.00 |               |
| hlo_mux_consolidation       |       0 |       0 |        0.01 |               |
| hlo_mux_cascade_opt         |       0 |       0 |        0.00 |               |
| hlo_chop_mux                |       0 |       0 |        0.00 |               |
| hlo_mux_decode              |       0 |       0 |        0.00 |               |
| hlo_decode_mux_sandwich     |       0 |       0 |        0.00 |               |
| hlo_infer_macro             |       0 |       0 |        0.15 |               |
| hlo_recase_casebox          |       0 |       0 |        0.18 |               |
| hlo_cleanup                 |       0 |       0 |        0.00 | pbs_genopt_21 | 
| hlo_clip                    |       0 |       0 |        0.00 |               |
| hlo_clip_mux_input          |       0 |       0 |        0.00 |               |
| hlo_redundancy_removal_word |      38 |       0 |       13.92 |               |
| hlo_datapath_recast         |       0 |       0 |        0.00 |               |
| hlo_optimize_datapath       |       0 |       0 |        0.00 |               |
| hlo_mux_consolidation       |       0 |       0 |        0.01 |               |
| hlo_mux_cascade_opt         |       0 |       0 |        0.00 |               |
| hlo_reduce_operator_chain   |       0 |       0 |        0.00 |               |
| hlo_identity_transform      |       0 |       0 |        0.01 |               |
| hlo_restructure             |       0 |       0 |        0.02 |               |
| hlo_reconv_opt              |       0 |       0 |        0.00 |               |
| hlo_inequality_transform    |       0 |       0 |        0.17 |               |
| hlo_constant_mux_opt        |       0 |       0 |        0.00 |               |
| hlo_mux_consolidation       |       0 |       0 |        0.01 |               |
| hlo_mux_cascade_opt         |       0 |       0 |        0.00 |               |
| hlo_chop_mux                |       0 |       0 |        0.00 |               |
| hlo_mux_decode              |       0 |       0 |        0.00 |               |
| hlo_decode_mux_sandwich     |       0 |       0 |        0.00 |               |
| hlo_infer_macro             |       0 |       0 |        0.16 |               |
| hlo_recase_casebox          |       0 |       0 |        0.18 |               |
| hlo_cleanup                 |       0 |       0 |        0.00 | pbs_genopt_20 | 
| hlo_clip                    |       0 |       0 |        0.00 |               |
| hlo_clip_mux_input          |       0 |       0 |        0.00 |               |
| hlo_redundancy_removal_word |      36 |       0 |       11.82 |               |
| hlo_datapath_recast         |       0 |       0 |        0.00 |               |
| hlo_optimize_datapath       |       0 |       0 |        0.00 |               |
| hlo_mux_consolidation       |       0 |       0 |        0.01 |               |
| hlo_mux_cascade_opt         |       0 |       0 |        0.00 |               |
| hlo_reduce_operator_chain   |       0 |       0 |        0.00 |               |
| hlo_identity_transform      |       0 |       0 |        0.01 |               |
| hlo_restructure             |       0 |       0 |        0.02 |               |
| hlo_reconv_opt              |       0 |       0 |        0.00 |               |
| hlo_inequality_transform    |       0 |       0 |        0.16 |               |
| hlo_constant_mux_opt        |       0 |       0 |        0.00 |               |
| hlo_mux_consolidation       |       0 |       0 |        0.01 |               |
| hlo_mux_cascade_opt         |       0 |       0 |        0.00 |               |
| hlo_chop_mux                |       0 |       0 |        0.00 |               |
| hlo_mux_decode              |       0 |       0 |        0.00 |               |
| hlo_decode_mux_sandwich     |       0 |       0 |        0.00 |               |
| hlo_infer_macro             |       0 |       0 |        0.15 |               |
| hlo_recase_casebox          |       0 |       0 |        0.16 |               |
| hlo_cleanup                 |       0 |       0 |        0.01 | pbs_genopt_2  | 
| hlo_clip                    |       0 |       0 |        0.01 |               |
| hlo_clip_mux_input          |       0 |       0 |        0.04 |               |
| hlo_redundancy_removal_word |       0 |       0 |        3.43 |               |
| hlo_datapath_recast         |       0 |       0 |        0.01 |               |
| hlo_optimize_datapath       |       0 |       0 |        0.01 |               |
| hlo_mux_consolidation       |       0 |       0 |        0.19 |               |
| hlo_mux_cascade_opt         |       0 |       0 |        0.05 |               |
| hlo_reduce_operator_chain   |       0 |       0 |        0.05 |               |
| hlo_identity_transform      |       0 |       0 |        0.44 |               |
| hlo_restructure             |       0 |       0 |        0.91 |               |
| hlo_reconv_opt              |       0 |       0 |        0.03 |               |
| hlo_inequality_transform    |       0 |       0 |        1.84 |               |
| hlo_constant_mux_opt        |       0 |       0 |        0.04 |               |
| hlo_mux_consolidation       |       0 |       0 |        0.19 |               |
| hlo_mux_cascade_opt         |       0 |       0 |        0.05 |               |
| hlo_chop_mux                |       0 |       0 |        0.08 |               |
| hlo_mux_decode              |       0 |       0 |        0.01 |               |
| hlo_decode_mux_sandwich     |       0 |       0 |        0.01 |               |
| hlo_infer_macro             |       0 |       0 |        1.48 |               |
| hlo_recase_casebox          |       0 |       0 |        3.47 |               |
| hlo_cleanup                 |       0 |       0 |        0.00 | pbs_genopt_19 | 
| hlo_clip                    |       0 |       0 |        0.00 |               |
| hlo_clip_mux_input          |       0 |       0 |        0.00 |               |
| hlo_redundancy_removal_word |      38 |       0 |       13.16 |               |
| hlo_datapath_recast         |       0 |       0 |        0.00 |               |
| hlo_optimize_datapath       |       0 |       0 |        0.00 |               |
| hlo_mux_consolidation       |       0 |       0 |        0.01 |               |
| hlo_mux_cascade_opt         |       0 |       0 |        0.00 |               |
| hlo_reduce_operator_chain   |       0 |       0 |        0.00 |               |
| hlo_identity_transform      |       0 |       0 |        0.01 |               |
| hlo_restructure             |       0 |       0 |        0.02 |               |
| hlo_reconv_opt              |       0 |       0 |        0.00 |               |
| hlo_inequality_transform    |       0 |       0 |        0.16 |               |
| hlo_constant_mux_opt        |       0 |       0 |        0.00 |               |
| hlo_mux_consolidation       |       0 |       0 |        0.01 |               |
| hlo_mux_cascade_opt         |       0 |       0 |        0.00 |               |
| hlo_chop_mux                |       0 |       0 |        0.00 |               |
| hlo_mux_decode              |       0 |       0 |        0.00 |               |
| hlo_decode_mux_sandwich     |       0 |       0 |        0.00 |               |
| hlo_infer_macro             |       0 |       0 |        0.15 |               |
| hlo_recase_casebox          |       0 |       0 |        0.20 |               |
| hlo_cleanup                 |       0 |       0 |        0.00 | pbs_genopt_18 | 
| hlo_clip                    |       0 |       0 |        0.00 |               |
| hlo_clip_mux_input          |       0 |       0 |        0.00 |               |
| hlo_redundancy_removal_word |      35 |       0 |       11.99 |               |
| hlo_datapath_recast         |       0 |       0 |        0.00 |               |
| hlo_optimize_datapath       |       0 |       0 |        0.00 |               |
| hlo_mux_consolidation       |       0 |       0 |        0.01 |               |
| hlo_mux_cascade_opt         |       0 |       0 |        0.00 |               |
| hlo_reduce_operator_chain   |       0 |       0 |        0.00 |               |
| hlo_identity_transform      |       0 |       0 |        0.01 |               |
| hlo_restructure             |       0 |       0 |        0.02 |               |
| hlo_reconv_opt              |       0 |       0 |        0.00 |               |
| hlo_inequality_transform    |       0 |       0 |        0.16 |               |
| hlo_constant_mux_opt        |       0 |       0 |        0.00 |               |
| hlo_mux_consolidation       |       0 |       0 |        0.01 |               |
| hlo_mux_cascade_opt         |       0 |       0 |        0.00 |               |
| hlo_chop_mux                |       0 |       0 |        0.00 |               |
| hlo_mux_decode              |       0 |       0 |        0.00 |               |
| hlo_decode_mux_sandwich     |       0 |       0 |        0.00 |               |
| hlo_infer_macro             |       0 |       0 |        0.15 |               |
| hlo_recase_casebox          |       0 |       0 |        0.16 |               |
| hlo_cleanup                 |       0 |       0 |        0.00 | pbs_genopt_17 | 
| hlo_clip                    |       0 |       0 |        0.00 |               |
| hlo_clip_mux_input          |       0 |       0 |        0.00 |               |
| hlo_redundancy_removal_word |      37 |       0 |       12.73 |               |
| hlo_datapath_recast         |       0 |       0 |        0.00 |               |
| hlo_optimize_datapath       |       0 |       0 |        0.00 |               |
| hlo_mux_consolidation       |       0 |       0 |        0.01 |               |
| hlo_mux_cascade_opt         |       0 |       0 |        0.00 |               |
| hlo_reduce_operator_chain   |       0 |       0 |        0.00 |               |
| hlo_identity_transform      |       0 |       0 |        0.01 |               |
| hlo_restructure             |       0 |       0 |        0.02 |               |
| hlo_reconv_opt              |       0 |       0 |        0.00 |               |
| hlo_inequality_transform    |       0 |       0 |        0.19 |               |
| hlo_constant_mux_opt        |       0 |       0 |        0.01 |               |
| hlo_mux_consolidation       |       0 |       0 |        0.01 |               |
| hlo_mux_cascade_opt         |       0 |       0 |        0.00 |               |
| hlo_chop_mux                |       0 |       0 |        0.00 |               |
| hlo_mux_decode              |       0 |       0 |        0.00 |               |
| hlo_decode_mux_sandwich     |       0 |       0 |        0.00 |               |
| hlo_infer_macro             |       0 |       0 |        0.17 |               |
| hlo_recase_casebox          |       0 |       0 |        0.18 |               |
| hlo_cleanup                 |       0 |       0 |        0.00 | pbs_genopt_16 | 
| hlo_clip                    |       0 |       0 |        0.00 |               |
| hlo_clip_mux_input          |       0 |       0 |        0.00 |               |
| hlo_redundancy_removal_word |      36 |       0 |       11.84 |               |
| hlo_datapath_recast         |       0 |       0 |        0.00 |               |
| hlo_optimize_datapath       |       0 |       0 |        0.00 |               |
| hlo_mux_consolidation       |       0 |       0 |        0.01 |               |
| hlo_mux_cascade_opt         |       0 |       0 |        0.00 |               |
| hlo_reduce_operator_chain   |       0 |       0 |        0.00 |               |
| hlo_identity_transform      |       0 |       0 |        0.02 |               |
| hlo_restructure             |       0 |       0 |        0.02 |               |
| hlo_reconv_opt              |       0 |       0 |        0.00 |               |
| hlo_inequality_transform    |       0 |       0 |        0.20 |               |
| hlo_constant_mux_opt        |       0 |       0 |        0.00 |               |
| hlo_mux_consolidation       |       0 |       0 |        0.01 |               |
| hlo_mux_cascade_opt         |       0 |       0 |        0.00 |               |
| hlo_chop_mux                |       0 |       0 |        0.00 |               |
| hlo_mux_decode              |       0 |       0 |        0.00 |               |
| hlo_decode_mux_sandwich     |       0 |       0 |        0.00 |               |
| hlo_infer_macro             |       0 |       0 |        0.19 |               |
| hlo_recase_casebox          |       0 |       0 |        0.19 |               |
| hlo_cleanup                 |       0 |       0 |        0.00 | pbs_genopt_15 | 
| hlo_clip                    |       0 |       0 |        0.00 |               |
| hlo_clip_mux_input          |       0 |       0 |        0.00 |               |
| hlo_redundancy_removal_word |      38 |       0 |       13.66 |               |
| hlo_datapath_recast         |       0 |       0 |        0.00 |               |
| hlo_optimize_datapath       |       0 |       0 |        0.00 |               |
| hlo_mux_consolidation       |       0 |       0 |        0.01 |               |
| hlo_mux_cascade_opt         |       0 |       0 |        0.01 |               |
| hlo_reduce_operator_chain   |       0 |       0 |        0.01 |               |
| hlo_identity_transform      |       0 |       0 |        0.01 |               |
| hlo_restructure             |       0 |       0 |        0.02 |               |
| hlo_reconv_opt              |       0 |       0 |        0.00 |               |
| hlo_inequality_transform    |       0 |       0 |        0.19 |               |
| hlo_constant_mux_opt        |       0 |       0 |        0.00 |               |
| hlo_mux_consolidation       |       0 |       0 |        0.01 |               |
| hlo_mux_cascade_opt         |       0 |       0 |        0.01 |               |
| hlo_chop_mux                |       0 |       0 |        0.00 |               |
| hlo_mux_decode              |       0 |       0 |        0.00 |               |
| hlo_decode_mux_sandwich     |       0 |       0 |        0.00 |               |
| hlo_infer_macro             |       0 |       0 |        0.18 |               |
| hlo_recase_casebox          |       0 |       0 |        0.20 |               |
| hlo_cleanup                 |       0 |       0 |        0.00 | pbs_genopt_14 | 
| hlo_clip                    |       0 |       0 |        0.00 |               |
| hlo_clip_mux_input          |       0 |       0 |        0.00 |               |
| hlo_redundancy_removal_word |      38 |       0 |       14.68 |               |
| hlo_datapath_recast         |       0 |       0 |        0.00 |               |
| hlo_optimize_datapath       |       0 |       0 |        0.00 |               |
| hlo_mux_consolidation       |       0 |       0 |        0.01 |               |
| hlo_mux_cascade_opt         |       0 |       0 |        0.00 |               |
| hlo_reduce_operator_chain   |       0 |       0 |        0.00 |               |
| hlo_identity_transform      |       0 |       0 |        0.01 |               |
| hlo_restructure             |       0 |       0 |        0.02 |               |
| hlo_reconv_opt              |       0 |       0 |        0.00 |               |
| hlo_inequality_transform    |       0 |       0 |        0.19 |               |
| hlo_constant_mux_opt        |       0 |       0 |        0.00 |               |
| hlo_mux_consolidation       |       0 |       0 |        0.01 |               |
| hlo_mux_cascade_opt         |       0 |       0 |        0.00 |               |
| hlo_chop_mux                |       0 |       0 |        0.00 |               |
| hlo_mux_decode              |       0 |       0 |        0.00 |               |
| hlo_decode_mux_sandwich     |       0 |       0 |        0.00 |               |
| hlo_infer_macro             |       0 |       0 |        0.17 |               |
| hlo_recase_casebox          |       0 |       0 |        0.18 |               |
| hlo_cleanup                 |       0 |       0 |        0.00 | pbs_genopt_13 | 
| hlo_clip                    |       0 |       0 |        0.00 |               |
| hlo_clip_mux_input          |       0 |       0 |        0.00 |               |
| hlo_redundancy_removal_word |      35 |       0 |       12.34 |               |
| hlo_datapath_recast         |       0 |       0 |        0.00 |               |
| hlo_optimize_datapath       |       0 |       0 |        0.00 |               |
| hlo_mux_consolidation       |       0 |       0 |        0.01 |               |
| hlo_mux_cascade_opt         |       0 |       0 |        0.00 |               |
| hlo_reduce_operator_chain   |       0 |       0 |        0.00 |               |
| hlo_identity_transform      |       0 |       0 |        0.01 |               |
| hlo_restructure             |       0 |       0 |        0.02 |               |
| hlo_reconv_opt              |       0 |       0 |        0.00 |               |
| hlo_inequality_transform    |       0 |       0 |        0.16 |               |
| hlo_constant_mux_opt        |       0 |       0 |        0.00 |               |
| hlo_mux_consolidation       |       0 |       0 |        0.01 |               |
| hlo_mux_cascade_opt         |       0 |       0 |        0.00 |               |
| hlo_chop_mux                |       0 |       0 |        0.00 |               |
| hlo_mux_decode              |       0 |       0 |        0.00 |               |
| hlo_decode_mux_sandwich     |       0 |       0 |        0.00 |               |
| hlo_infer_macro             |       0 |       0 |        0.14 |               |
| hlo_recase_casebox          |       0 |       0 |        0.15 |               |
| hlo_cleanup                 |       0 |       0 |        0.00 | pbs_genopt_12 | 
| hlo_clip                    |       0 |       0 |        0.00 |               |
| hlo_clip_mux_input          |       0 |       0 |        0.00 |               |
| hlo_redundancy_removal_word |      36 |       0 |       11.83 |               |
| hlo_datapath_recast         |       0 |       0 |        0.00 |               |
| hlo_optimize_datapath       |       0 |       0 |        0.00 |               |
| hlo_mux_consolidation       |       0 |       0 |        0.01 |               |
| hlo_mux_cascade_opt         |       0 |       0 |        0.00 |               |
| hlo_reduce_operator_chain   |       0 |       0 |        0.00 |               |
| hlo_identity_transform      |       0 |       0 |        0.01 |               |
| hlo_restructure             |       0 |       0 |        0.02 |               |
| hlo_reconv_opt              |       0 |       0 |        0.00 |               |
| hlo_inequality_transform    |       0 |       0 |        0.17 |               |
| hlo_constant_mux_opt        |       0 |       0 |        0.00 |               |
| hlo_mux_consolidation       |       0 |       0 |        0.01 |               |
| hlo_mux_cascade_opt         |       0 |       0 |        0.00 |               |
| hlo_chop_mux                |       0 |       0 |        0.00 |               |
| hlo_mux_decode              |       0 |       0 |        0.00 |               |
| hlo_decode_mux_sandwich     |       0 |       0 |        0.00 |               |
| hlo_infer_macro             |       0 |       0 |        0.15 |               |
| hlo_recase_casebox          |       0 |       0 |        0.17 |               |
| hlo_cleanup                 |       0 |       0 |        0.00 | pbs_genopt_11 | 
| hlo_clip                    |       0 |       0 |        0.00 |               |
| hlo_clip_mux_input          |       0 |       0 |        0.00 |               |
| hlo_redundancy_removal_word |      37 |       0 |       14.44 |               |
| hlo_datapath_recast         |       0 |       0 |        0.00 |               |
| hlo_optimize_datapath       |       0 |       0 |        0.00 |               |
| hlo_mux_consolidation       |       0 |       0 |        0.01 |               |
| hlo_mux_cascade_opt         |       0 |       0 |        0.00 |               |
| hlo_reduce_operator_chain   |       0 |       0 |        0.00 |               |
| hlo_identity_transform      |       0 |       0 |        0.01 |               |
| hlo_restructure             |       0 |       0 |        0.02 |               |
| hlo_reconv_opt              |       0 |       0 |        0.00 |               |
| hlo_inequality_transform    |       0 |       0 |        0.17 |               |
| hlo_constant_mux_opt        |       0 |       0 |        0.00 |               |
| hlo_mux_consolidation       |       0 |       0 |        0.01 |               |
| hlo_mux_cascade_opt         |       0 |       0 |        0.00 |               |
| hlo_chop_mux                |       0 |       0 |        0.00 |               |
| hlo_mux_decode              |       0 |       0 |        0.00 |               |
| hlo_decode_mux_sandwich     |       0 |       0 |        0.00 |               |
| hlo_infer_macro             |       0 |       0 |        0.15 |               |
| hlo_recase_casebox          |       0 |       0 |        0.18 |               |
| hlo_cleanup                 |       0 |       0 |        0.00 | pbs_genopt_10 | 
| hlo_clip                    |       0 |       0 |        0.00 |               |
| hlo_clip_mux_input          |       0 |       0 |        0.00 |               |
| hlo_redundancy_removal_word |      30 |       0 |       11.23 |               |
| hlo_datapath_recast         |       0 |       0 |        0.00 |               |
| hlo_optimize_datapath       |       0 |       0 |        0.00 |               |
| hlo_mux_consolidation       |       0 |       0 |        0.01 |               |
| hlo_mux_cascade_opt         |       0 |       0 |        0.00 |               |
| hlo_reduce_operator_chain   |       0 |       0 |        0.00 |               |
| hlo_identity_transform      |       0 |       0 |        0.01 |               |
| hlo_restructure             |       0 |       0 |        0.01 |               |
| hlo_reconv_opt              |       0 |       0 |        0.00 |               |
| hlo_inequality_transform    |       0 |       0 |        0.13 |               |
| hlo_constant_mux_opt        |       0 |       0 |        0.00 |               |
| hlo_mux_consolidation       |       0 |       0 |        0.00 |               |
| hlo_mux_cascade_opt         |       0 |       0 |        0.00 |               |
| hlo_chop_mux                |       0 |       0 |        0.00 |               |
| hlo_mux_decode              |       0 |       0 |        0.00 |               |
| hlo_decode_mux_sandwich     |       0 |       0 |        0.00 |               |
| hlo_infer_macro             |       0 |       0 |        0.12 |               |
| hlo_recase_casebox          |       0 |       0 |        0.13 |               |
| hlo_cleanup                 |       0 |       0 |        0.01 | pbs_genopt_1  | 
| hlo_clip                    |       0 |       0 |        0.01 |               |
| hlo_clip_mux_input          |       0 |       0 |        0.04 |               |
| hlo_redundancy_removal_word |       0 |       0 |        3.49 |               |
| hlo_datapath_recast         |       0 |       0 |        0.01 |               |
| hlo_optimize_datapath       |       0 |       0 |        0.01 |               |
| hlo_mux_consolidation       |       0 |       0 |        0.18 |               |
| hlo_mux_cascade_opt         |       0 |       0 |        0.05 |               |
| hlo_reduce_operator_chain   |       0 |       0 |        0.05 |               |
| hlo_identity_transform      |       0 |       0 |        0.47 |               |
| hlo_restructure             |       0 |       0 |        0.92 |               |
| hlo_reconv_opt              |       0 |       0 |        0.03 |               |
| hlo_inequality_transform    |       0 |       0 |        1.92 |               |
| hlo_constant_mux_opt        |       0 |       0 |        0.04 |               |
| hlo_mux_consolidation       |       0 |       0 |        0.19 |               |
| hlo_mux_cascade_opt         |       0 |       0 |        0.05 |               |
| hlo_chop_mux                |       0 |       0 |        0.08 |               |
| hlo_mux_decode              |       0 |       0 |        0.01 |               |
| hlo_decode_mux_sandwich     |       0 |       0 |        0.01 |               |
| hlo_infer_macro             |       0 |       0 |        1.55 |               |
| hlo_recase_casebox          |       0 |       0 |        3.62 |               |
| hlo_cleanup                 |       0 |       0 |        0.00 | pbs_genopt_0  | 
| hlo_clip                    |       0 |       0 |        0.00 |               |
| hlo_clip_mux_input          |       0 |       0 |        0.00 |               |
| hlo_redundancy_removal_word |       2 |       0 |        0.34 |               |
| hlo_datapath_recast         |       0 |       0 |        0.00 |               |
| hlo_optimize_datapath       |       0 |       0 |        0.00 |               |
| hlo_mux_consolidation       |       0 |       0 |        0.01 |               |
| hlo_mux_cascade_opt         |       0 |       0 |        0.00 |               |
| hlo_reduce_operator_chain   |       0 |       0 |        0.00 |               |
| hlo_identity_transform      |       0 |       0 |        0.01 |               |
| hlo_restructure             |       0 |       0 |        0.09 |               |
| hlo_reconv_opt              |       0 |       0 |        0.00 |               |
| hlo_inequality_transform    |       0 |       0 |        0.12 |               |
| hlo_constant_mux_opt        |       0 |       0 |        0.00 |               |
| hlo_mux_consolidation       |       0 |       0 |        0.01 |               |
| hlo_mux_cascade_opt         |       0 |       0 |        0.00 |               |
| hlo_chop_mux                |       0 |       0 |        0.01 |               |
| hlo_mux_decode              |       0 |       0 |        0.00 |               |
| hlo_decode_mux_sandwich     |       0 |       0 |        0.00 |               |
| hlo_infer_macro             |       0 |       4 |        0.12 |               |
| hlo_recase_casebox          |       0 |       0 |        0.43 |               |
---------------------------------------------------------------------------------
 
Background Table : UME::post_hlo_rtlopt 
-----------------------------------------------------------------
| Trick       | Accepts | Rejects | Runtime (s) | Netlist ID    | 
-----------------------------------------------------------------
| ume_runtime |       0 |       0 |        0.00 | pbs_genopt_9  | 
| ume_runtime |       0 |       0 |        0.00 | pbs_genopt_8  | 
| ume_runtime |       0 |       0 |        0.00 | pbs_genopt_7  | 
| ume_runtime |       0 |       0 |        0.00 | pbs_genopt_6  | 
| ume_runtime |       0 |       0 |        0.00 | pbs_genopt_5  | 
| ume_runtime |       0 |       0 |        0.00 | pbs_genopt_4  | 
| ume_runtime |       0 |       0 |        0.00 | pbs_genopt_37 | 
| ume_runtime |       0 |       0 |        0.00 | pbs_genopt_36 | 
| ume_runtime |       0 |       0 |        0.00 | pbs_genopt_35 | 
| ume_runtime |       0 |       0 |        0.00 | pbs_genopt_34 | 
| ume_runtime |       0 |       0 |        0.00 | pbs_genopt_33 | 
| ume_runtime |       0 |       0 |        0.00 | pbs_genopt_32 | 
| ume_runtime |       0 |       0 |        0.00 | pbs_genopt_31 | 
| ume_runtime |       0 |       0 |        0.00 | pbs_genopt_30 | 
| ume_runtime |       0 |       0 |        0.00 | pbs_genopt_3  | 
| ume_runtime |       0 |       0 |        0.00 | pbs_genopt_29 | 
| ume_runtime |       0 |       0 |        0.00 | pbs_genopt_28 | 
| ume_runtime |       0 |       0 |        0.00 | pbs_genopt_27 | 
| ume_runtime |       0 |       0 |        0.00 | pbs_genopt_26 | 
| ume_runtime |       0 |       0 |        0.00 | pbs_genopt_25 | 
| ume_runtime |       0 |       0 |        0.00 | pbs_genopt_24 | 
| ume_runtime |       0 |       0 |        0.00 | pbs_genopt_23 | 
| ume_runtime |       0 |       0 |        0.00 | pbs_genopt_22 | 
| ume_runtime |       0 |       0 |        0.00 | pbs_genopt_21 | 
| ume_runtime |       0 |       0 |        0.00 | pbs_genopt_20 | 
| ume_runtime |       2 |       0 |        0.01 | pbs_genopt_2  | 
| ume_runtime |       2 |       0 |        0.01 |               |
| ume_runtime |       0 |       0 |        0.00 | pbs_genopt_19 | 
| ume_runtime |       0 |       0 |        0.00 | pbs_genopt_18 | 
| ume_runtime |       0 |       0 |        0.00 | pbs_genopt_17 | 
| ume_runtime |       0 |       0 |        0.00 | pbs_genopt_16 | 
| ume_runtime |       0 |       0 |        0.00 | pbs_genopt_15 | 
| ume_runtime |       0 |       0 |        0.00 | pbs_genopt_14 | 
| ume_runtime |       0 |       0 |        0.00 | pbs_genopt_13 | 
| ume_runtime |       0 |       0 |        0.00 | pbs_genopt_12 | 
| ume_runtime |       0 |       0 |        0.00 | pbs_genopt_11 | 
| ume_runtime |       0 |       0 |        0.00 | pbs_genopt_10 | 
| ume_runtime |       2 |       0 |        0.01 | pbs_genopt_1  | 
| ume_runtime |       2 |       0 |        0.01 |               |
| ume_runtime |       5 |       0 |        0.00 | pbs_genopt_0  | 
| ume_runtime |       5 |       0 |        0.00 |               |
-----------------------------------------------------------------
 
Background Table : HLO::post_rtlopt 
--------------------------------------------------------------------------------
| Transform                  | Accepts | Rejects | Runtime (s) | Netlist ID    | 
--------------------------------------------------------------------------------
| hlo_mux_reorder            |       0 |       0 |        0.00 | pbs_genopt_9  | 
| hlo_logic_reduction        |       0 |       0 |        0.01 |               |
| hlo_redundancy_removal_bit |       0 |       0 |        4.76 |               |
| hlo_mux_reorder            |       0 |       0 |        0.00 | pbs_genopt_8  | 
| hlo_logic_reduction        |       0 |       0 |        0.01 |               |
| hlo_redundancy_removal_bit |       0 |       0 |        4.46 |               |
| hlo_mux_reorder            |       0 |       0 |        0.00 | pbs_genopt_7  | 
| hlo_logic_reduction        |       0 |       0 |        0.01 |               |
| hlo_redundancy_removal_bit |       0 |       0 |        3.72 |               |
| hlo_mux_reorder            |       0 |       0 |        0.00 | pbs_genopt_6  | 
| hlo_logic_reduction        |       0 |       0 |        0.01 |               |
| hlo_redundancy_removal_bit |       0 |       0 |        4.95 |               |
| hlo_mux_reorder            |       0 |       0 |        0.00 | pbs_genopt_5  | 
| hlo_logic_reduction        |       0 |       0 |        0.00 |               |
| hlo_redundancy_removal_bit |       0 |       0 |        3.91 |               |
| hlo_mux_reorder            |       0 |       0 |        0.00 | pbs_genopt_4  | 
| hlo_logic_reduction        |       0 |       0 |        0.00 |               |
| hlo_redundancy_removal_bit |       0 |       0 |        4.18 |               |
| hlo_mux_reorder            |       0 |       0 |        0.00 | pbs_genopt_37 | 
| hlo_logic_reduction        |       0 |       0 |        0.00 |               |
| hlo_redundancy_removal_bit |       0 |       0 |        4.98 |               |
| hlo_mux_reorder            |       0 |       0 |        0.00 | pbs_genopt_36 | 
| hlo_logic_reduction        |       0 |       0 |        0.00 |               |
| hlo_redundancy_removal_bit |       0 |       0 |        3.40 |               |
| hlo_mux_reorder            |       0 |       0 |        0.00 | pbs_genopt_35 | 
| hlo_logic_reduction        |       0 |       0 |        0.00 |               |
| hlo_redundancy_removal_bit |       0 |       0 |        3.31 |               |
| hlo_mux_reorder            |       0 |       0 |        0.00 | pbs_genopt_34 | 
| hlo_logic_reduction        |       0 |       0 |        0.00 |               |
| hlo_redundancy_removal_bit |       0 |       0 |        3.70 |               |
| hlo_mux_reorder            |       0 |       0 |        0.00 | pbs_genopt_33 | 
| hlo_logic_reduction        |       0 |       0 |        0.00 |               |
| hlo_redundancy_removal_bit |       0 |       0 |        4.06 |               |
| hlo_mux_reorder            |       0 |       0 |        0.00 | pbs_genopt_32 | 
| hlo_logic_reduction        |       0 |       0 |        0.00 |               |
| hlo_redundancy_removal_bit |       0 |       0 |        3.87 |               |
| hlo_mux_reorder            |       0 |       0 |        0.00 | pbs_genopt_31 | 
| hlo_logic_reduction        |       0 |       0 |        0.00 |               |
| hlo_redundancy_removal_bit |       0 |       0 |        3.75 |               |
| hlo_mux_reorder            |       0 |       0 |        0.00 | pbs_genopt_30 | 
| hlo_logic_reduction        |       0 |       0 |        0.01 |               |
| hlo_redundancy_removal_bit |       0 |       0 |        4.82 |               |
| hlo_mux_reorder            |       0 |       0 |        0.00 | pbs_genopt_3  | 
| hlo_logic_reduction        |       0 |       0 |        0.01 |               |
| hlo_redundancy_removal_bit |       0 |       0 |        4.77 |               |
| hlo_mux_reorder            |       0 |       0 |        0.00 | pbs_genopt_29 | 
| hlo_logic_reduction        |       0 |       0 |        0.01 |               |
| hlo_redundancy_removal_bit |       0 |       0 |        5.20 |               |
| hlo_mux_reorder            |       0 |       0 |        0.00 | pbs_genopt_28 | 
| hlo_logic_reduction        |       0 |       0 |        0.01 |               |
| hlo_redundancy_removal_bit |       0 |       0 |        4.32 |               |
| hlo_mux_reorder            |       0 |       0 |        0.00 | pbs_genopt_27 | 
| hlo_logic_reduction        |       0 |       0 |        0.01 |               |
| hlo_redundancy_removal_bit |       0 |       0 |        4.46 |               |
| hlo_mux_reorder            |       0 |       0 |        0.00 | pbs_genopt_26 | 
| hlo_logic_reduction        |       0 |       0 |        0.01 |               |
| hlo_redundancy_removal_bit |       0 |       0 |        4.87 |               |
| hlo_mux_reorder            |       0 |       0 |        0.00 | pbs_genopt_25 | 
| hlo_logic_reduction        |       0 |       0 |        0.01 |               |
| hlo_redundancy_removal_bit |       0 |       0 |        4.91 |               |
| hlo_mux_reorder            |       0 |       0 |        0.00 | pbs_genopt_24 | 
| hlo_logic_reduction        |       0 |       0 |        0.01 |               |
| hlo_redundancy_removal_bit |       0 |       0 |        4.46 |               |
| hlo_mux_reorder            |       0 |       0 |        0.00 | pbs_genopt_23 | 
| hlo_logic_reduction        |       0 |       0 |        0.01 |               |
| hlo_redundancy_removal_bit |       0 |       0 |        4.47 |               |
| hlo_mux_reorder            |       0 |       0 |        0.00 | pbs_genopt_22 | 
| hlo_logic_reduction        |       0 |       0 |        0.01 |               |
| hlo_redundancy_removal_bit |       0 |       0 |        4.54 |               |
| hlo_mux_reorder            |       0 |       0 |        0.00 | pbs_genopt_21 | 
| hlo_logic_reduction        |       0 |       0 |        0.01 |               |
| hlo_redundancy_removal_bit |       0 |       0 |        4.69 |               |
| hlo_mux_reorder            |       0 |       0 |        0.00 | pbs_genopt_20 | 
| hlo_logic_reduction        |       0 |       0 |        0.01 |               |
| hlo_redundancy_removal_bit |       0 |       0 |        4.35 |               |
| hlo_mux_reorder            |       0 |       0 |        0.02 | pbs_genopt_2  | 
| hlo_logic_reduction        |       0 |       0 |        0.02 |               |
| hlo_redundancy_removal_bit |       0 |       0 |        7.14 |               |
| hlo_mux_reorder            |       0 |       0 |        0.00 | pbs_genopt_19 | 
| hlo_logic_reduction        |       0 |       0 |        0.01 |               |
| hlo_redundancy_removal_bit |       0 |       0 |        4.45 |               |
| hlo_mux_reorder            |       0 |       0 |        0.00 | pbs_genopt_18 | 
| hlo_logic_reduction        |       0 |       0 |        0.01 |               |
| hlo_redundancy_removal_bit |       0 |       0 |        4.06 |               |
| hlo_mux_reorder            |       0 |       0 |        0.00 | pbs_genopt_17 | 
| hlo_logic_reduction        |       0 |       0 |        0.01 |               |
| hlo_redundancy_removal_bit |       0 |       0 |        6.49 |               |
| hlo_mux_reorder            |       0 |       0 |        0.00 | pbs_genopt_16 | 
| hlo_logic_reduction        |       0 |       0 |        0.01 |               |
| hlo_redundancy_removal_bit |       0 |       0 |        4.73 |               |
| hlo_mux_reorder            |       0 |       0 |        0.00 | pbs_genopt_15 | 
| hlo_logic_reduction        |       0 |       0 |        0.01 |               |
| hlo_redundancy_removal_bit |       0 |       0 |        4.46 |               |
| hlo_mux_reorder            |       0 |       0 |        0.00 | pbs_genopt_14 | 
| hlo_logic_reduction        |       0 |       0 |        0.01 |               |
| hlo_redundancy_removal_bit |       0 |       0 |        4.86 |               |
| hlo_mux_reorder            |       0 |       0 |        0.00 | pbs_genopt_13 | 
| hlo_logic_reduction        |       0 |       0 |        0.01 |               |
| hlo_redundancy_removal_bit |       0 |       0 |        4.48 |               |
| hlo_mux_reorder            |       0 |       0 |        0.00 | pbs_genopt_12 | 
| hlo_logic_reduction        |       0 |       0 |        0.01 |               |
| hlo_redundancy_removal_bit |       0 |       0 |        4.44 |               |
| hlo_mux_reorder            |       0 |       0 |        0.00 | pbs_genopt_11 | 
| hlo_logic_reduction        |       0 |       0 |        0.01 |               |
| hlo_redundancy_removal_bit |       0 |       0 |        4.37 |               |
| hlo_mux_reorder            |       0 |       0 |        0.00 | pbs_genopt_10 | 
| hlo_logic_reduction        |       0 |       0 |        0.01 |               |
| hlo_redundancy_removal_bit |       0 |       0 |        3.82 |               |
| hlo_mux_reorder            |       0 |       0 |        0.02 | pbs_genopt_1  | 
| hlo_logic_reduction        |       0 |       0 |        0.02 |               |
| hlo_redundancy_removal_bit |       0 |       0 |        7.46 |               |
| hlo_mux_reorder            |       0 |       0 |        0.00 | pbs_genopt_0  | 
| hlo_logic_reduction        |       0 |       0 |        0.00 |               |
| hlo_redundancy_removal_bit |       0 |       0 |        0.49 |               |
--------------------------------------------------------------------------------
 
Background Table : HLO::post_muxopt 
---------------------------------------------------------------------
| Transform       | Accepts | Rejects | Runtime (s) | Netlist ID    | 
---------------------------------------------------------------------
| hlo_speculation |       0 |       0 |        2.34 | pbs_genopt_9  | 
| hlo_speculation |       0 |       0 |        2.12 | pbs_genopt_8  | 
| hlo_speculation |       0 |       0 |        1.74 | pbs_genopt_7  | 
| hlo_speculation |       0 |       0 |        2.19 | pbs_genopt_6  | 
| hlo_speculation |       0 |       0 |        1.62 | pbs_genopt_5  | 
| hlo_speculation |       0 |       0 |        1.76 | pbs_genopt_4  | 
| hlo_speculation |       0 |       0 |        1.48 | pbs_genopt_37 | 
| hlo_speculation |       0 |       0 |        1.39 | pbs_genopt_36 | 
| hlo_speculation |       0 |       0 |        1.33 | pbs_genopt_35 | 
| hlo_speculation |       0 |       0 |        1.59 | pbs_genopt_34 | 
| hlo_speculation |       0 |       0 |        1.71 | pbs_genopt_33 | 
| hlo_speculation |       0 |       0 |        1.71 | pbs_genopt_32 | 
| hlo_speculation |       0 |       0 |        1.58 | pbs_genopt_31 | 
| hlo_speculation |       0 |       0 |        2.02 | pbs_genopt_30 | 
| hlo_speculation |       0 |       0 |        1.96 | pbs_genopt_3  | 
| hlo_speculation |       0 |       0 |        2.40 | pbs_genopt_29 | 
| hlo_speculation |       0 |       0 |        1.99 | pbs_genopt_28 | 
| hlo_speculation |       0 |       0 |        2.12 | pbs_genopt_27 | 
| hlo_speculation |       0 |       0 |        1.97 | pbs_genopt_26 | 
| hlo_speculation |       0 |       0 |        2.08 | pbs_genopt_25 | 
| hlo_speculation |       0 |       0 |        2.11 | pbs_genopt_24 | 
| hlo_speculation |       0 |       0 |        1.93 | pbs_genopt_23 | 
| hlo_speculation |       0 |       0 |        1.95 | pbs_genopt_22 | 
| hlo_speculation |       0 |       0 |        2.09 | pbs_genopt_21 | 
| hlo_speculation |       0 |       0 |        1.75 | pbs_genopt_20 | 
| hlo_speculation |       0 |       0 |       37.67 | pbs_genopt_2  | 
| hlo_speculation |       0 |       0 |        2.01 | pbs_genopt_19 | 
| hlo_speculation |       0 |       0 |        1.70 | pbs_genopt_18 | 
| hlo_speculation |       0 |       0 |        2.00 | pbs_genopt_17 | 
| hlo_speculation |       0 |       0 |        2.10 | pbs_genopt_16 | 
| hlo_speculation |       0 |       0 |        2.12 | pbs_genopt_15 | 
| hlo_speculation |       0 |       0 |        2.33 | pbs_genopt_14 | 
| hlo_speculation |       0 |       0 |        1.91 | pbs_genopt_13 | 
| hlo_speculation |       0 |       0 |        2.00 | pbs_genopt_12 | 
| hlo_speculation |       0 |       0 |        1.91 | pbs_genopt_11 | 
| hlo_speculation |       0 |       0 |        1.59 | pbs_genopt_10 | 
| hlo_speculation |       0 |       0 |       38.55 | pbs_genopt_1  | 
| hlo_speculation |       0 |       0 |        3.40 | pbs_genopt_0  | 
---------------------------------------------------------------------
 

+-----------+----------------+-----+----------------------+---------------------------+
|   Host    |    Machine     | CPU | Physical Memory (MB) | Peak Physical Memory (MB) |
+-----------+----------------+-----+----------------------+---------------------------+
| localhost | mo.ece.pdx.edu |  8  |       21339.2        |          28110.4          |
+-----------+----------------+-----+----------------------+---------------------------+

+---------------+----------------------+---------------------------+
|    Server     | Physical Memory (MB) | Peak Physical Memory (MB) |
+---------------+----------------------+---------------------------+
| localhost_1_6 |      950.5 [1]       |          [1] [2]          |
| localhost_1_3 |      986.4 [1]       |          [1] [2]          |
| localhost_1_4 |      949.8 [1]       |          [1] [2]          |
| localhost_1_0 |      7756.4 [3]      |        14799.1 [3]        |
| localhost_1_1 |      941.3 [1]       |          [1] [2]          |
| localhost_1_2 |      1018.4 [1]      |          [1] [2]          |
| localhost_1_7 |      923.1 [1]       |          [1] [2]          |
| localhost_1_5 |      1022.4 [1]      |          [1] [2]          |
+---------------+----------------------+---------------------------+
[1] Memory is included in parent localhost_1_0.
[2] Peak physical memory is not available for forked background servers.
[3] Memory of child processes is included.

PBS_Generic-Post_Genopt - Elapsed_Time 7106, CPU_Time 7289.814394
stamp 'PBS_Generic-Post_Genopt' being created for table 'pbs_debug'

  Total Time (Wall) |  Stage Time (Wall)  |   % (Wall)   |    Date - Time     |  Memory   | Stage
--------------------+---------------------+--------------+--------------------+-----------+----------------------
 00:11:06(00:11:15) |  00:00:00(00:00:00) |   0.0(  0.0) |   10:45:13 (May30) |   8.72 GB | PBS_Generic-Start
--------------------+---------------------+--------------+--------------------+-----------+----------------------
 02:12:35(02:09:41) |  02:01:29(01:58:26) | 100.0(100.0) |   12:43:39 (May30) |  14.86 GB | PBS_Generic-Post_Genopt
--------------------+---------------------+--------------+--------------------+-----------+----------------------
Number of threads: 8 * 1   (id: pbs_debug, time_info v1.57)
Info: (*N*) indicates data that was populated from previously saved time_info database
Info: CPU time includes time of parent + longest thread
Updating ST server settings
     Generating lib_script file: /home/iwyse/common/Documents/ECE510/project/510Project/project/cadence/systolic_32x32/.pbs_mo.ece.pdx.edu_23315/lib_script
Start partitioning.  Summary: MEM {curr: 14.6G, peak: 23.8G, phys curr: 14.5G, phys peak: 27.5G}
Start partitioning design sys_top for generic optimization.
Total generic instances for partitioning: 5535264
	Generic partition 0: size 97083
	Generic partition 1: size 0
	Generic partition 2: size 109305
	Generic partition 3: size 92921
	Generic partition 4: size 109305
	Generic partition 5: size 73465
	Generic partition 6: size 109305
	Generic partition 7: size 77658
	Generic partition 8: size 109305
	Generic partition 9: size 109305
	Generic partition 10: size 93808
	Generic partition 11: size 109305
	Generic partition 12: size 0
	Generic partition 13: size 0
	Generic partition 14: size 109305
	Generic partition 15: size 92921
	Generic partition 16: size 109305
	Generic partition 17: size 73465
	Generic partition 18: size 109305
	Generic partition 19: size 77658
	Generic partition 20: size 109305
	Generic partition 21: size 109305
	Generic partition 22: size 93808
	Generic partition 23: size 109305
	Generic partition 24: size 0
	Generic partition 25: size 97812
	Generic partition 26: size 106704
	Generic partition 27: size 97812
	Generic partition 28: size 106704
	Generic partition 29: size 100776
	Generic partition 30: size 65208
	Generic partition 31: size 91884
	Generic partition 32: size 100776
	Generic partition 33: size 106704
	Generic partition 34: size 80028
	Generic partition 35: size 106704
	Generic partition 36: size 103740
	Generic partition 37: size 97812
	Generic partition 38: size 106704
	Generic partition 39: size 106704
	Generic partition 40: size 106704
	Generic partition 41: size 106704
	Generic partition 42: size 106704
	Generic partition 43: size 97812
	Generic partition 44: size 97812
	Generic partition 45: size 97812
	Generic partition 46: size 97812
	Generic partition 47: size 106704
	Generic partition 48: size 106704
	Generic partition 49: size 106704
	Generic partition 50: size 103740
	Generic partition 51: size 106704
	Generic partition 52: size 106704
	Generic partition 53: size 103740
	Generic partition 54: size 106704
	Generic partition 55: size 83864
	Generic partition 56: size 86464
	Generic partition 57: size 76136
	Generic partition 58: size 77424
	Generic partition 59: size 91793
Done partitioning.  Summary: RT {elapsed: 21s, ST: 20s}, MEM {curr: 14.6G, peak: 23.8G, phys curr: 14.5G, phys peak: 27.5G}
Start creating partition netlists.  Summary: MEM {curr: 14.6G, peak: 23.8G, phys curr: 14.5G, phys peak: 27.5G}
Done creating partition netlists.  Summary: RT {elapsed: 59s, ST: 58s}, MEM {curr: 14.6G, peak: 23.8G, phys curr: 14.6G, phys peak: 27.5G}
Start budgeting timing for partitions.  Summary: MEM {curr: 14.6G, peak: 23.8G, phys curr: 14.6G, phys peak: 27.5G}
Done budgeting timing for partitions.  Summary: RT {elapsed: 486s, ST: 558s}, MEM {curr: 26.6G, peak: 26.6G, phys curr: 26.9G, phys peak: 27.5G}
Start deriving partition netlists.  Summary: MEM {curr: 26.6G, peak: 26.6G, phys curr: 26.9G, phys peak: 27.5G}
The inst 'pbs_fcopt_0' is selected as pbs candidate. The instance cnt is: '97083'.
The inst 'pbs_fcopt_2' is selected as pbs candidate. The instance cnt is: '109305'.
The inst 'pbs_fcopt_3' is selected as pbs candidate. The instance cnt is: '92921'.
The inst 'pbs_fcopt_4' is selected as pbs candidate. The instance cnt is: '109305'.
The inst 'pbs_fcopt_5' is selected as pbs candidate. The instance cnt is: '73465'.
The inst 'pbs_fcopt_6' is selected as pbs candidate. The instance cnt is: '109305'.
The inst 'pbs_fcopt_7' is selected as pbs candidate. The instance cnt is: '77658'.
The inst 'pbs_fcopt_8' is selected as pbs candidate. The instance cnt is: '109305'.
The inst 'pbs_fcopt_9' is selected as pbs candidate. The instance cnt is: '109305'.
The inst 'pbs_fcopt_10' is selected as pbs candidate. The instance cnt is: '93808'.
The inst 'pbs_fcopt_11' is selected as pbs candidate. The instance cnt is: '109305'.
The inst 'pbs_fcopt_14' is selected as pbs candidate. The instance cnt is: '109305'.
The inst 'pbs_fcopt_15' is selected as pbs candidate. The instance cnt is: '92921'.
The inst 'pbs_fcopt_16' is selected as pbs candidate. The instance cnt is: '109305'.
The inst 'pbs_fcopt_17' is selected as pbs candidate. The instance cnt is: '73465'.
The inst 'pbs_fcopt_18' is selected as pbs candidate. The instance cnt is: '109305'.
The inst 'pbs_fcopt_19' is selected as pbs candidate. The instance cnt is: '77658'.
The inst 'pbs_fcopt_20' is selected as pbs candidate. The instance cnt is: '109305'.
The inst 'pbs_fcopt_21' is selected as pbs candidate. The instance cnt is: '109305'.
The inst 'pbs_fcopt_22' is selected as pbs candidate. The instance cnt is: '93808'.
The inst 'pbs_fcopt_23' is selected as pbs candidate. The instance cnt is: '109305'.
The inst 'pbs_fcopt_25' is selected as pbs candidate. The instance cnt is: '97812'.
The inst 'pbs_fcopt_26' is selected as pbs candidate. The instance cnt is: '106704'.
The inst 'pbs_fcopt_27' is selected as pbs candidate. The instance cnt is: '97812'.
The inst 'pbs_fcopt_28' is selected as pbs candidate. The instance cnt is: '106704'.
The inst 'pbs_fcopt_29' is selected as pbs candidate. The instance cnt is: '100776'.
The inst 'pbs_fcopt_30' is selected as pbs candidate. The instance cnt is: '65208'.
The inst 'pbs_fcopt_31' is selected as pbs candidate. The instance cnt is: '91884'.
The inst 'pbs_fcopt_32' is selected as pbs candidate. The instance cnt is: '100776'.
The inst 'pbs_fcopt_33' is selected as pbs candidate. The instance cnt is: '106704'.
The inst 'pbs_fcopt_34' is selected as pbs candidate. The instance cnt is: '80028'.
The inst 'pbs_fcopt_35' is selected as pbs candidate. The instance cnt is: '106704'.
The inst 'pbs_fcopt_36' is selected as pbs candidate. The instance cnt is: '103740'.
The inst 'pbs_fcopt_37' is selected as pbs candidate. The instance cnt is: '97812'.
The inst 'pbs_fcopt_38' is selected as pbs candidate. The instance cnt is: '106704'.
The inst 'pbs_fcopt_39' is selected as pbs candidate. The instance cnt is: '106704'.
The inst 'pbs_fcopt_40' is selected as pbs candidate. The instance cnt is: '106704'.
The inst 'pbs_fcopt_41' is selected as pbs candidate. The instance cnt is: '106704'.
The inst 'pbs_fcopt_42' is selected as pbs candidate. The instance cnt is: '106704'.
The inst 'pbs_fcopt_43' is selected as pbs candidate. The instance cnt is: '97812'.
The inst 'pbs_fcopt_44' is selected as pbs candidate. The instance cnt is: '97812'.
The inst 'pbs_fcopt_45' is selected as pbs candidate. The instance cnt is: '97812'.
The inst 'pbs_fcopt_46' is selected as pbs candidate. The instance cnt is: '97812'.
The inst 'pbs_fcopt_47' is selected as pbs candidate. The instance cnt is: '106704'.
The inst 'pbs_fcopt_48' is selected as pbs candidate. The instance cnt is: '106704'.
The inst 'pbs_fcopt_49' is selected as pbs candidate. The instance cnt is: '106704'.
The inst 'pbs_fcopt_50' is selected as pbs candidate. The instance cnt is: '103740'.
The inst 'pbs_fcopt_51' is selected as pbs candidate. The instance cnt is: '106704'.
The inst 'pbs_fcopt_52' is selected as pbs candidate. The instance cnt is: '106704'.
The inst 'pbs_fcopt_53' is selected as pbs candidate. The instance cnt is: '103740'.
The inst 'pbs_fcopt_54' is selected as pbs candidate. The instance cnt is: '106704'.
The inst 'pbs_fcopt_55' is selected as pbs candidate. The instance cnt is: '83864'.
The inst 'pbs_fcopt_56' is selected as pbs candidate. The instance cnt is: '86464'.
The inst 'pbs_fcopt_57' is selected as pbs candidate. The instance cnt is: '76136'.
The inst 'pbs_fcopt_58' is selected as pbs candidate. The instance cnt is: '77424'.
The inst 'pbs_fcopt_59' is selected as pbs candidate. The instance cnt is: '91793'.
Done deriving partition netlists.  Summary: RT {elapsed: 71s, ST: 70s}, MEM {curr: 26.6G, peak: 26.7G, phys curr: 26.9G, phys peak: 27.5G}
Wait for super-thread servers to finish loading libraries.
Start super thread servers forking.  Summary: MEM {curr: 16.9G, peak: 26.7G, phys curr: 26.8G, phys peak: 27.5G}
Info    : Connection established with super-threading server. [ST-110]
        : The server 'localhost_1_8' is forked process '18347' on this host.
Info    : Connection established with super-threading server. [ST-110]
        : The server 'localhost_1_9' is forked process '18349' on this host.
Info    : Connection established with super-threading server. [ST-110]
        : The server 'localhost_1_10' is forked process '18351' on this host.
Info    : Connection established with super-threading server. [ST-110]
        : The server 'localhost_1_11' is forked process '18354' on this host.
Info    : Connection established with super-threading server. [ST-110]
        : The server 'localhost_1_12' is forked process '18356' on this host.
Info    : Connection established with super-threading server. [ST-110]
        : The server 'localhost_1_13' is forked process '18358' on this host.
Info    : Connection established with super-threading server. [ST-110]
        : The server 'localhost_1_14' is forked process '18360' on this host.
Done super thread servers forking.  Summary: RT {elapsed: 1s, ST: 0s}, MEM {curr: 16.9G, peak: 26.7G, phys curr: 26.8G, phys peak: 27.5G}
        Distributing super-thread jobs: {pbs_fcopt_2 ./.pbs_mo.ece.pdx.edu_23315/pbs_fcopt_2.etf} {pbs_fcopt_23 ./.pbs_mo.ece.pdx.edu_23315/pbs_fcopt_23.etf} {pbs_fcopt_4 ./.pbs_mo.ece.pdx.edu_23315/pbs_fcopt_4.etf} {pbs_fcopt_21 ./.pbs_mo.ece.pdx.edu_23315/pbs_fcopt_21.etf} {pbs_fcopt_6 ./.pbs_mo.ece.pdx.edu_23315/pbs_fcopt_6.etf} {pbs_fcopt_20 ./.pbs_mo.ece.pdx.edu_23315/pbs_fcopt_20.etf} {pbs_fcopt_8 ./.pbs_mo.ece.pdx.edu_23315/pbs_fcopt_8.etf} {pbs_fcopt_9 ./.pbs_mo.ece.pdx.edu_23315/pbs_fcopt_9.etf} {pbs_fcopt_18 ./.pbs_mo.ece.pdx.edu_23315/pbs_fcopt_18.etf} {pbs_fcopt_11 ./.pbs_mo.ece.pdx.edu_23315/pbs_fcopt_11.etf} {pbs_fcopt_14 ./.pbs_mo.ece.pdx.edu_23315/pbs_fcopt_14.etf} {pbs_fcopt_16 ./.pbs_mo.ece.pdx.edu_23315/pbs_fcopt_16.etf} {pbs_fcopt_26 ./.pbs_mo.ece.pdx.edu_23315/pbs_fcopt_26.etf} {pbs_fcopt_52 ./.pbs_mo.ece.pdx.edu_23315/pbs_fcopt_52.etf} {pbs_fcopt_48 ./.pbs_mo.ece.pdx.edu_23315/pbs_fcopt_48.etf} {pbs_fcopt_54 ./.pbs_mo.ece.pdx.edu_23315/pbs_fcopt_54.etf} {pbs_fcopt_47 ./.pbs_mo.ece.pdx.edu_23315/pbs_fcopt_47.etf} {pbs_fcopt_42 ./.pbs_mo.ece.pdx.edu_23315/pbs_fcopt_42.etf} {pbs_fcopt_41 ./.pbs_mo.ece.pdx.edu_23315/pbs_fcopt_41.etf} {pbs_fcopt_49 ./.pbs_mo.ece.pdx.edu_23315/pbs_fcopt_49.etf} {pbs_fcopt_40 ./.pbs_mo.ece.pdx.edu_23315/pbs_fcopt_40.etf} {pbs_fcopt_28 ./.pbs_mo.ece.pdx.edu_23315/pbs_fcopt_28.etf} {pbs_fcopt_39 ./.pbs_mo.ece.pdx.edu_23315/pbs_fcopt_39.etf} {pbs_fcopt_51 ./.pbs_mo.ece.pdx.edu_23315/pbs_fcopt_51.etf} {pbs_fcopt_38 ./.pbs_mo.ece.pdx.edu_23315/pbs_fcopt_38.etf} {pbs_fcopt_33 ./.pbs_mo.ece.pdx.edu_23315/pbs_fcopt_33.etf} {pbs_fcopt_35 ./.pbs_mo.ece.pdx.edu_23315/pbs_fcopt_35.etf} {pbs_fcopt_50 ./.pbs_mo.ece.pdx.edu_23315/pbs_fcopt_50.etf} {pbs_fcopt_53 ./.pbs_mo.ece.pdx.edu_23315/pbs_fcopt_53.etf} {pbs_fcopt_36 ./.pbs_mo.ece.pdx.edu_23315/pbs_fcopt_36.etf} {pbs_fcopt_32 ./.pbs_mo.ece.pdx.edu_23315/pbs_fcopt_32.etf} {pbs_fcopt_29 ./.pbs_mo.ece.pdx.edu_23315/pbs_fcopt_29.etf} {pbs_fcopt_46 ./.pbs_mo.ece.pdx.edu_23315/pbs_fcopt_46.etf} {pbs_fcopt_44 ./.pbs_mo.ece.pdx.edu_23315/pbs_fcopt_44.etf} {pbs_fcopt_27 ./.pbs_mo.ece.pdx.edu_23315/pbs_fcopt_27.etf} {pbs_fcopt_25 ./.pbs_mo.ece.pdx.edu_23315/pbs_fcopt_25.etf} {pbs_fcopt_43 ./.pbs_mo.ece.pdx.edu_23315/pbs_fcopt_43.etf} {pbs_fcopt_37 ./.pbs_mo.ece.pdx.edu_23315/pbs_fcopt_37.etf} {pbs_fcopt_45 ./.pbs_mo.ece.pdx.edu_23315/pbs_fcopt_45.etf} {pbs_fcopt_0 ./.pbs_mo.ece.pdx.edu_23315/pbs_fcopt_0.etf} {pbs_fcopt_10 ./.pbs_mo.ece.pdx.edu_23315/pbs_fcopt_10.etf} {pbs_fcopt_22 ./.pbs_mo.ece.pdx.edu_23315/pbs_fcopt_22.etf} {pbs_fcopt_15 ./.pbs_mo.ece.pdx.edu_23315/pbs_fcopt_15.etf} {pbs_fcopt_3 ./.pbs_mo.ece.pdx.edu_23315/pbs_fcopt_3.etf} {pbs_fcopt_31 ./.pbs_mo.ece.pdx.edu_23315/pbs_fcopt_31.etf} {pbs_fcopt_59 ./.pbs_mo.ece.pdx.edu_23315/pbs_fcopt_59.etf} {pbs_fcopt_56 ./.pbs_mo.ece.pdx.edu_23315/pbs_fcopt_56.etf} {pbs_fcopt_55 ./.pbs_mo.ece.pdx.edu_23315/pbs_fcopt_55.etf} {pbs_fcopt_34 ./.pbs_mo.ece.pdx.edu_23315/pbs_fcopt_34.etf} {pbs_fcopt_19 ./.pbs_mo.ece.pdx.edu_23315/pbs_fcopt_19.etf} {pbs_fcopt_7 ./.pbs_mo.ece.pdx.edu_23315/pbs_fcopt_7.etf} {pbs_fcopt_58 ./.pbs_mo.ece.pdx.edu_23315/pbs_fcopt_58.etf} {pbs_fcopt_57 ./.pbs_mo.ece.pdx.edu_23315/pbs_fcopt_57.etf} {pbs_fcopt_17 ./.pbs_mo.ece.pdx.edu_23315/pbs_fcopt_17.etf} {pbs_fcopt_5 ./.pbs_mo.ece.pdx.edu_23315/pbs_fcopt_5.etf} {pbs_fcopt_30 ./.pbs_mo.ece.pdx.edu_23315/pbs_fcopt_30.etf}
          Sending 'pbs_fcopt_2 ./.pbs_mo.ece.pdx.edu_23315/pbs_fcopt_2.etf' to server 'localhost_1_9'...
            Sent 'pbs_fcopt_2 ./.pbs_mo.ece.pdx.edu_23315/pbs_fcopt_2.etf' to server 'localhost_1_9'.
          Sending 'pbs_fcopt_23 ./.pbs_mo.ece.pdx.edu_23315/pbs_fcopt_23.etf' to server 'localhost_1_11'...
            Sent 'pbs_fcopt_23 ./.pbs_mo.ece.pdx.edu_23315/pbs_fcopt_23.etf' to server 'localhost_1_11'.
          Sending 'pbs_fcopt_4 ./.pbs_mo.ece.pdx.edu_23315/pbs_fcopt_4.etf' to server 'localhost_1_8'...
            Sent 'pbs_fcopt_4 ./.pbs_mo.ece.pdx.edu_23315/pbs_fcopt_4.etf' to server 'localhost_1_8'.
          Sending 'pbs_fcopt_21 ./.pbs_mo.ece.pdx.edu_23315/pbs_fcopt_21.etf' to server 'localhost_1_0'...
            Sent 'pbs_fcopt_21 ./.pbs_mo.ece.pdx.edu_23315/pbs_fcopt_21.etf' to server 'localhost_1_0'.
          Sending 'pbs_fcopt_6 ./.pbs_mo.ece.pdx.edu_23315/pbs_fcopt_6.etf' to server 'localhost_1_10'...
            Sent 'pbs_fcopt_6 ./.pbs_mo.ece.pdx.edu_23315/pbs_fcopt_6.etf' to server 'localhost_1_10'.
          Sending 'pbs_fcopt_20 ./.pbs_mo.ece.pdx.edu_23315/pbs_fcopt_20.etf' to server 'localhost_1_13'...
            Sent 'pbs_fcopt_20 ./.pbs_mo.ece.pdx.edu_23315/pbs_fcopt_20.etf' to server 'localhost_1_13'.
          Sending 'pbs_fcopt_8 ./.pbs_mo.ece.pdx.edu_23315/pbs_fcopt_8.etf' to server 'localhost_1_14'...
            Sent 'pbs_fcopt_8 ./.pbs_mo.ece.pdx.edu_23315/pbs_fcopt_8.etf' to server 'localhost_1_14'.
          Sending 'pbs_fcopt_9 ./.pbs_mo.ece.pdx.edu_23315/pbs_fcopt_9.etf' to server 'localhost_1_12'...
            Sent 'pbs_fcopt_9 ./.pbs_mo.ece.pdx.edu_23315/pbs_fcopt_9.etf' to server 'localhost_1_12'.
          Received 'pbs_fcopt_6 ./.pbs_mo.ece.pdx.edu_23315/pbs_fcopt_6.etf' from server 'localhost_1_10'. (166149 ms elapsed)
          Sending 'pbs_fcopt_18 ./.pbs_mo.ece.pdx.edu_23315/pbs_fcopt_18.etf' to server 'localhost_1_10'...
            Sent 'pbs_fcopt_18 ./.pbs_mo.ece.pdx.edu_23315/pbs_fcopt_18.etf' to server 'localhost_1_10'.
          Received 'pbs_fcopt_9 ./.pbs_mo.ece.pdx.edu_23315/pbs_fcopt_9.etf' from server 'localhost_1_12'. (175773 ms elapsed)
       Partition:  pbs_fcopt_9 - PBS_Generic_Opt-Distributed_Read_DB - Elapsed_Time 4.00, CPU_Time 4.00
       Partition:  pbs_fcopt_9 - PBS_Generic_Opt-Distributed_Generic - Elapsed_Time 8.00, CPU_Time 8.00
       Partition:  pbs_fcopt_9 - PBS_Generic_Opt-First_Cond - Elapsed_Time 143.00, CPU_Time 142.86
       Partition:  pbs_fcopt_9 - PBS_Generic_Opt-Distributed_Prop_Const - Elapsed_Time 3.00, CPU_Time 3.00
       Partition:  pbs_fcopt_9 - PBS_Generic_Opt-Distributed_Gobble - Elapsed_Time 1.00, CPU_Time 0.00
       Partition:  pbs_fcopt_9 - PBS_Generic_Opt-Distributed_Report - Elapsed_Time 0.00, CPU_Time 0.00
       Start - Partition: pbs_fcopt_9 Slack: 9.2 TNS: 0.0 Cell-Count: 109305 Cell-Area: 15647 
Init-Memory: 2098.12
       Done  - Partition: pbs_fcopt_9 Slack: 9.2 TNS: 0.0 Cell-Count: 109307 Cell-Area: 15647 
Peak-Memory: 2824.39 Elapsed: 159
       Partition:  pbs_fcopt_9 - PBS_Generic_Opt-Distributed_Write_DB - Elapsed_Time 15.00, CPU_Time 17.00
       pbs_fcopt_9 - PBS_Generic_Opt-Assembly - Elapsed_Time 8, CPU_Time 8.0
       Partition:  pbs_fcopt_9 - Runtime taken by the partition - Elapsed_Time 174.00, CPU_Time 174.86
          Sending 'pbs_fcopt_11 ./.pbs_mo.ece.pdx.edu_23315/pbs_fcopt_11.etf' to server 'localhost_1_12'...
            Sent 'pbs_fcopt_11 ./.pbs_mo.ece.pdx.edu_23315/pbs_fcopt_11.etf' to server 'localhost_1_12'.
          Received 'pbs_fcopt_8 ./.pbs_mo.ece.pdx.edu_23315/pbs_fcopt_8.etf' from server 'localhost_1_14'. (183837 ms elapsed)
       Partition:  pbs_fcopt_8 - PBS_Generic_Opt-Distributed_Read_DB - Elapsed_Time 4.00, CPU_Time 4.00
       Partition:  pbs_fcopt_8 - PBS_Generic_Opt-Distributed_Generic - Elapsed_Time 8.00, CPU_Time 8.00
       Partition:  pbs_fcopt_8 - PBS_Generic_Opt-First_Cond - Elapsed_Time 139.00, CPU_Time 138.83
       Partition:  pbs_fcopt_8 - PBS_Generic_Opt-Distributed_Prop_Const - Elapsed_Time 3.00, CPU_Time 3.00
       Partition:  pbs_fcopt_8 - PBS_Generic_Opt-Distributed_Gobble - Elapsed_Time 0.00, CPU_Time 0.00
       Partition:  pbs_fcopt_8 - PBS_Generic_Opt-Distributed_Report - Elapsed_Time 0.00, CPU_Time 0.00
       Start - Partition: pbs_fcopt_8 Slack: 9.2 TNS: 0.0 Cell-Count: 109305 Cell-Area: 15648 
Init-Memory: 2100.12
       Done  - Partition: pbs_fcopt_8 Slack: 9.2 TNS: 0.0 Cell-Count: 109305 Cell-Area: 15648 
Peak-Memory: 2825.52 Elapsed: 154
       Partition:  pbs_fcopt_8 - PBS_Generic_Opt-Distributed_Write_DB - Elapsed_Time 14.00, CPU_Time 15.00
       pbs_fcopt_8 - PBS_Generic_Opt-Assembly - Elapsed_Time 8, CPU_Time 8.0
       Partition:  pbs_fcopt_8 - Runtime taken by the partition - Elapsed_Time 168.00, CPU_Time 168.83
          Sending 'pbs_fcopt_14 ./.pbs_mo.ece.pdx.edu_23315/pbs_fcopt_14.etf' to server 'localhost_1_14'...
            Sent 'pbs_fcopt_14 ./.pbs_mo.ece.pdx.edu_23315/pbs_fcopt_14.etf' to server 'localhost_1_14'.
          Received 'pbs_fcopt_2 ./.pbs_mo.ece.pdx.edu_23315/pbs_fcopt_2.etf' from server 'localhost_1_9'. (191753 ms elapsed)
          Sending 'pbs_fcopt_16 ./.pbs_mo.ece.pdx.edu_23315/pbs_fcopt_16.etf' to server 'localhost_1_9'...
            Sent 'pbs_fcopt_16 ./.pbs_mo.ece.pdx.edu_23315/pbs_fcopt_16.etf' to server 'localhost_1_9'.
          Received 'pbs_fcopt_20 ./.pbs_mo.ece.pdx.edu_23315/pbs_fcopt_20.etf' from server 'localhost_1_13'. (191753 ms elapsed)
       Partition:  pbs_fcopt_20 - PBS_Generic_Opt-Distributed_Read_DB - Elapsed_Time 5.00, CPU_Time 4.00
       Partition:  pbs_fcopt_20 - PBS_Generic_Opt-Distributed_Generic - Elapsed_Time 7.00, CPU_Time 8.00
       Partition:  pbs_fcopt_20 - PBS_Generic_Opt-First_Cond - Elapsed_Time 144.00, CPU_Time 143.51
       Partition:  pbs_fcopt_20 - PBS_Generic_Opt-Distributed_Prop_Const - Elapsed_Time 3.00, CPU_Time 3.00
       Partition:  pbs_fcopt_20 - PBS_Generic_Opt-Distributed_Gobble - Elapsed_Time 0.00, CPU_Time 1.00
       Partition:  pbs_fcopt_20 - PBS_Generic_Opt-Distributed_Report - Elapsed_Time 0.00, CPU_Time 0.00
       Start - Partition: pbs_fcopt_20 Slack: 9.2 TNS: 0.0 Cell-Count: 109305 Cell-Area: 15648 
Init-Memory: 2100.12
       Done  - Partition: pbs_fcopt_20 Slack: 9.2 TNS: 0.0 Cell-Count: 109305 Cell-Area: 15648 
Peak-Memory: 2818.34 Elapsed: 159
       Partition:  pbs_fcopt_20 - PBS_Generic_Opt-Distributed_Write_DB - Elapsed_Time 15.00, CPU_Time 15.00
       pbs_fcopt_20 - PBS_Generic_Opt-Assembly - Elapsed_Time 9, CPU_Time 9.0
       Partition:  pbs_fcopt_20 - Runtime taken by the partition - Elapsed_Time 174.00, CPU_Time 174.51
       Partition:  pbs_fcopt_6 - PBS_Generic_Opt-Distributed_Read_DB - Elapsed_Time 5.00, CPU_Time 4.00
       Partition:  pbs_fcopt_6 - PBS_Generic_Opt-Distributed_Generic - Elapsed_Time 6.00, CPU_Time 8.00
       Partition:  pbs_fcopt_6 - PBS_Generic_Opt-First_Cond - Elapsed_Time 136.00, CPU_Time 135.00
       Partition:  pbs_fcopt_6 - PBS_Generic_Opt-Distributed_Prop_Const - Elapsed_Time 3.00, CPU_Time 3.00
       Partition:  pbs_fcopt_6 - PBS_Generic_Opt-Distributed_Gobble - Elapsed_Time 0.00, CPU_Time 0.00
       Partition:  pbs_fcopt_6 - PBS_Generic_Opt-Distributed_Report - Elapsed_Time 0.00, CPU_Time 0.00
       Start - Partition: pbs_fcopt_6 Slack: 9.2 TNS: 0.0 Cell-Count: 109305 Cell-Area: 15648 
Init-Memory: 2102.12
       Done  - Partition: pbs_fcopt_6 Slack: 9.2 TNS: 0.0 Cell-Count: 109305 Cell-Area: 15648 
Peak-Memory: 2827.96 Elapsed: 150
       Partition:  pbs_fcopt_6 - PBS_Generic_Opt-Distributed_Write_DB - Elapsed_Time 15.00, CPU_Time 16.00
       pbs_fcopt_6 - PBS_Generic_Opt-Assembly - Elapsed_Time 9, CPU_Time 9.0
       Partition:  pbs_fcopt_6 - Runtime taken by the partition - Elapsed_Time 165.00, CPU_Time 166.00
          Sending 'pbs_fcopt_26 ./.pbs_mo.ece.pdx.edu_23315/pbs_fcopt_26.etf' to server 'localhost_1_13'...
            Sent 'pbs_fcopt_26 ./.pbs_mo.ece.pdx.edu_23315/pbs_fcopt_26.etf' to server 'localhost_1_13'.
          Received 'pbs_fcopt_4 ./.pbs_mo.ece.pdx.edu_23315/pbs_fcopt_4.etf' from server 'localhost_1_8'. (209742 ms elapsed)
          Sending 'pbs_fcopt_52 ./.pbs_mo.ece.pdx.edu_23315/pbs_fcopt_52.etf' to server 'localhost_1_8'...
            Sent 'pbs_fcopt_52 ./.pbs_mo.ece.pdx.edu_23315/pbs_fcopt_52.etf' to server 'localhost_1_8'.
          Received 'pbs_fcopt_23 ./.pbs_mo.ece.pdx.edu_23315/pbs_fcopt_23.etf' from server 'localhost_1_11'. (209743 ms elapsed)
          Sending 'pbs_fcopt_48 ./.pbs_mo.ece.pdx.edu_23315/pbs_fcopt_48.etf' to server 'localhost_1_11'...
            Sent 'pbs_fcopt_48 ./.pbs_mo.ece.pdx.edu_23315/pbs_fcopt_48.etf' to server 'localhost_1_11'.
          Received 'pbs_fcopt_21 ./.pbs_mo.ece.pdx.edu_23315/pbs_fcopt_21.etf' from server 'localhost_1_0'. (209742 ms elapsed)
       Partition:  pbs_fcopt_21 - PBS_Generic_Opt-Distributed_Read_DB - Elapsed_Time 4.00, CPU_Time 4.00
       Partition:  pbs_fcopt_21 - PBS_Generic_Opt-Distributed_Generic - Elapsed_Time 8.00, CPU_Time 7.00
       Partition:  pbs_fcopt_21 - PBS_Generic_Opt-First_Cond - Elapsed_Time 146.00, CPU_Time 146.20
       Partition:  pbs_fcopt_21 - PBS_Generic_Opt-Distributed_Prop_Const - Elapsed_Time 4.00, CPU_Time 4.00
       Partition:  pbs_fcopt_21 - PBS_Generic_Opt-Distributed_Gobble - Elapsed_Time 0.00, CPU_Time 0.00
       Partition:  pbs_fcopt_21 - PBS_Generic_Opt-Distributed_Report - Elapsed_Time 0.00, CPU_Time 0.00
       Start - Partition: pbs_fcopt_21 Slack: 9.2 TNS: 0.0 Cell-Count: 109305 Cell-Area: 15647 
Init-Memory: 2163.15
       Done  - Partition: pbs_fcopt_21 Slack: 9.2 TNS: 0.0 Cell-Count: 109307 Cell-Area: 15647 
Peak-Memory: 2815.31 Elapsed: 162
       Partition:  pbs_fcopt_21 - PBS_Generic_Opt-Distributed_Write_DB - Elapsed_Time 15.00, CPU_Time 16.00
       pbs_fcopt_21 - PBS_Generic_Opt-Assembly - Elapsed_Time 10, CPU_Time 9.0
       Partition:  pbs_fcopt_21 - Runtime taken by the partition - Elapsed_Time 177.00, CPU_Time 177.20
       Partition:  pbs_fcopt_4 - PBS_Generic_Opt-Distributed_Read_DB - Elapsed_Time 4.00, CPU_Time 4.00
       Partition:  pbs_fcopt_4 - PBS_Generic_Opt-Distributed_Generic - Elapsed_Time 7.00, CPU_Time 7.00
       Partition:  pbs_fcopt_4 - PBS_Generic_Opt-First_Cond - Elapsed_Time 148.00, CPU_Time 147.77
       Partition:  pbs_fcopt_4 - PBS_Generic_Opt-Distributed_Prop_Const - Elapsed_Time 4.00, CPU_Time 4.00
       Partition:  pbs_fcopt_4 - PBS_Generic_Opt-Distributed_Gobble - Elapsed_Time 0.00, CPU_Time 0.00
       Partition:  pbs_fcopt_4 - PBS_Generic_Opt-Distributed_Report - Elapsed_Time 0.00, CPU_Time 0.00
       Start - Partition: pbs_fcopt_4 Slack: 9.2 TNS: 0.0 Cell-Count: 109305 Cell-Area: 15647 
Init-Memory: 2099.12
       Done  - Partition: pbs_fcopt_4 Slack: 9.2 TNS: 0.0 Cell-Count: 109308 Cell-Area: 15647 
Peak-Memory: 2832.21 Elapsed: 163
       Partition:  pbs_fcopt_4 - PBS_Generic_Opt-Distributed_Write_DB - Elapsed_Time 14.00, CPU_Time 15.00
       pbs_fcopt_4 - PBS_Generic_Opt-Assembly - Elapsed_Time 8, CPU_Time 9.0
       Partition:  pbs_fcopt_4 - Runtime taken by the partition - Elapsed_Time 177.00, CPU_Time 177.77
       Partition:  pbs_fcopt_23 - PBS_Generic_Opt-Distributed_Read_DB - Elapsed_Time 5.00, CPU_Time 4.00
       Partition:  pbs_fcopt_23 - PBS_Generic_Opt-Distributed_Generic - Elapsed_Time 7.00, CPU_Time 8.00
       Partition:  pbs_fcopt_23 - PBS_Generic_Opt-First_Cond - Elapsed_Time 145.00, CPU_Time 139.00
       Partition:  pbs_fcopt_23 - PBS_Generic_Opt-Distributed_Prop_Const - Elapsed_Time 3.00, CPU_Time 4.00
       Partition:  pbs_fcopt_23 - PBS_Generic_Opt-Distributed_Gobble - Elapsed_Time 1.00, CPU_Time 0.00
       Partition:  pbs_fcopt_23 - PBS_Generic_Opt-Distributed_Report - Elapsed_Time 0.00, CPU_Time 0.00
       Start - Partition: pbs_fcopt_23 Slack: 9.2 TNS: 0.0 Cell-Count: 109305 Cell-Area: 15648 
Init-Memory: 2098.12
       Done  - Partition: pbs_fcopt_23 Slack: 9.2 TNS: 0.0 Cell-Count: 109305 Cell-Area: 15648 
Peak-Memory: 2822.60 Elapsed: 161
       Partition:  pbs_fcopt_23 - PBS_Generic_Opt-Distributed_Write_DB - Elapsed_Time 15.00, CPU_Time 16.00
       pbs_fcopt_23 - PBS_Generic_Opt-Assembly - Elapsed_Time 10, CPU_Time 9.0
       Partition:  pbs_fcopt_23 - Runtime taken by the partition - Elapsed_Time 176.00, CPU_Time 171.00
       Partition:  pbs_fcopt_2 - PBS_Generic_Opt-Distributed_Read_DB - Elapsed_Time 4.00, CPU_Time 4.00
       Partition:  pbs_fcopt_2 - PBS_Generic_Opt-Distributed_Generic - Elapsed_Time 8.00, CPU_Time 8.00
       Partition:  pbs_fcopt_2 - PBS_Generic_Opt-First_Cond - Elapsed_Time 141.00, CPU_Time 140.18
       Partition:  pbs_fcopt_2 - PBS_Generic_Opt-Distributed_Prop_Const - Elapsed_Time 3.00, CPU_Time 4.00
       Partition:  pbs_fcopt_2 - PBS_Generic_Opt-Distributed_Gobble - Elapsed_Time 1.00, CPU_Time 0.00
       Partition:  pbs_fcopt_2 - PBS_Generic_Opt-Distributed_Report - Elapsed_Time 0.00, CPU_Time 0.00
       Start - Partition: pbs_fcopt_2 Slack: 9.2 TNS: 0.0 Cell-Count: 109305 Cell-Area: 15647 
Init-Memory: 2119.17
       Done  - Partition: pbs_fcopt_2 Slack: 9.2 TNS: 0.0 Cell-Count: 109308 Cell-Area: 15647 
Peak-Memory: 2867.26 Elapsed: 157
       Partition:  pbs_fcopt_2 - PBS_Generic_Opt-Distributed_Write_DB - Elapsed_Time 14.00, CPU_Time 15.00
       pbs_fcopt_2 - PBS_Generic_Opt-Assembly - Elapsed_Time 8, CPU_Time 9.0
       Partition:  pbs_fcopt_2 - Runtime taken by the partition - Elapsed_Time 171.00, CPU_Time 171.18
          Sending 'pbs_fcopt_54 ./.pbs_mo.ece.pdx.edu_23315/pbs_fcopt_54.etf' to server 'localhost_1_0'...
            Sent 'pbs_fcopt_54 ./.pbs_mo.ece.pdx.edu_23315/pbs_fcopt_54.etf' to server 'localhost_1_0'.
          Received 'pbs_fcopt_18 ./.pbs_mo.ece.pdx.edu_23315/pbs_fcopt_18.etf' from server 'localhost_1_10'. (183025 ms elapsed)
       Partition:  pbs_fcopt_18 - PBS_Generic_Opt-Distributed_Read_DB - Elapsed_Time 3.00, CPU_Time 2.00
       Partition:  pbs_fcopt_18 - PBS_Generic_Opt-Distributed_Generic - Elapsed_Time 6.00, CPU_Time 7.00
       Partition:  pbs_fcopt_18 - PBS_Generic_Opt-First_Cond - Elapsed_Time 156.00, CPU_Time 141.99
       Partition:  pbs_fcopt_18 - PBS_Generic_Opt-Distributed_Prop_Const - Elapsed_Time 3.00, CPU_Time 3.00
       Partition:  pbs_fcopt_18 - PBS_Generic_Opt-Distributed_Gobble - Elapsed_Time 0.00, CPU_Time 0.00
       Partition:  pbs_fcopt_18 - PBS_Generic_Opt-Distributed_Report - Elapsed_Time 0.00, CPU_Time 0.00
       Start - Partition: pbs_fcopt_18 Slack: 9.2 TNS: 0.0 Cell-Count: 109305 Cell-Area: 15648 
Init-Memory: 2318.91
       Done  - Partition: pbs_fcopt_18 Slack: 9.2 TNS: 0.0 Cell-Count: 109305 Cell-Area: 15648 
Peak-Memory: 2883.98 Elapsed: 168
       Partition:  pbs_fcopt_18 - PBS_Generic_Opt-Distributed_Write_DB - Elapsed_Time 14.00, CPU_Time 14.00
       pbs_fcopt_18 - PBS_Generic_Opt-Assembly - Elapsed_Time 12, CPU_Time 12.0
       Partition:  pbs_fcopt_18 - Runtime taken by the partition - Elapsed_Time 182.00, CPU_Time 167.99
          Sending 'pbs_fcopt_47 ./.pbs_mo.ece.pdx.edu_23315/pbs_fcopt_47.etf' to server 'localhost_1_10'...
            Sent 'pbs_fcopt_47 ./.pbs_mo.ece.pdx.edu_23315/pbs_fcopt_47.etf' to server 'localhost_1_10'.
          Received 'pbs_fcopt_11 ./.pbs_mo.ece.pdx.edu_23315/pbs_fcopt_11.etf' from server 'localhost_1_12'. (183494 ms elapsed)
       Partition:  pbs_fcopt_11 - PBS_Generic_Opt-Distributed_Read_DB - Elapsed_Time 3.00, CPU_Time 4.00
       Partition:  pbs_fcopt_11 - PBS_Generic_Opt-Distributed_Generic - Elapsed_Time 8.00, CPU_Time 7.00
       Partition:  pbs_fcopt_11 - PBS_Generic_Opt-First_Cond - Elapsed_Time 153.00, CPU_Time 153.60
       Partition:  pbs_fcopt_11 - PBS_Generic_Opt-Distributed_Prop_Const - Elapsed_Time 4.00, CPU_Time 4.00
       Partition:  pbs_fcopt_11 - PBS_Generic_Opt-Distributed_Gobble - Elapsed_Time 0.00, CPU_Time 1.00
       Partition:  pbs_fcopt_11 - PBS_Generic_Opt-Distributed_Report - Elapsed_Time 0.00, CPU_Time 0.00
       Start - Partition: pbs_fcopt_11 Slack: 9.2 TNS: 0.0 Cell-Count: 109305 Cell-Area: 15648 
Init-Memory: 2308.34
       Done  - Partition: pbs_fcopt_11 Slack: 9.2 TNS: 0.0 Cell-Count: 109305 Cell-Area: 15648 
Peak-Memory: 2880.41 Elapsed: 168
       Partition:  pbs_fcopt_11 - PBS_Generic_Opt-Distributed_Write_DB - Elapsed_Time 14.00, CPU_Time 14.00
       pbs_fcopt_11 - PBS_Generic_Opt-Assembly - Elapsed_Time 9, CPU_Time 8.0
       Partition:  pbs_fcopt_11 - Runtime taken by the partition - Elapsed_Time 182.00, CPU_Time 183.60
          Sending 'pbs_fcopt_42 ./.pbs_mo.ece.pdx.edu_23315/pbs_fcopt_42.etf' to server 'localhost_1_12'...
            Sent 'pbs_fcopt_42 ./.pbs_mo.ece.pdx.edu_23315/pbs_fcopt_42.etf' to server 'localhost_1_12'.
          Received 'pbs_fcopt_14 ./.pbs_mo.ece.pdx.edu_23315/pbs_fcopt_14.etf' from server 'localhost_1_14'. (193747 ms elapsed)
       Partition:  pbs_fcopt_14 - PBS_Generic_Opt-Distributed_Read_DB - Elapsed_Time 4.00, CPU_Time 4.00
       Partition:  pbs_fcopt_14 - PBS_Generic_Opt-Distributed_Generic - Elapsed_Time 6.00, CPU_Time 7.00
       Partition:  pbs_fcopt_14 - PBS_Generic_Opt-First_Cond - Elapsed_Time 163.00, CPU_Time 164.69
       Partition:  pbs_fcopt_14 - PBS_Generic_Opt-Distributed_Prop_Const - Elapsed_Time 4.00, CPU_Time 4.00
       Partition:  pbs_fcopt_14 - PBS_Generic_Opt-Distributed_Gobble - Elapsed_Time 0.00, CPU_Time 0.00
       Partition:  pbs_fcopt_14 - PBS_Generic_Opt-Distributed_Report - Elapsed_Time 0.00, CPU_Time 0.00
       Start - Partition: pbs_fcopt_14 Slack: 9.2 TNS: 0.0 Cell-Count: 109305 Cell-Area: 15647 
Init-Memory: 2345.47
       Done  - Partition: pbs_fcopt_14 Slack: 9.2 TNS: 0.0 Cell-Count: 109308 Cell-Area: 15647 
Peak-Memory: 2881.55 Elapsed: 177
       Partition:  pbs_fcopt_14 - PBS_Generic_Opt-Distributed_Write_DB - Elapsed_Time 15.00, CPU_Time 15.00
       pbs_fcopt_14 - PBS_Generic_Opt-Assembly - Elapsed_Time 8, CPU_Time 9.0
       Partition:  pbs_fcopt_14 - Runtime taken by the partition - Elapsed_Time 192.00, CPU_Time 194.69
          Sending 'pbs_fcopt_41 ./.pbs_mo.ece.pdx.edu_23315/pbs_fcopt_41.etf' to server 'localhost_1_14'...
            Sent 'pbs_fcopt_41 ./.pbs_mo.ece.pdx.edu_23315/pbs_fcopt_41.etf' to server 'localhost_1_14'.
          Received 'pbs_fcopt_16 ./.pbs_mo.ece.pdx.edu_23315/pbs_fcopt_16.etf' from server 'localhost_1_9'. (202441 ms elapsed)
       Partition:  pbs_fcopt_16 - PBS_Generic_Opt-Distributed_Read_DB - Elapsed_Time 4.00, CPU_Time 4.00
       Partition:  pbs_fcopt_16 - PBS_Generic_Opt-Distributed_Generic - Elapsed_Time 6.00, CPU_Time 8.00
       Partition:  pbs_fcopt_16 - PBS_Generic_Opt-First_Cond - Elapsed_Time 164.00, CPU_Time 165.44
       Partition:  pbs_fcopt_16 - PBS_Generic_Opt-Distributed_Prop_Const - Elapsed_Time 4.00, CPU_Time 3.00
       Partition:  pbs_fcopt_16 - PBS_Generic_Opt-Distributed_Gobble - Elapsed_Time 0.00, CPU_Time 1.00
       Partition:  pbs_fcopt_16 - PBS_Generic_Opt-Distributed_Report - Elapsed_Time 0.00, CPU_Time 0.00
       Start - Partition: pbs_fcopt_16 Slack: 9.2 TNS: 0.0 Cell-Count: 109305 Cell-Area: 15647 
Init-Memory: 2350.21
       Done  - Partition: pbs_fcopt_16 Slack: 9.2 TNS: 0.0 Cell-Count: 109308 Cell-Area: 15647 
Peak-Memory: 2923.29 Elapsed: 178
       Partition:  pbs_fcopt_16 - PBS_Generic_Opt-Distributed_Write_DB - Elapsed_Time 16.00, CPU_Time 16.00
       pbs_fcopt_16 - PBS_Generic_Opt-Assembly - Elapsed_Time 8, CPU_Time 8.0
       Partition:  pbs_fcopt_16 - Runtime taken by the partition - Elapsed_Time 194.00, CPU_Time 197.44
          Sending 'pbs_fcopt_49 ./.pbs_mo.ece.pdx.edu_23315/pbs_fcopt_49.etf' to server 'localhost_1_9'...
            Sent 'pbs_fcopt_49 ./.pbs_mo.ece.pdx.edu_23315/pbs_fcopt_49.etf' to server 'localhost_1_9'.
          Received 'pbs_fcopt_52 ./.pbs_mo.ece.pdx.edu_23315/pbs_fcopt_52.etf' from server 'localhost_1_8'. (288850 ms elapsed)
          Sending 'pbs_fcopt_40 ./.pbs_mo.ece.pdx.edu_23315/pbs_fcopt_40.etf' to server 'localhost_1_8'...
            Sent 'pbs_fcopt_40 ./.pbs_mo.ece.pdx.edu_23315/pbs_fcopt_40.etf' to server 'localhost_1_8'.
          Received 'pbs_fcopt_26 ./.pbs_mo.ece.pdx.edu_23315/pbs_fcopt_26.etf' from server 'localhost_1_13'. (301226 ms elapsed)
       Partition:  pbs_fcopt_26 - PBS_Generic_Opt-Distributed_Read_DB - Elapsed_Time 3.00, CPU_Time 2.00
       Partition:  pbs_fcopt_26 - PBS_Generic_Opt-Distributed_Generic - Elapsed_Time 6.00, CPU_Time 7.00
       Partition:  pbs_fcopt_26 - PBS_Generic_Opt-First_Cond - Elapsed_Time 273.00, CPU_Time 233.24
       Partition:  pbs_fcopt_26 - PBS_Generic_Opt-Distributed_Prop_Const - Elapsed_Time 12.00, CPU_Time 13.00
       Partition:  pbs_fcopt_26 - PBS_Generic_Opt-Distributed_Gobble - Elapsed_Time 0.00, CPU_Time 0.00
       Partition:  pbs_fcopt_26 - PBS_Generic_Opt-Distributed_Report - Elapsed_Time 0.00, CPU_Time 0.00
       Start - Partition: pbs_fcopt_26 Slack: -148.8 TNS: 150022.8 Cell-Count: 106704 Cell-Area: 9450 
Init-Memory: 2314.29
       Done  - Partition: pbs_fcopt_26 Slack: -156.5 TNS: 160075.6 Cell-Count: 51168 Cell-Area: 6323 
Peak-Memory: 2874.37 Elapsed: 294
       Partition:  pbs_fcopt_26 - PBS_Generic_Opt-Distributed_Write_DB - Elapsed_Time 6.00, CPU_Time 6.99
       pbs_fcopt_26 - PBS_Generic_Opt-Assembly - Elapsed_Time 4, CPU_Time 4.0
       Partition:  pbs_fcopt_26 - Runtime taken by the partition - Elapsed_Time 300.00, CPU_Time 262.23
       Partition:  pbs_fcopt_52 - PBS_Generic_Opt-Distributed_Read_DB - Elapsed_Time 3.00, CPU_Time 3.00
       Partition:  pbs_fcopt_52 - PBS_Generic_Opt-Distributed_Generic - Elapsed_Time 5.00, CPU_Time 6.00
       Partition:  pbs_fcopt_52 - PBS_Generic_Opt-First_Cond - Elapsed_Time 264.00, CPU_Time 242.57
       Partition:  pbs_fcopt_52 - PBS_Generic_Opt-Distributed_Prop_Const - Elapsed_Time 10.00, CPU_Time 10.00
       Partition:  pbs_fcopt_52 - PBS_Generic_Opt-Distributed_Gobble - Elapsed_Time 0.00, CPU_Time 0.00
       Partition:  pbs_fcopt_52 - PBS_Generic_Opt-Distributed_Report - Elapsed_Time 0.00, CPU_Time 0.00
       Start - Partition: pbs_fcopt_52 Slack: -148.8 TNS: 149926.8 Cell-Count: 106704 Cell-Area: 9450 
Init-Memory: 2328.16
       Done  - Partition: pbs_fcopt_52 Slack: -156.5 TNS: 157278.0 Cell-Count: 51195 Cell-Area: 6325 
Peak-Memory: 2888.23 Elapsed: 282
       Partition:  pbs_fcopt_52 - PBS_Generic_Opt-Distributed_Write_DB - Elapsed_Time 6.00, CPU_Time 6.00
       pbs_fcopt_52 - PBS_Generic_Opt-Assembly - Elapsed_Time 3, CPU_Time 3.0
       Partition:  pbs_fcopt_52 - Runtime taken by the partition - Elapsed_Time 288.00, CPU_Time 267.57
          Sending 'pbs_fcopt_28 ./.pbs_mo.ece.pdx.edu_23315/pbs_fcopt_28.etf' to server 'localhost_1_13'...
            Sent 'pbs_fcopt_28 ./.pbs_mo.ece.pdx.edu_23315/pbs_fcopt_28.etf' to server 'localhost_1_13'.
          Received 'pbs_fcopt_48 ./.pbs_mo.ece.pdx.edu_23315/pbs_fcopt_48.etf' from server 'localhost_1_11'. (308705 ms elapsed)
       Partition:  pbs_fcopt_48 - PBS_Generic_Opt-Distributed_Read_DB - Elapsed_Time 3.00, CPU_Time 3.00
       Partition:  pbs_fcopt_48 - PBS_Generic_Opt-Distributed_Generic - Elapsed_Time 5.00, CPU_Time 6.00
       Partition:  pbs_fcopt_48 - PBS_Generic_Opt-First_Cond - Elapsed_Time 279.00, CPU_Time 241.93
       Partition:  pbs_fcopt_48 - PBS_Generic_Opt-Distributed_Prop_Const - Elapsed_Time 11.00, CPU_Time 12.00
       Partition:  pbs_fcopt_48 - PBS_Generic_Opt-Distributed_Gobble - Elapsed_Time 1.00, CPU_Time 0.00
       Partition:  pbs_fcopt_48 - PBS_Generic_Opt-Distributed_Report - Elapsed_Time 0.00, CPU_Time 0.00
       Start - Partition: pbs_fcopt_48 Slack: -148.8 TNS: 150022.8 Cell-Count: 106704 Cell-Area: 9450 
Init-Memory: 2317.55
       Done  - Partition: pbs_fcopt_48 Slack: -156.5 TNS: 160075.6 Cell-Count: 51168 Cell-Area: 6323 
Peak-Memory: 2878.62 Elapsed: 299
       Partition:  pbs_fcopt_48 - PBS_Generic_Opt-Distributed_Write_DB - Elapsed_Time 7.00, CPU_Time 8.00
       pbs_fcopt_48 - PBS_Generic_Opt-Assembly - Elapsed_Time 3, CPU_Time 3.0
       Partition:  pbs_fcopt_48 - Runtime taken by the partition - Elapsed_Time 306.00, CPU_Time 270.93
          Sending 'pbs_fcopt_39 ./.pbs_mo.ece.pdx.edu_23315/pbs_fcopt_39.etf' to server 'localhost_1_11'...
            Sent 'pbs_fcopt_39 ./.pbs_mo.ece.pdx.edu_23315/pbs_fcopt_39.etf' to server 'localhost_1_11'.
          Received 'pbs_fcopt_54 ./.pbs_mo.ece.pdx.edu_23315/pbs_fcopt_54.etf' from server 'localhost_1_0'. (298243 ms elapsed)
       Partition:  pbs_fcopt_54 - PBS_Generic_Opt-Distributed_Read_DB - Elapsed_Time 6.00, CPU_Time 3.00
       Partition:  pbs_fcopt_54 - PBS_Generic_Opt-Distributed_Generic - Elapsed_Time 6.00, CPU_Time 6.00
       Partition:  pbs_fcopt_54 - PBS_Generic_Opt-First_Cond - Elapsed_Time 270.00, CPU_Time 241.67
       Partition:  pbs_fcopt_54 - PBS_Generic_Opt-Distributed_Prop_Const - Elapsed_Time 10.00, CPU_Time 11.00
       Partition:  pbs_fcopt_54 - PBS_Generic_Opt-Distributed_Gobble - Elapsed_Time 0.00, CPU_Time 0.00
       Partition:  pbs_fcopt_54 - PBS_Generic_Opt-Distributed_Report - Elapsed_Time 0.00, CPU_Time 0.00
       Start - Partition: pbs_fcopt_54 Slack: -148.8 TNS: 150022.8 Cell-Count: 106704 Cell-Area: 9450 
Init-Memory: 2307.26
       Done  - Partition: pbs_fcopt_54 Slack: -156.5 TNS: 160075.6 Cell-Count: 51168 Cell-Area: 6323 
Peak-Memory: 2871.34 Elapsed: 292
       Partition:  pbs_fcopt_54 - PBS_Generic_Opt-Distributed_Write_DB - Elapsed_Time 6.00, CPU_Time 6.00
       pbs_fcopt_54 - PBS_Generic_Opt-Assembly - Elapsed_Time 4, CPU_Time 4.0
       Partition:  pbs_fcopt_54 - Runtime taken by the partition - Elapsed_Time 298.00, CPU_Time 267.67
          Sending 'pbs_fcopt_51 ./.pbs_mo.ece.pdx.edu_23315/pbs_fcopt_51.etf' to server 'localhost_1_0'...
            Sent 'pbs_fcopt_51 ./.pbs_mo.ece.pdx.edu_23315/pbs_fcopt_51.etf' to server 'localhost_1_0'.
          Received 'pbs_fcopt_47 ./.pbs_mo.ece.pdx.edu_23315/pbs_fcopt_47.etf' from server 'localhost_1_10'. (296492 ms elapsed)
       Partition:  pbs_fcopt_47 - PBS_Generic_Opt-Distributed_Read_DB - Elapsed_Time 2.00, CPU_Time 3.00
       Partition:  pbs_fcopt_47 - PBS_Generic_Opt-Distributed_Generic - Elapsed_Time 5.00, CPU_Time 5.00
       Partition:  pbs_fcopt_47 - PBS_Generic_Opt-First_Cond - Elapsed_Time 271.00, CPU_Time 235.84
       Partition:  pbs_fcopt_47 - PBS_Generic_Opt-Distributed_Prop_Const - Elapsed_Time 12.00, CPU_Time 12.00
       Partition:  pbs_fcopt_47 - PBS_Generic_Opt-Distributed_Gobble - Elapsed_Time 0.00, CPU_Time 0.00
       Partition:  pbs_fcopt_47 - PBS_Generic_Opt-Distributed_Report - Elapsed_Time 0.00, CPU_Time 0.00
       Start - Partition: pbs_fcopt_47 Slack: -148.8 TNS: 149958.8 Cell-Count: 106704 Cell-Area: 9450 
Init-Memory: 2400.62
       Done  - Partition: pbs_fcopt_47 Slack: -156.5 TNS: 158435.6 Cell-Count: 51182 Cell-Area: 6324 
Peak-Memory: 2883.98 Elapsed: 290
       Partition:  pbs_fcopt_47 - PBS_Generic_Opt-Distributed_Write_DB - Elapsed_Time 5.00, CPU_Time 6.00
       pbs_fcopt_47 - PBS_Generic_Opt-Assembly - Elapsed_Time 5, CPU_Time 5.0
       Partition:  pbs_fcopt_47 - Runtime taken by the partition - Elapsed_Time 295.00, CPU_Time 261.84
          Sending 'pbs_fcopt_38 ./.pbs_mo.ece.pdx.edu_23315/pbs_fcopt_38.etf' to server 'localhost_1_10'...
            Sent 'pbs_fcopt_38 ./.pbs_mo.ece.pdx.edu_23315/pbs_fcopt_38.etf' to server 'localhost_1_10'.
          Received 'pbs_fcopt_42 ./.pbs_mo.ece.pdx.edu_23315/pbs_fcopt_42.etf' from server 'localhost_1_12'. (308979 ms elapsed)
       Partition:  pbs_fcopt_42 - PBS_Generic_Opt-Distributed_Read_DB - Elapsed_Time 3.00, CPU_Time 3.00
       Partition:  pbs_fcopt_42 - PBS_Generic_Opt-Distributed_Generic - Elapsed_Time 5.00, CPU_Time 5.00
       Partition:  pbs_fcopt_42 - PBS_Generic_Opt-First_Cond - Elapsed_Time 282.00, CPU_Time 235.40
       Partition:  pbs_fcopt_42 - PBS_Generic_Opt-Distributed_Prop_Const - Elapsed_Time 10.00, CPU_Time 9.00
       Partition:  pbs_fcopt_42 - PBS_Generic_Opt-Distributed_Gobble - Elapsed_Time 0.00, CPU_Time 0.00
       Partition:  pbs_fcopt_42 - PBS_Generic_Opt-Distributed_Report - Elapsed_Time 0.00, CPU_Time 0.00
       Start - Partition: pbs_fcopt_42 Slack: -148.8 TNS: 150022.8 Cell-Count: 106704 Cell-Area: 9450 
Init-Memory: 2411.06
       Done  - Partition: pbs_fcopt_42 Slack: -156.5 TNS: 160244.4 Cell-Count: 51165 Cell-Area: 6323 
Peak-Memory: 2880.41 Elapsed: 300
       Partition:  pbs_fcopt_42 - PBS_Generic_Opt-Distributed_Write_DB - Elapsed_Time 6.00, CPU_Time 7.00
       pbs_fcopt_42 - PBS_Generic_Opt-Assembly - Elapsed_Time 4, CPU_Time 4.0
       Partition:  pbs_fcopt_42 - Runtime taken by the partition - Elapsed_Time 306.00, CPU_Time 259.40
          Sending 'pbs_fcopt_33 ./.pbs_mo.ece.pdx.edu_23315/pbs_fcopt_33.etf' to server 'localhost_1_12'...
            Sent 'pbs_fcopt_33 ./.pbs_mo.ece.pdx.edu_23315/pbs_fcopt_33.etf' to server 'localhost_1_12'.
          Received 'pbs_fcopt_49 ./.pbs_mo.ece.pdx.edu_23315/pbs_fcopt_49.etf' from server 'localhost_1_9'. (295817 ms elapsed)
          Sending 'pbs_fcopt_35 ./.pbs_mo.ece.pdx.edu_23315/pbs_fcopt_35.etf' to server 'localhost_1_9'...
            Sent 'pbs_fcopt_35 ./.pbs_mo.ece.pdx.edu_23315/pbs_fcopt_35.etf' to server 'localhost_1_9'.
          Received 'pbs_fcopt_41 ./.pbs_mo.ece.pdx.edu_23315/pbs_fcopt_41.etf' from server 'localhost_1_14'. (310734 ms elapsed)
       Partition:  pbs_fcopt_41 - PBS_Generic_Opt-Distributed_Read_DB - Elapsed_Time 3.00, CPU_Time 2.00
       Partition:  pbs_fcopt_41 - PBS_Generic_Opt-Distributed_Generic - Elapsed_Time 5.00, CPU_Time 6.00
       Partition:  pbs_fcopt_41 - PBS_Generic_Opt-First_Cond - Elapsed_Time 280.00, CPU_Time 242.53
       Partition:  pbs_fcopt_41 - PBS_Generic_Opt-Distributed_Prop_Const - Elapsed_Time 12.00, CPU_Time 12.00
       Partition:  pbs_fcopt_41 - PBS_Generic_Opt-Distributed_Gobble - Elapsed_Time 0.00, CPU_Time 0.00
       Partition:  pbs_fcopt_41 - PBS_Generic_Opt-Distributed_Report - Elapsed_Time 0.00, CPU_Time 0.00
       Start - Partition: pbs_fcopt_41 Slack: -148.8 TNS: 150022.8 Cell-Count: 106704 Cell-Area: 9450 
Init-Memory: 2473.81
       Done  - Partition: pbs_fcopt_41 Slack: -156.5 TNS: 160244.4 Cell-Count: 51165 Cell-Area: 6323 
Peak-Memory: 2929.88 Elapsed: 300
       Partition:  pbs_fcopt_41 - PBS_Generic_Opt-Distributed_Write_DB - Elapsed_Time 5.00, CPU_Time 6.00
       pbs_fcopt_41 - PBS_Generic_Opt-Assembly - Elapsed_Time 3, CPU_Time 3.0
       Partition:  pbs_fcopt_41 - Runtime taken by the partition - Elapsed_Time 305.00, CPU_Time 268.52
       Partition:  pbs_fcopt_49 - PBS_Generic_Opt-Distributed_Read_DB - Elapsed_Time 2.00, CPU_Time 3.00
       Partition:  pbs_fcopt_49 - PBS_Generic_Opt-Distributed_Generic - Elapsed_Time 6.00, CPU_Time 6.00
       Partition:  pbs_fcopt_49 - PBS_Generic_Opt-First_Cond - Elapsed_Time 264.00, CPU_Time 245.23
       Partition:  pbs_fcopt_49 - PBS_Generic_Opt-Distributed_Prop_Const - Elapsed_Time 10.00, CPU_Time 11.00
       Partition:  pbs_fcopt_49 - PBS_Generic_Opt-Distributed_Gobble - Elapsed_Time 0.00, CPU_Time 0.00
       Partition:  pbs_fcopt_49 - PBS_Generic_Opt-Distributed_Report - Elapsed_Time 0.00, CPU_Time 0.00
       Start - Partition: pbs_fcopt_49 Slack: -148.8 TNS: 150022.8 Cell-Count: 106704 Cell-Area: 9450 
Init-Memory: 2459.32
       Done  - Partition: pbs_fcopt_49 Slack: -156.5 TNS: 158196.8 Cell-Count: 51172 Cell-Area: 6323 
Peak-Memory: 2923.29 Elapsed: 282
       Partition:  pbs_fcopt_49 - PBS_Generic_Opt-Distributed_Write_DB - Elapsed_Time 6.00, CPU_Time 6.00
       pbs_fcopt_49 - PBS_Generic_Opt-Assembly - Elapsed_Time 3, CPU_Time 3.0
       Partition:  pbs_fcopt_49 - Runtime taken by the partition - Elapsed_Time 288.00, CPU_Time 271.23
          Sending 'pbs_fcopt_50 ./.pbs_mo.ece.pdx.edu_23315/pbs_fcopt_50.etf' to server 'localhost_1_14'...
            Sent 'pbs_fcopt_50 ./.pbs_mo.ece.pdx.edu_23315/pbs_fcopt_50.etf' to server 'localhost_1_14'.
          Received 'pbs_fcopt_40 ./.pbs_mo.ece.pdx.edu_23315/pbs_fcopt_40.etf' from server 'localhost_1_8'. (288858 ms elapsed)
       Partition:  pbs_fcopt_40 - PBS_Generic_Opt-Distributed_Read_DB - Elapsed_Time 1.00, CPU_Time 2.00
       Partition:  pbs_fcopt_40 - PBS_Generic_Opt-Distributed_Generic - Elapsed_Time 5.00, CPU_Time 4.00
       Partition:  pbs_fcopt_40 - PBS_Generic_Opt-First_Cond - Elapsed_Time 267.00, CPU_Time 234.79
       Partition:  pbs_fcopt_40 - PBS_Generic_Opt-Distributed_Prop_Const - Elapsed_Time 9.00, CPU_Time 9.00
       Partition:  pbs_fcopt_40 - PBS_Generic_Opt-Distributed_Gobble - Elapsed_Time 0.00, CPU_Time 0.00
       Partition:  pbs_fcopt_40 - PBS_Generic_Opt-Distributed_Report - Elapsed_Time 0.00, CPU_Time 0.00
       Start - Partition: pbs_fcopt_40 Slack: -148.8 TNS: 150022.8 Cell-Count: 106704 Cell-Area: 9450 
Init-Memory: 2350.19
       Done  - Partition: pbs_fcopt_40 Slack: -156.5 TNS: 158835.3 Cell-Count: 51168 Cell-Area: 6323 
Peak-Memory: 2888.23 Elapsed: 282
       Partition:  pbs_fcopt_40 - PBS_Generic_Opt-Distributed_Write_DB - Elapsed_Time 6.00, CPU_Time 6.00
       pbs_fcopt_40 - PBS_Generic_Opt-Assembly - Elapsed_Time 4, CPU_Time 4.0
       Partition:  pbs_fcopt_40 - Runtime taken by the partition - Elapsed_Time 288.00, CPU_Time 255.79
          Sending 'pbs_fcopt_53 ./.pbs_mo.ece.pdx.edu_23315/pbs_fcopt_53.etf' to server 'localhost_1_8'...
            Sent 'pbs_fcopt_53 ./.pbs_mo.ece.pdx.edu_23315/pbs_fcopt_53.etf' to server 'localhost_1_8'.
          Received 'pbs_fcopt_39 ./.pbs_mo.ece.pdx.edu_23315/pbs_fcopt_39.etf' from server 'localhost_1_11'. (276034 ms elapsed)
          Sending 'pbs_fcopt_36 ./.pbs_mo.ece.pdx.edu_23315/pbs_fcopt_36.etf' to server 'localhost_1_11'...
            Sent 'pbs_fcopt_36 ./.pbs_mo.ece.pdx.edu_23315/pbs_fcopt_36.etf' to server 'localhost_1_11'.
          Received 'pbs_fcopt_28 ./.pbs_mo.ece.pdx.edu_23315/pbs_fcopt_28.etf' from server 'localhost_1_13'. (279699 ms elapsed)
       Partition:  pbs_fcopt_28 - PBS_Generic_Opt-Distributed_Read_DB - Elapsed_Time 3.00, CPU_Time 3.00
       Partition:  pbs_fcopt_28 - PBS_Generic_Opt-Distributed_Generic - Elapsed_Time 6.00, CPU_Time 6.00
       Partition:  pbs_fcopt_28 - PBS_Generic_Opt-First_Cond - Elapsed_Time 249.00, CPU_Time 229.45
       Partition:  pbs_fcopt_28 - PBS_Generic_Opt-Distributed_Prop_Const - Elapsed_Time 10.00, CPU_Time 11.00
       Partition:  pbs_fcopt_28 - PBS_Generic_Opt-Distributed_Gobble - Elapsed_Time 0.00, CPU_Time 0.00
       Partition:  pbs_fcopt_28 - PBS_Generic_Opt-Distributed_Report - Elapsed_Time 0.00, CPU_Time 0.00
       Start - Partition: pbs_fcopt_28 Slack: -148.8 TNS: 149958.8 Cell-Count: 106704 Cell-Area: 9450 
Init-Memory: 2342.94
       Done  - Partition: pbs_fcopt_28 Slack: -156.5 TNS: 158435.6 Cell-Count: 51182 Cell-Area: 6324 
Peak-Memory: 2874.37 Elapsed: 268
       Partition:  pbs_fcopt_28 - PBS_Generic_Opt-Distributed_Write_DB - Elapsed_Time 6.00, CPU_Time 6.00
       pbs_fcopt_28 - PBS_Generic_Opt-Assembly - Elapsed_Time 4, CPU_Time 4.0
       Partition:  pbs_fcopt_28 - Runtime taken by the partition - Elapsed_Time 274.00, CPU_Time 255.45
       Partition:  pbs_fcopt_39 - PBS_Generic_Opt-Distributed_Read_DB - Elapsed_Time 3.00, CPU_Time 3.00
       Partition:  pbs_fcopt_39 - PBS_Generic_Opt-Distributed_Generic - Elapsed_Time 5.00, CPU_Time 5.00
       Partition:  pbs_fcopt_39 - PBS_Generic_Opt-First_Cond - Elapsed_Time 248.00, CPU_Time 219.37
       Partition:  pbs_fcopt_39 - PBS_Generic_Opt-Distributed_Prop_Const - Elapsed_Time 13.00, CPU_Time 12.00
       Partition:  pbs_fcopt_39 - PBS_Generic_Opt-Distributed_Gobble - Elapsed_Time 0.00, CPU_Time 0.00
       Partition:  pbs_fcopt_39 - PBS_Generic_Opt-Distributed_Report - Elapsed_Time 0.00, CPU_Time 0.00
       Start - Partition: pbs_fcopt_39 Slack: -148.8 TNS: 150022.8 Cell-Count: 106704 Cell-Area: 9450 
Init-Memory: 2351.20
       Done  - Partition: pbs_fcopt_39 Slack: -156.5 TNS: 160075.6 Cell-Count: 51168 Cell-Area: 6323 
Peak-Memory: 2878.62 Elapsed: 269
       Partition:  pbs_fcopt_39 - PBS_Generic_Opt-Distributed_Write_DB - Elapsed_Time 6.00, CPU_Time 7.00
       pbs_fcopt_39 - PBS_Generic_Opt-Assembly - Elapsed_Time 3, CPU_Time 3.0
       Partition:  pbs_fcopt_39 - Runtime taken by the partition - Elapsed_Time 275.00, CPU_Time 246.37
          Sending 'pbs_fcopt_32 ./.pbs_mo.ece.pdx.edu_23315/pbs_fcopt_32.etf' to server 'localhost_1_13'...
            Sent 'pbs_fcopt_32 ./.pbs_mo.ece.pdx.edu_23315/pbs_fcopt_32.etf' to server 'localhost_1_13'.
          Received 'pbs_fcopt_51 ./.pbs_mo.ece.pdx.edu_23315/pbs_fcopt_51.etf' from server 'localhost_1_0'. (282147 ms elapsed)
       Partition:  pbs_fcopt_51 - PBS_Generic_Opt-Distributed_Read_DB - Elapsed_Time 2.00, CPU_Time 2.00
       Partition:  pbs_fcopt_51 - PBS_Generic_Opt-Distributed_Generic - Elapsed_Time 5.00, CPU_Time 5.00
       Partition:  pbs_fcopt_51 - PBS_Generic_Opt-First_Cond - Elapsed_Time 255.00, CPU_Time 238.04
       Partition:  pbs_fcopt_51 - PBS_Generic_Opt-Distributed_Prop_Const - Elapsed_Time 13.00, CPU_Time 13.00
       Partition:  pbs_fcopt_51 - PBS_Generic_Opt-Distributed_Gobble - Elapsed_Time 0.00, CPU_Time 0.00
       Partition:  pbs_fcopt_51 - PBS_Generic_Opt-Distributed_Report - Elapsed_Time 0.00, CPU_Time 0.00
       Start - Partition: pbs_fcopt_51 Slack: -148.8 TNS: 150022.8 Cell-Count: 106704 Cell-Area: 9450 
Init-Memory: 2337.91
       Done  - Partition: pbs_fcopt_51 Slack: -156.5 TNS: 160244.4 Cell-Count: 51165 Cell-Area: 6323 
Peak-Memory: 2871.34 Elapsed: 275
       Partition:  pbs_fcopt_51 - PBS_Generic_Opt-Distributed_Write_DB - Elapsed_Time 6.00, CPU_Time 6.00
       pbs_fcopt_51 - PBS_Generic_Opt-Assembly - Elapsed_Time 4, CPU_Time 3.0
       Partition:  pbs_fcopt_51 - Runtime taken by the partition - Elapsed_Time 281.00, CPU_Time 264.04
          Sending 'pbs_fcopt_29 ./.pbs_mo.ece.pdx.edu_23315/pbs_fcopt_29.etf' to server 'localhost_1_0'...
            Sent 'pbs_fcopt_29 ./.pbs_mo.ece.pdx.edu_23315/pbs_fcopt_29.etf' to server 'localhost_1_0'.
          Received 'pbs_fcopt_38 ./.pbs_mo.ece.pdx.edu_23315/pbs_fcopt_38.etf' from server 'localhost_1_10'. (271878 ms elapsed)
       Partition:  pbs_fcopt_38 - PBS_Generic_Opt-Distributed_Read_DB - Elapsed_Time 3.00, CPU_Time 3.00
       Partition:  pbs_fcopt_38 - PBS_Generic_Opt-Distributed_Generic - Elapsed_Time 5.00, CPU_Time 5.00
       Partition:  pbs_fcopt_38 - PBS_Generic_Opt-First_Cond - Elapsed_Time 249.00, CPU_Time 221.60
       Partition:  pbs_fcopt_38 - PBS_Generic_Opt-Distributed_Prop_Const - Elapsed_Time 9.00, CPU_Time 8.00
       Partition:  pbs_fcopt_38 - PBS_Generic_Opt-Distributed_Gobble - Elapsed_Time 0.00, CPU_Time 1.00
       Partition:  pbs_fcopt_38 - PBS_Generic_Opt-Distributed_Report - Elapsed_Time 0.00, CPU_Time 0.00
       Start - Partition: pbs_fcopt_38 Slack: -148.8 TNS: 150022.8 Cell-Count: 106704 Cell-Area: 9450 
Init-Memory: 2421.42
       Done  - Partition: pbs_fcopt_38 Slack: -156.5 TNS: 158835.3 Cell-Count: 51168 Cell-Area: 6323 
Peak-Memory: 2883.98 Elapsed: 266
       Partition:  pbs_fcopt_38 - PBS_Generic_Opt-Distributed_Write_DB - Elapsed_Time 5.00, CPU_Time 6.00
       pbs_fcopt_38 - PBS_Generic_Opt-Assembly - Elapsed_Time 5, CPU_Time 4.0
       Partition:  pbs_fcopt_38 - Runtime taken by the partition - Elapsed_Time 271.00, CPU_Time 244.60
          Sending 'pbs_fcopt_46 ./.pbs_mo.ece.pdx.edu_23315/pbs_fcopt_46.etf' to server 'localhost_1_10'...
            Sent 'pbs_fcopt_46 ./.pbs_mo.ece.pdx.edu_23315/pbs_fcopt_46.etf' to server 'localhost_1_10'.
          Received 'pbs_fcopt_33 ./.pbs_mo.ece.pdx.edu_23315/pbs_fcopt_33.etf' from server 'localhost_1_12'. (275577 ms elapsed)
       Partition:  pbs_fcopt_33 - PBS_Generic_Opt-Distributed_Read_DB - Elapsed_Time 3.00, CPU_Time 3.00
       Partition:  pbs_fcopt_33 - PBS_Generic_Opt-Distributed_Generic - Elapsed_Time 5.00, CPU_Time 5.00
       Partition:  pbs_fcopt_33 - PBS_Generic_Opt-First_Cond - Elapsed_Time 246.00, CPU_Time 224.09
       Partition:  pbs_fcopt_33 - PBS_Generic_Opt-Distributed_Prop_Const - Elapsed_Time 11.00, CPU_Time 11.00
       Partition:  pbs_fcopt_33 - PBS_Generic_Opt-Distributed_Gobble - Elapsed_Time 0.00, CPU_Time 0.00
       Partition:  pbs_fcopt_33 - PBS_Generic_Opt-Distributed_Report - Elapsed_Time 0.00, CPU_Time 0.00
       Start - Partition: pbs_fcopt_33 Slack: -148.8 TNS: 150022.8 Cell-Count: 106704 Cell-Area: 9450 
Init-Memory: 2441.01
       Done  - Partition: pbs_fcopt_33 Slack: -156.5 TNS: 160075.6 Cell-Count: 51168 Cell-Area: 6323 
Peak-Memory: 2880.41 Elapsed: 265
       Partition:  pbs_fcopt_33 - PBS_Generic_Opt-Distributed_Write_DB - Elapsed_Time 7.00, CPU_Time 7.00
       pbs_fcopt_33 - PBS_Generic_Opt-Assembly - Elapsed_Time 4, CPU_Time 4.0
       Partition:  pbs_fcopt_33 - Runtime taken by the partition - Elapsed_Time 272.00, CPU_Time 250.09
          Sending 'pbs_fcopt_44 ./.pbs_mo.ece.pdx.edu_23315/pbs_fcopt_44.etf' to server 'localhost_1_12'...
            Sent 'pbs_fcopt_44 ./.pbs_mo.ece.pdx.edu_23315/pbs_fcopt_44.etf' to server 'localhost_1_12'.
          Received 'pbs_fcopt_50 ./.pbs_mo.ece.pdx.edu_23315/pbs_fcopt_50.etf' from server 'localhost_1_14'. (257003 ms elapsed)
          Sending 'pbs_fcopt_27 ./.pbs_mo.ece.pdx.edu_23315/pbs_fcopt_27.etf' to server 'localhost_1_14'...
            Sent 'pbs_fcopt_27 ./.pbs_mo.ece.pdx.edu_23315/pbs_fcopt_27.etf' to server 'localhost_1_14'.
          Received 'pbs_fcopt_35 ./.pbs_mo.ece.pdx.edu_23315/pbs_fcopt_35.etf' from server 'localhost_1_9'. (269946 ms elapsed)
       Partition:  pbs_fcopt_35 - PBS_Generic_Opt-Distributed_Read_DB - Elapsed_Time 2.00, CPU_Time 2.00
       Partition:  pbs_fcopt_35 - PBS_Generic_Opt-Distributed_Generic - Elapsed_Time 6.00, CPU_Time 6.00
       Partition:  pbs_fcopt_35 - PBS_Generic_Opt-First_Cond - Elapsed_Time 241.00, CPU_Time 227.26
       Partition:  pbs_fcopt_35 - PBS_Generic_Opt-Distributed_Prop_Const - Elapsed_Time 9.00, CPU_Time 9.00
       Partition:  pbs_fcopt_35 - PBS_Generic_Opt-Distributed_Gobble - Elapsed_Time 0.00, CPU_Time 0.00
       Partition:  pbs_fcopt_35 - PBS_Generic_Opt-Distributed_Report - Elapsed_Time 0.00, CPU_Time 0.00
       Start - Partition: pbs_fcopt_35 Slack: -148.8 TNS: 150022.8 Cell-Count: 106704 Cell-Area: 9450 
Init-Memory: 2476.35
       Done  - Partition: pbs_fcopt_35 Slack: -156.5 TNS: 158835.3 Cell-Count: 51168 Cell-Area: 6323 
Peak-Memory: 2923.29 Elapsed: 258
       Partition:  pbs_fcopt_35 - PBS_Generic_Opt-Distributed_Write_DB - Elapsed_Time 7.00, CPU_Time 7.00
       pbs_fcopt_35 - PBS_Generic_Opt-Assembly - Elapsed_Time 3, CPU_Time 3.0
       Partition:  pbs_fcopt_35 - Runtime taken by the partition - Elapsed_Time 265.00, CPU_Time 251.26
       Partition:  pbs_fcopt_50 - PBS_Generic_Opt-Distributed_Read_DB - Elapsed_Time 2.00, CPU_Time 2.00
       Partition:  pbs_fcopt_50 - PBS_Generic_Opt-Distributed_Generic - Elapsed_Time 4.00, CPU_Time 5.00
       Partition:  pbs_fcopt_50 - PBS_Generic_Opt-First_Cond - Elapsed_Time 232.00, CPU_Time 225.25
       Partition:  pbs_fcopt_50 - PBS_Generic_Opt-Distributed_Prop_Const - Elapsed_Time 10.00, CPU_Time 11.00
       Partition:  pbs_fcopt_50 - PBS_Generic_Opt-Distributed_Gobble - Elapsed_Time 0.00, CPU_Time 0.00
       Partition:  pbs_fcopt_50 - PBS_Generic_Opt-Distributed_Report - Elapsed_Time 0.00, CPU_Time 0.00
       Start - Partition: pbs_fcopt_50 Slack: -148.8 TNS: 145855.5 Cell-Count: 103740 Cell-Area: 9187 
Init-Memory: 2502.76
       Done  - Partition: pbs_fcopt_50 Slack: -156.5 TNS: 154370.0 Cell-Count: 49747 Cell-Area: 6147 
Peak-Memory: 2929.88 Elapsed: 248
       Partition:  pbs_fcopt_50 - PBS_Generic_Opt-Distributed_Write_DB - Elapsed_Time 6.00, CPU_Time 6.00
       pbs_fcopt_50 - PBS_Generic_Opt-Assembly - Elapsed_Time 3, CPU_Time 3.0
       Partition:  pbs_fcopt_50 - Runtime taken by the partition - Elapsed_Time 254.00, CPU_Time 249.25
          Sending 'pbs_fcopt_25 ./.pbs_mo.ece.pdx.edu_23315/pbs_fcopt_25.etf' to server 'localhost_1_9'...
            Sent 'pbs_fcopt_25 ./.pbs_mo.ece.pdx.edu_23315/pbs_fcopt_25.etf' to server 'localhost_1_9'.
          Received 'pbs_fcopt_36 ./.pbs_mo.ece.pdx.edu_23315/pbs_fcopt_36.etf' from server 'localhost_1_11'. (265356 ms elapsed)
          Sending 'pbs_fcopt_43 ./.pbs_mo.ece.pdx.edu_23315/pbs_fcopt_43.etf' to server 'localhost_1_11'...
            Sent 'pbs_fcopt_43 ./.pbs_mo.ece.pdx.edu_23315/pbs_fcopt_43.etf' to server 'localhost_1_11'.
          Received 'pbs_fcopt_53 ./.pbs_mo.ece.pdx.edu_23315/pbs_fcopt_53.etf' from server 'localhost_1_8'. (272581 ms elapsed)
       Partition:  pbs_fcopt_53 - PBS_Generic_Opt-Distributed_Read_DB - Elapsed_Time 3.00, CPU_Time 3.00
       Partition:  pbs_fcopt_53 - PBS_Generic_Opt-Distributed_Generic - Elapsed_Time 5.00, CPU_Time 5.00
       Partition:  pbs_fcopt_53 - PBS_Generic_Opt-First_Cond - Elapsed_Time 247.00, CPU_Time 225.28
       Partition:  pbs_fcopt_53 - PBS_Generic_Opt-Distributed_Prop_Const - Elapsed_Time 10.00, CPU_Time 9.00
       Partition:  pbs_fcopt_53 - PBS_Generic_Opt-Distributed_Gobble - Elapsed_Time 0.00, CPU_Time 0.00
       Partition:  pbs_fcopt_53 - PBS_Generic_Opt-Distributed_Report - Elapsed_Time 0.00, CPU_Time 0.00
       Start - Partition: pbs_fcopt_53 Slack: -148.8 TNS: 145855.5 Cell-Count: 103740 Cell-Area: 9187 
Init-Memory: 2331.39
       Done  - Partition: pbs_fcopt_53 Slack: -156.5 TNS: 154370.0 Cell-Count: 49747 Cell-Area: 6147 
Peak-Memory: 2888.23 Elapsed: 265
       Partition:  pbs_fcopt_53 - PBS_Generic_Opt-Distributed_Write_DB - Elapsed_Time 5.00, CPU_Time 6.00
       pbs_fcopt_53 - PBS_Generic_Opt-Assembly - Elapsed_Time 4, CPU_Time 4.0
       Partition:  pbs_fcopt_53 - Runtime taken by the partition - Elapsed_Time 270.00, CPU_Time 248.28
       Partition:  pbs_fcopt_36 - PBS_Generic_Opt-Distributed_Read_DB - Elapsed_Time 2.00, CPU_Time 3.00
       Partition:  pbs_fcopt_36 - PBS_Generic_Opt-Distributed_Generic - Elapsed_Time 5.00, CPU_Time 5.00
       Partition:  pbs_fcopt_36 - PBS_Generic_Opt-First_Cond - Elapsed_Time 241.00, CPU_Time 221.75
       Partition:  pbs_fcopt_36 - PBS_Generic_Opt-Distributed_Prop_Const - Elapsed_Time 11.00, CPU_Time 10.00
       Partition:  pbs_fcopt_36 - PBS_Generic_Opt-Distributed_Gobble - Elapsed_Time 0.00, CPU_Time 0.00
       Partition:  pbs_fcopt_36 - PBS_Generic_Opt-Distributed_Report - Elapsed_Time 0.00, CPU_Time 0.00
       Start - Partition: pbs_fcopt_36 Slack: -148.8 TNS: 145855.5 Cell-Count: 103740 Cell-Area: 9187 
Init-Memory: 2297.01
       Done  - Partition: pbs_fcopt_36 Slack: -156.5 TNS: 154370.0 Cell-Count: 49747 Cell-Area: 6147 
Peak-Memory: 2878.62 Elapsed: 259
       Partition:  pbs_fcopt_36 - PBS_Generic_Opt-Distributed_Write_DB - Elapsed_Time 5.00, CPU_Time 6.00
       pbs_fcopt_36 - PBS_Generic_Opt-Assembly - Elapsed_Time 3, CPU_Time 3.0
       Partition:  pbs_fcopt_36 - Runtime taken by the partition - Elapsed_Time 264.00, CPU_Time 245.75
          Sending 'pbs_fcopt_37 ./.pbs_mo.ece.pdx.edu_23315/pbs_fcopt_37.etf' to server 'localhost_1_8'...
            Sent 'pbs_fcopt_37 ./.pbs_mo.ece.pdx.edu_23315/pbs_fcopt_37.etf' to server 'localhost_1_8'.
          Received 'pbs_fcopt_32 ./.pbs_mo.ece.pdx.edu_23315/pbs_fcopt_32.etf' from server 'localhost_1_13'. (278708 ms elapsed)
       Partition:  pbs_fcopt_32 - PBS_Generic_Opt-Distributed_Read_DB - Elapsed_Time 2.00, CPU_Time 3.00
       Partition:  pbs_fcopt_32 - PBS_Generic_Opt-Distributed_Generic - Elapsed_Time 5.00, CPU_Time 5.00
       Partition:  pbs_fcopt_32 - PBS_Generic_Opt-First_Cond - Elapsed_Time 256.00, CPU_Time 217.00
       Partition:  pbs_fcopt_32 - PBS_Generic_Opt-Distributed_Prop_Const - Elapsed_Time 9.00, CPU_Time 9.00
       Partition:  pbs_fcopt_32 - PBS_Generic_Opt-Distributed_Gobble - Elapsed_Time 0.00, CPU_Time 0.00
       Partition:  pbs_fcopt_32 - PBS_Generic_Opt-Distributed_Report - Elapsed_Time 0.00, CPU_Time 0.00
       Start - Partition: pbs_fcopt_32 Slack: -148.8 TNS: 141688.2 Cell-Count: 100776 Cell-Area: 8925 
Init-Memory: 2290.90
       Done  - Partition: pbs_fcopt_32 Slack: -156.5 TNS: 149904.7 Cell-Count: 48326 Cell-Area: 5972 
Peak-Memory: 2874.37 Elapsed: 272
       Partition:  pbs_fcopt_32 - PBS_Generic_Opt-Distributed_Write_DB - Elapsed_Time 5.00, CPU_Time 5.00
       pbs_fcopt_32 - PBS_Generic_Opt-Assembly - Elapsed_Time 2, CPU_Time 2.0
       Partition:  pbs_fcopt_32 - Runtime taken by the partition - Elapsed_Time 277.00, CPU_Time 239.00
          Sending 'pbs_fcopt_45 ./.pbs_mo.ece.pdx.edu_23315/pbs_fcopt_45.etf' to server 'localhost_1_13'...
            Sent 'pbs_fcopt_45 ./.pbs_mo.ece.pdx.edu_23315/pbs_fcopt_45.etf' to server 'localhost_1_13'.
          Received 'pbs_fcopt_29 ./.pbs_mo.ece.pdx.edu_23315/pbs_fcopt_29.etf' from server 'localhost_1_0'. (271766 ms elapsed)
       Partition:  pbs_fcopt_29 - PBS_Generic_Opt-Distributed_Read_DB - Elapsed_Time 1.00, CPU_Time 2.00
       Partition:  pbs_fcopt_29 - PBS_Generic_Opt-Distributed_Generic - Elapsed_Time 5.00, CPU_Time 5.00
       Partition:  pbs_fcopt_29 - PBS_Generic_Opt-First_Cond - Elapsed_Time 251.00, CPU_Time 216.63
       Partition:  pbs_fcopt_29 - PBS_Generic_Opt-Distributed_Prop_Const - Elapsed_Time 9.00, CPU_Time 9.00
       Partition:  pbs_fcopt_29 - PBS_Generic_Opt-Distributed_Gobble - Elapsed_Time 0.00, CPU_Time 0.00
       Partition:  pbs_fcopt_29 - PBS_Generic_Opt-Distributed_Report - Elapsed_Time 0.00, CPU_Time 0.00
       Start - Partition: pbs_fcopt_29 Slack: -148.8 TNS: 141688.2 Cell-Count: 100776 Cell-Area: 8925 
Init-Memory: 2304.03
       Done  - Partition: pbs_fcopt_29 Slack: -156.5 TNS: 149904.7 Cell-Count: 48326 Cell-Area: 5972 
Peak-Memory: 2871.34 Elapsed: 266
       Partition:  pbs_fcopt_29 - PBS_Generic_Opt-Distributed_Write_DB - Elapsed_Time 5.00, CPU_Time 5.00
       pbs_fcopt_29 - PBS_Generic_Opt-Assembly - Elapsed_Time 3, CPU_Time 3.0
       Partition:  pbs_fcopt_29 - Runtime taken by the partition - Elapsed_Time 271.00, CPU_Time 237.63
          Sending 'pbs_fcopt_0 ./.pbs_mo.ece.pdx.edu_23315/pbs_fcopt_0.etf' to server 'localhost_1_0'...
            Sent 'pbs_fcopt_0 ./.pbs_mo.ece.pdx.edu_23315/pbs_fcopt_0.etf' to server 'localhost_1_0'.
          Received 'pbs_fcopt_46 ./.pbs_mo.ece.pdx.edu_23315/pbs_fcopt_46.etf' from server 'localhost_1_10'. (247791 ms elapsed)
       Partition:  pbs_fcopt_46 - PBS_Generic_Opt-Distributed_Read_DB - Elapsed_Time 2.00, CPU_Time 3.00
       Partition:  pbs_fcopt_46 - PBS_Generic_Opt-Distributed_Generic - Elapsed_Time 4.00, CPU_Time 4.00
       Partition:  pbs_fcopt_46 - PBS_Generic_Opt-First_Cond - Elapsed_Time 224.00, CPU_Time 205.60
       Partition:  pbs_fcopt_46 - PBS_Generic_Opt-Distributed_Prop_Const - Elapsed_Time 11.00, CPU_Time 11.00
       Partition:  pbs_fcopt_46 - PBS_Generic_Opt-Distributed_Gobble - Elapsed_Time 0.00, CPU_Time 0.00
       Partition:  pbs_fcopt_46 - PBS_Generic_Opt-Distributed_Report - Elapsed_Time 0.00, CPU_Time 0.00
       Start - Partition: pbs_fcopt_46 Slack: -148.8 TNS: 137424.9 Cell-Count: 97812 Cell-Area: 8662 
Init-Memory: 2340.61
       Done  - Partition: pbs_fcopt_46 Slack: -156.5 TNS: 143882.1 Cell-Count: 46932 Cell-Area: 5798 
Peak-Memory: 2883.98 Elapsed: 241
       Partition:  pbs_fcopt_46 - PBS_Generic_Opt-Distributed_Write_DB - Elapsed_Time 5.00, CPU_Time 6.00
       pbs_fcopt_46 - PBS_Generic_Opt-Assembly - Elapsed_Time 4, CPU_Time 4.0
       Partition:  pbs_fcopt_46 - Runtime taken by the partition - Elapsed_Time 246.00, CPU_Time 229.60
          Sending 'pbs_fcopt_10 ./.pbs_mo.ece.pdx.edu_23315/pbs_fcopt_10.etf' to server 'localhost_1_10'...
            Sent 'pbs_fcopt_10 ./.pbs_mo.ece.pdx.edu_23315/pbs_fcopt_10.etf' to server 'localhost_1_10'.
          Received 'pbs_fcopt_25 ./.pbs_mo.ece.pdx.edu_23315/pbs_fcopt_25.etf' from server 'localhost_1_9'. (239174 ms elapsed)
          Sending 'pbs_fcopt_22 ./.pbs_mo.ece.pdx.edu_23315/pbs_fcopt_22.etf' to server 'localhost_1_9'...
            Sent 'pbs_fcopt_22 ./.pbs_mo.ece.pdx.edu_23315/pbs_fcopt_22.etf' to server 'localhost_1_9'.
          Received 'pbs_fcopt_27 ./.pbs_mo.ece.pdx.edu_23315/pbs_fcopt_27.etf' from server 'localhost_1_14'. (255766 ms elapsed)
          Sending 'pbs_fcopt_15 ./.pbs_mo.ece.pdx.edu_23315/pbs_fcopt_15.etf' to server 'localhost_1_14'...
            Sent 'pbs_fcopt_15 ./.pbs_mo.ece.pdx.edu_23315/pbs_fcopt_15.etf' to server 'localhost_1_14'.
          Received 'pbs_fcopt_44 ./.pbs_mo.ece.pdx.edu_23315/pbs_fcopt_44.etf' from server 'localhost_1_12'. (279126 ms elapsed)
       Partition:  pbs_fcopt_44 - PBS_Generic_Opt-Distributed_Read_DB - Elapsed_Time 3.00, CPU_Time 2.00
       Partition:  pbs_fcopt_44 - PBS_Generic_Opt-Distributed_Generic - Elapsed_Time 4.00, CPU_Time 5.00
       Partition:  pbs_fcopt_44 - PBS_Generic_Opt-First_Cond - Elapsed_Time 255.00, CPU_Time 210.64
       Partition:  pbs_fcopt_44 - PBS_Generic_Opt-Distributed_Prop_Const - Elapsed_Time 10.00, CPU_Time 11.00
       Partition:  pbs_fcopt_44 - PBS_Generic_Opt-Distributed_Gobble - Elapsed_Time 0.00, CPU_Time 0.00
       Partition:  pbs_fcopt_44 - PBS_Generic_Opt-Distributed_Report - Elapsed_Time 0.00, CPU_Time 0.00
       Start - Partition: pbs_fcopt_44 Slack: -148.8 TNS: 137424.9 Cell-Count: 97812 Cell-Area: 8662 
Init-Memory: 2378.82
       Done  - Partition: pbs_fcopt_44 Slack: -156.5 TNS: 143882.1 Cell-Count: 46932 Cell-Area: 5798 
Peak-Memory: 2880.41 Elapsed: 272
       Partition:  pbs_fcopt_44 - PBS_Generic_Opt-Distributed_Write_DB - Elapsed_Time 7.00, CPU_Time 7.00
       pbs_fcopt_44 - PBS_Generic_Opt-Assembly - Elapsed_Time 4, CPU_Time 4.0
       Partition:  pbs_fcopt_44 - Runtime taken by the partition - Elapsed_Time 279.00, CPU_Time 235.64
       Partition:  pbs_fcopt_27 - PBS_Generic_Opt-Distributed_Read_DB - Elapsed_Time 3.00, CPU_Time 3.00
       Partition:  pbs_fcopt_27 - PBS_Generic_Opt-Distributed_Generic - Elapsed_Time 4.00, CPU_Time 5.00
       Partition:  pbs_fcopt_27 - PBS_Generic_Opt-First_Cond - Elapsed_Time 233.00, CPU_Time 206.65
       Partition:  pbs_fcopt_27 - PBS_Generic_Opt-Distributed_Prop_Const - Elapsed_Time 10.00, CPU_Time 10.00
       Partition:  pbs_fcopt_27 - PBS_Generic_Opt-Distributed_Gobble - Elapsed_Time 0.00, CPU_Time 0.00
       Partition:  pbs_fcopt_27 - PBS_Generic_Opt-Distributed_Report - Elapsed_Time 0.00, CPU_Time 0.00
       Start - Partition: pbs_fcopt_27 Slack: -148.8 TNS: 137424.9 Cell-Count: 97812 Cell-Area: 8662 
Init-Memory: 2420.96
       Done  - Partition: pbs_fcopt_27 Slack: -156.5 TNS: 143882.1 Cell-Count: 46932 Cell-Area: 5798 
Peak-Memory: 2929.88 Elapsed: 250
       Partition:  pbs_fcopt_27 - PBS_Generic_Opt-Distributed_Write_DB - Elapsed_Time 5.00, CPU_Time 6.00
       pbs_fcopt_27 - PBS_Generic_Opt-Assembly - Elapsed_Time 3, CPU_Time 3.0
       Partition:  pbs_fcopt_27 - Runtime taken by the partition - Elapsed_Time 255.00, CPU_Time 230.65
       Partition:  pbs_fcopt_25 - PBS_Generic_Opt-Distributed_Read_DB - Elapsed_Time 2.00, CPU_Time 2.00
       Partition:  pbs_fcopt_25 - PBS_Generic_Opt-Distributed_Generic - Elapsed_Time 5.00, CPU_Time 5.00
       Partition:  pbs_fcopt_25 - PBS_Generic_Opt-First_Cond - Elapsed_Time 216.00, CPU_Time 205.87
       Partition:  pbs_fcopt_25 - PBS_Generic_Opt-Distributed_Prop_Const - Elapsed_Time 9.00, CPU_Time 9.00
       Partition:  pbs_fcopt_25 - PBS_Generic_Opt-Distributed_Gobble - Elapsed_Time 0.00, CPU_Time 1.00
       Partition:  pbs_fcopt_25 - PBS_Generic_Opt-Distributed_Report - Elapsed_Time 0.00, CPU_Time 0.00
       Start - Partition: pbs_fcopt_25 Slack: -148.8 TNS: 137424.9 Cell-Count: 97812 Cell-Area: 8662 
Init-Memory: 2429.54
       Done  - Partition: pbs_fcopt_25 Slack: -156.5 TNS: 143882.1 Cell-Count: 46932 Cell-Area: 5798 
Peak-Memory: 2923.29 Elapsed: 232
       Partition:  pbs_fcopt_25 - PBS_Generic_Opt-Distributed_Write_DB - Elapsed_Time 6.00, CPU_Time 6.00
       pbs_fcopt_25 - PBS_Generic_Opt-Assembly - Elapsed_Time 4, CPU_Time 3.0
       Partition:  pbs_fcopt_25 - Runtime taken by the partition - Elapsed_Time 238.00, CPU_Time 228.87
          Sending 'pbs_fcopt_3 ./.pbs_mo.ece.pdx.edu_23315/pbs_fcopt_3.etf' to server 'localhost_1_12'...
            Sent 'pbs_fcopt_3 ./.pbs_mo.ece.pdx.edu_23315/pbs_fcopt_3.etf' to server 'localhost_1_12'.
          Received 'pbs_fcopt_0 ./.pbs_mo.ece.pdx.edu_23315/pbs_fcopt_0.etf' from server 'localhost_1_0'. (222107 ms elapsed)
          Sending 'pbs_fcopt_31 ./.pbs_mo.ece.pdx.edu_23315/pbs_fcopt_31.etf' to server 'localhost_1_0'...
            Sent 'pbs_fcopt_31 ./.pbs_mo.ece.pdx.edu_23315/pbs_fcopt_31.etf' to server 'localhost_1_0'.
          Received 'pbs_fcopt_37 ./.pbs_mo.ece.pdx.edu_23315/pbs_fcopt_37.etf' from server 'localhost_1_8'. (260703 ms elapsed)
          Sending 'pbs_fcopt_59 ./.pbs_mo.ece.pdx.edu_23315/pbs_fcopt_59.etf' to server 'localhost_1_8'...
            Sent 'pbs_fcopt_59 ./.pbs_mo.ece.pdx.edu_23315/pbs_fcopt_59.etf' to server 'localhost_1_8'.
          Received 'pbs_fcopt_43 ./.pbs_mo.ece.pdx.edu_23315/pbs_fcopt_43.etf' from server 'localhost_1_11'. (276883 ms elapsed)
       Partition:  pbs_fcopt_43 - PBS_Generic_Opt-Distributed_Read_DB - Elapsed_Time 2.00, CPU_Time 2.00
       Partition:  pbs_fcopt_43 - PBS_Generic_Opt-Distributed_Generic - Elapsed_Time 4.00, CPU_Time 5.00
       Partition:  pbs_fcopt_43 - PBS_Generic_Opt-First_Cond - Elapsed_Time 253.00, CPU_Time 199.18
       Partition:  pbs_fcopt_43 - PBS_Generic_Opt-Distributed_Prop_Const - Elapsed_Time 11.00, CPU_Time 11.00
       Partition:  pbs_fcopt_43 - PBS_Generic_Opt-Distributed_Gobble - Elapsed_Time 0.00, CPU_Time 0.00
       Partition:  pbs_fcopt_43 - PBS_Generic_Opt-Distributed_Report - Elapsed_Time 0.00, CPU_Time 0.00
       Start - Partition: pbs_fcopt_43 Slack: -148.8 TNS: 137424.9 Cell-Count: 97812 Cell-Area: 8662 
Init-Memory: 2295.21
       Done  - Partition: pbs_fcopt_43 Slack: -156.5 TNS: 143882.1 Cell-Count: 46932 Cell-Area: 5798 
Peak-Memory: 2878.62 Elapsed: 270
       Partition:  pbs_fcopt_43 - PBS_Generic_Opt-Distributed_Write_DB - Elapsed_Time 6.00, CPU_Time 7.00
       pbs_fcopt_43 - PBS_Generic_Opt-Assembly - Elapsed_Time 4, CPU_Time 4.0
       Partition:  pbs_fcopt_43 - Runtime taken by the partition - Elapsed_Time 276.00, CPU_Time 224.18
       Partition:  pbs_fcopt_37 - PBS_Generic_Opt-Distributed_Read_DB - Elapsed_Time 3.00, CPU_Time 2.00
       Partition:  pbs_fcopt_37 - PBS_Generic_Opt-Distributed_Generic - Elapsed_Time 4.00, CPU_Time 5.00
       Partition:  pbs_fcopt_37 - PBS_Generic_Opt-First_Cond - Elapsed_Time 235.00, CPU_Time 206.84
       Partition:  pbs_fcopt_37 - PBS_Generic_Opt-Distributed_Prop_Const - Elapsed_Time 9.00, CPU_Time 9.00
       Partition:  pbs_fcopt_37 - PBS_Generic_Opt-Distributed_Gobble - Elapsed_Time 0.00, CPU_Time 0.00
       Partition:  pbs_fcopt_37 - PBS_Generic_Opt-Distributed_Report - Elapsed_Time 0.00, CPU_Time 0.00
       Start - Partition: pbs_fcopt_37 Slack: -148.8 TNS: 137424.9 Cell-Count: 97812 Cell-Area: 8662 
Init-Memory: 2313.58
       Done  - Partition: pbs_fcopt_37 Slack: -156.5 TNS: 143882.1 Cell-Count: 46932 Cell-Area: 5798 
Peak-Memory: 2888.23 Elapsed: 251
       Partition:  pbs_fcopt_37 - PBS_Generic_Opt-Distributed_Write_DB - Elapsed_Time 5.00, CPU_Time 5.00
       pbs_fcopt_37 - PBS_Generic_Opt-Assembly - Elapsed_Time 2, CPU_Time 3.0
       Partition:  pbs_fcopt_37 - Runtime taken by the partition - Elapsed_Time 256.00, CPU_Time 227.84
          Sending 'pbs_fcopt_56 ./.pbs_mo.ece.pdx.edu_23315/pbs_fcopt_56.etf' to server 'localhost_1_11'...
            Sent 'pbs_fcopt_56 ./.pbs_mo.ece.pdx.edu_23315/pbs_fcopt_56.etf' to server 'localhost_1_11'.
          Received 'pbs_fcopt_45 ./.pbs_mo.ece.pdx.edu_23315/pbs_fcopt_45.etf' from server 'localhost_1_13'. (262623 ms elapsed)
       Partition:  pbs_fcopt_45 - PBS_Generic_Opt-Distributed_Read_DB - Elapsed_Time 2.00, CPU_Time 1.00
       Partition:  pbs_fcopt_45 - PBS_Generic_Opt-Distributed_Generic - Elapsed_Time 3.00, CPU_Time 5.00
       Partition:  pbs_fcopt_45 - PBS_Generic_Opt-First_Cond - Elapsed_Time 241.00, CPU_Time 191.46
       Partition:  pbs_fcopt_45 - PBS_Generic_Opt-Distributed_Prop_Const - Elapsed_Time 10.00, CPU_Time 10.00
       Partition:  pbs_fcopt_45 - PBS_Generic_Opt-Distributed_Gobble - Elapsed_Time 0.00, CPU_Time 0.00
       Partition:  pbs_fcopt_45 - PBS_Generic_Opt-Distributed_Report - Elapsed_Time 0.00, CPU_Time 0.00
       Start - Partition: pbs_fcopt_45 Slack: -148.8 TNS: 137424.9 Cell-Count: 97812 Cell-Area: 8662 
Init-Memory: 2287.10
       Done  - Partition: pbs_fcopt_45 Slack: -156.5 TNS: 143882.1 Cell-Count: 46932 Cell-Area: 5798 
Peak-Memory: 2874.37 Elapsed: 256
       Partition:  pbs_fcopt_45 - PBS_Generic_Opt-Distributed_Write_DB - Elapsed_Time 5.00, CPU_Time 6.00
       pbs_fcopt_45 - PBS_Generic_Opt-Assembly - Elapsed_Time 3, CPU_Time 3.0
       Partition:  pbs_fcopt_45 - Runtime taken by the partition - Elapsed_Time 261.00, CPU_Time 213.46
       Partition:  pbs_fcopt_0 - PBS_Generic_Opt-Distributed_Read_DB - Elapsed_Time 2.00, CPU_Time 2.00
       Partition:  pbs_fcopt_0 - PBS_Generic_Opt-Distributed_Generic - Elapsed_Time 6.00, CPU_Time 6.00
       Partition:  pbs_fcopt_0 - PBS_Generic_Opt-First_Cond - Elapsed_Time 197.00, CPU_Time 206.13
       Partition:  pbs_fcopt_0 - PBS_Generic_Opt-Distributed_Prop_Const - Elapsed_Time 3.00, CPU_Time 3.00
       Partition:  pbs_fcopt_0 - PBS_Generic_Opt-Distributed_Gobble - Elapsed_Time 1.00, CPU_Time 0.00
       Partition:  pbs_fcopt_0 - PBS_Generic_Opt-Distributed_Report - Elapsed_Time 0.00, CPU_Time 0.00
       Start - Partition: pbs_fcopt_0 Slack: -9.6 TNS: 2041.6 Cell-Count: 97083 Cell-Area: 17864 
Init-Memory: 2295.22
       Done  - Partition: pbs_fcopt_0 Slack: -9.6 TNS: 2041.6 Cell-Count: 96901 Cell-Area: 17740 
Peak-Memory: 2871.34 Elapsed: 209
       Partition:  pbs_fcopt_0 - PBS_Generic_Opt-Distributed_Write_DB - Elapsed_Time 12.00, CPU_Time 13.00
       pbs_fcopt_0 - PBS_Generic_Opt-Assembly - Elapsed_Time 8, CPU_Time 8.0
       Partition:  pbs_fcopt_0 - Runtime taken by the partition - Elapsed_Time 221.00, CPU_Time 230.13
          Sending 'pbs_fcopt_55 ./.pbs_mo.ece.pdx.edu_23315/pbs_fcopt_55.etf' to server 'localhost_1_13'...
            Sent 'pbs_fcopt_55 ./.pbs_mo.ece.pdx.edu_23315/pbs_fcopt_55.etf' to server 'localhost_1_13'.
          Received 'pbs_fcopt_10 ./.pbs_mo.ece.pdx.edu_23315/pbs_fcopt_10.etf' from server 'localhost_1_10'. (179357 ms elapsed)
       Partition:  pbs_fcopt_10 - PBS_Generic_Opt-Distributed_Read_DB - Elapsed_Time 4.00, CPU_Time 4.00
       Partition:  pbs_fcopt_10 - PBS_Generic_Opt-Distributed_Generic - Elapsed_Time 7.00, CPU_Time 7.00
       Partition:  pbs_fcopt_10 - PBS_Generic_Opt-First_Cond - Elapsed_Time 150.00, CPU_Time 154.85
       Partition:  pbs_fcopt_10 - PBS_Generic_Opt-Distributed_Prop_Const - Elapsed_Time 3.00, CPU_Time 3.00
       Partition:  pbs_fcopt_10 - PBS_Generic_Opt-Distributed_Gobble - Elapsed_Time 1.00, CPU_Time 0.00
       Partition:  pbs_fcopt_10 - PBS_Generic_Opt-Distributed_Report - Elapsed_Time 0.00, CPU_Time 0.00
       Start - Partition: pbs_fcopt_10 Slack: 4.6 TNS: 0.0 Cell-Count: 93808 Cell-Area: 15176 
Init-Memory: 2335.35
       Done  - Partition: pbs_fcopt_10 Slack: 4.6 TNS: 0.0 Cell-Count: 93804 Cell-Area: 15176 
Peak-Memory: 3040.92 Elapsed: 165
       Partition:  pbs_fcopt_10 - PBS_Generic_Opt-Distributed_Write_DB - Elapsed_Time 12.00, CPU_Time 13.00
       pbs_fcopt_10 - PBS_Generic_Opt-Assembly - Elapsed_Time 8, CPU_Time 8.0
       Partition:  pbs_fcopt_10 - Runtime taken by the partition - Elapsed_Time 177.00, CPU_Time 181.85
          Sending 'pbs_fcopt_34 ./.pbs_mo.ece.pdx.edu_23315/pbs_fcopt_34.etf' to server 'localhost_1_10'...
            Sent 'pbs_fcopt_34 ./.pbs_mo.ece.pdx.edu_23315/pbs_fcopt_34.etf' to server 'localhost_1_10'.
          Received 'pbs_fcopt_22 ./.pbs_mo.ece.pdx.edu_23315/pbs_fcopt_22.etf' from server 'localhost_1_9'. (183307 ms elapsed)
       Partition:  pbs_fcopt_22 - PBS_Generic_Opt-Distributed_Read_DB - Elapsed_Time 2.00, CPU_Time 3.00
       Partition:  pbs_fcopt_22 - PBS_Generic_Opt-Distributed_Generic - Elapsed_Time 6.00, CPU_Time 6.00
       Partition:  pbs_fcopt_22 - PBS_Generic_Opt-First_Cond - Elapsed_Time 157.00, CPU_Time 160.31
       Partition:  pbs_fcopt_22 - PBS_Generic_Opt-Distributed_Prop_Const - Elapsed_Time 4.00, CPU_Time 4.00
       Partition:  pbs_fcopt_22 - PBS_Generic_Opt-Distributed_Gobble - Elapsed_Time 0.00, CPU_Time 0.00
       Partition:  pbs_fcopt_22 - PBS_Generic_Opt-Distributed_Report - Elapsed_Time 0.00, CPU_Time 0.00
       Start - Partition: pbs_fcopt_22 Slack: 4.6 TNS: 0.0 Cell-Count: 93808 Cell-Area: 15176 
Init-Memory: 2398.28
       Done  - Partition: pbs_fcopt_22 Slack: 4.6 TNS: 0.0 Cell-Count: 93804 Cell-Area: 15176 
Peak-Memory: 3040.43 Elapsed: 169
       Partition:  pbs_fcopt_22 - PBS_Generic_Opt-Distributed_Write_DB - Elapsed_Time 13.00, CPU_Time 13.00
       pbs_fcopt_22 - PBS_Generic_Opt-Assembly - Elapsed_Time 8, CPU_Time 8.0
       Partition:  pbs_fcopt_22 - Runtime taken by the partition - Elapsed_Time 182.00, CPU_Time 186.31
          Sending 'pbs_fcopt_19 ./.pbs_mo.ece.pdx.edu_23315/pbs_fcopt_19.etf' to server 'localhost_1_9'...
            Sent 'pbs_fcopt_19 ./.pbs_mo.ece.pdx.edu_23315/pbs_fcopt_19.etf' to server 'localhost_1_9'.
          Received 'pbs_fcopt_15 ./.pbs_mo.ece.pdx.edu_23315/pbs_fcopt_15.etf' from server 'localhost_1_14'. (192830 ms elapsed)
       Partition:  pbs_fcopt_15 - PBS_Generic_Opt-Distributed_Read_DB - Elapsed_Time 3.00, CPU_Time 3.00
       Partition:  pbs_fcopt_15 - PBS_Generic_Opt-Distributed_Generic - Elapsed_Time 7.00, CPU_Time 8.00
       Partition:  pbs_fcopt_15 - PBS_Generic_Opt-First_Cond - Elapsed_Time 166.00, CPU_Time 168.92
       Partition:  pbs_fcopt_15 - PBS_Generic_Opt-Distributed_Prop_Const - Elapsed_Time 3.00, CPU_Time 3.00
       Partition:  pbs_fcopt_15 - PBS_Generic_Opt-Distributed_Gobble - Elapsed_Time 0.00, CPU_Time 0.00
       Partition:  pbs_fcopt_15 - PBS_Generic_Opt-Distributed_Report - Elapsed_Time 0.00, CPU_Time 0.00
       Start - Partition: pbs_fcopt_15 Slack: 2.2 TNS: 0.0 Cell-Count: 92921 Cell-Area: 14876 
Init-Memory: 2384.69
       Done  - Partition: pbs_fcopt_15 Slack: 2.2 TNS: 0.0 Cell-Count: 92937 Cell-Area: 14856 
Peak-Memory: 2943.55 Elapsed: 179
       Partition:  pbs_fcopt_15 - PBS_Generic_Opt-Distributed_Write_DB - Elapsed_Time 13.00, CPU_Time 13.00
       pbs_fcopt_15 - PBS_Generic_Opt-Assembly - Elapsed_Time 11, CPU_Time 11.0
       Partition:  pbs_fcopt_15 - Runtime taken by the partition - Elapsed_Time 192.00, CPU_Time 195.92
          Sending 'pbs_fcopt_7 ./.pbs_mo.ece.pdx.edu_23315/pbs_fcopt_7.etf' to server 'localhost_1_14'...
            Sent 'pbs_fcopt_7 ./.pbs_mo.ece.pdx.edu_23315/pbs_fcopt_7.etf' to server 'localhost_1_14'.
          Received 'pbs_fcopt_3 ./.pbs_mo.ece.pdx.edu_23315/pbs_fcopt_3.etf' from server 'localhost_1_12'. (188547 ms elapsed)
       Partition:  pbs_fcopt_3 - PBS_Generic_Opt-Distributed_Read_DB - Elapsed_Time 4.00, CPU_Time 4.00
       Partition:  pbs_fcopt_3 - PBS_Generic_Opt-Distributed_Generic - Elapsed_Time 6.00, CPU_Time 6.00
       Partition:  pbs_fcopt_3 - PBS_Generic_Opt-First_Cond - Elapsed_Time 160.00, CPU_Time 162.11
       Partition:  pbs_fcopt_3 - PBS_Generic_Opt-Distributed_Prop_Const - Elapsed_Time 3.00, CPU_Time 3.00
       Partition:  pbs_fcopt_3 - PBS_Generic_Opt-Distributed_Gobble - Elapsed_Time 0.00, CPU_Time 0.00
       Partition:  pbs_fcopt_3 - PBS_Generic_Opt-Distributed_Report - Elapsed_Time 0.00, CPU_Time 0.00
       Start - Partition: pbs_fcopt_3 Slack: 2.2 TNS: 0.0 Cell-Count: 92921 Cell-Area: 14876 
Init-Memory: 2361.56
       Done  - Partition: pbs_fcopt_3 Slack: 2.2 TNS: 0.0 Cell-Count: 92937 Cell-Area: 14856 
Peak-Memory: 2942.79 Elapsed: 173
       Partition:  pbs_fcopt_3 - PBS_Generic_Opt-Distributed_Write_DB - Elapsed_Time 12.00, CPU_Time 13.00
       pbs_fcopt_3 - PBS_Generic_Opt-Assembly - Elapsed_Time 9, CPU_Time 9.0
       Partition:  pbs_fcopt_3 - Runtime taken by the partition - Elapsed_Time 185.00, CPU_Time 188.11
          Sending 'pbs_fcopt_58 ./.pbs_mo.ece.pdx.edu_23315/pbs_fcopt_58.etf' to server 'localhost_1_12'...
            Sent 'pbs_fcopt_58 ./.pbs_mo.ece.pdx.edu_23315/pbs_fcopt_58.etf' to server 'localhost_1_12'.
          Received 'pbs_fcopt_31 ./.pbs_mo.ece.pdx.edu_23315/pbs_fcopt_31.etf' from server 'localhost_1_0'. (232332 ms elapsed)
       Partition:  pbs_fcopt_31 - PBS_Generic_Opt-Distributed_Read_DB - Elapsed_Time 3.00, CPU_Time 3.00
       Partition:  pbs_fcopt_31 - PBS_Generic_Opt-Distributed_Generic - Elapsed_Time 3.00, CPU_Time 4.00
       Partition:  pbs_fcopt_31 - PBS_Generic_Opt-First_Cond - Elapsed_Time 212.00, CPU_Time 201.61
       Partition:  pbs_fcopt_31 - PBS_Generic_Opt-Distributed_Prop_Const - Elapsed_Time 9.00, CPU_Time 9.00
       Partition:  pbs_fcopt_31 - PBS_Generic_Opt-Distributed_Gobble - Elapsed_Time 0.00, CPU_Time 0.00
       Partition:  pbs_fcopt_31 - PBS_Generic_Opt-Distributed_Report - Elapsed_Time 0.00, CPU_Time 0.00
       Start - Partition: pbs_fcopt_31 Slack: -148.8 TNS: 129122.3 Cell-Count: 91884 Cell-Area: 8137 
Init-Memory: 2644.82
       Done  - Partition: pbs_fcopt_31 Slack: -156.5 TNS: 136109.1 Cell-Count: 44077 Cell-Area: 5446 
Peak-Memory: 2871.34 Elapsed: 227
       Partition:  pbs_fcopt_31 - PBS_Generic_Opt-Distributed_Write_DB - Elapsed_Time 5.00, CPU_Time 5.00
       pbs_fcopt_31 - PBS_Generic_Opt-Assembly - Elapsed_Time 3, CPU_Time 4.0
       Partition:  pbs_fcopt_31 - Runtime taken by the partition - Elapsed_Time 232.00, CPU_Time 222.61
          Sending 'pbs_fcopt_57 ./.pbs_mo.ece.pdx.edu_23315/pbs_fcopt_57.etf' to server 'localhost_1_0'...
            Sent 'pbs_fcopt_57 ./.pbs_mo.ece.pdx.edu_23315/pbs_fcopt_57.etf' to server 'localhost_1_0'.
          Received 'pbs_fcopt_19 ./.pbs_mo.ece.pdx.edu_23315/pbs_fcopt_19.etf' from server 'localhost_1_9'. (177948 ms elapsed)
          Sending 'pbs_fcopt_17 ./.pbs_mo.ece.pdx.edu_23315/pbs_fcopt_17.etf' to server 'localhost_1_9'...
            Sent 'pbs_fcopt_17 ./.pbs_mo.ece.pdx.edu_23315/pbs_fcopt_17.etf' to server 'localhost_1_9'.
          Received 'pbs_fcopt_7 ./.pbs_mo.ece.pdx.edu_23315/pbs_fcopt_7.etf' from server 'localhost_1_14'. (165916 ms elapsed)
          Sending 'pbs_fcopt_5 ./.pbs_mo.ece.pdx.edu_23315/pbs_fcopt_5.etf' to server 'localhost_1_14'...
            Sent 'pbs_fcopt_5 ./.pbs_mo.ece.pdx.edu_23315/pbs_fcopt_5.etf' to server 'localhost_1_14'.
          Received 'pbs_fcopt_34 ./.pbs_mo.ece.pdx.edu_23315/pbs_fcopt_34.etf' from server 'localhost_1_10'. (220433 ms elapsed)
          Sending 'pbs_fcopt_30 ./.pbs_mo.ece.pdx.edu_23315/pbs_fcopt_30.etf' to server 'localhost_1_10'...
            Sent 'pbs_fcopt_30 ./.pbs_mo.ece.pdx.edu_23315/pbs_fcopt_30.etf' to server 'localhost_1_10'.
          Received 'pbs_fcopt_55 ./.pbs_mo.ece.pdx.edu_23315/pbs_fcopt_55.etf' from server 'localhost_1_13'. (265104 ms elapsed)
          Received 'pbs_fcopt_56 ./.pbs_mo.ece.pdx.edu_23315/pbs_fcopt_56.etf' from server 'localhost_1_11'. (286209 ms elapsed)
          Received 'pbs_fcopt_59 ./.pbs_mo.ece.pdx.edu_23315/pbs_fcopt_59.etf' from server 'localhost_1_8'. (362771 ms elapsed)
       Partition:  pbs_fcopt_59 - PBS_Generic_Opt-Distributed_Read_DB - Elapsed_Time 3.00, CPU_Time 3.00
       Partition:  pbs_fcopt_59 - PBS_Generic_Opt-Distributed_Generic - Elapsed_Time 5.00, CPU_Time 5.00
       Partition:  pbs_fcopt_59 - PBS_Generic_Opt-First_Cond - Elapsed_Time 332.00, CPU_Time 269.30
       Partition:  pbs_fcopt_59 - PBS_Generic_Opt-Distributed_Prop_Const - Elapsed_Time 6.00, CPU_Time 7.00
       Partition:  pbs_fcopt_59 - PBS_Generic_Opt-Distributed_Gobble - Elapsed_Time 0.00, CPU_Time 0.00
       Partition:  pbs_fcopt_59 - PBS_Generic_Opt-Distributed_Report - Elapsed_Time 0.00, CPU_Time 0.00
       Start - Partition: pbs_fcopt_59 Slack: 2.8 TNS: 0.0 Cell-Count: 91793 Cell-Area: 12583 
Init-Memory: 2316.32
       Done  - Partition: pbs_fcopt_59 Slack: 2.2 TNS: 0.0 Cell-Count: 64208 Cell-Area: 10393 
Peak-Memory: 2888.23 Elapsed: 346
       Partition:  pbs_fcopt_59 - PBS_Generic_Opt-Distributed_Write_DB - Elapsed_Time 9.00, CPU_Time 8.98
       pbs_fcopt_59 - PBS_Generic_Opt-Assembly - Elapsed_Time 6, CPU_Time 6.0
       Partition:  pbs_fcopt_59 - Runtime taken by the partition - Elapsed_Time 355.00, CPU_Time 293.28
       Partition:  pbs_fcopt_56 - PBS_Generic_Opt-Distributed_Read_DB - Elapsed_Time 3.00, CPU_Time 3.00
       Partition:  pbs_fcopt_56 - PBS_Generic_Opt-Distributed_Generic - Elapsed_Time 5.00, CPU_Time 5.00
       Partition:  pbs_fcopt_56 - PBS_Generic_Opt-First_Cond - Elapsed_Time 256.00, CPU_Time 212.12
       Partition:  pbs_fcopt_56 - PBS_Generic_Opt-Distributed_Prop_Const - Elapsed_Time 4.00, CPU_Time 4.00
       Partition:  pbs_fcopt_56 - PBS_Generic_Opt-Distributed_Gobble - Elapsed_Time 0.00, CPU_Time 0.00
       Partition:  pbs_fcopt_56 - PBS_Generic_Opt-Distributed_Report - Elapsed_Time 0.00, CPU_Time 0.00
       Start - Partition: pbs_fcopt_56 Slack: 52.6 TNS: 0.0 Cell-Count: 86464 Cell-Area: 11650 
Init-Memory: 2289.94
       Done  - Partition: pbs_fcopt_56 Slack: 83.7 TNS: 0.0 Cell-Count: 58006 Cell-Area: 9431 
Peak-Memory: 2878.62 Elapsed: 268
       Partition:  pbs_fcopt_56 - PBS_Generic_Opt-Distributed_Write_DB - Elapsed_Time 8.00, CPU_Time 7.98
       pbs_fcopt_56 - PBS_Generic_Opt-Assembly - Elapsed_Time 4, CPU_Time 4.0
       Partition:  pbs_fcopt_56 - Runtime taken by the partition - Elapsed_Time 276.00, CPU_Time 232.10
       Partition:  pbs_fcopt_55 - PBS_Generic_Opt-Distributed_Read_DB - Elapsed_Time 2.00, CPU_Time 3.00
       Partition:  pbs_fcopt_55 - PBS_Generic_Opt-Distributed_Generic - Elapsed_Time 4.00, CPU_Time 4.00
       Partition:  pbs_fcopt_55 - PBS_Generic_Opt-First_Cond - Elapsed_Time 248.00, CPU_Time 203.46
       Partition:  pbs_fcopt_55 - PBS_Generic_Opt-Distributed_Prop_Const - Elapsed_Time 3.00, CPU_Time 4.00
       Partition:  pbs_fcopt_55 - PBS_Generic_Opt-Distributed_Gobble - Elapsed_Time 0.00, CPU_Time 0.00
       Partition:  pbs_fcopt_55 - PBS_Generic_Opt-Distributed_Report - Elapsed_Time 0.00, CPU_Time 0.00
       Start - Partition: pbs_fcopt_55 Slack: 52.6 TNS: 0.0 Cell-Count: 83864 Cell-Area: 11026 
Init-Memory: 2285.83
       Done  - Partition: pbs_fcopt_55 Slack: 83.7 TNS: 0.0 Cell-Count: 55981 Cell-Area: 8852 
Peak-Memory: 2874.37 Elapsed: 257
       Partition:  pbs_fcopt_55 - PBS_Generic_Opt-Distributed_Write_DB - Elapsed_Time 7.00, CPU_Time 7.00
       pbs_fcopt_55 - PBS_Generic_Opt-Assembly - Elapsed_Time 4, CPU_Time 4.0
       Partition:  pbs_fcopt_55 - Runtime taken by the partition - Elapsed_Time 264.00, CPU_Time 221.46
       Partition:  pbs_fcopt_34 - PBS_Generic_Opt-Distributed_Read_DB - Elapsed_Time 2.00, CPU_Time 2.00
       Partition:  pbs_fcopt_34 - PBS_Generic_Opt-Distributed_Generic - Elapsed_Time 3.00, CPU_Time 4.00
       Partition:  pbs_fcopt_34 - PBS_Generic_Opt-First_Cond - Elapsed_Time 186.00, CPU_Time 171.93
       Partition:  pbs_fcopt_34 - PBS_Generic_Opt-Distributed_Prop_Const - Elapsed_Time 9.00, CPU_Time 9.00
       Partition:  pbs_fcopt_34 - PBS_Generic_Opt-Distributed_Gobble - Elapsed_Time 0.00, CPU_Time 0.00
       Partition:  pbs_fcopt_34 - PBS_Generic_Opt-Distributed_Report - Elapsed_Time 0.00, CPU_Time 0.00
       Start - Partition: pbs_fcopt_34 Slack: -148.8 TNS: 112517.1 Cell-Count: 80028 Cell-Area: 7087 
Init-Memory: 2752.88
       Done  - Partition: pbs_fcopt_34 Slack: -156.5 TNS: 120056.7 Cell-Count: 38376 Cell-Area: 4742 
Peak-Memory: 3040.92 Elapsed: 200
       Partition:  pbs_fcopt_34 - PBS_Generic_Opt-Distributed_Write_DB - Elapsed_Time 4.00, CPU_Time 5.00
       pbs_fcopt_34 - PBS_Generic_Opt-Assembly - Elapsed_Time 2, CPU_Time 2.0
       Partition:  pbs_fcopt_34 - Runtime taken by the partition - Elapsed_Time 204.00, CPU_Time 191.93
       Partition:  pbs_fcopt_19 - PBS_Generic_Opt-Distributed_Read_DB - Elapsed_Time 3.00, CPU_Time 3.00
       Partition:  pbs_fcopt_19 - PBS_Generic_Opt-Distributed_Generic - Elapsed_Time 5.00, CPU_Time 6.00
       Partition:  pbs_fcopt_19 - PBS_Generic_Opt-First_Cond - Elapsed_Time 152.00, CPU_Time 158.25
       Partition:  pbs_fcopt_19 - PBS_Generic_Opt-Distributed_Prop_Const - Elapsed_Time 3.00, CPU_Time 2.00
       Partition:  pbs_fcopt_19 - PBS_Generic_Opt-Distributed_Gobble - Elapsed_Time 0.00, CPU_Time 0.00
       Partition:  pbs_fcopt_19 - PBS_Generic_Opt-Distributed_Report - Elapsed_Time 0.00, CPU_Time 0.00
       Start - Partition: pbs_fcopt_19 Slack: 3.8 TNS: 0.0 Cell-Count: 77658 Cell-Area: 14519 
Init-Memory: 2789.39
       Done  - Partition: pbs_fcopt_19 Slack: 4.4 TNS: 0.0 Cell-Count: 77654 Cell-Area: 14519 
Peak-Memory: 3085.96 Elapsed: 163
       Partition:  pbs_fcopt_19 - PBS_Generic_Opt-Distributed_Write_DB - Elapsed_Time 14.00, CPU_Time 14.00
       pbs_fcopt_19 - PBS_Generic_Opt-Assembly - Elapsed_Time 7, CPU_Time 7.0
       Partition:  pbs_fcopt_19 - Runtime taken by the partition - Elapsed_Time 177.00, CPU_Time 183.25
       Partition:  pbs_fcopt_7 - PBS_Generic_Opt-Distributed_Read_DB - Elapsed_Time 3.00, CPU_Time 3.00
       Partition:  pbs_fcopt_7 - PBS_Generic_Opt-Distributed_Generic - Elapsed_Time 5.00, CPU_Time 5.00
       Partition:  pbs_fcopt_7 - PBS_Generic_Opt-First_Cond - Elapsed_Time 142.00, CPU_Time 146.75
       Partition:  pbs_fcopt_7 - PBS_Generic_Opt-Distributed_Prop_Const - Elapsed_Time 3.00, CPU_Time 2.00
       Partition:  pbs_fcopt_7 - PBS_Generic_Opt-Distributed_Gobble - Elapsed_Time 0.00, CPU_Time 1.00
       Partition:  pbs_fcopt_7 - PBS_Generic_Opt-Distributed_Report - Elapsed_Time 0.00, CPU_Time 0.00
       Start - Partition: pbs_fcopt_7 Slack: 3.8 TNS: 0.0 Cell-Count: 77658 Cell-Area: 14519 
Init-Memory: 2554.34
       Done  - Partition: pbs_fcopt_7 Slack: 4.4 TNS: 0.0 Cell-Count: 77654 Cell-Area: 14519 
Peak-Memory: 3090.85 Elapsed: 153
       Partition:  pbs_fcopt_7 - PBS_Generic_Opt-Distributed_Write_DB - Elapsed_Time 11.00, CPU_Time 12.00
       pbs_fcopt_7 - PBS_Generic_Opt-Assembly - Elapsed_Time 6, CPU_Time 6.0
       Partition:  pbs_fcopt_7 - Runtime taken by the partition - Elapsed_Time 164.00, CPU_Time 169.75
          Received 'pbs_fcopt_58 ./.pbs_mo.ece.pdx.edu_23315/pbs_fcopt_58.etf' from server 'localhost_1_12'. (269198 ms elapsed)
       Partition:  pbs_fcopt_58 - PBS_Generic_Opt-Distributed_Read_DB - Elapsed_Time 2.00, CPU_Time 2.00
       Partition:  pbs_fcopt_58 - PBS_Generic_Opt-Distributed_Generic - Elapsed_Time 5.00, CPU_Time 5.00
       Partition:  pbs_fcopt_58 - PBS_Generic_Opt-First_Cond - Elapsed_Time 223.00, CPU_Time 189.89
       Partition:  pbs_fcopt_58 - PBS_Generic_Opt-Distributed_Prop_Const - Elapsed_Time 3.00, CPU_Time 3.00
       Partition:  pbs_fcopt_58 - PBS_Generic_Opt-Distributed_Gobble - Elapsed_Time 1.00, CPU_Time 1.00
       Partition:  pbs_fcopt_58 - PBS_Generic_Opt-Distributed_Report - Elapsed_Time 0.00, CPU_Time 0.00
       Start - Partition: pbs_fcopt_58 Slack: 52.6 TNS: 0.0 Cell-Count: 77424 Cell-Area: 10339 
Init-Memory: 2462.74
       Done  - Partition: pbs_fcopt_58 Slack: 83.7 TNS: 0.0 Cell-Count: 51846 Cell-Area: 8344 
Peak-Memory: 2998.81 Elapsed: 234
       Partition:  pbs_fcopt_58 - PBS_Generic_Opt-Distributed_Write_DB - Elapsed_Time 6.00, CPU_Time 7.00
       pbs_fcopt_58 - PBS_Generic_Opt-Assembly - Elapsed_Time 4, CPU_Time 4.0
       Partition:  pbs_fcopt_58 - Runtime taken by the partition - Elapsed_Time 240.00, CPU_Time 207.89
          Received 'pbs_fcopt_17 ./.pbs_mo.ece.pdx.edu_23315/pbs_fcopt_17.etf' from server 'localhost_1_9'. (155616 ms elapsed)
          Received 'pbs_fcopt_5 ./.pbs_mo.ece.pdx.edu_23315/pbs_fcopt_5.etf' from server 'localhost_1_14'. (149415 ms elapsed)
          Received 'pbs_fcopt_30 ./.pbs_mo.ece.pdx.edu_23315/pbs_fcopt_30.etf' from server 'localhost_1_10'. (165756 ms elapsed)
          Received 'pbs_fcopt_57 ./.pbs_mo.ece.pdx.edu_23315/pbs_fcopt_57.etf' from server 'localhost_1_0'. (221366 ms elapsed)
       Partition:  pbs_fcopt_57 - PBS_Generic_Opt-Distributed_Read_DB - Elapsed_Time 2.00, CPU_Time 1.00
       Partition:  pbs_fcopt_57 - PBS_Generic_Opt-Distributed_Generic - Elapsed_Time 3.00, CPU_Time 4.00
       Partition:  pbs_fcopt_57 - PBS_Generic_Opt-First_Cond - Elapsed_Time 205.00, CPU_Time 188.95
       Partition:  pbs_fcopt_57 - PBS_Generic_Opt-Distributed_Prop_Const - Elapsed_Time 3.00, CPU_Time 3.00
       Partition:  pbs_fcopt_57 - PBS_Generic_Opt-Distributed_Gobble - Elapsed_Time 0.00, CPU_Time 0.00
       Partition:  pbs_fcopt_57 - PBS_Generic_Opt-Distributed_Report - Elapsed_Time 0.00, CPU_Time 0.00
       Start - Partition: pbs_fcopt_57 Slack: 52.6 TNS: 0.0 Cell-Count: 76136 Cell-Area: 10201 
Init-Memory: 2477.25
       Done  - Partition: pbs_fcopt_57 Slack: 83.7 TNS: 0.0 Cell-Count: 51019 Cell-Area: 8243 
Peak-Memory: 2871.34 Elapsed: 213
       Partition:  pbs_fcopt_57 - PBS_Generic_Opt-Distributed_Write_DB - Elapsed_Time 8.00, CPU_Time 7.97
       pbs_fcopt_57 - PBS_Generic_Opt-Assembly - Elapsed_Time 5, CPU_Time 5.0
       Partition:  pbs_fcopt_57 - Runtime taken by the partition - Elapsed_Time 221.00, CPU_Time 204.92
       Partition:  pbs_fcopt_17 - PBS_Generic_Opt-Distributed_Read_DB - Elapsed_Time 3.00, CPU_Time 3.00
       Partition:  pbs_fcopt_17 - PBS_Generic_Opt-Distributed_Generic - Elapsed_Time 4.00, CPU_Time 5.00
       Partition:  pbs_fcopt_17 - PBS_Generic_Opt-First_Cond - Elapsed_Time 134.00, CPU_Time 139.60
       Partition:  pbs_fcopt_17 - PBS_Generic_Opt-Distributed_Prop_Const - Elapsed_Time 2.00, CPU_Time 3.00
       Partition:  pbs_fcopt_17 - PBS_Generic_Opt-Distributed_Gobble - Elapsed_Time 0.00, CPU_Time 0.00
       Partition:  pbs_fcopt_17 - PBS_Generic_Opt-Distributed_Report - Elapsed_Time 0.00, CPU_Time 0.00
       Start - Partition: pbs_fcopt_17 Slack: 9.2 TNS: 0.0 Cell-Count: 73465 Cell-Area: 13304 
Init-Memory: 2629.93
       Done  - Partition: pbs_fcopt_17 Slack: 9.2 TNS: 0.0 Cell-Count: 73465 Cell-Area: 13304 
Peak-Memory: 3133.98 Elapsed: 143
       Partition:  pbs_fcopt_17 - PBS_Generic_Opt-Distributed_Write_DB - Elapsed_Time 10.00, CPU_Time 11.00
       pbs_fcopt_17 - PBS_Generic_Opt-Assembly - Elapsed_Time 6, CPU_Time 6.0
       Partition:  pbs_fcopt_17 - Runtime taken by the partition - Elapsed_Time 153.00, CPU_Time 161.60
       Partition:  pbs_fcopt_5 - PBS_Generic_Opt-Distributed_Read_DB - Elapsed_Time 2.00, CPU_Time 2.00
       Partition:  pbs_fcopt_5 - PBS_Generic_Opt-Distributed_Generic - Elapsed_Time 4.00, CPU_Time 5.00
       Partition:  pbs_fcopt_5 - PBS_Generic_Opt-First_Cond - Elapsed_Time 130.00, CPU_Time 134.73
       Partition:  pbs_fcopt_5 - PBS_Generic_Opt-Distributed_Prop_Const - Elapsed_Time 2.00, CPU_Time 2.00
       Partition:  pbs_fcopt_5 - PBS_Generic_Opt-Distributed_Gobble - Elapsed_Time 0.00, CPU_Time 1.00
       Partition:  pbs_fcopt_5 - PBS_Generic_Opt-Distributed_Report - Elapsed_Time 0.00, CPU_Time 0.00
       Start - Partition: pbs_fcopt_5 Slack: 9.2 TNS: 0.0 Cell-Count: 73465 Cell-Area: 13304 
Init-Memory: 2623.82
       Done  - Partition: pbs_fcopt_5 Slack: 9.2 TNS: 0.0 Cell-Count: 73465 Cell-Area: 13304 
Peak-Memory: 3138.88 Elapsed: 138
       Partition:  pbs_fcopt_5 - PBS_Generic_Opt-Distributed_Write_DB - Elapsed_Time 10.00, CPU_Time 10.00
       pbs_fcopt_5 - PBS_Generic_Opt-Assembly - Elapsed_Time 6, CPU_Time 6.0
       Partition:  pbs_fcopt_5 - Runtime taken by the partition - Elapsed_Time 148.00, CPU_Time 154.73
       Partition:  pbs_fcopt_30 - PBS_Generic_Opt-Distributed_Read_DB - Elapsed_Time 1.00, CPU_Time 1.00
       Partition:  pbs_fcopt_30 - PBS_Generic_Opt-Distributed_Generic - Elapsed_Time 3.00, CPU_Time 3.00
       Partition:  pbs_fcopt_30 - PBS_Generic_Opt-First_Cond - Elapsed_Time 153.00, CPU_Time 138.58
       Partition:  pbs_fcopt_30 - PBS_Generic_Opt-Distributed_Prop_Const - Elapsed_Time 5.00, CPU_Time 6.00
       Partition:  pbs_fcopt_30 - PBS_Generic_Opt-Distributed_Gobble - Elapsed_Time 0.00, CPU_Time 0.00
       Partition:  pbs_fcopt_30 - PBS_Generic_Opt-Distributed_Report - Elapsed_Time 0.00, CPU_Time 0.00
       Start - Partition: pbs_fcopt_30 Slack: -148.8 TNS: 91616.6 Cell-Count: 65208 Cell-Area: 5775 
Init-Memory: 2580.70
       Done  - Partition: pbs_fcopt_30 Slack: -156.5 TNS: 95921.4 Cell-Count: 31288 Cell-Area: 3865 
Peak-Memory: 3040.92 Elapsed: 162
       Partition:  pbs_fcopt_30 - PBS_Generic_Opt-Distributed_Write_DB - Elapsed_Time 3.00, CPU_Time 3.00
       pbs_fcopt_30 - PBS_Generic_Opt-Assembly - Elapsed_Time 1, CPU_Time 2.0
       Partition:  pbs_fcopt_30 - Runtime taken by the partition - Elapsed_Time 165.00, CPU_Time 151.58
Assembled design in-time

+-----------+----------------+-----+----------------------+---------------------------+
|   Host    |    Machine     | CPU | Physical Memory (MB) | Peak Physical Memory (MB) |
+-----------+----------------+-----+----------------------+---------------------------+
| localhost | mo.ece.pdx.edu |  8  |       19518.3        |          28110.4          |
+-----------+----------------+-----+----------------------+---------------------------+

+----------------+----------------------+---------------------------+
|     Server     | Physical Memory (MB) | Peak Physical Memory (MB) |
+----------------+----------------------+---------------------------+
| localhost_1_12 |      729.5 [1]       |          [1] [2]          |
| localhost_1_14 |      848.2 [1]       |          [1] [2]          |
| localhost_1_10 |      687.6 [1]       |          [1] [2]          |
| localhost_1_13 |      620.3 [1]       |          [1] [2]          |
| localhost_1_0  |      5726.3 [3]      |        14799.1 [3]        |
| localhost_1_8  |      637.9 [1]       |          [1] [2]          |
| localhost_1_11 |      630.3 [1]       |          [1] [2]          |
| localhost_1_9  |      864.3 [1]       |          [1] [2]          |
+----------------+----------------------+---------------------------+
[1] Memory is included in parent localhost_1_0.
[2] Peak physical memory is not available for forked background servers.
[3] Memory of child processes is included.

PBS_Generic_Opt-Post - Elapsed_Time 9985, CPU_Time 10429.650626
stamp 'PBS_Generic_Opt-Post' being created for table 'pbs_debug'

  Total Time (Wall) |  Stage Time (Wall)  |   % (Wall)   |    Date - Time     |  Memory   | Stage
--------------------+---------------------+--------------+--------------------+-----------+----------------------
 00:11:06(00:11:15) |  00:00:00(00:00:00) |   0.0(  0.0) |   10:45:13 (May30) |   8.72 GB | PBS_Generic-Start
--------------------+---------------------+--------------+--------------------+-----------+----------------------
 02:12:35(02:09:41) |  02:01:29(01:58:26) |  69.9( 71.2) |   12:43:39 (May30) |  14.86 GB | PBS_Generic-Post_Genopt
--------------------+---------------------+--------------+--------------------+-----------+----------------------
 03:04:55(02:57:40) |  00:52:19(00:47:59) |  30.1( 28.8) |   13:31:38 (May30) |  15.26 GB | PBS_Generic_Opt-Post
--------------------+---------------------+--------------+--------------------+-----------+----------------------
Number of threads: 8 * 1   (id: pbs_debug, time_info v1.57)
Info: (*N*) indicates data that was populated from previously saved time_info database
Info: CPU time includes time of parent + longest thread
PBS_Generic-Postgen HBO Optimizations - Elapsed_Time 129, CPU_Time 132.0
stamp 'PBS_Generic-Postgen HBO Optimizations' being created for table 'pbs_debug'

  Total Time (Wall) |  Stage Time (Wall)  |   % (Wall)   |    Date - Time     |  Memory   | Stage
--------------------+---------------------+--------------+--------------------+-----------+----------------------
 00:11:06(00:11:15) |  00:00:00(00:00:00) |   0.0(  0.0) |   10:45:13 (May30) |   8.72 GB | PBS_Generic-Start
--------------------+---------------------+--------------+--------------------+-----------+----------------------
 02:12:35(02:09:41) |  02:01:29(01:58:26) |  69.0( 70.3) |   12:43:39 (May30) |  14.86 GB | PBS_Generic-Post_Genopt
--------------------+---------------------+--------------+--------------------+-----------+----------------------
 03:04:55(02:57:40) |  00:52:19(00:47:59) |  29.7( 28.5) |   13:31:38 (May30) |  15.26 GB | PBS_Generic_Opt-Post
--------------------+---------------------+--------------+--------------------+-----------+----------------------
 03:07:07(02:59:49) |  00:02:12(00:02:09) |   1.2(  1.3) |   13:33:47 (May30) |  14.20 GB | PBS_Generic-Postgen HBO Optimizations
--------------------+---------------------+--------------+--------------------+-----------+----------------------
Number of threads: 8 * 1   (id: pbs_debug, time_info v1.57)
Info: (*N*) indicates data that was populated from previously saved time_info database
Info: CPU time includes time of parent + longest thread
Starting post syn_generic ultra-effort Boolean optimization
Redundancy removal succeeded.
Done post syn_generic ultra-effort Boolean optimization (1262.00 cpu seconds) (273.00 elapsed cpu seconds)
##>====================================== Cadence Confidential (Generic-Logical) ======================================
##>ST Summary (38 partitions in total):
##>--------------------------------------------------------------------------------------------------------------------
##>PARTITION               26        30        24        22        14        29        27         9         6        21
##>--------------------------------------------------------------------------------------------------------------------
##>PRE_WNS               -377      -377      -377      -377      -377      -377      -377      -377      -377      -377
##>PRE_TNS             458918    458822    458822    458918    458822    458918    458886    458918    458918    458822
##>PRE_CNT             107616    107616    107616    107616    107616    107616    107616    107616    107616    107616
##>PRE_PORT_CNT           547       451       451       499       451       547       627       515       627       451
##>PRE_AREA             11550     11550     11550     11550     11550     11550     11550     11550     11550     11550
##>PRE_LEAK_PWR          6031      6031      6031      6031      6031      6031      6031      6031      6031      6031
##>PRE_EX_DEL_CNT         547       451       451       499       451       547       627       515       627       451
##>--------------------------------------------------------------------------------------------------------------------
##>POST_WNS              -148      -148      -148      -148      -148      -148      -148      -148      -148      -148
##>POST_TNS            158357    158261    158261    158357    158261    158357    158325    158357    158357    158261
##>POST_CNT            112632    112632    112632    112632    112632    112632    112632    112632    112632    112632
##>POST_PORT_CNT          547       451       451       499       451       547       627       515       627       451
##>POST_AREA             9975      9975      9975      9975      9975      9975      9975      9975      9975      9975
##>POST_LEAK_PWR         5010      5010      5010      5010      5010      5010      5010      5010      5010      5010
##>POST_EX_DEL_CNT        547       451       451       499       451       547       627       515       627       451
##>--------------------------------------------------------------------------------------------------------------------
##>R:Read DB                3         2         3         2         3         2         3         3         2         2
##>R:Mux Opto              20        25        20        20        22        23        20        21        22        21
##>R:Generic             1605      1595      1591      1587      1577      1567      1560      1554      1543      1530
##>R:Retime                 0         0         0         0         0         0         0         0         0         0
##>R:Clk Gate               0         0         0         0         0         0         0         0         0         0
##>R:Const Prop             3         3         2         3         3         3         2         3         3         3
##>R:Gobble                 0         1         1         0         1         0         0         0         0         1
##>R:Set Targets            0         0         0         0         0         0         0         0         0         0
##>R:Write DB              11        11        10        10        10        11        10        12        11        11
##>R:Misc                   0         0         0         0         0         0         0         0         0         0
##>Total Elapsed         1643      1638      1628      1623      1618      1607      1596      1594      1582      1569
##>====================================================================================================================
##>====================================== Cadence Confidential (Generic-Logical) ======================================
##>ST Summary (56 partitions in total):
##>--------------------------------------------------------------------------------------------------------------------
##>PARTITION               59        42        48        41        26        54        47        40        49        52
##>--------------------------------------------------------------------------------------------------------------------
##>PRE_WNS                  2      -148      -148      -148      -148      -148      -148      -148      -148      -148
##>PRE_TNS                  0    150022    150022    150022    150022    150022    149958    150022    150022    149926
##>PRE_CNT              91793    106704    106704    106704    106704    106704    106704    106704    106704    106704
##>PRE_PORT_CNT         14722       515       531       515       531       531       451       483       579       435
##>PRE_AREA             12583      9450      9450      9450      9450      9450      9450      9450      9450      9450
##>PRE_LEAK_PWR          7489      4747      4747      4747      4747      4747      4747      4747      4747      4747
##>PRE_EX_DEL_CNT        4649       515       531       515       531       531       451       483       579       435
##>--------------------------------------------------------------------------------------------------------------------
##>POST_WNS                 2      -156      -156      -156      -156      -156      -156      -156      -156      -156
##>POST_TNS                 0    160244    160075    160244    160075    160075    158435    158835    158196    157278
##>POST_CNT             64208     51165     51168     51165     51168     51168     51182     51168     51172     51195
##>POST_PORT_CNT        14722       515       531       515       531       531       451       483       579       435
##>POST_AREA            10393      6323      6323      6323      6323      6323      6324      6323      6323      6325
##>POST_LEAK_PWR         5202      2140      2141      2140      2141      2141      2144      2141      2142      2147
##>POST_EX_DEL_CNT       4649       515       531       515       531       531       451       483       579       435
##>--------------------------------------------------------------------------------------------------------------------
##>F:Read DB                3         3         3         3         3         6         2         1         2         3
##>F:Mux Opto               0         0         0         0         0         0         0         0         0         0
##>F:Generic                5         5         5         5         6         6         5         5         6         5
##>F:Retime                 0         0         0         0         0         0         0         0         0         0
##>F:Clk Gate               0         0         0         0         0         0         0         0         0         0
##>F:Const Prop             6        10        11        12        12        10        12         9        10        10
##>F:Gobble                 0         0         1         0         0         0         0         0         0         0
##>F:Set Targets          332       282       279       280       273       270       271       267       264       264
##>F:Write DB               9         6         7         5         6         6         5         6         6         6
##>F:Misc                   0         0         0         0         0         0         0         0         0         0
##>Total Elapsed          355       306       306       305       300       298       295       288       288       288
##>====================================================================================================================
##>Main Thread Summary:
##>----------------------------------------------------------------------------------------
##>STEP                           Elapsed       WNS       TNS     Insts      Area    Memory
##>----------------------------------------------------------------------------------------
##>G:Initial                          588         -         -   4102960    649681      8749
##>G:Early Clock Gating                 0         -         -         -         -         -
##>G:Setup                             44         -         -         -         -     24333
##>G:Launch ST                         29         -         -         -         -     24333
##>G:Design Partition                  23         -         -         -         -     24333
##>G:Create Partition Netlists        118         -         -         -         -     24333
##>G:Init Power                         0         -         -         -         -     24333
##>G:Budgeting                        544         -         -         -         -     27263
##>G:Derenv-DB                        130         -         -         -         -     27311
##>G:Debug Outputs                      0         -         -         -         -         -
##>G:ST loading                         2         -         -         -         -     27311
##>G:Distributed                     8083         -         -         -         -     27311
##>G:Timer                            371         -         -         -         -     24333
##>G:Assembly                          39         -         -         -         -     27311
##>G:DFT                               64         -         -         -         -     27311
##>G:Const Prop                       129         -         -   3821081    546379     14200
##>G:Early Clock Gating Cleanup         0         -         -         -         -         -
##>G:PostGen Opt                      212      -170   4970250   3821081    546379     15259
##>G:Misc                             576
##>----------------------------------------------------------------------------------------
##>Total Elapsed                    10952
##>========================================================================================
Info    : Done synthesizing. [SYNTH-2]
        : Done synthesizing 'sys_top' to generic gates.
      flow.cputime  flow.realtime  timing.setup.tns  timing.setup.wns  snapshot
UM:*                                                                   syn_gen
@file(genus.tcl) 112: syn_map
#------------------------------------------------------------------------------------
# Root attributes for category: opt
#------------------------------------------------------------------------------------
# Feature                           | Attribute                | Value            
#------------------------------------------------------------------------------------
# Power optimization effort         | design_power_effort      | none (default)   
# Do not use qbar sequential pins   | dont_use_qbar_seq_pins   | false (default)  
#------------------------------------------------------------------------------------

##Generic Timing Info for library domain: _default_ typical gate delay: 20.9 ps std_slew: 4.2 ps std_load: 0.8 fF
Mapping ChipWare ICG instances in sys_top
Found 0 unmapped ChipWare ICG instances
Mapped 0 of 0 ChipWare ICG instances
Info    : Mapping. [SYNTH-4]
        : Mapping 'sys_top' using 'medium' effort.
Mapper: Libraries have:
	domain _default_: 167 combo usable cells and 23 sequential usable cells
PBS_TechMap-Start - Elapsed_Time 0, CPU_Time 0.0
stamp 'PBS_TechMap-Start' being created for table 'pbs_debug'

  Total Time (Wall) |  Stage Time (Wall)  |   % (Wall)   |    Date - Time     |  Memory   | Stage
--------------------+---------------------+--------------+--------------------+-----------+----------------------
 00:11:06(00:11:15) |  00:00:00(00:00:00) |   0.0(  0.0) |   10:45:13 (May30) |   8.72 GB | PBS_Generic-Start
--------------------+---------------------+--------------+--------------------+-----------+----------------------
 02:12:35(02:09:41) |  02:01:29(01:58:26) |  60.6( 67.1) |   12:43:39 (May30) |  14.86 GB | PBS_Generic-Post_Genopt
--------------------+---------------------+--------------+--------------------+-----------+----------------------
 03:04:55(02:57:40) |  00:52:19(00:47:59) |  26.1( 27.2) |   13:31:38 (May30) |  15.26 GB | PBS_Generic_Opt-Post
--------------------+---------------------+--------------+--------------------+-----------+----------------------
 03:07:07(02:59:49) |  00:02:12(00:02:09) |   1.1(  1.2) |   13:33:47 (May30) |  14.20 GB | PBS_Generic-Postgen HBO Optimizations
--------------------+---------------------+--------------+--------------------+-----------+----------------------
 03:31:25(03:07:38) |  00:24:18(00:07:49) |  12.1(  4.4) |   13:41:36 (May30) |  14.17 GB | PBS_TechMap-Start
--------------------+---------------------+--------------+--------------------+-----------+----------------------
Number of threads: 8 * 1   (id: pbs_debug, time_info v1.57)
Info: (*N*) indicates data that was populated from previously saved time_info database
Info: CPU time includes time of parent + longest thread
PBS_TechMap-Premap HBO Optimizations - Elapsed_Time 100, CPU_Time 101.0
stamp 'PBS_TechMap-Premap HBO Optimizations' being created for table 'pbs_debug'

  Total Time (Wall) |  Stage Time (Wall)  |   % (Wall)   |    Date - Time     |  Memory   | Stage
--------------------+---------------------+--------------+--------------------+-----------+----------------------
 00:11:06(00:11:15) |  00:00:00(00:00:00) |   0.0(  0.0) |   10:45:13 (May30) |   8.72 GB | PBS_Generic-Start
--------------------+---------------------+--------------+--------------------+-----------+----------------------
 02:12:35(02:09:41) |  02:01:29(01:58:26) |  60.1( 66.5) |   12:43:39 (May30) |  14.86 GB | PBS_Generic-Post_Genopt
--------------------+---------------------+--------------+--------------------+-----------+----------------------
 03:04:55(02:57:40) |  00:52:19(00:47:59) |  25.9( 26.9) |   13:31:38 (May30) |  15.26 GB | PBS_Generic_Opt-Post
--------------------+---------------------+--------------+--------------------+-----------+----------------------
 03:07:07(02:59:49) |  00:02:12(00:02:09) |   1.1(  1.2) |   13:33:47 (May30) |  14.20 GB | PBS_Generic-Postgen HBO Optimizations
--------------------+---------------------+--------------+--------------------+-----------+----------------------
 03:31:25(03:07:38) |  00:24:18(00:07:49) |  12.0(  4.4) |   13:41:36 (May30) |  14.17 GB | PBS_TechMap-Start
--------------------+---------------------+--------------+--------------------+-----------+----------------------
 03:33:06(03:09:18) |  00:01:41(00:01:40) |   0.8(  0.9) |   13:43:16 (May30) |  14.17 GB | PBS_TechMap-Premap HBO Optimizations
--------------------+---------------------+--------------+--------------------+-----------+----------------------
Number of threads: 8 * 1   (id: pbs_debug, time_info v1.57)
Info: (*N*) indicates data that was populated from previously saved time_info database
Info: CPU time includes time of parent + longest thread
Info    : Enabling Partition Based Synthesis. [PBS-1]
        : Starting distributed mapping.
Updating ST server settings
     Generating lib_script file: /home/iwyse/common/Documents/ECE510/project/510Project/project/cadence/systolic_32x32/.pbs_mo.ece.pdx.edu_23315/lib_script
Start partitioning.  Summary: MEM {curr: 14.3G, peak: 26.7G, phys curr: 13.8G, phys peak: 27.5G}
Design 'sys_top' is partitioned using gs_apart partitioner
Start timing analysis.  Summary: MEM {curr: 14.3G, peak: 26.7G, phys curr: 13.8G, phys peak: 27.5G}
Done timing analysis.  Summary: RT {elapsed: 124s, ST: 168s}, MEM {curr: 14.6G, peak: 26.7G, phys curr: 14.0G, phys peak: 27.5G}
Start partitioning design sys_top
Gathering design stats...
design has 3820409 leaf instances and 4058 data path operators
Partition size: 100000 and number of partitions 39
Partition Number 0, number of instances 1325243, tns 15228
Partition Number 1, number of instances 18658, tns 15228
Partition Number 2, number of instances 18658, tns 15228
Partition Number 3, number of instances 0, tns 0
Partition Number 4, number of instances 18658, tns 15228
Partition Number 5, number of instances 1503, tns 7614
Partition Number 6, number of instances 48460, tns 7614
Partition Number 7, number of instances 43751, tns 0
Partition Number 8, number of instances 782093, tns 0
Partition Number 9, number of instances 18658, tns 15228
Partition Number 10, number of instances 3006, tns 15228
Partition Number 11, number of instances 18658, tns 15228
Partition Number 12, number of instances 3006, tns 15228
Partition Number 13, number of instances 3006, tns 15228
Partition Number 14, number of instances 18658, tns 15228
Partition Number 15, number of instances 1503, tns 7614
Partition Number 16, number of instances 18658, tns 15228
Partition Number 17, number of instances 4509, tns 22842
Partition Number 18, number of instances 1503, tns 7614
Partition Number 19, number of instances 18658, tns 15228
Partition Number 20, number of instances 45440, tns 220064
Partition Number 21, number of instances 90880, tns 440128
Partition Number 22, number of instances 45440, tns 220064
Partition Number 23, number of instances 90880, tns 440128
Partition Number 24, number of instances 45440, tns 220064
Partition Number 25, number of instances 90904, tns 438796
Partition Number 26, number of instances 90980, tns 434578
Partition Number 27, number of instances 90882, tns 440128
Partition Number 28, number of instances 45440, tns 220064
Partition Number 29, number of instances 90888, tns 439684
Partition Number 30, number of instances 45440, tns 220064
Partition Number 31, number of instances 90880, tns 440128
Partition Number 32, number of instances 90880, tns 440128
Partition Number 33, number of instances 44392, tns 7614
Partition Number 34, number of instances 90880, tns 440128
Partition Number 35, number of instances 136428, tns 654198
Partition Number 36, number of instances 90880, tns 440128
Partition Number 37, number of instances 45728, tns 239680
Partition Number 38, number of instances 90880, tns 440128
Partition measurements: total insts: 3820409, number of partitions: 39, max size: 1325243, min size: 0
Partition measurements take CPU time 2.56 secs
Done partitioning.  Summary: RT {elapsed: 756s, ST: 800s}, MEM {curr: 14.9G, peak: 26.7G, phys curr: 15.2G, phys peak: 27.5G}
Start creating partition netlists.  Summary: MEM {curr: 14.9G, peak: 26.7G, phys curr: 15.2G, phys peak: 27.5G}
Done creating partition netlists.  Summary: RT {elapsed: 81s, ST: 76s}, MEM {curr: 20.0G, peak: 26.7G, phys curr: 20.4G, phys peak: 27.5G}
Start budgeting timing for partitions.  Summary: MEM {curr: 20.0G, peak: 26.7G, phys curr: 20.5G, phys peak: 27.5G}
Done budgeting timing for partitions.  Summary: RT {elapsed: 429s, ST: 496s}, MEM {curr: 24.0G, peak: 26.7G, phys curr: 24.4G, phys peak: 27.5G}
Start deriving partition netlists.  Summary: MEM {curr: 24.0G, peak: 26.7G, phys curr: 24.4G, phys peak: 27.5G}
The inst 'pbs_map_1' is selected as pbs candidate. The instance cnt is: '1276435'.
The inst 'pbs_map_8' is selected as pbs candidate. The instance cnt is: '43679'.
The inst 'pbs_map_9' is selected as pbs candidate. The instance cnt is: '782020'.
The inst 'pbs_map_14' is selected as pbs candidate. The instance cnt is: '2910'.
The inst 'pbs_map_7' is selected as pbs candidate. The instance cnt is: '48304'.
The inst 'pbs_map_15' is selected as pbs candidate. The instance cnt is: '18526'.
The inst 'pbs_map_10' is selected as pbs candidate. The instance cnt is: '18526'.
The inst 'pbs_map_20' is selected as pbs candidate. The instance cnt is: '18526'.
The inst 'pbs_map_17' is selected as pbs candidate. The instance cnt is: '18526'.
The inst 'pbs_map_5' is selected as pbs candidate. The instance cnt is: '18526'.
The inst 'pbs_map_12' is selected as pbs candidate. The instance cnt is: '18526'.
The inst 'pbs_map_3' is selected as pbs candidate. The instance cnt is: '18526'.
The inst 'pbs_map_18' is selected as pbs candidate. The instance cnt is: '4365'.
The inst 'pbs_map_2' is selected as pbs candidate. The instance cnt is: '18526'.
The inst 'pbs_map_19' is selected as pbs candidate. The instance cnt is: '1455'.
The inst 'pbs_map_16' is selected as pbs candidate. The instance cnt is: '1455'.
The inst 'pbs_map_11' is selected as pbs candidate. The instance cnt is: '2910'.
The inst 'pbs_map_34' is selected as pbs candidate. The instance cnt is: '94559'.
The inst 'pbs_map_13' is selected as pbs candidate. The instance cnt is: '2910'.
The inst 'pbs_map_6' is selected as pbs candidate. The instance cnt is: '1455'.
The inst 'pbs_map_28' is selected as pbs candidate. The instance cnt is: '90880'.
The inst 'pbs_map_38' is selected as pbs candidate. The instance cnt is: '45728'.
The inst 'pbs_map_39' is selected as pbs candidate. The instance cnt is: '90880'.
The inst 'pbs_map_35' is selected as pbs candidate. The instance cnt is: '90880'.
The inst 'pbs_map_33' is selected as pbs candidate. The instance cnt is: '90880'.
The inst 'pbs_map_32' is selected as pbs candidate. The instance cnt is: '90880'.
The inst 'pbs_map_31' is selected as pbs candidate. The instance cnt is: '45440'.
The inst 'pbs_map_36' is selected as pbs candidate. The instance cnt is: '136428'.
The inst 'pbs_map_37' is selected as pbs candidate. The instance cnt is: '90880'.
The inst 'pbs_map_26' is selected as pbs candidate. The instance cnt is: '90904'.
The inst 'pbs_map_30' is selected as pbs candidate. The instance cnt is: '90888'.
The inst 'pbs_map_27' is selected as pbs candidate. The instance cnt is: '90980'.
The inst 'pbs_map_29' is selected as pbs candidate. The instance cnt is: '45440'.
The inst 'pbs_map_25' is selected as pbs candidate. The instance cnt is: '45440'.
The inst 'pbs_map_24' is selected as pbs candidate. The instance cnt is: '90880'.
The inst 'pbs_map_23' is selected as pbs candidate. The instance cnt is: '45440'.
The inst 'pbs_map_21' is selected as pbs candidate. The instance cnt is: '45440'.
The inst 'pbs_map_22' is selected as pbs candidate. The instance cnt is: '90880'.
Done deriving partition netlists.  Summary: RT {elapsed: 156s, ST: 156s}, MEM {curr: 24.0G, peak: 26.7G, phys curr: 24.4G, phys peak: 27.5G}
Wait for super-thread servers to finish loading libraries.
Start super thread servers forking.  Summary: MEM {curr: 18.8G, peak: 26.7G, phys curr: 24.4G, phys peak: 27.5G}
Info    : Connection established with super-threading server. [ST-110]
        : The server 'localhost_1_15' is forked process '27805' on this host.
Info    : Connection established with super-threading server. [ST-110]
        : The server 'localhost_1_16' is forked process '27807' on this host.
Info    : Connection established with super-threading server. [ST-110]
        : The server 'localhost_1_17' is forked process '27809' on this host.
Info    : Connection established with super-threading server. [ST-110]
        : The server 'localhost_1_18' is forked process '27813' on this host.
Info    : Connection established with super-threading server. [ST-110]
        : The server 'localhost_1_19' is forked process '27815' on this host.
Warning : Maximum message print count reached. [MESG-11]
        : Maximum print count of '20' reached for message 'ST-110'.
Done super thread servers forking.  Summary: RT {elapsed: 1s, ST: 0s}, MEM {curr: 18.8G, peak: 26.7G, phys curr: 24.4G, phys peak: 27.5G}
        Distributing super-thread jobs: {pbs_map_1 ./.pbs_mo.ece.pdx.edu_23315/pbs_map_1.etf} {pbs_map_9 ./.pbs_mo.ece.pdx.edu_23315/pbs_map_9.etf} {pbs_map_36 ./.pbs_mo.ece.pdx.edu_23315/pbs_map_36.etf} {pbs_map_34 ./.pbs_mo.ece.pdx.edu_23315/pbs_map_34.etf} {pbs_map_27 ./.pbs_mo.ece.pdx.edu_23315/pbs_map_27.etf} {pbs_map_26 ./.pbs_mo.ece.pdx.edu_23315/pbs_map_26.etf} {pbs_map_30 ./.pbs_mo.ece.pdx.edu_23315/pbs_map_30.etf} {pbs_map_33 ./.pbs_mo.ece.pdx.edu_23315/pbs_map_33.etf} {pbs_map_32 ./.pbs_mo.ece.pdx.edu_23315/pbs_map_32.etf} {pbs_map_35 ./.pbs_mo.ece.pdx.edu_23315/pbs_map_35.etf} {pbs_map_22 ./.pbs_mo.ece.pdx.edu_23315/pbs_map_22.etf} {pbs_map_39 ./.pbs_mo.ece.pdx.edu_23315/pbs_map_39.etf} {pbs_map_37 ./.pbs_mo.ece.pdx.edu_23315/pbs_map_37.etf} {pbs_map_28 ./.pbs_mo.ece.pdx.edu_23315/pbs_map_28.etf} {pbs_map_24 ./.pbs_mo.ece.pdx.edu_23315/pbs_map_24.etf} {pbs_map_7 ./.pbs_mo.ece.pdx.edu_23315/pbs_map_7.etf} {pbs_map_38 ./.pbs_mo.ece.pdx.edu_23315/pbs_map_38.etf} {pbs_map_25 ./.pbs_mo.ece.pdx.edu_23315/pbs_map_25.etf} {pbs_map_23 ./.pbs_mo.ece.pdx.edu_23315/pbs_map_23.etf} {pbs_map_21 ./.pbs_mo.ece.pdx.edu_23315/pbs_map_21.etf} {pbs_map_31 ./.pbs_mo.ece.pdx.edu_23315/pbs_map_31.etf} {pbs_map_29 ./.pbs_mo.ece.pdx.edu_23315/pbs_map_29.etf} {pbs_map_8 ./.pbs_mo.ece.pdx.edu_23315/pbs_map_8.etf} {pbs_map_3 ./.pbs_mo.ece.pdx.edu_23315/pbs_map_3.etf} {pbs_map_15 ./.pbs_mo.ece.pdx.edu_23315/pbs_map_15.etf} {pbs_map_10 ./.pbs_mo.ece.pdx.edu_23315/pbs_map_10.etf} {pbs_map_20 ./.pbs_mo.ece.pdx.edu_23315/pbs_map_20.etf} {pbs_map_17 ./.pbs_mo.ece.pdx.edu_23315/pbs_map_17.etf} {pbs_map_2 ./.pbs_mo.ece.pdx.edu_23315/pbs_map_2.etf} {pbs_map_5 ./.pbs_mo.ece.pdx.edu_23315/pbs_map_5.etf} {pbs_map_12 ./.pbs_mo.ece.pdx.edu_23315/pbs_map_12.etf} {pbs_map_18 ./.pbs_mo.ece.pdx.edu_23315/pbs_map_18.etf} {pbs_map_13 ./.pbs_mo.ece.pdx.edu_23315/pbs_map_13.etf} {pbs_map_14 ./.pbs_mo.ece.pdx.edu_23315/pbs_map_14.etf} {pbs_map_11 ./.pbs_mo.ece.pdx.edu_23315/pbs_map_11.etf} {pbs_map_16 ./.pbs_mo.ece.pdx.edu_23315/pbs_map_16.etf} {pbs_map_6 ./.pbs_mo.ece.pdx.edu_23315/pbs_map_6.etf} {pbs_map_19 ./.pbs_mo.ece.pdx.edu_23315/pbs_map_19.etf}
          Sending 'pbs_map_1 ./.pbs_mo.ece.pdx.edu_23315/pbs_map_1.etf' to server 'localhost_1_0'...
            Sent 'pbs_map_1 ./.pbs_mo.ece.pdx.edu_23315/pbs_map_1.etf' to server 'localhost_1_0'.
          Sending 'pbs_map_9 ./.pbs_mo.ece.pdx.edu_23315/pbs_map_9.etf' to server 'localhost_1_15'...
            Sent 'pbs_map_9 ./.pbs_mo.ece.pdx.edu_23315/pbs_map_9.etf' to server 'localhost_1_15'.
          Sending 'pbs_map_36 ./.pbs_mo.ece.pdx.edu_23315/pbs_map_36.etf' to server 'localhost_1_20'...
            Sent 'pbs_map_36 ./.pbs_mo.ece.pdx.edu_23315/pbs_map_36.etf' to server 'localhost_1_20'.
          Sending 'pbs_map_34 ./.pbs_mo.ece.pdx.edu_23315/pbs_map_34.etf' to server 'localhost_1_19'...
            Sent 'pbs_map_34 ./.pbs_mo.ece.pdx.edu_23315/pbs_map_34.etf' to server 'localhost_1_19'.
          Sending 'pbs_map_27 ./.pbs_mo.ece.pdx.edu_23315/pbs_map_27.etf' to server 'localhost_1_17'...
            Sent 'pbs_map_27 ./.pbs_mo.ece.pdx.edu_23315/pbs_map_27.etf' to server 'localhost_1_17'.
          Sending 'pbs_map_26 ./.pbs_mo.ece.pdx.edu_23315/pbs_map_26.etf' to server 'localhost_1_21'...
            Sent 'pbs_map_26 ./.pbs_mo.ece.pdx.edu_23315/pbs_map_26.etf' to server 'localhost_1_21'.
          Sending 'pbs_map_30 ./.pbs_mo.ece.pdx.edu_23315/pbs_map_30.etf' to server 'localhost_1_16'...
            Sent 'pbs_map_30 ./.pbs_mo.ece.pdx.edu_23315/pbs_map_30.etf' to server 'localhost_1_16'.
          Sending 'pbs_map_33 ./.pbs_mo.ece.pdx.edu_23315/pbs_map_33.etf' to server 'localhost_1_18'...
            Sent 'pbs_map_33 ./.pbs_mo.ece.pdx.edu_23315/pbs_map_33.etf' to server 'localhost_1_18'.
          Received 'pbs_map_34 ./.pbs_mo.ece.pdx.edu_23315/pbs_map_34.etf' from server 'localhost_1_19'. (624394 ms elapsed)
          Sending 'pbs_map_32 ./.pbs_mo.ece.pdx.edu_23315/pbs_map_32.etf' to server 'localhost_1_19'...
            Sent 'pbs_map_32 ./.pbs_mo.ece.pdx.edu_23315/pbs_map_32.etf' to server 'localhost_1_19'.
          Received 'pbs_map_26 ./.pbs_mo.ece.pdx.edu_23315/pbs_map_26.etf' from server 'localhost_1_21'. (926145 ms elapsed)
          Sending 'pbs_map_35 ./.pbs_mo.ece.pdx.edu_23315/pbs_map_35.etf' to server 'localhost_1_21'...
            Sent 'pbs_map_35 ./.pbs_mo.ece.pdx.edu_23315/pbs_map_35.etf' to server 'localhost_1_21'.
          Received 'pbs_map_33 ./.pbs_mo.ece.pdx.edu_23315/pbs_map_33.etf' from server 'localhost_1_18'. (1156256 ms elapsed)
       Partition:  pbs_map_33 - PBS_Map-Distributed_Read_DB - Elapsed_Time 3.00, CPU_Time 3.00
       Partition:  pbs_map_33 - PBS_Map-Distributed_Map - Elapsed_Time 1130.00, CPU_Time 999.11
       Partition:  pbs_map_33 - PBS_Map-Distributed_TNS - Elapsed_Time 0.00, CPU_Time 0.00
       Partition: pbs_map_33:  Partitioning - Elapsed_Time 3.84, CPU_Time 3.83 
       Partition: pbs_map_33:  Constant-Propagation - Elapsed_Time 19.74, CPU_Time 19.69 
       Partition: pbs_map_33:  Logic Structuring - Elapsed_Time 468.41, CPU_Time 465.45 
       Partition: pbs_map_33:  Virtual Mapping - Elapsed_Time 107.88, CPU_Time 127.45 
       Partition: pbs_map_33:  Technology Mapping - Elapsed_Time 155.05, CPU_Time 179.98 
       Partition: pbs_map_33:  Core Map - Elapsed_Time 189.65, CPU_Time 80.84 
       Partition: pbs_map_33:  Global Incremental - Elapsed_Time 139.84, CPU_Time 121.57 
       Partition: pbs_map_33:  Mapper - Elapsed_Time 38.96, CPU_Time 38.93 
       Start - Partition: pbs_map_33 Slack: -157.1 TNS: 286969.6 Cell-Count: 90880 Cell-Area: 11228  
Init-Memory: 2309.44
       Done  - Partition: pbs_map_33 Slack: 3.2 TNS: 0.0 Cell-Count: 144759 Cell-Area: 11503  
Peak-Memory: 2384.98 Elapsed: 1134
       Partition:  pbs_map_33 - PBS_Map-Distributed_Report - Elapsed_Time 15.00, CPU_Time 22.00
       Partition:  pbs_map_33 - PBS_Map-Distributed_Write_DB - Elapsed_Time 6.00, CPU_Time 7.00
       pbs_map_33 - PBS_Map-Assembly - Elapsed_Time 8, CPU_Time 8.0
       Partition:  pbs_map_33 - Runtime taken by the partition - Elapsed_Time 1154.00, CPU_Time 1031.11
          Sending 'pbs_map_22 ./.pbs_mo.ece.pdx.edu_23315/pbs_map_22.etf' to server 'localhost_1_18'...
            Sent 'pbs_map_22 ./.pbs_mo.ece.pdx.edu_23315/pbs_map_22.etf' to server 'localhost_1_18'.
          Received 'pbs_map_27 ./.pbs_mo.ece.pdx.edu_23315/pbs_map_27.etf' from server 'localhost_1_17'. (1178194 ms elapsed)
          Sending 'pbs_map_39 ./.pbs_mo.ece.pdx.edu_23315/pbs_map_39.etf' to server 'localhost_1_17'...
            Sent 'pbs_map_39 ./.pbs_mo.ece.pdx.edu_23315/pbs_map_39.etf' to server 'localhost_1_17'.
          Received 'pbs_map_30 ./.pbs_mo.ece.pdx.edu_23315/pbs_map_30.etf' from server 'localhost_1_16'. (1209362 ms elapsed)
       Partition:  pbs_map_30 - PBS_Map-Distributed_Read_DB - Elapsed_Time 3.00, CPU_Time 3.00
       Partition:  pbs_map_30 - PBS_Map-Distributed_Map - Elapsed_Time 1181.00, CPU_Time 1034.85
       Partition:  pbs_map_30 - PBS_Map-Distributed_TNS - Elapsed_Time 0.00, CPU_Time 0.00
       Partition: pbs_map_30:  Partitioning - Elapsed_Time 4.81, CPU_Time 4.81 
       Partition: pbs_map_30:  Constant-Propagation - Elapsed_Time 19.99, CPU_Time 19.92 
       Partition: pbs_map_30:  Logic Structuring - Elapsed_Time 495.90, CPU_Time 492.12 
       Partition: pbs_map_30:  Virtual Mapping - Elapsed_Time 114.25, CPU_Time 138.62 
       Partition: pbs_map_30:  Technology Mapping - Elapsed_Time 157.36, CPU_Time 180.39 
       Partition: pbs_map_30:  Core Map - Elapsed_Time 163.86, CPU_Time 81.25 
       Partition: pbs_map_30:  Global Incremental - Elapsed_Time 172.41, CPU_Time 112.49 
       Partition: pbs_map_30:  Mapper - Elapsed_Time 45.02, CPU_Time 44.97 
       Start - Partition: pbs_map_30 Slack: -157.1 TNS: 285692.6 Cell-Count: 90888 Cell-Area: 11229  
Init-Memory: 2309.44
       Done  - Partition: pbs_map_30 Slack: -4.1 TNS: 1431.8 Cell-Count: 140511 Cell-Area: 11247  
Peak-Memory: 2384.73 Elapsed: 1185
       Partition:  pbs_map_30 - PBS_Map-Distributed_Report - Elapsed_Time 16.00, CPU_Time 23.00
       Partition:  pbs_map_30 - PBS_Map-Distributed_Write_DB - Elapsed_Time 7.00, CPU_Time 7.00
       pbs_map_30 - PBS_Map-Assembly - Elapsed_Time 9, CPU_Time 9.0
       Partition:  pbs_map_30 - Runtime taken by the partition - Elapsed_Time 1207.00, CPU_Time 1067.85
       Partition:  pbs_map_26 - PBS_Map-Distributed_Read_DB - Elapsed_Time 3.00, CPU_Time 3.00
       Partition:  pbs_map_26 - PBS_Map-Distributed_Map - Elapsed_Time 900.00, CPU_Time 740.74
       Partition:  pbs_map_26 - PBS_Map-Distributed_TNS - Elapsed_Time 0.00, CPU_Time 0.00
       Partition: pbs_map_26:  Partitioning - Elapsed_Time 3.48, CPU_Time 3.48 
       Partition: pbs_map_26:  Constant-Propagation - Elapsed_Time 14.89, CPU_Time 14.85 
       Partition: pbs_map_26:  Logic Structuring - Elapsed_Time 312.66, CPU_Time 309.67 
       Partition: pbs_map_26:  Virtual Mapping - Elapsed_Time 84.47, CPU_Time 96.50 
       Partition: pbs_map_26:  Technology Mapping - Elapsed_Time 107.54, CPU_Time 121.67 
       Partition: pbs_map_26:  Core Map - Elapsed_Time 212.78, CPU_Time 64.15 
       Partition: pbs_map_26:  Global Incremental - Elapsed_Time 111.23, CPU_Time 103.54 
       Partition: pbs_map_26:  Mapper - Elapsed_Time 45.75, CPU_Time 45.68 
       Start - Partition: pbs_map_26 Slack: -157.1 TNS: 283138.6 Cell-Count: 90904 Cell-Area: 11230  
Init-Memory: 2309.44
       Done  - Partition: pbs_map_26 Slack: -5.9 TNS: 4650.4 Cell-Count: 144190 Cell-Area: 11474  
Peak-Memory: 2373.48 Elapsed: 903
       Partition:  pbs_map_26 - PBS_Map-Distributed_Report - Elapsed_Time 15.00, CPU_Time 23.00
       Partition:  pbs_map_26 - PBS_Map-Distributed_Write_DB - Elapsed_Time 6.00, CPU_Time 6.00
       pbs_map_26 - PBS_Map-Assembly - Elapsed_Time 7, CPU_Time 7.0
       Partition:  pbs_map_26 - Runtime taken by the partition - Elapsed_Time 924.00, CPU_Time 772.74
       Partition:  pbs_map_27 - PBS_Map-Distributed_Read_DB - Elapsed_Time 3.00, CPU_Time 3.00
       Partition:  pbs_map_27 - PBS_Map-Distributed_Map - Elapsed_Time 1151.00, CPU_Time 947.54
       Partition:  pbs_map_27 - PBS_Map-Distributed_TNS - Elapsed_Time 0.00, CPU_Time 0.00
       Partition: pbs_map_27:  Partitioning - Elapsed_Time 4.61, CPU_Time 4.61 
       Partition: pbs_map_27:  Constant-Propagation - Elapsed_Time 15.40, CPU_Time 15.34 
       Partition: pbs_map_27:  Logic Structuring - Elapsed_Time 462.19, CPU_Time 460.77 
       Partition: pbs_map_27:  Virtual Mapping - Elapsed_Time 95.83, CPU_Time 111.72 
       Partition: pbs_map_27:  Technology Mapping - Elapsed_Time 128.19, CPU_Time 144.23 
       Partition: pbs_map_27:  Core Map - Elapsed_Time 253.43, CPU_Time 72.42 
       Partition: pbs_map_27:  Global Incremental - Elapsed_Time 139.31, CPU_Time 120.72 
       Partition: pbs_map_27:  Mapper - Elapsed_Time 44.76, CPU_Time 44.70 
       Start - Partition: pbs_map_27 Slack: -157.1 TNS: 271007.1 Cell-Count: 90980 Cell-Area: 11236  
Init-Memory: 2309.44
       Done  - Partition: pbs_map_27 Slack: 0.7 TNS: 0.0 Cell-Count: 143641 Cell-Area: 11510  
Peak-Memory: 2384.80 Elapsed: 1154
       Partition:  pbs_map_27 - PBS_Map-Distributed_Report - Elapsed_Time 15.00, CPU_Time 24.00
       Partition:  pbs_map_27 - PBS_Map-Distributed_Write_DB - Elapsed_Time 7.00, CPU_Time 7.00
       pbs_map_27 - PBS_Map-Assembly - Elapsed_Time 7, CPU_Time 7.0
       Partition:  pbs_map_27 - Runtime taken by the partition - Elapsed_Time 1176.00, CPU_Time 981.54
       Partition:  pbs_map_34 - PBS_Map-Distributed_Read_DB - Elapsed_Time 2.00, CPU_Time 2.00
       Partition:  pbs_map_34 - PBS_Map-Distributed_Map - Elapsed_Time 595.00, CPU_Time 584.37
       Partition:  pbs_map_34 - PBS_Map-Distributed_TNS - Elapsed_Time 1.00, CPU_Time 0.00
       Partition: pbs_map_34:  Partitioning - Elapsed_Time 5.41, CPU_Time 5.40 
       Partition: pbs_map_34:  Constant-Propagation - Elapsed_Time 2.98, CPU_Time 2.94 
       Partition: pbs_map_34:  Logic Structuring - Elapsed_Time 33.38, CPU_Time 32.99 
       Partition: pbs_map_34:  Virtual Mapping - Elapsed_Time 117.01, CPU_Time 161.24 
       Partition: pbs_map_34:  Technology Mapping - Elapsed_Time 125.07, CPU_Time 124.94 
       Partition: pbs_map_34:  Core Map - Elapsed_Time 117.32, CPU_Time 110.46 
       Partition: pbs_map_34:  Global Incremental - Elapsed_Time 158.64, CPU_Time 154.88 
       Partition: pbs_map_34:  Mapper - Elapsed_Time 26.60, CPU_Time 26.45 
       Start - Partition: pbs_map_34 Slack: -165.0 TNS: 7729.8 Cell-Count: 94559 Cell-Area: 17488  
Init-Memory: 2309.44
       Done  - Partition: pbs_map_34 Slack: -34.4 TNS: 96623.3 Cell-Count: 111755 Cell-Area: 19129  
Peak-Memory: 3296.65 Elapsed: 598
       Partition:  pbs_map_34 - PBS_Map-Distributed_Report - Elapsed_Time 17.00, CPU_Time 26.00
       Partition:  pbs_map_34 - PBS_Map-Distributed_Write_DB - Elapsed_Time 7.00, CPU_Time 7.00
       pbs_map_34 - PBS_Map-Assembly - Elapsed_Time 7, CPU_Time 7.0
       Partition:  pbs_map_34 - Runtime taken by the partition - Elapsed_Time 622.00, CPU_Time 619.37
          Sending 'pbs_map_37 ./.pbs_mo.ece.pdx.edu_23315/pbs_map_37.etf' to server 'localhost_1_16'...
            Sent 'pbs_map_37 ./.pbs_mo.ece.pdx.edu_23315/pbs_map_37.etf' to server 'localhost_1_16'.
          Received 'pbs_map_32 ./.pbs_mo.ece.pdx.edu_23315/pbs_map_32.etf' from server 'localhost_1_19'. (1253790 ms elapsed)
          Sending 'pbs_map_28 ./.pbs_mo.ece.pdx.edu_23315/pbs_map_28.etf' to server 'localhost_1_19'...
            Sent 'pbs_map_28 ./.pbs_mo.ece.pdx.edu_23315/pbs_map_28.etf' to server 'localhost_1_19'.
          Received 'pbs_map_36 ./.pbs_mo.ece.pdx.edu_23315/pbs_map_36.etf' from server 'localhost_1_20'. (1981644 ms elapsed)
       Partition:  pbs_map_36 - PBS_Map-Distributed_Read_DB - Elapsed_Time 3.00, CPU_Time 4.00
       Partition:  pbs_map_36 - PBS_Map-Distributed_Map - Elapsed_Time 1941.00, CPU_Time 1725.82
       Partition:  pbs_map_36 - PBS_Map-Distributed_TNS - Elapsed_Time 0.00, CPU_Time 0.00
       Partition: pbs_map_36:  Partitioning - Elapsed_Time 5.77, CPU_Time 5.76 
       Partition: pbs_map_36:  Constant-Propagation - Elapsed_Time 28.45, CPU_Time 28.38 
       Partition: pbs_map_36:  Logic Structuring - Elapsed_Time 854.95, CPU_Time 849.33 
       Partition: pbs_map_36:  Virtual Mapping - Elapsed_Time 175.83, CPU_Time 208.44 
       Partition: pbs_map_36:  Technology Mapping - Elapsed_Time 244.07, CPU_Time 283.82 
       Partition: pbs_map_36:  Core Map - Elapsed_Time 292.54, CPU_Time 124.26 
       Partition: pbs_map_36:  Global Incremental - Elapsed_Time 258.86, CPU_Time 219.67 
       Partition: pbs_map_36:  Mapper - Elapsed_Time 69.23, CPU_Time 69.18 
       Start - Partition: pbs_map_36 Slack: -157.1 TNS: 413214.9 Cell-Count: 136428 Cell-Area: 16851  
Init-Memory: 2309.44
       Done  - Partition: pbs_map_36 Slack: -4.4 TNS: 1114.8 Cell-Count: 212666 Cell-Area: 17038  
Peak-Memory: 2442.70 Elapsed: 1945
       Partition:  pbs_map_36 - PBS_Map-Distributed_Report - Elapsed_Time 24.00, CPU_Time 35.00
       Partition:  pbs_map_36 - PBS_Map-Distributed_Write_DB - Elapsed_Time 10.00, CPU_Time 10.00
       pbs_map_36 - PBS_Map-Assembly - Elapsed_Time 12, CPU_Time 12.0
       Partition:  pbs_map_36 - Runtime taken by the partition - Elapsed_Time 1978.00, CPU_Time 1774.82
          Sending 'pbs_map_24 ./.pbs_mo.ece.pdx.edu_23315/pbs_map_24.etf' to server 'localhost_1_20'...
            Sent 'pbs_map_24 ./.pbs_mo.ece.pdx.edu_23315/pbs_map_24.etf' to server 'localhost_1_20'.
          Received 'pbs_map_35 ./.pbs_mo.ece.pdx.edu_23315/pbs_map_35.etf' from server 'localhost_1_21'. (1206195 ms elapsed)
          Sending 'pbs_map_7 ./.pbs_mo.ece.pdx.edu_23315/pbs_map_7.etf' to server 'localhost_1_21'...
            Sent 'pbs_map_7 ./.pbs_mo.ece.pdx.edu_23315/pbs_map_7.etf' to server 'localhost_1_21'.
          Received 'pbs_map_39 ./.pbs_mo.ece.pdx.edu_23315/pbs_map_39.etf' from server 'localhost_1_17'. (1132161 ms elapsed)
          Sending 'pbs_map_38 ./.pbs_mo.ece.pdx.edu_23315/pbs_map_38.etf' to server 'localhost_1_17'...
            Sent 'pbs_map_38 ./.pbs_mo.ece.pdx.edu_23315/pbs_map_38.etf' to server 'localhost_1_17'.
          Received 'pbs_map_37 ./.pbs_mo.ece.pdx.edu_23315/pbs_map_37.etf' from server 'localhost_1_16'. (1131585 ms elapsed)
          Sending 'pbs_map_25 ./.pbs_mo.ece.pdx.edu_23315/pbs_map_25.etf' to server 'localhost_1_16'...
            Sent 'pbs_map_25 ./.pbs_mo.ece.pdx.edu_23315/pbs_map_25.etf' to server 'localhost_1_16'.
          Received 'pbs_map_7 ./.pbs_mo.ece.pdx.edu_23315/pbs_map_7.etf' from server 'localhost_1_21'. (381740 ms elapsed)
          Sending 'pbs_map_23 ./.pbs_mo.ece.pdx.edu_23315/pbs_map_23.etf' to server 'localhost_1_21'...
            Sent 'pbs_map_23 ./.pbs_mo.ece.pdx.edu_23315/pbs_map_23.etf' to server 'localhost_1_21'.
          Received 'pbs_map_22 ./.pbs_mo.ece.pdx.edu_23315/pbs_map_22.etf' from server 'localhost_1_18'. (1372683 ms elapsed)
          Sending 'pbs_map_21 ./.pbs_mo.ece.pdx.edu_23315/pbs_map_21.etf' to server 'localhost_1_18'...
            Sent 'pbs_map_21 ./.pbs_mo.ece.pdx.edu_23315/pbs_map_21.etf' to server 'localhost_1_18'.
          Received 'pbs_map_25 ./.pbs_mo.ece.pdx.edu_23315/pbs_map_25.etf' from server 'localhost_1_16'. (366950 ms elapsed)
          Sending 'pbs_map_31 ./.pbs_mo.ece.pdx.edu_23315/pbs_map_31.etf' to server 'localhost_1_16'...
            Sent 'pbs_map_31 ./.pbs_mo.ece.pdx.edu_23315/pbs_map_31.etf' to server 'localhost_1_16'.
          Received 'pbs_map_38 ./.pbs_mo.ece.pdx.edu_23315/pbs_map_38.etf' from server 'localhost_1_17'. (456081 ms elapsed)
          Sending 'pbs_map_29 ./.pbs_mo.ece.pdx.edu_23315/pbs_map_29.etf' to server 'localhost_1_17'...
            Sent 'pbs_map_29 ./.pbs_mo.ece.pdx.edu_23315/pbs_map_29.etf' to server 'localhost_1_17'.
          Received 'pbs_map_21 ./.pbs_mo.ece.pdx.edu_23315/pbs_map_21.etf' from server 'localhost_1_18'. (370878 ms elapsed)
          Sending 'pbs_map_8 ./.pbs_mo.ece.pdx.edu_23315/pbs_map_8.etf' to server 'localhost_1_18'...
            Sent 'pbs_map_8 ./.pbs_mo.ece.pdx.edu_23315/pbs_map_8.etf' to server 'localhost_1_18'.
          Received 'pbs_map_23 ./.pbs_mo.ece.pdx.edu_23315/pbs_map_23.etf' from server 'localhost_1_21'. (407011 ms elapsed)
          Sending 'pbs_map_3 ./.pbs_mo.ece.pdx.edu_23315/pbs_map_3.etf' to server 'localhost_1_21'...
            Sent 'pbs_map_3 ./.pbs_mo.ece.pdx.edu_23315/pbs_map_3.etf' to server 'localhost_1_21'.
          Received 'pbs_map_28 ./.pbs_mo.ece.pdx.edu_23315/pbs_map_28.etf' from server 'localhost_1_19'. (1119046 ms elapsed)
          Sending 'pbs_map_15 ./.pbs_mo.ece.pdx.edu_23315/pbs_map_15.etf' to server 'localhost_1_19'...
            Sent 'pbs_map_15 ./.pbs_mo.ece.pdx.edu_23315/pbs_map_15.etf' to server 'localhost_1_19'.
          Received 'pbs_map_31 ./.pbs_mo.ece.pdx.edu_23315/pbs_map_31.etf' from server 'localhost_1_16'. (359116 ms elapsed)
          Sending 'pbs_map_10 ./.pbs_mo.ece.pdx.edu_23315/pbs_map_10.etf' to server 'localhost_1_16'...
            Sent 'pbs_map_10 ./.pbs_mo.ece.pdx.edu_23315/pbs_map_10.etf' to server 'localhost_1_16'.
          Received 'pbs_map_3 ./.pbs_mo.ece.pdx.edu_23315/pbs_map_3.etf' from server 'localhost_1_21'. (193288 ms elapsed)
          Sending 'pbs_map_20 ./.pbs_mo.ece.pdx.edu_23315/pbs_map_20.etf' to server 'localhost_1_21'...
            Sent 'pbs_map_20 ./.pbs_mo.ece.pdx.edu_23315/pbs_map_20.etf' to server 'localhost_1_21'.
          Received 'pbs_map_29 ./.pbs_mo.ece.pdx.edu_23315/pbs_map_29.etf' from server 'localhost_1_17'. (380433 ms elapsed)
          Sending 'pbs_map_17 ./.pbs_mo.ece.pdx.edu_23315/pbs_map_17.etf' to server 'localhost_1_17'...
            Sent 'pbs_map_17 ./.pbs_mo.ece.pdx.edu_23315/pbs_map_17.etf' to server 'localhost_1_17'.
          Received 'pbs_map_24 ./.pbs_mo.ece.pdx.edu_23315/pbs_map_24.etf' from server 'localhost_1_20'. (1169132 ms elapsed)
          Sending 'pbs_map_2 ./.pbs_mo.ece.pdx.edu_23315/pbs_map_2.etf' to server 'localhost_1_20'...
            Sent 'pbs_map_2 ./.pbs_mo.ece.pdx.edu_23315/pbs_map_2.etf' to server 'localhost_1_20'.
          Received 'pbs_map_8 ./.pbs_mo.ece.pdx.edu_23315/pbs_map_8.etf' from server 'localhost_1_18'. (305706 ms elapsed)
          Sending 'pbs_map_5 ./.pbs_mo.ece.pdx.edu_23315/pbs_map_5.etf' to server 'localhost_1_18'...
            Sent 'pbs_map_5 ./.pbs_mo.ece.pdx.edu_23315/pbs_map_5.etf' to server 'localhost_1_18'.
          Received 'pbs_map_15 ./.pbs_mo.ece.pdx.edu_23315/pbs_map_15.etf' from server 'localhost_1_19'. (216782 ms elapsed)
          Sending 'pbs_map_12 ./.pbs_mo.ece.pdx.edu_23315/pbs_map_12.etf' to server 'localhost_1_19'...
            Sent 'pbs_map_12 ./.pbs_mo.ece.pdx.edu_23315/pbs_map_12.etf' to server 'localhost_1_19'.
          Received 'pbs_map_20 ./.pbs_mo.ece.pdx.edu_23315/pbs_map_20.etf' from server 'localhost_1_21'. (192074 ms elapsed)
          Sending 'pbs_map_18 ./.pbs_mo.ece.pdx.edu_23315/pbs_map_18.etf' to server 'localhost_1_21'...
            Sent 'pbs_map_18 ./.pbs_mo.ece.pdx.edu_23315/pbs_map_18.etf' to server 'localhost_1_21'.
          Received 'pbs_map_10 ./.pbs_mo.ece.pdx.edu_23315/pbs_map_10.etf' from server 'localhost_1_16'. (230360 ms elapsed)
          Sending 'pbs_map_13 ./.pbs_mo.ece.pdx.edu_23315/pbs_map_13.etf' to server 'localhost_1_16'...
            Sent 'pbs_map_13 ./.pbs_mo.ece.pdx.edu_23315/pbs_map_13.etf' to server 'localhost_1_16'.
          Received 'pbs_map_17 ./.pbs_mo.ece.pdx.edu_23315/pbs_map_17.etf' from server 'localhost_1_17'. (207816 ms elapsed)
          Sending 'pbs_map_14 ./.pbs_mo.ece.pdx.edu_23315/pbs_map_14.etf' to server 'localhost_1_17'...
            Sent 'pbs_map_14 ./.pbs_mo.ece.pdx.edu_23315/pbs_map_14.etf' to server 'localhost_1_17'.
          Received 'pbs_map_2 ./.pbs_mo.ece.pdx.edu_23315/pbs_map_2.etf' from server 'localhost_1_20'. (194281 ms elapsed)
          Sending 'pbs_map_11 ./.pbs_mo.ece.pdx.edu_23315/pbs_map_11.etf' to server 'localhost_1_20'...
            Sent 'pbs_map_11 ./.pbs_mo.ece.pdx.edu_23315/pbs_map_11.etf' to server 'localhost_1_20'.
          Received 'pbs_map_13 ./.pbs_mo.ece.pdx.edu_23315/pbs_map_13.etf' from server 'localhost_1_16'. (72527 ms elapsed)
          Sending 'pbs_map_16 ./.pbs_mo.ece.pdx.edu_23315/pbs_map_16.etf' to server 'localhost_1_16'...
            Sent 'pbs_map_16 ./.pbs_mo.ece.pdx.edu_23315/pbs_map_16.etf' to server 'localhost_1_16'.
          Received 'pbs_map_14 ./.pbs_mo.ece.pdx.edu_23315/pbs_map_14.etf' from server 'localhost_1_17'. (66295 ms elapsed)
          Sending 'pbs_map_6 ./.pbs_mo.ece.pdx.edu_23315/pbs_map_6.etf' to server 'localhost_1_17'...
            Sent 'pbs_map_6 ./.pbs_mo.ece.pdx.edu_23315/pbs_map_6.etf' to server 'localhost_1_17'.
          Received 'pbs_map_5 ./.pbs_mo.ece.pdx.edu_23315/pbs_map_5.etf' from server 'localhost_1_18'. (222095 ms elapsed)
          Sending 'pbs_map_19 ./.pbs_mo.ece.pdx.edu_23315/pbs_map_19.etf' to server 'localhost_1_18'...
            Sent 'pbs_map_19 ./.pbs_mo.ece.pdx.edu_23315/pbs_map_19.etf' to server 'localhost_1_18'.
          Received 'pbs_map_11 ./.pbs_mo.ece.pdx.edu_23315/pbs_map_11.etf' from server 'localhost_1_20'. (80727 ms elapsed)
          Received 'pbs_map_18 ./.pbs_mo.ece.pdx.edu_23315/pbs_map_18.etf' from server 'localhost_1_21'. (131651 ms elapsed)
          Received 'pbs_map_16 ./.pbs_mo.ece.pdx.edu_23315/pbs_map_16.etf' from server 'localhost_1_16'. (41949 ms elapsed)
          Received 'pbs_map_12 ./.pbs_mo.ece.pdx.edu_23315/pbs_map_12.etf' from server 'localhost_1_19'. (239073 ms elapsed)
          Received 'pbs_map_6 ./.pbs_mo.ece.pdx.edu_23315/pbs_map_6.etf' from server 'localhost_1_17'. (32108 ms elapsed)
          Received 'pbs_map_19 ./.pbs_mo.ece.pdx.edu_23315/pbs_map_19.etf' from server 'localhost_1_18'. (32403 ms elapsed)
          Received 'pbs_map_9 ./.pbs_mo.ece.pdx.edu_23315/pbs_map_9.etf' from server 'localhost_1_15'. (3856524 ms elapsed)
       Partition:  pbs_map_9 - PBS_Map-Distributed_Read_DB - Elapsed_Time 36.00, CPU_Time 34.00
       Partition:  pbs_map_9 - PBS_Map-Distributed_Map - Elapsed_Time 3653.00, CPU_Time 3598.19
       Partition:  pbs_map_9 - PBS_Map-Distributed_TNS - Elapsed_Time 0.00, CPU_Time 0.00
       Partition: pbs_map_9:  Partitioning - Elapsed_Time 33.59, CPU_Time 33.58 
       Partition: pbs_map_9:  Constant-Propagation - Elapsed_Time 19.40, CPU_Time 19.30 
       Partition: pbs_map_9:  Logic Structuring - Elapsed_Time 153.34, CPU_Time 152.30 
       Partition: pbs_map_9:  Virtual Mapping - Elapsed_Time 481.84, CPU_Time 683.76 
       Partition: pbs_map_9:  Technology Mapping - Elapsed_Time 431.52, CPU_Time 453.23 
       Partition: pbs_map_9:  Core Map - Elapsed_Time 802.51, CPU_Time 769.14 
       Partition: pbs_map_9:  Global Incremental - Elapsed_Time 1445.13, CPU_Time 1423.33 
       Partition: pbs_map_9:  Mapper - Elapsed_Time 205.64, CPU_Time 205.14 
       Start - Partition: pbs_map_9 Slack: 5.5 TNS: 0.0 Cell-Count: 782020 Cell-Area: 82920  
Init-Memory: 6153.96
       Done  - Partition: pbs_map_9 Slack: -131.1 TNS: 145901.0 Cell-Count: 622550 Cell-Area: 48769  
Peak-Memory: 9351.91 Elapsed: 3692
       Partition:  pbs_map_9 - PBS_Map-Distributed_Report - Elapsed_Time 104.00, CPU_Time 147.00
       Partition:  pbs_map_9 - PBS_Map-Distributed_Write_DB - Elapsed_Time 51.00, CPU_Time 50.00
       pbs_map_9 - PBS_Map-Assembly - Elapsed_Time 72, CPU_Time 73.0
       Partition:  pbs_map_9 - Runtime taken by the partition - Elapsed_Time 3844.00, CPU_Time 3829.19
          Received 'pbs_map_1 ./.pbs_mo.ece.pdx.edu_23315/pbs_map_1.etf' from server 'localhost_1_0'. (8638062 ms elapsed)
       Partition:  pbs_map_1 - PBS_Map-Distributed_Read_DB - Elapsed_Time 59.00, CPU_Time 55.00
       Partition:  pbs_map_1 - PBS_Map-Distributed_Map - Elapsed_Time 8092.00, CPU_Time 8580.34
       Partition:  pbs_map_1 - PBS_Map-Distributed_TNS - Elapsed_Time 0.00, CPU_Time 0.00
       Partition: pbs_map_1:  Partitioning - Elapsed_Time 114.64, CPU_Time 114.52 
       Partition: pbs_map_1:  Constant-Propagation - Elapsed_Time 70.59, CPU_Time 70.43 
       Partition: pbs_map_1:  Logic Structuring - Elapsed_Time 630.60, CPU_Time 622.82 
       Partition: pbs_map_1:  Virtual Mapping - Elapsed_Time 1148.83, CPU_Time 2762.47 
       Partition: pbs_map_1:  Technology Mapping - Elapsed_Time 471.06, CPU_Time 2303.40 
       Partition: pbs_map_1:  Core Map - Elapsed_Time 2021.26, CPU_Time 2377.73 
       Partition: pbs_map_1:  Global Incremental - Elapsed_Time 2868.26, CPU_Time 3007.72 
       Partition: pbs_map_1:  Mapper - Elapsed_Time 573.06, CPU_Time 569.68 
       Start - Partition: pbs_map_1 Slack: -150.6 TNS: 8593.0 Cell-Count: 1276435 Cell-Area: 231247  
Init-Memory: 10091.80
       Done  - Partition: pbs_map_1 Slack: -92.5 TNS: 142057.3 Cell-Count: 1502235 Cell-Area: 238859  
Peak-Memory: 27279.73 Elapsed: 8162
       Partition:  pbs_map_1 - PBS_Map-Distributed_Report - Elapsed_Time 332.00, CPU_Time 502.00
       Partition:  pbs_map_1 - PBS_Map-Distributed_Write_DB - Elapsed_Time 122.00, CPU_Time 122.00
       pbs_map_1 - PBS_Map-Assembly - Elapsed_Time 162, CPU_Time 162.0
       Partition:  pbs_map_1 - Runtime taken by the partition - Elapsed_Time 8605.00, CPU_Time 9259.34
       Partition:  pbs_map_32 - PBS_Map-Distributed_Read_DB - Elapsed_Time 2.00, CPU_Time 2.00
       Partition:  pbs_map_32 - PBS_Map-Distributed_Map - Elapsed_Time 1228.00, CPU_Time 1005.06
       Partition:  pbs_map_32 - PBS_Map-Distributed_TNS - Elapsed_Time 0.00, CPU_Time 0.00
       Partition: pbs_map_32:  Partitioning - Elapsed_Time 8.84, CPU_Time 8.83 
       Partition: pbs_map_32:  Constant-Propagation - Elapsed_Time 20.81, CPU_Time 20.75 
       Partition: pbs_map_32:  Logic Structuring - Elapsed_Time 509.82, CPU_Time 506.38 
       Partition: pbs_map_32:  Virtual Mapping - Elapsed_Time 225.22, CPU_Time 288.95 
       Partition: pbs_map_32:  Technology Mapping - Elapsed_Time 279.33, CPU_Time 301.33 
       Partition: pbs_map_32:  Core Map - Elapsed_Time 382.40, CPU_Time 189.30 
       Partition: pbs_map_32:  Global Incremental - Elapsed_Time 317.19, CPU_Time 280.78 
       Partition: pbs_map_32:  Mapper - Elapsed_Time 63.75, CPU_Time 63.58 
       Start - Partition: pbs_map_32 Slack: -157.1 TNS: 286969.6 Cell-Count: 90880 Cell-Area: 11228  
Init-Memory: 3008.40
       Done  - Partition: pbs_map_32 Slack: 3.2 TNS: 0.0 Cell-Count: 144759 Cell-Area: 11503  
Peak-Memory: 3296.65 Elapsed: 1231
       Partition:  pbs_map_32 - PBS_Map-Distributed_Report - Elapsed_Time 15.00, CPU_Time 22.00
       Partition:  pbs_map_32 - PBS_Map-Distributed_Write_DB - Elapsed_Time 7.00, CPU_Time 7.00
       pbs_map_32 - PBS_Map-Assembly - Elapsed_Time 7, CPU_Time 8.0
       Partition:  pbs_map_32 - Runtime taken by the partition - Elapsed_Time 1252.00, CPU_Time 1036.06
       Partition:  pbs_map_35 - PBS_Map-Distributed_Read_DB - Elapsed_Time 2.00, CPU_Time 3.00
       Partition:  pbs_map_35 - PBS_Map-Distributed_Map - Elapsed_Time 1179.00, CPU_Time 1011.59
       Partition:  pbs_map_35 - PBS_Map-Distributed_TNS - Elapsed_Time 0.00, CPU_Time 0.00
       Partition: pbs_map_35:  Partitioning - Elapsed_Time 7.26, CPU_Time 7.26 
       Partition: pbs_map_35:  Constant-Propagation - Elapsed_Time 33.73, CPU_Time 33.64 
       Partition: pbs_map_35:  Logic Structuring - Elapsed_Time 781.93, CPU_Time 776.02 
       Partition: pbs_map_35:  Virtual Mapping - Elapsed_Time 197.65, CPU_Time 235.85 
       Partition: pbs_map_35:  Technology Mapping - Elapsed_Time 268.57, CPU_Time 312.64 
       Partition: pbs_map_35:  Core Map - Elapsed_Time 414.19, CPU_Time 145.64 
       Partition: pbs_map_35:  Global Incremental - Elapsed_Time 277.35, CPU_Time 226.20 
       Partition: pbs_map_35:  Mapper - Elapsed_Time 84.06, CPU_Time 83.96 
       Start - Partition: pbs_map_35 Slack: -157.1 TNS: 286969.6 Cell-Count: 90880 Cell-Area: 11228  
Init-Memory: 2386.52
       Done  - Partition: pbs_map_35 Slack: 3.2 TNS: 0.0 Cell-Count: 144759 Cell-Area: 11503  
Peak-Memory: 2422.36 Elapsed: 1182
       Partition:  pbs_map_35 - PBS_Map-Distributed_Report - Elapsed_Time 15.00, CPU_Time 23.00
       Partition:  pbs_map_35 - PBS_Map-Distributed_Write_DB - Elapsed_Time 7.00, CPU_Time 7.00
       pbs_map_35 - PBS_Map-Assembly - Elapsed_Time 7, CPU_Time 7.0
       Partition:  pbs_map_35 - Runtime taken by the partition - Elapsed_Time 1203.00, CPU_Time 1044.59
       Partition:  pbs_map_22 - PBS_Map-Distributed_Read_DB - Elapsed_Time 3.00, CPU_Time 3.00
       Partition:  pbs_map_22 - PBS_Map-Distributed_Map - Elapsed_Time 1345.00, CPU_Time 996.88
       Partition:  pbs_map_22 - PBS_Map-Distributed_TNS - Elapsed_Time 0.00, CPU_Time 0.00
       Partition: pbs_map_22:  Partitioning - Elapsed_Time 7.32, CPU_Time 7.32 
       Partition: pbs_map_22:  Constant-Propagation - Elapsed_Time 38.80, CPU_Time 38.68 
       Partition: pbs_map_22:  Logic Structuring - Elapsed_Time 927.34, CPU_Time 920.62 
       Partition: pbs_map_22:  Virtual Mapping - Elapsed_Time 217.70, CPU_Time 255.21 
       Partition: pbs_map_22:  Technology Mapping - Elapsed_Time 305.93, CPU_Time 354.62 
       Partition: pbs_map_22:  Core Map - Elapsed_Time 588.06, CPU_Time 163.11 
       Partition: pbs_map_22:  Global Incremental - Elapsed_Time 298.71, CPU_Time 252.37 
       Partition: pbs_map_22:  Mapper - Elapsed_Time 77.46, CPU_Time 77.40 
       Start - Partition: pbs_map_22 Slack: -157.1 TNS: 286969.6 Cell-Count: 90880 Cell-Area: 11228  
Init-Memory: 2386.62
       Done  - Partition: pbs_map_22 Slack: 3.2 TNS: 0.0 Cell-Count: 144759 Cell-Area: 11503  
Peak-Memory: 2422.46 Elapsed: 1348
       Partition:  pbs_map_22 - PBS_Map-Distributed_Report - Elapsed_Time 16.00, CPU_Time 23.00
       Partition:  pbs_map_22 - PBS_Map-Distributed_Write_DB - Elapsed_Time 7.00, CPU_Time 7.00
       pbs_map_22 - PBS_Map-Assembly - Elapsed_Time 8, CPU_Time 7.0
       Partition:  pbs_map_22 - Runtime taken by the partition - Elapsed_Time 1371.00, CPU_Time 1029.88
       Partition:  pbs_map_39 - PBS_Map-Distributed_Read_DB - Elapsed_Time 1.00, CPU_Time 2.00
       Partition:  pbs_map_39 - PBS_Map-Distributed_Map - Elapsed_Time 1105.00, CPU_Time 973.74
       Partition:  pbs_map_39 - PBS_Map-Distributed_TNS - Elapsed_Time 0.00, CPU_Time 0.00
       Partition: pbs_map_39:  Partitioning - Elapsed_Time 8.23, CPU_Time 8.23 
       Partition: pbs_map_39:  Constant-Propagation - Elapsed_Time 33.90, CPU_Time 33.82 
       Partition: pbs_map_39:  Logic Structuring - Elapsed_Time 888.84, CPU_Time 884.05 
       Partition: pbs_map_39:  Virtual Mapping - Elapsed_Time 209.08, CPU_Time 250.56 
       Partition: pbs_map_39:  Technology Mapping - Elapsed_Time 285.22, CPU_Time 332.30 
       Partition: pbs_map_39:  Core Map - Elapsed_Time 453.53, CPU_Time 155.89 
       Partition: pbs_map_39:  Global Incremental - Elapsed_Time 279.93, CPU_Time 250.36 
       Partition: pbs_map_39:  Mapper - Elapsed_Time 82.72, CPU_Time 82.63 
       Start - Partition: pbs_map_39 Slack: -157.1 TNS: 286969.6 Cell-Count: 90880 Cell-Area: 11228  
Init-Memory: 2386.62
       Done  - Partition: pbs_map_39 Slack: 1.1 TNS: 0.0 Cell-Count: 144077 Cell-Area: 11506  
Peak-Memory: 2422.46 Elapsed: 1106
       Partition:  pbs_map_39 - PBS_Map-Distributed_Report - Elapsed_Time 17.00, CPU_Time 25.00
       Partition:  pbs_map_39 - PBS_Map-Distributed_Write_DB - Elapsed_Time 7.00, CPU_Time 8.00
       pbs_map_39 - PBS_Map-Assembly - Elapsed_Time 7, CPU_Time 8.0
       Partition:  pbs_map_39 - Runtime taken by the partition - Elapsed_Time 1130.00, CPU_Time 1008.74
       Partition:  pbs_map_37 - PBS_Map-Distributed_Read_DB - Elapsed_Time 3.00, CPU_Time 3.00
       Partition:  pbs_map_37 - PBS_Map-Distributed_Map - Elapsed_Time 1086.00, CPU_Time 1004.22
       Partition:  pbs_map_37 - PBS_Map-Distributed_TNS - Elapsed_Time 0.00, CPU_Time 0.00
       Partition: pbs_map_37:  Partitioning - Elapsed_Time 8.45, CPU_Time 8.45 
       Partition: pbs_map_37:  Constant-Propagation - Elapsed_Time 37.23, CPU_Time 37.13 
       Partition: pbs_map_37:  Logic Structuring - Elapsed_Time 953.29, CPU_Time 946.32 
       Partition: pbs_map_37:  Virtual Mapping - Elapsed_Time 222.71, CPU_Time 274.15 
       Partition: pbs_map_37:  Technology Mapping - Elapsed_Time 314.39, CPU_Time 377.11 
       Partition: pbs_map_37:  Core Map - Elapsed_Time 318.78, CPU_Time 161.80 
       Partition: pbs_map_37:  Global Incremental - Elapsed_Time 313.07, CPU_Time 249.72 
       Partition: pbs_map_37:  Mapper - Elapsed_Time 84.41, CPU_Time 84.32 
       Start - Partition: pbs_map_37 Slack: -157.1 TNS: 286969.6 Cell-Count: 90880 Cell-Area: 11228  
Init-Memory: 2385.00
       Done  - Partition: pbs_map_37 Slack: 3.2 TNS: 0.0 Cell-Count: 144759 Cell-Area: 11503  
Peak-Memory: 2420.84 Elapsed: 1089
       Partition:  pbs_map_37 - PBS_Map-Distributed_Report - Elapsed_Time 17.00, CPU_Time 26.00
       Partition:  pbs_map_37 - PBS_Map-Distributed_Write_DB - Elapsed_Time 7.00, CPU_Time 7.00
       pbs_map_37 - PBS_Map-Assembly - Elapsed_Time 7, CPU_Time 7.0
       Partition:  pbs_map_37 - Runtime taken by the partition - Elapsed_Time 1113.00, CPU_Time 1040.22
       Partition:  pbs_map_28 - PBS_Map-Distributed_Read_DB - Elapsed_Time 1.00, CPU_Time 1.00
       Partition:  pbs_map_28 - PBS_Map-Distributed_Map - Elapsed_Time 1094.00, CPU_Time 988.64
       Partition:  pbs_map_28 - PBS_Map-Distributed_TNS - Elapsed_Time 0.00, CPU_Time 0.00
       Partition: pbs_map_28:  Partitioning - Elapsed_Time 12.46, CPU_Time 12.45 
       Partition: pbs_map_28:  Constant-Propagation - Elapsed_Time 37.81, CPU_Time 37.72 
       Partition: pbs_map_28:  Logic Structuring - Elapsed_Time 970.74, CPU_Time 964.25 
       Partition: pbs_map_28:  Virtual Mapping - Elapsed_Time 332.34, CPU_Time 414.49 
       Partition: pbs_map_28:  Technology Mapping - Elapsed_Time 434.96, CPU_Time 485.95 
       Partition: pbs_map_28:  Core Map - Elapsed_Time 536.26, CPU_Time 266.50 
       Partition: pbs_map_28:  Global Incremental - Elapsed_Time 469.72, CPU_Time 408.30 
       Partition: pbs_map_28:  Mapper - Elapsed_Time 99.90, CPU_Time 99.70 
       Start - Partition: pbs_map_28 Slack: -157.1 TNS: 286969.6 Cell-Count: 90880 Cell-Area: 11228  
Init-Memory: 2778.71
       Done  - Partition: pbs_map_28 Slack: 3.2 TNS: 0.0 Cell-Count: 144759 Cell-Area: 11503  
Peak-Memory: 3296.65 Elapsed: 1095
       Partition:  pbs_map_28 - PBS_Map-Distributed_Report - Elapsed_Time 15.00, CPU_Time 25.00
       Partition:  pbs_map_28 - PBS_Map-Distributed_Write_DB - Elapsed_Time 7.00, CPU_Time 7.00
       pbs_map_28 - PBS_Map-Assembly - Elapsed_Time 8, CPU_Time 7.0
       Partition:  pbs_map_28 - Runtime taken by the partition - Elapsed_Time 1117.00, CPU_Time 1021.64
       Partition:  pbs_map_24 - PBS_Map-Distributed_Read_DB - Elapsed_Time 2.00, CPU_Time 3.00
       Partition:  pbs_map_24 - PBS_Map-Distributed_Map - Elapsed_Time 1133.00, CPU_Time 984.69
       Partition:  pbs_map_24 - PBS_Map-Distributed_TNS - Elapsed_Time 0.00, CPU_Time 0.00
       Partition: pbs_map_24:  Partitioning - Elapsed_Time 9.22, CPU_Time 9.22 
       Partition: pbs_map_24:  Constant-Propagation - Elapsed_Time 45.51, CPU_Time 45.42 
       Partition: pbs_map_24:  Logic Structuring - Elapsed_Time 1308.44, CPU_Time 1298.93 
       Partition: pbs_map_24:  Virtual Mapping - Elapsed_Time 284.59, CPU_Time 332.38 
       Partition: pbs_map_24:  Technology Mapping - Elapsed_Time 395.45, CPU_Time 454.92 
       Partition: pbs_map_24:  Core Map - Elapsed_Time 482.57, CPU_Time 203.94 
       Partition: pbs_map_24:  Global Incremental - Elapsed_Time 423.76, CPU_Time 351.08 
       Partition: pbs_map_24:  Mapper - Elapsed_Time 106.06, CPU_Time 105.99 
       Start - Partition: pbs_map_24 Slack: -157.1 TNS: 286969.6 Cell-Count: 90880 Cell-Area: 11228  
Init-Memory: 2596.48
       Done  - Partition: pbs_map_24 Slack: 3.2 TNS: 0.0 Cell-Count: 144759 Cell-Area: 11503  
Peak-Memory: 2628.50 Elapsed: 1135
       Partition:  pbs_map_24 - PBS_Map-Distributed_Report - Elapsed_Time 17.00, CPU_Time 24.00
       Partition:  pbs_map_24 - PBS_Map-Distributed_Write_DB - Elapsed_Time 6.00, CPU_Time 7.00
       pbs_map_24 - PBS_Map-Assembly - Elapsed_Time 7, CPU_Time 7.0
       Partition:  pbs_map_24 - Runtime taken by the partition - Elapsed_Time 1158.00, CPU_Time 1018.69
       Partition:  pbs_map_7 - PBS_Map-Distributed_Read_DB - Elapsed_Time 1.00, CPU_Time 1.00
       Partition:  pbs_map_7 - PBS_Map-Distributed_Map - Elapsed_Time 369.00, CPU_Time 272.79
       Partition:  pbs_map_7 - PBS_Map-Distributed_TNS - Elapsed_Time 0.00, CPU_Time 0.00
       Partition: pbs_map_7:  Partitioning - Elapsed_Time 10.27, CPU_Time 10.27 
       Partition: pbs_map_7:  Constant-Propagation - Elapsed_Time 35.60, CPU_Time 35.47 
       Partition: pbs_map_7:  Logic Structuring - Elapsed_Time 857.09, CPU_Time 850.46 
       Partition: pbs_map_7:  Virtual Mapping - Elapsed_Time 232.99, CPU_Time 277.48 
       Partition: pbs_map_7:  Technology Mapping - Elapsed_Time 312.65, CPU_Time 360.56 
       Partition: pbs_map_7:  Core Map - Elapsed_Time 532.23, CPU_Time 202.95 
       Partition: pbs_map_7:  Global Incremental - Elapsed_Time 346.03, CPU_Time 259.38 
       Partition: pbs_map_7:  Mapper - Elapsed_Time 103.56, CPU_Time 103.44 
       Start - Partition: pbs_map_7 Slack: -150.6 TNS: 4296.5 Cell-Count: 48304 Cell-Area: 7906  
Init-Memory: 2381.67
       Done  - Partition: pbs_map_7 Slack: -33.4 TNS: 4936.4 Cell-Count: 69975 Cell-Area: 8088  
Peak-Memory: 2422.36 Elapsed: 371
       Partition:  pbs_map_7 - PBS_Map-Distributed_Report - Elapsed_Time 7.00, CPU_Time 10.00
       Partition:  pbs_map_7 - PBS_Map-Distributed_Write_DB - Elapsed_Time 4.00, CPU_Time 4.00
       pbs_map_7 - PBS_Map-Assembly - Elapsed_Time 4, CPU_Time 4.0
       Partition:  pbs_map_7 - Runtime taken by the partition - Elapsed_Time 381.00, CPU_Time 287.79
       Partition:  pbs_map_38 - PBS_Map-Distributed_Read_DB - Elapsed_Time 1.00, CPU_Time 1.00
       Partition:  pbs_map_38 - PBS_Map-Distributed_Map - Elapsed_Time 444.00, CPU_Time 373.03
       Partition:  pbs_map_38 - PBS_Map-Distributed_TNS - Elapsed_Time 0.00, CPU_Time 0.00
       Partition: pbs_map_38:  Partitioning - Elapsed_Time 9.93, CPU_Time 9.93 
       Partition: pbs_map_38:  Constant-Propagation - Elapsed_Time 36.77, CPU_Time 36.68 
       Partition: pbs_map_38:  Logic Structuring - Elapsed_Time 1053.21, CPU_Time 1048.09 
       Partition: pbs_map_38:  Virtual Mapping - Elapsed_Time 254.06, CPU_Time 306.59 
       Partition: pbs_map_38:  Technology Mapping - Elapsed_Time 337.63, CPU_Time 393.22 
       Partition: pbs_map_38:  Core Map - Elapsed_Time 532.30, CPU_Time 188.60 
       Partition: pbs_map_38:  Global Incremental - Elapsed_Time 355.29, CPU_Time 301.48 
       Partition: pbs_map_38:  Mapper - Elapsed_Time 103.36, CPU_Time 103.26 
       Start - Partition: pbs_map_38 Slack: -140.2 TNS: 127171.2 Cell-Count: 45728 Cell-Area: 5638  
Init-Memory: 2385.77
       Done  - Partition: pbs_map_38 Slack: 9.6 TNS: 0.0 Cell-Count: 70149 Cell-Area: 5646  
Peak-Memory: 2422.46 Elapsed: 445
       Partition:  pbs_map_38 - PBS_Map-Distributed_Report - Elapsed_Time 7.00, CPU_Time 11.00
       Partition:  pbs_map_38 - PBS_Map-Distributed_Write_DB - Elapsed_Time 3.00, CPU_Time 3.00
       pbs_map_38 - PBS_Map-Assembly - Elapsed_Time 3, CPU_Time 4.0
       Partition:  pbs_map_38 - Runtime taken by the partition - Elapsed_Time 455.00, CPU_Time 388.03
       Partition:  pbs_map_25 - PBS_Map-Distributed_Read_DB - Elapsed_Time 1.00, CPU_Time 1.00
       Partition:  pbs_map_25 - PBS_Map-Distributed_Map - Elapsed_Time 356.00, CPU_Time 316.13
       Partition:  pbs_map_25 - PBS_Map-Distributed_TNS - Elapsed_Time 0.00, CPU_Time 0.00
       Partition: pbs_map_25:  Partitioning - Elapsed_Time 10.14, CPU_Time 10.14 
       Partition: pbs_map_25:  Constant-Propagation - Elapsed_Time 44.15, CPU_Time 44.03 
       Partition: pbs_map_25:  Logic Structuring - Elapsed_Time 1075.92, CPU_Time 1067.65 
       Partition: pbs_map_25:  Virtual Mapping - Elapsed_Time 263.47, CPU_Time 323.68 
       Partition: pbs_map_25:  Technology Mapping - Elapsed_Time 365.17, CPU_Time 433.97 
       Partition: pbs_map_25:  Core Map - Elapsed_Time 387.33, CPU_Time 192.47 
       Partition: pbs_map_25:  Global Incremental - Elapsed_Time 354.12, CPU_Time 290.78 
       Partition: pbs_map_25:  Mapper - Elapsed_Time 104.77, CPU_Time 104.55 
       Start - Partition: pbs_map_25 Slack: -157.1 TNS: 143484.8 Cell-Count: 45440 Cell-Area: 5614  
Init-Memory: 2384.15
       Done  - Partition: pbs_map_25 Slack: -25.7 TNS: 18723.2 Cell-Count: 70877 Cell-Area: 5607  
Peak-Memory: 2420.84 Elapsed: 357
       Partition:  pbs_map_25 - PBS_Map-Distributed_Report - Elapsed_Time 7.00, CPU_Time 11.00
       Partition:  pbs_map_25 - PBS_Map-Distributed_Write_DB - Elapsed_Time 3.00, CPU_Time 3.00
       pbs_map_25 - PBS_Map-Assembly - Elapsed_Time 4, CPU_Time 3.0
       Partition:  pbs_map_25 - Runtime taken by the partition - Elapsed_Time 367.00, CPU_Time 331.13
       Partition:  pbs_map_23 - PBS_Map-Distributed_Read_DB - Elapsed_Time 2.00, CPU_Time 2.00
       Partition:  pbs_map_23 - PBS_Map-Distributed_Map - Elapsed_Time 389.00, CPU_Time 320.91
       Partition:  pbs_map_23 - PBS_Map-Distributed_TNS - Elapsed_Time 0.00, CPU_Time 0.00
       Partition: pbs_map_23:  Partitioning - Elapsed_Time 12.05, CPU_Time 12.05 
       Partition: pbs_map_23:  Constant-Propagation - Elapsed_Time 42.33, CPU_Time 42.17 
       Partition: pbs_map_23:  Logic Structuring - Elapsed_Time 984.92, CPU_Time 977.12 
       Partition: pbs_map_23:  Virtual Mapping - Elapsed_Time 271.96, CPU_Time 321.40 
       Partition: pbs_map_23:  Technology Mapping - Elapsed_Time 362.04, CPU_Time 417.03 
       Partition: pbs_map_23:  Core Map - Elapsed_Time 585.69, CPU_Time 231.30 
       Partition: pbs_map_23:  Global Incremental - Elapsed_Time 434.94, CPU_Time 307.00 
       Partition: pbs_map_23:  Mapper - Elapsed_Time 122.01, CPU_Time 121.88 
       Start - Partition: pbs_map_23 Slack: -157.1 TNS: 143484.8 Cell-Count: 45440 Cell-Area: 5614  
Init-Memory: 2380.92
       Done  - Partition: pbs_map_23 Slack: -25.7 TNS: 18723.2 Cell-Count: 70877 Cell-Area: 5607  
Peak-Memory: 2422.36 Elapsed: 391
       Partition:  pbs_map_23 - PBS_Map-Distributed_Report - Elapsed_Time 7.00, CPU_Time 12.00
       Partition:  pbs_map_23 - PBS_Map-Distributed_Write_DB - Elapsed_Time 4.00, CPU_Time 4.00
       pbs_map_23 - PBS_Map-Assembly - Elapsed_Time 3, CPU_Time 4.0
       Partition:  pbs_map_23 - Runtime taken by the partition - Elapsed_Time 402.00, CPU_Time 338.91
       Partition:  pbs_map_21 - PBS_Map-Distributed_Read_DB - Elapsed_Time 1.00, CPU_Time 1.00
       Partition:  pbs_map_21 - PBS_Map-Distributed_Map - Elapsed_Time 358.00, CPU_Time 319.07
       Partition:  pbs_map_21 - PBS_Map-Distributed_TNS - Elapsed_Time 0.00, CPU_Time 0.00
       Partition: pbs_map_21:  Partitioning - Elapsed_Time 8.92, CPU_Time 8.91 
       Partition: pbs_map_21:  Constant-Propagation - Elapsed_Time 45.85, CPU_Time 45.72 
       Partition: pbs_map_21:  Logic Structuring - Elapsed_Time 1053.32, CPU_Time 1045.36 
       Partition: pbs_map_21:  Virtual Mapping - Elapsed_Time 255.93, CPU_Time 297.83 
       Partition: pbs_map_21:  Technology Mapping - Elapsed_Time 357.30, CPU_Time 415.50 
       Partition: pbs_map_21:  Core Map - Elapsed_Time 635.20, CPU_Time 192.39 
       Partition: pbs_map_21:  Global Incremental - Elapsed_Time 363.35, CPU_Time 298.02 
       Partition: pbs_map_21:  Mapper - Elapsed_Time 96.32, CPU_Time 96.25 
       Start - Partition: pbs_map_21 Slack: -157.1 TNS: 143484.8 Cell-Count: 45440 Cell-Area: 5614  
Init-Memory: 2379.77
       Done  - Partition: pbs_map_21 Slack: -25.7 TNS: 18723.2 Cell-Count: 70877 Cell-Area: 5607  
Peak-Memory: 2422.46 Elapsed: 359
       Partition:  pbs_map_21 - PBS_Map-Distributed_Report - Elapsed_Time 8.00, CPU_Time 13.00
       Partition:  pbs_map_21 - PBS_Map-Distributed_Write_DB - Elapsed_Time 3.00, CPU_Time 3.00
       pbs_map_21 - PBS_Map-Assembly - Elapsed_Time 4, CPU_Time 4.0
       Partition:  pbs_map_21 - Runtime taken by the partition - Elapsed_Time 370.00, CPU_Time 336.07
       Partition:  pbs_map_31 - PBS_Map-Distributed_Read_DB - Elapsed_Time 1.00, CPU_Time 1.00
       Partition:  pbs_map_31 - PBS_Map-Distributed_Map - Elapsed_Time 345.00, CPU_Time 315.97
       Partition:  pbs_map_31 - PBS_Map-Distributed_TNS - Elapsed_Time 0.00, CPU_Time 0.00
       Partition: pbs_map_31:  Partitioning - Elapsed_Time 12.00, CPU_Time 12.00 
       Partition: pbs_map_31:  Constant-Propagation - Elapsed_Time 51.17, CPU_Time 51.04 
       Partition: pbs_map_31:  Logic Structuring - Elapsed_Time 1198.73, CPU_Time 1189.24 
       Partition: pbs_map_31:  Virtual Mapping - Elapsed_Time 301.77, CPU_Time 369.01 
       Partition: pbs_map_31:  Technology Mapping - Elapsed_Time 419.41, CPU_Time 498.19 
       Partition: pbs_map_31:  Core Map - Elapsed_Time 443.74, CPU_Time 223.36 
       Partition: pbs_map_31:  Global Incremental - Elapsed_Time 397.45, CPU_Time 331.55 
       Partition: pbs_map_31:  Mapper - Elapsed_Time 122.97, CPU_Time 122.74 
       Start - Partition: pbs_map_31 Slack: -157.1 TNS: 143484.8 Cell-Count: 45440 Cell-Area: 5614  
Init-Memory: 2378.37
       Done  - Partition: pbs_map_31 Slack: -25.7 TNS: 18723.2 Cell-Count: 70877 Cell-Area: 5607  
Peak-Memory: 2420.84 Elapsed: 346
       Partition:  pbs_map_31 - PBS_Map-Distributed_Report - Elapsed_Time 8.00, CPU_Time 11.00
       Partition:  pbs_map_31 - PBS_Map-Distributed_Write_DB - Elapsed_Time 5.00, CPU_Time 5.00
       pbs_map_31 - PBS_Map-Assembly - Elapsed_Time 3, CPU_Time 3.0
       Partition:  pbs_map_31 - Runtime taken by the partition - Elapsed_Time 359.00, CPU_Time 332.97
       Partition:  pbs_map_29 - PBS_Map-Distributed_Read_DB - Elapsed_Time 2.00, CPU_Time 1.00
       Partition:  pbs_map_29 - PBS_Map-Distributed_Map - Elapsed_Time 362.00, CPU_Time 337.19
       Partition:  pbs_map_29 - PBS_Map-Distributed_TNS - Elapsed_Time 0.00, CPU_Time 0.00
       Partition: pbs_map_29:  Partitioning - Elapsed_Time 12.14, CPU_Time 12.14 
       Partition: pbs_map_29:  Constant-Propagation - Elapsed_Time 44.50, CPU_Time 44.40 
       Partition: pbs_map_29:  Logic Structuring - Elapsed_Time 1181.55, CPU_Time 1175.11 
       Partition: pbs_map_29:  Virtual Mapping - Elapsed_Time 294.96, CPU_Time 356.42 
       Partition: pbs_map_29:  Technology Mapping - Elapsed_Time 393.12, CPU_Time 459.57 
       Partition: pbs_map_29:  Core Map - Elapsed_Time 584.86, CPU_Time 219.31 
       Partition: pbs_map_29:  Global Incremental - Elapsed_Time 406.80, CPU_Time 350.87 
       Partition: pbs_map_29:  Mapper - Elapsed_Time 123.01, CPU_Time 122.89 
       Start - Partition: pbs_map_29 Slack: -157.1 TNS: 143484.8 Cell-Count: 45440 Cell-Area: 5614  
Init-Memory: 2380.81
       Done  - Partition: pbs_map_29 Slack: -25.7 TNS: 18723.2 Cell-Count: 70877 Cell-Area: 5607  
Peak-Memory: 2422.46 Elapsed: 364
       Partition:  pbs_map_29 - PBS_Map-Distributed_Report - Elapsed_Time 7.00, CPU_Time 11.00
       Partition:  pbs_map_29 - PBS_Map-Distributed_Write_DB - Elapsed_Time 4.00, CPU_Time 5.00
       pbs_map_29 - PBS_Map-Assembly - Elapsed_Time 3, CPU_Time 4.0
       Partition:  pbs_map_29 - Runtime taken by the partition - Elapsed_Time 375.00, CPU_Time 354.19
       Partition:  pbs_map_8 - PBS_Map-Distributed_Read_DB - Elapsed_Time 2.00, CPU_Time 1.00
       Partition:  pbs_map_8 - PBS_Map-Distributed_Map - Elapsed_Time 293.00, CPU_Time 263.45
       Partition:  pbs_map_8 - PBS_Map-Distributed_TNS - Elapsed_Time 0.00, CPU_Time 0.00
       Partition: pbs_map_8:  Partitioning - Elapsed_Time 12.44, CPU_Time 12.44 
       Partition: pbs_map_8:  Constant-Propagation - Elapsed_Time 47.72, CPU_Time 47.58 
       Partition: pbs_map_8:  Logic Structuring - Elapsed_Time 1128.22, CPU_Time 1119.91 
       Partition: pbs_map_8:  Virtual Mapping - Elapsed_Time 289.26, CPU_Time 335.97 
       Partition: pbs_map_8:  Technology Mapping - Elapsed_Time 398.82, CPU_Time 461.33 
       Partition: pbs_map_8:  Core Map - Elapsed_Time 708.91, CPU_Time 239.23 
       Partition: pbs_map_8:  Global Incremental - Elapsed_Time 403.27, CPU_Time 335.50 
       Partition: pbs_map_8:  Mapper - Elapsed_Time 116.55, CPU_Time 116.45 
       Start - Partition: pbs_map_8 Slack: -7.9 TNS: 580.5 Cell-Count: 43679 Cell-Area: 6861  
Init-Memory: 2374.99
       Done  - Partition: pbs_map_8 Slack: -73.2 TNS: 42921.9 Cell-Count: 61672 Cell-Area: 6890  
Peak-Memory: 2422.46 Elapsed: 295
       Partition:  pbs_map_8 - PBS_Map-Distributed_Report - Elapsed_Time 6.00, CPU_Time 10.00
       Partition:  pbs_map_8 - PBS_Map-Distributed_Write_DB - Elapsed_Time 4.00, CPU_Time 4.00
       pbs_map_8 - PBS_Map-Assembly - Elapsed_Time 4, CPU_Time 3.0
       Partition:  pbs_map_8 - Runtime taken by the partition - Elapsed_Time 305.00, CPU_Time 278.45
       Partition:  pbs_map_3 - PBS_Map-Distributed_Read_DB - Elapsed_Time 0.00, CPU_Time 0.00
       Partition:  pbs_map_3 - PBS_Map-Distributed_Map - Elapsed_Time 187.00, CPU_Time 170.27
       Partition:  pbs_map_3 - PBS_Map-Distributed_TNS - Elapsed_Time 0.00, CPU_Time 0.00
       Partition: pbs_map_3:  Partitioning - Elapsed_Time 13.38, CPU_Time 13.37 
       Partition: pbs_map_3:  Constant-Propagation - Elapsed_Time 43.24, CPU_Time 43.07 
       Partition: pbs_map_3:  Logic Structuring - Elapsed_Time 1054.31, CPU_Time 1045.87 
       Partition: pbs_map_3:  Virtual Mapping - Elapsed_Time 292.25, CPU_Time 345.14 
       Partition: pbs_map_3:  Technology Mapping - Elapsed_Time 391.35, CPU_Time 451.61 
       Partition: pbs_map_3:  Core Map - Elapsed_Time 622.60, CPU_Time 254.95 
       Partition: pbs_map_3:  Global Incremental - Elapsed_Time 455.56, CPU_Time 324.01 
       Partition: pbs_map_3:  Mapper - Elapsed_Time 129.15, CPU_Time 129.01 
       Start - Partition: pbs_map_3 Slack: -150.6 TNS: 8593.0 Cell-Count: 18526 Cell-Area: 2935  
Init-Memory: 2375.14
       Done  - Partition: pbs_map_3 Slack: -32.0 TNS: 2160.2 Cell-Count: 26861 Cell-Area: 2988  
Peak-Memory: 2422.36 Elapsed: 188
       Partition:  pbs_map_3 - PBS_Map-Distributed_Report - Elapsed_Time 4.00, CPU_Time 4.00
       Partition:  pbs_map_3 - PBS_Map-Distributed_Write_DB - Elapsed_Time 1.00, CPU_Time 2.00
       pbs_map_3 - PBS_Map-Assembly - Elapsed_Time 1, CPU_Time 2.0
       Partition:  pbs_map_3 - Runtime taken by the partition - Elapsed_Time 192.00, CPU_Time 176.27
       Partition:  pbs_map_15 - PBS_Map-Distributed_Read_DB - Elapsed_Time 0.00, CPU_Time 0.00
       Partition:  pbs_map_15 - PBS_Map-Distributed_Map - Elapsed_Time 212.00, CPU_Time 188.81
       Partition:  pbs_map_15 - PBS_Map-Distributed_TNS - Elapsed_Time 0.00, CPU_Time 0.00
       Partition: pbs_map_15:  Partitioning - Elapsed_Time 13.35, CPU_Time 13.35 
       Partition: pbs_map_15:  Constant-Propagation - Elapsed_Time 38.67, CPU_Time 38.56 
       Partition: pbs_map_15:  Logic Structuring - Elapsed_Time 1050.14, CPU_Time 1047.13 
       Partition: pbs_map_15:  Virtual Mapping - Elapsed_Time 356.33, CPU_Time 444.93 
       Partition: pbs_map_15:  Technology Mapping - Elapsed_Time 470.04, CPU_Time 528.56 
       Partition: pbs_map_15:  Core Map - Elapsed_Time 586.42, CPU_Time 294.01 
       Partition: pbs_map_15:  Global Incremental - Elapsed_Time 483.91, CPU_Time 422.46 
       Partition: pbs_map_15:  Mapper - Elapsed_Time 106.36, CPU_Time 106.15 
       Start - Partition: pbs_map_15 Slack: -150.6 TNS: 8593.0 Cell-Count: 18526 Cell-Area: 2935  
Init-Memory: 2711.86
       Done  - Partition: pbs_map_15 Slack: -32.0 TNS: 2160.2 Cell-Count: 26861 Cell-Area: 2988  
Peak-Memory: 3296.65 Elapsed: 212
       Partition:  pbs_map_15 - PBS_Map-Distributed_Report - Elapsed_Time 3.00, CPU_Time 4.00
       Partition:  pbs_map_15 - PBS_Map-Distributed_Write_DB - Elapsed_Time 1.00, CPU_Time 1.00
       pbs_map_15 - PBS_Map-Assembly - Elapsed_Time 2, CPU_Time 2.0
       Partition:  pbs_map_15 - Runtime taken by the partition - Elapsed_Time 216.00, CPU_Time 193.81
       Partition:  pbs_map_10 - PBS_Map-Distributed_Read_DB - Elapsed_Time 6.00, CPU_Time 1.00
       Partition:  pbs_map_10 - PBS_Map-Distributed_Map - Elapsed_Time 219.00, CPU_Time 177.79
       Partition:  pbs_map_10 - PBS_Map-Distributed_TNS - Elapsed_Time 0.00, CPU_Time 0.00
       Partition: pbs_map_10:  Partitioning - Elapsed_Time 13.41, CPU_Time 13.41 
       Partition: pbs_map_10:  Constant-Propagation - Elapsed_Time 52.40, CPU_Time 52.25 
       Partition: pbs_map_10:  Logic Structuring - Elapsed_Time 1277.00, CPU_Time 1271.01 
       Partition: pbs_map_10:  Virtual Mapping - Elapsed_Time 321.93, CPU_Time 393.02 
       Partition: pbs_map_10:  Technology Mapping - Elapsed_Time 447.04, CPU_Time 528.04 
       Partition: pbs_map_10:  Core Map - Elapsed_Time 497.11, CPU_Time 247.50 
       Partition: pbs_map_10:  Global Incremental - Elapsed_Time 424.38, CPU_Time 348.21 
       Partition: pbs_map_10:  Mapper - Elapsed_Time 130.39, CPU_Time 130.15 
       Start - Partition: pbs_map_10 Slack: -150.6 TNS: 8593.0 Cell-Count: 18526 Cell-Area: 2935  
Init-Memory: 2375.59
       Done  - Partition: pbs_map_10 Slack: -32.0 TNS: 2160.2 Cell-Count: 26861 Cell-Area: 2988  
Peak-Memory: 2420.84 Elapsed: 225
       Partition:  pbs_map_10 - PBS_Map-Distributed_Report - Elapsed_Time 3.00, CPU_Time 5.00
       Partition:  pbs_map_10 - PBS_Map-Distributed_Write_DB - Elapsed_Time 2.00, CPU_Time 2.00
       pbs_map_10 - PBS_Map-Assembly - Elapsed_Time 2, CPU_Time 1.0
       Partition:  pbs_map_10 - Runtime taken by the partition - Elapsed_Time 230.00, CPU_Time 185.79
       Partition:  pbs_map_20 - PBS_Map-Distributed_Read_DB - Elapsed_Time 0.00, CPU_Time 0.00
       Partition:  pbs_map_20 - PBS_Map-Distributed_Map - Elapsed_Time 187.00, CPU_Time 173.17
       Partition:  pbs_map_20 - PBS_Map-Distributed_TNS - Elapsed_Time 0.00, CPU_Time 0.00
       Partition: pbs_map_20:  Partitioning - Elapsed_Time 14.87, CPU_Time 14.87 
       Partition: pbs_map_20:  Constant-Propagation - Elapsed_Time 44.58, CPU_Time 44.40 
       Partition: pbs_map_20:  Logic Structuring - Elapsed_Time 1126.41, CPU_Time 1117.27 
       Partition: pbs_map_20:  Virtual Mapping - Elapsed_Time 312.86, CPU_Time 368.40 
       Partition: pbs_map_20:  Technology Mapping - Elapsed_Time 420.33, CPU_Time 483.74 
       Partition: pbs_map_20:  Core Map - Elapsed_Time 659.79, CPU_Time 280.50 
       Partition: pbs_map_20:  Global Incremental - Elapsed_Time 470.89, CPU_Time 338.11 
       Partition: pbs_map_20:  Mapper - Elapsed_Time 137.23, CPU_Time 137.07 
       Start - Partition: pbs_map_20 Slack: -150.6 TNS: 8593.0 Cell-Count: 18526 Cell-Area: 2935  
Init-Memory: 2374.39
       Done  - Partition: pbs_map_20 Slack: -32.0 TNS: 2160.2 Cell-Count: 26861 Cell-Area: 2988  
Peak-Memory: 2422.36 Elapsed: 187
       Partition:  pbs_map_20 - PBS_Map-Distributed_Report - Elapsed_Time 3.00, CPU_Time 4.00
       Partition:  pbs_map_20 - PBS_Map-Distributed_Write_DB - Elapsed_Time 2.00, CPU_Time 2.00
       pbs_map_20 - PBS_Map-Assembly - Elapsed_Time 1, CPU_Time 2.0
       Partition:  pbs_map_20 - Runtime taken by the partition - Elapsed_Time 192.00, CPU_Time 179.17
       Partition:  pbs_map_17 - PBS_Map-Distributed_Read_DB - Elapsed_Time 1.00, CPU_Time 1.00
       Partition:  pbs_map_17 - PBS_Map-Distributed_Map - Elapsed_Time 203.00, CPU_Time 181.93
       Partition:  pbs_map_17 - PBS_Map-Distributed_TNS - Elapsed_Time 0.00, CPU_Time 0.00
       Partition: pbs_map_17:  Partitioning - Elapsed_Time 13.52, CPU_Time 13.51 
       Partition: pbs_map_17:  Constant-Propagation - Elapsed_Time 45.81, CPU_Time 45.69 
       Partition: pbs_map_17:  Logic Structuring - Elapsed_Time 1256.80, CPU_Time 1249.77 
       Partition: pbs_map_17:  Virtual Mapping - Elapsed_Time 316.57, CPU_Time 383.32 
       Partition: pbs_map_17:  Technology Mapping - Elapsed_Time 425.08, CPU_Time 498.18 
       Partition: pbs_map_17:  Core Map - Elapsed_Time 621.99, CPU_Time 243.41 
       Partition: pbs_map_17:  Global Incremental - Elapsed_Time 430.81, CPU_Time 367.23 
       Partition: pbs_map_17:  Mapper - Elapsed_Time 131.71, CPU_Time 131.58 
       Start - Partition: pbs_map_17 Slack: -150.6 TNS: 8593.0 Cell-Count: 18526 Cell-Area: 2935  
Init-Memory: 2380.03
       Done  - Partition: pbs_map_17 Slack: -32.0 TNS: 2160.2 Cell-Count: 26861 Cell-Area: 2988  
Peak-Memory: 2422.46 Elapsed: 204
       Partition:  pbs_map_17 - PBS_Map-Distributed_Report - Elapsed_Time 2.00, CPU_Time 3.00
       Partition:  pbs_map_17 - PBS_Map-Distributed_Write_DB - Elapsed_Time 2.00, CPU_Time 2.00
       pbs_map_17 - PBS_Map-Assembly - Elapsed_Time 2, CPU_Time 1.0
       Partition:  pbs_map_17 - Runtime taken by the partition - Elapsed_Time 208.00, CPU_Time 187.93
       Partition:  pbs_map_2 - PBS_Map-Distributed_Read_DB - Elapsed_Time 0.00, CPU_Time 0.00
       Partition:  pbs_map_2 - PBS_Map-Distributed_Map - Elapsed_Time 190.00, CPU_Time 184.60
       Partition:  pbs_map_2 - PBS_Map-Distributed_TNS - Elapsed_Time 0.00, CPU_Time 0.00
       Partition: pbs_map_2:  Partitioning - Elapsed_Time 10.71, CPU_Time 10.70 
       Partition: pbs_map_2:  Constant-Propagation - Elapsed_Time 46.84, CPU_Time 46.72 
       Partition: pbs_map_2:  Logic Structuring - Elapsed_Time 1383.92, CPU_Time 1378.03 
       Partition: pbs_map_2:  Virtual Mapping - Elapsed_Time 307.13, CPU_Time 360.48 
       Partition: pbs_map_2:  Technology Mapping - Elapsed_Time 424.97, CPU_Time 488.01 
       Partition: pbs_map_2:  Core Map - Elapsed_Time 514.24, CPU_Time 230.69 
       Partition: pbs_map_2:  Global Incremental - Elapsed_Time 441.29, CPU_Time 368.67 
       Partition: pbs_map_2:  Mapper - Elapsed_Time 114.69, CPU_Time 114.60 
       Start - Partition: pbs_map_2 Slack: -150.6 TNS: 8593.0 Cell-Count: 18526 Cell-Area: 2935  
Init-Memory: 2482.79
       Done  - Partition: pbs_map_2 Slack: -32.0 TNS: 2160.2 Cell-Count: 26861 Cell-Area: 2988  
Peak-Memory: 2628.50 Elapsed: 190
       Partition:  pbs_map_2 - PBS_Map-Distributed_Report - Elapsed_Time 2.00, CPU_Time 4.00
       Partition:  pbs_map_2 - PBS_Map-Distributed_Write_DB - Elapsed_Time 2.00, CPU_Time 1.00
       pbs_map_2 - PBS_Map-Assembly - Elapsed_Time 2, CPU_Time 2.0
       Partition:  pbs_map_2 - Runtime taken by the partition - Elapsed_Time 194.00, CPU_Time 189.60
       Partition:  pbs_map_5 - PBS_Map-Distributed_Read_DB - Elapsed_Time 0.00, CPU_Time 0.00
       Partition:  pbs_map_5 - PBS_Map-Distributed_Map - Elapsed_Time 217.00, CPU_Time 191.17
       Partition:  pbs_map_5 - PBS_Map-Distributed_TNS - Elapsed_Time 0.00, CPU_Time 0.00
       Partition: pbs_map_5:  Partitioning - Elapsed_Time 13.45, CPU_Time 13.45 
       Partition: pbs_map_5:  Constant-Propagation - Elapsed_Time 48.65, CPU_Time 48.49 
       Partition: pbs_map_5:  Logic Structuring - Elapsed_Time 1209.48, CPU_Time 1200.42 
       Partition: pbs_map_5:  Virtual Mapping - Elapsed_Time 311.96, CPU_Time 363.62 
       Partition: pbs_map_5:  Technology Mapping - Elapsed_Time 431.74, CPU_Time 500.08 
       Partition: pbs_map_5:  Core Map - Elapsed_Time 758.37, CPU_Time 265.65 
       Partition: pbs_map_5:  Global Incremental - Elapsed_Time 423.01, CPU_Time 353.22 
       Partition: pbs_map_5:  Mapper - Elapsed_Time 123.91, CPU_Time 123.79 
       Start - Partition: pbs_map_5 Slack: -150.6 TNS: 8593.0 Cell-Count: 18526 Cell-Area: 2935  
Init-Memory: 2377.42
       Done  - Partition: pbs_map_5 Slack: -32.0 TNS: 2160.2 Cell-Count: 26861 Cell-Area: 2988  
Peak-Memory: 2422.46 Elapsed: 217
       Partition:  pbs_map_5 - PBS_Map-Distributed_Report - Elapsed_Time 3.00, CPU_Time 4.00
       Partition:  pbs_map_5 - PBS_Map-Distributed_Write_DB - Elapsed_Time 2.00, CPU_Time 2.00
       pbs_map_5 - PBS_Map-Assembly - Elapsed_Time 1, CPU_Time 2.0
       Partition:  pbs_map_5 - Runtime taken by the partition - Elapsed_Time 222.00, CPU_Time 197.17
       Partition:  pbs_map_12 - PBS_Map-Distributed_Read_DB - Elapsed_Time 0.00, CPU_Time 0.00
       Partition:  pbs_map_12 - PBS_Map-Distributed_Map - Elapsed_Time 234.00, CPU_Time 191.51
       Partition:  pbs_map_12 - PBS_Map-Distributed_TNS - Elapsed_Time 0.00, CPU_Time 0.00
       Partition: pbs_map_12:  Partitioning - Elapsed_Time 14.52, CPU_Time 14.52 
       Partition: pbs_map_12:  Constant-Propagation - Elapsed_Time 39.64, CPU_Time 39.51 
       Partition: pbs_map_12:  Logic Structuring - Elapsed_Time 1129.16, CPU_Time 1125.55 
       Partition: pbs_map_12:  Virtual Mapping - Elapsed_Time 380.25, CPU_Time 476.52 
       Partition: pbs_map_12:  Technology Mapping - Elapsed_Time 504.73, CPU_Time 569.90 
       Partition: pbs_map_12:  Core Map - Elapsed_Time 656.52, CPU_Time 321.05 
       Partition: pbs_map_12:  Global Incremental - Elapsed_Time 499.17, CPU_Time 437.82 
       Partition: pbs_map_12:  Mapper - Elapsed_Time 113.87, CPU_Time 113.65 
       Start - Partition: pbs_map_12 Slack: -150.6 TNS: 8593.0 Cell-Count: 18526 Cell-Area: 2935  
Init-Memory: 2698.11
       Done  - Partition: pbs_map_12 Slack: -32.0 TNS: 2160.2 Cell-Count: 26861 Cell-Area: 2988  
Peak-Memory: 3296.65 Elapsed: 235
       Partition:  pbs_map_12 - PBS_Map-Distributed_Report - Elapsed_Time 3.00, CPU_Time 3.00
       Partition:  pbs_map_12 - PBS_Map-Distributed_Write_DB - Elapsed_Time 1.00, CPU_Time 2.00
       pbs_map_12 - PBS_Map-Assembly - Elapsed_Time 2, CPU_Time 2.0
       Partition:  pbs_map_12 - Runtime taken by the partition - Elapsed_Time 238.00, CPU_Time 196.51
       Partition:  pbs_map_18 - PBS_Map-Distributed_Read_DB - Elapsed_Time 13.00, CPU_Time 0.00
       Partition:  pbs_map_18 - PBS_Map-Distributed_Map - Elapsed_Time 107.00, CPU_Time 88.67
       Partition:  pbs_map_18 - PBS_Map-Distributed_TNS - Elapsed_Time 0.00, CPU_Time 0.00
       Partition: pbs_map_18:  Partitioning - Elapsed_Time 15.05, CPU_Time 15.05 
       Partition: pbs_map_18:  Constant-Propagation - Elapsed_Time 45.24, CPU_Time 45.03 
       Partition: pbs_map_18:  Logic Structuring - Elapsed_Time 1168.70, CPU_Time 1159.18 
       Partition: pbs_map_18:  Virtual Mapping - Elapsed_Time 324.26, CPU_Time 383.66 
       Partition: pbs_map_18:  Technology Mapping - Elapsed_Time 438.40, CPU_Time 506.27 
       Partition: pbs_map_18:  Core Map - Elapsed_Time 684.36, CPU_Time 286.79 
       Partition: pbs_map_18:  Global Incremental - Elapsed_Time 477.89, CPU_Time 345.08 
       Partition: pbs_map_18:  Mapper - Elapsed_Time 139.93, CPU_Time 139.76 
       Start - Partition: pbs_map_18 Slack: -150.6 TNS: 12889.5 Cell-Count: 4365 Cell-Area: 539  
Init-Memory: 2374.64
       Done  - Partition: pbs_map_18 Slack: -2.9 TNS: 80.7 Cell-Count: 6543 Cell-Area: 534  
Peak-Memory: 2422.36 Elapsed: 120
       Partition:  pbs_map_18 - PBS_Map-Distributed_Report - Elapsed_Time 1.00, CPU_Time 1.00
       Partition:  pbs_map_18 - PBS_Map-Distributed_Write_DB - Elapsed_Time 0.00, CPU_Time 1.00
       pbs_map_18 - PBS_Map-Assembly - Elapsed_Time 0, CPU_Time 0.0
       Partition:  pbs_map_18 - Runtime taken by the partition - Elapsed_Time 121.00, CPU_Time 90.67
       Partition:  pbs_map_13 - PBS_Map-Distributed_Read_DB - Elapsed_Time 0.00, CPU_Time 0.00
       Partition:  pbs_map_13 - PBS_Map-Distributed_Map - Elapsed_Time 72.00, CPU_Time 49.94
       Partition:  pbs_map_13 - PBS_Map-Distributed_TNS - Elapsed_Time 0.00, CPU_Time 0.00
       Partition: pbs_map_13:  Partitioning - Elapsed_Time 13.54, CPU_Time 13.53 
       Partition: pbs_map_13:  Constant-Propagation - Elapsed_Time 52.82, CPU_Time 52.65 
       Partition: pbs_map_13:  Logic Structuring - Elapsed_Time 1300.69, CPU_Time 1294.44 
       Partition: pbs_map_13:  Virtual Mapping - Elapsed_Time 328.64, CPU_Time 401.28 
       Partition: pbs_map_13:  Technology Mapping - Elapsed_Time 456.78, CPU_Time 538.29 
       Partition: pbs_map_13:  Core Map - Elapsed_Time 503.96, CPU_Time 251.13 
       Partition: pbs_map_13:  Global Incremental - Elapsed_Time 446.50, CPU_Time 351.91 
       Partition: pbs_map_13:  Mapper - Elapsed_Time 132.09, CPU_Time 131.85 
       Start - Partition: pbs_map_13 Slack: -150.6 TNS: 8593.0 Cell-Count: 2910 Cell-Area: 359  
Init-Memory: 2373.83
       Done  - Partition: pbs_map_13 Slack: -1.0 TNS: 5.6 Cell-Count: 4386 Cell-Area: 355  
Peak-Memory: 2420.84 Elapsed: 72
       Partition:  pbs_map_13 - PBS_Map-Distributed_Report - Elapsed_Time 0.00, CPU_Time 0.00
       Partition:  pbs_map_13 - PBS_Map-Distributed_Write_DB - Elapsed_Time 0.00, CPU_Time 1.00
       pbs_map_13 - PBS_Map-Assembly - Elapsed_Time 1, CPU_Time 0.0
       Partition:  pbs_map_13 - Runtime taken by the partition - Elapsed_Time 72.00, CPU_Time 50.94
       Partition:  pbs_map_14 - PBS_Map-Distributed_Read_DB - Elapsed_Time 0.00, CPU_Time 0.00
       Partition:  pbs_map_14 - PBS_Map-Distributed_Map - Elapsed_Time 66.00, CPU_Time 50.44
       Partition:  pbs_map_14 - PBS_Map-Distributed_TNS - Elapsed_Time 0.00, CPU_Time 0.00
       Partition: pbs_map_14:  Partitioning - Elapsed_Time 13.63, CPU_Time 13.63 
       Partition: pbs_map_14:  Constant-Propagation - Elapsed_Time 46.26, CPU_Time 46.12 
       Partition: pbs_map_14:  Logic Structuring - Elapsed_Time 1278.84, CPU_Time 1271.57 
       Partition: pbs_map_14:  Virtual Mapping - Elapsed_Time 323.59, CPU_Time 392.87 
       Partition: pbs_map_14:  Technology Mapping - Elapsed_Time 436.03, CPU_Time 512.15 
       Partition: pbs_map_14:  Core Map - Elapsed_Time 625.79, CPU_Time 247.21 
       Partition: pbs_map_14:  Global Incremental - Elapsed_Time 449.55, CPU_Time 371.58 
       Partition: pbs_map_14:  Mapper - Elapsed_Time 133.51, CPU_Time 133.37 
       Start - Partition: pbs_map_14 Slack: -150.6 TNS: 8593.0 Cell-Count: 2910 Cell-Area: 359  
Init-Memory: 2381.27
       Done  - Partition: pbs_map_14 Slack: -1.0 TNS: 5.6 Cell-Count: 4386 Cell-Area: 355  
Peak-Memory: 2422.46 Elapsed: 66
       Partition:  pbs_map_14 - PBS_Map-Distributed_Report - Elapsed_Time 0.00, CPU_Time 1.00
       Partition:  pbs_map_14 - PBS_Map-Distributed_Write_DB - Elapsed_Time 0.00, CPU_Time 1.00
       pbs_map_14 - PBS_Map-Assembly - Elapsed_Time 0, CPU_Time 0.0
       Partition:  pbs_map_14 - Runtime taken by the partition - Elapsed_Time 66.00, CPU_Time 52.44
       Partition:  pbs_map_11 - PBS_Map-Distributed_Read_DB - Elapsed_Time 1.00, CPU_Time 1.00
       Partition:  pbs_map_11 - PBS_Map-Distributed_Map - Elapsed_Time 61.00, CPU_Time 49.02
       Partition:  pbs_map_11 - PBS_Map-Distributed_TNS - Elapsed_Time 0.00, CPU_Time 0.00
       Partition: pbs_map_11:  Partitioning - Elapsed_Time 10.82, CPU_Time 10.82 
       Partition: pbs_map_11:  Constant-Propagation - Elapsed_Time 47.23, CPU_Time 47.09 
       Partition: pbs_map_11:  Logic Structuring - Elapsed_Time 1406.51, CPU_Time 1400.40 
       Partition: pbs_map_11:  Virtual Mapping - Elapsed_Time 313.69, CPU_Time 369.11 
       Partition: pbs_map_11:  Technology Mapping - Elapsed_Time 434.49, CPU_Time 499.42 
       Partition: pbs_map_11:  Core Map - Elapsed_Time 526.75, CPU_Time 234.38 
       Partition: pbs_map_11:  Global Incremental - Elapsed_Time 449.19, CPU_Time 372.94 
       Partition: pbs_map_11:  Mapper - Elapsed_Time 116.44, CPU_Time 116.36 
       Start - Partition: pbs_map_11 Slack: -150.6 TNS: 8593.0 Cell-Count: 2910 Cell-Area: 359  
Init-Memory: 2457.21
       Done  - Partition: pbs_map_11 Slack: -1.0 TNS: 5.6 Cell-Count: 4386 Cell-Area: 355  
Peak-Memory: 2628.50 Elapsed: 62
       Partition:  pbs_map_11 - PBS_Map-Distributed_Report - Elapsed_Time 1.00, CPU_Time 0.00
       Partition:  pbs_map_11 - PBS_Map-Distributed_Write_DB - Elapsed_Time 2.00, CPU_Time 1.00
       pbs_map_11 - PBS_Map-Assembly - Elapsed_Time 0, CPU_Time 1.0
       Partition:  pbs_map_11 - Runtime taken by the partition - Elapsed_Time 65.00, CPU_Time 51.02
       Partition:  pbs_map_16 - PBS_Map-Distributed_Read_DB - Elapsed_Time 0.00, CPU_Time 0.00
       Partition:  pbs_map_16 - PBS_Map-Distributed_Map - Elapsed_Time 42.00, CPU_Time 26.23
       Partition:  pbs_map_16 - PBS_Map-Distributed_TNS - Elapsed_Time 0.00, CPU_Time 0.00
       Partition: pbs_map_16:  Partitioning - Elapsed_Time 13.57, CPU_Time 13.57 
       Partition: pbs_map_16:  Constant-Propagation - Elapsed_Time 52.96, CPU_Time 52.78 
       Partition: pbs_map_16:  Logic Structuring - Elapsed_Time 1314.84, CPU_Time 1308.47 
       Partition: pbs_map_16:  Virtual Mapping - Elapsed_Time 331.71, CPU_Time 405.41 
       Partition: pbs_map_16:  Technology Mapping - Elapsed_Time 461.00, CPU_Time 543.22 
       Partition: pbs_map_16:  Core Map - Elapsed_Time 520.17, CPU_Time 252.94 
       Partition: pbs_map_16:  Global Incremental - Elapsed_Time 449.22, CPU_Time 354.63 
       Partition: pbs_map_16:  Mapper - Elapsed_Time 132.74, CPU_Time 132.49 
       Start - Partition: pbs_map_16 Slack: -150.6 TNS: 4296.5 Cell-Count: 1455 Cell-Area: 179  
Init-Memory: 2372.87
       Done  - Partition: pbs_map_16 Slack: 2.4 TNS: 0.0 Cell-Count: 2195 Cell-Area: 177  
Peak-Memory: 2420.84 Elapsed: 42
       Partition:  pbs_map_16 - PBS_Map-Distributed_Report - Elapsed_Time 0.00, CPU_Time 1.00
       Partition:  pbs_map_16 - PBS_Map-Distributed_Write_DB - Elapsed_Time 0.00, CPU_Time 0.00
       pbs_map_16 - PBS_Map-Assembly - Elapsed_Time 0, CPU_Time 0.0
       Partition:  pbs_map_16 - Runtime taken by the partition - Elapsed_Time 42.00, CPU_Time 27.23
       Partition:  pbs_map_6 - PBS_Map-Distributed_Read_DB - Elapsed_Time 1.00, CPU_Time 0.00
       Partition:  pbs_map_6 - PBS_Map-Distributed_Map - Elapsed_Time 29.00, CPU_Time 29.16
       Partition:  pbs_map_6 - PBS_Map-Distributed_TNS - Elapsed_Time 0.00, CPU_Time 0.00
       Partition: pbs_map_6:  Partitioning - Elapsed_Time 13.69, CPU_Time 13.69 
       Partition: pbs_map_6:  Constant-Propagation - Elapsed_Time 46.48, CPU_Time 46.30 
       Partition: pbs_map_6:  Logic Structuring - Elapsed_Time 1293.69, CPU_Time 1286.29 
       Partition: pbs_map_6:  Virtual Mapping - Elapsed_Time 326.79, CPU_Time 397.35 
       Partition: pbs_map_6:  Technology Mapping - Elapsed_Time 441.40, CPU_Time 519.08 
       Partition: pbs_map_6:  Core Map - Elapsed_Time 627.52, CPU_Time 248.93 
       Partition: pbs_map_6:  Global Incremental - Elapsed_Time 452.43, CPU_Time 374.46 
       Partition: pbs_map_6:  Mapper - Elapsed_Time 134.45, CPU_Time 134.29 
       Start - Partition: pbs_map_6 Slack: -150.6 TNS: 4296.5 Cell-Count: 1455 Cell-Area: 179  
Init-Memory: 2378.32
       Done  - Partition: pbs_map_6 Slack: 2.4 TNS: 0.0 Cell-Count: 2195 Cell-Area: 177  
Peak-Memory: 2422.46 Elapsed: 30
       Partition:  pbs_map_6 - PBS_Map-Distributed_Report - Elapsed_Time 0.00, CPU_Time 0.00
       Partition:  pbs_map_6 - PBS_Map-Distributed_Write_DB - Elapsed_Time 1.00, CPU_Time 0.00
       pbs_map_6 - PBS_Map-Assembly - Elapsed_Time 0, CPU_Time 0.0
       Partition:  pbs_map_6 - Runtime taken by the partition - Elapsed_Time 31.00, CPU_Time 29.16
       Partition:  pbs_map_19 - PBS_Map-Distributed_Read_DB - Elapsed_Time 0.00, CPU_Time 0.00
       Partition:  pbs_map_19 - PBS_Map-Distributed_Map - Elapsed_Time 32.00, CPU_Time 29.02
       Partition:  pbs_map_19 - PBS_Map-Distributed_TNS - Elapsed_Time 0.00, CPU_Time 0.00
       Partition: pbs_map_19:  Partitioning - Elapsed_Time 13.52, CPU_Time 13.52 
       Partition: pbs_map_19:  Constant-Propagation - Elapsed_Time 48.85, CPU_Time 48.68 
       Partition: pbs_map_19:  Logic Structuring - Elapsed_Time 1223.63, CPU_Time 1214.43 
       Partition: pbs_map_19:  Virtual Mapping - Elapsed_Time 315.03, CPU_Time 369.69 
       Partition: pbs_map_19:  Technology Mapping - Elapsed_Time 437.04, CPU_Time 507.37 
       Partition: pbs_map_19:  Core Map - Elapsed_Time 762.23, CPU_Time 267.53 
       Partition: pbs_map_19:  Global Incremental - Elapsed_Time 426.36, CPU_Time 356.55 
       Partition: pbs_map_19:  Mapper - Elapsed_Time 124.85, CPU_Time 124.72 
       Start - Partition: pbs_map_19 Slack: -150.6 TNS: 4296.5 Cell-Count: 1455 Cell-Area: 179  
Init-Memory: 2375.66
       Done  - Partition: pbs_map_19 Slack: 2.4 TNS: 0.0 Cell-Count: 2195 Cell-Area: 177  
Peak-Memory: 2422.46 Elapsed: 32
       Partition:  pbs_map_19 - PBS_Map-Distributed_Report - Elapsed_Time 0.00, CPU_Time 1.00
       Partition:  pbs_map_19 - PBS_Map-Distributed_Write_DB - Elapsed_Time 0.00, CPU_Time 0.00
       pbs_map_19 - PBS_Map-Assembly - Elapsed_Time 0, CPU_Time 0.0
       Partition:  pbs_map_19 - Runtime taken by the partition - Elapsed_Time 32.00, CPU_Time 30.02
Assembled design in-time

State Retention Synthesis Status
================================

Category                         Flops   Percentage
---------------------------------------------------
Total instances                 686256        100.0
Excluded from State Retention   686256        100.0
    - Will not convert          686256        100.0
      - Preserved                    0          0.0
      - Power intent excluded   686256        100.0
    - Could not convert              0          0.0
      - Scan type                    0          0.0
      - No suitable cell             0          0.0
State Retention instances            0          0.0
---------------------------------------------------


+-----------+----------------+-----+----------------------+---------------------------+
|   Host    |    Machine     | CPU | Physical Memory (MB) | Peak Physical Memory (MB) |
+-----------+----------------+-----+----------------------+---------------------------+
| localhost | mo.ece.pdx.edu |  8  |       28823.1        |          53101.3          |
+-----------+----------------+-----+----------------------+---------------------------+

+----------------+----------------------+---------------------------+
|     Server     | Physical Memory (MB) | Peak Physical Memory (MB) |
+----------------+----------------------+---------------------------+
| localhost_1_19 |      838.7 [1]       |          [1] [2]          |
| localhost_1_21 |      687.8 [1]       |          [1] [2]          |
| localhost_1_15 |      1921.3 [1]      |          [1] [2]          |
| localhost_1_20 |      775.0 [1]       |          [1] [2]          |
| localhost_1_0  |     11455.7 [3]      |        36013.2 [3]        |
| localhost_1_16 |      689.7 [1]       |          [1] [2]          |
| localhost_1_17 |      688.4 [1]       |          [1] [2]          |
| localhost_1_18 |      694.1 [1]       |          [1] [2]          |
+----------------+----------------------+---------------------------+
[1] Memory is included in parent localhost_1_0.
[2] Peak physical memory is not available for forked background servers.
[3] Memory of child processes is included.

INFO: skipping constant propagation
PBS_Techmap-Global Mapping - Elapsed_Time 10461, CPU_Time 11363.136465000001
stamp 'PBS_Techmap-Global Mapping' being created for table 'pbs_debug'

  Total Time (Wall) |  Stage Time (Wall)  |   % (Wall)   |    Date - Time     |  Memory   | Stage
--------------------+---------------------+--------------+--------------------+-----------+----------------------
 00:11:06(00:11:15) |  00:00:00(00:00:00) |   0.0(  0.0) |   10:45:13 (May30) |   8.72 GB | PBS_Generic-Start
--------------------+---------------------+--------------+--------------------+-----------+----------------------
 02:12:35(02:09:41) |  02:01:29(01:58:26) |  31.0( 33.6) |   12:43:39 (May30) |  14.86 GB | PBS_Generic-Post_Genopt
--------------------+---------------------+--------------+--------------------+-----------+----------------------
 03:04:55(02:57:40) |  00:52:19(00:47:59) |  13.4( 13.6) |   13:31:38 (May30) |  15.26 GB | PBS_Generic_Opt-Post
--------------------+---------------------+--------------+--------------------+-----------+----------------------
 03:07:07(02:59:49) |  00:02:12(00:02:09) |   0.6(  0.6) |   13:33:47 (May30) |  14.20 GB | PBS_Generic-Postgen HBO Optimizations
--------------------+---------------------+--------------+--------------------+-----------+----------------------
 03:31:25(03:07:38) |  00:24:18(00:07:49) |   6.2(  2.2) |   13:41:36 (May30) |  14.17 GB | PBS_TechMap-Start
--------------------+---------------------+--------------+--------------------+-----------+----------------------
 03:33:06(03:09:18) |  00:01:41(00:01:40) |   0.4(  0.5) |   13:43:16 (May30) |  14.17 GB | PBS_TechMap-Premap HBO Optimizations
--------------------+---------------------+--------------+--------------------+-----------+----------------------
 06:42:29(06:03:40) |  03:09:23(02:54:22) |  48.4( 49.5) |   16:37:38 (May30) |  23.18 GB | PBS_Techmap-Global Mapping
--------------------+---------------------+--------------+--------------------+-----------+----------------------
Number of threads: 8 * 1   (id: pbs_debug, time_info v1.57)
Info: (*N*) indicates data that was populated from previously saved time_info database
Info: CPU time includes time of parent + longest thread
Info    : Wrote formal verification information. [CFM-5]
        : Wrote 'fv/sys_top/fv_map.fv.json' for netlist 'fv/sys_top/fv_map.v.gz'.
Info    : Existing dofile found. Copied as fv/sys_top/rtl_to_fv_map.do~.
Info    : Wrote dofile. [CFM-1]
        : Dofile is 'fv/sys_top/rtl_to_fv_map.do'.
        : RTL names flow is enabled.
PBS_TechMap-Datapath Postmap Operations - Elapsed_Time 1352, CPU_Time 1419.3984040000032
stamp 'PBS_TechMap-Datapath Postmap Operations' being created for table 'pbs_debug'

  Total Time (Wall) |  Stage Time (Wall)  |   % (Wall)   |    Date - Time     |  Memory   | Stage
--------------------+---------------------+--------------+--------------------+-----------+----------------------
 00:11:06(00:11:15) |  00:00:00(00:00:00) |   0.0(  0.0) |   10:45:13 (May30) |   8.72 GB | PBS_Generic-Start
--------------------+---------------------+--------------+--------------------+-----------+----------------------
 02:12:35(02:09:41) |  02:01:29(01:58:26) |  29.3( 31.6) |   12:43:39 (May30) |  14.86 GB | PBS_Generic-Post_Genopt
--------------------+---------------------+--------------+--------------------+-----------+----------------------
 03:04:55(02:57:40) |  00:52:19(00:47:59) |  12.6( 12.8) |   13:31:38 (May30) |  15.26 GB | PBS_Generic_Opt-Post
--------------------+---------------------+--------------+--------------------+-----------+----------------------
 03:07:07(02:59:49) |  00:02:12(00:02:09) |   0.5(  0.6) |   13:33:47 (May30) |  14.20 GB | PBS_Generic-Postgen HBO Optimizations
--------------------+---------------------+--------------+--------------------+-----------+----------------------
 03:31:25(03:07:38) |  00:24:18(00:07:49) |   5.9(  2.1) |   13:41:36 (May30) |  14.17 GB | PBS_TechMap-Start
--------------------+---------------------+--------------+--------------------+-----------+----------------------
 03:33:06(03:09:18) |  00:01:41(00:01:40) |   0.4(  0.4) |   13:43:16 (May30) |  14.17 GB | PBS_TechMap-Premap HBO Optimizations
--------------------+---------------------+--------------+--------------------+-----------+----------------------
 06:42:29(06:03:40) |  03:09:23(02:54:22) |  45.6( 46.5) |   16:37:38 (May30) |  23.18 GB | PBS_Techmap-Global Mapping
--------------------+---------------------+--------------+--------------------+-----------+----------------------
 07:06:09(06:26:13) |  00:23:39(00:22:33) |   5.7(  6.0) |   17:00:11 (May30) |  21.21 GB | PBS_TechMap-Datapath Postmap Operations
--------------------+---------------------+--------------+--------------------+-----------+----------------------
Number of threads: 8 * 1   (id: pbs_debug, time_info v1.57)
Info: (*N*) indicates data that was populated from previously saved time_info database
Info: CPU time includes time of parent + longest thread
PBS_TechMap-Postmap HBO Optimizations - Elapsed_Time 124, CPU_Time 171.65911899999628
stamp 'PBS_TechMap-Postmap HBO Optimizations' being created for table 'pbs_debug'

  Total Time (Wall) |  Stage Time (Wall)  |   % (Wall)   |    Date - Time     |  Memory   | Stage
--------------------+---------------------+--------------+--------------------+-----------+----------------------
 00:11:06(00:11:15) |  00:00:00(00:00:00) |   0.0(  0.0) |   10:45:13 (May30) |   8.72 GB | PBS_Generic-Start
--------------------+---------------------+--------------+--------------------+-----------+----------------------
 02:12:35(02:09:41) |  02:01:29(01:58:26) |  29.1( 31.4) |   12:43:39 (May30) |  14.86 GB | PBS_Generic-Post_Genopt
--------------------+---------------------+--------------+--------------------+-----------+----------------------
 03:04:55(02:57:40) |  00:52:19(00:47:59) |  12.5( 12.7) |   13:31:38 (May30) |  15.26 GB | PBS_Generic_Opt-Post
--------------------+---------------------+--------------+--------------------+-----------+----------------------
 03:07:07(02:59:49) |  00:02:12(00:02:09) |   0.5(  0.6) |   13:33:47 (May30) |  14.20 GB | PBS_Generic-Postgen HBO Optimizations
--------------------+---------------------+--------------+--------------------+-----------+----------------------
 03:31:25(03:07:38) |  00:24:18(00:07:49) |   5.8(  2.1) |   13:41:36 (May30) |  14.17 GB | PBS_TechMap-Start
--------------------+---------------------+--------------+--------------------+-----------+----------------------
 03:33:06(03:09:18) |  00:01:41(00:01:40) |   0.4(  0.4) |   13:43:16 (May30) |  14.17 GB | PBS_TechMap-Premap HBO Optimizations
--------------------+---------------------+--------------+--------------------+-----------+----------------------
 06:42:29(06:03:40) |  03:09:23(02:54:22) |  45.3( 46.2) |   16:37:38 (May30) |  23.18 GB | PBS_Techmap-Global Mapping
--------------------+---------------------+--------------+--------------------+-----------+----------------------
 07:06:09(06:26:13) |  00:23:39(00:22:33) |   5.7(  6.0) |   17:00:11 (May30) |  21.21 GB | PBS_TechMap-Datapath Postmap Operations
--------------------+---------------------+--------------+--------------------+-----------+----------------------
 07:09:00(06:28:17) |  00:02:51(00:02:04) |   0.7(  0.5) |   17:02:15 (May30) |  21.21 GB | PBS_TechMap-Postmap HBO Optimizations
--------------------+---------------------+--------------+--------------------+-----------+----------------------
Number of threads: 8 * 1   (id: pbs_debug, time_info v1.57)
Info: (*N*) indicates data that was populated from previously saved time_info database
Info: CPU time includes time of parent + longest thread
 Doing ConstProp on design:sys_top ... 

Time taken by ConstProp Step: 00:40:17
PBS_TechMap-Postmap Clock Gating - Elapsed_Time 2474, CPU_Time 2477.0
stamp 'PBS_TechMap-Postmap Clock Gating' being created for table 'pbs_debug'

  Total Time (Wall) |  Stage Time (Wall)  |   % (Wall)   |    Date - Time     |  Memory   | Stage
--------------------+---------------------+--------------+--------------------+-----------+----------------------
 00:11:06(00:11:15) |  00:00:00(00:00:00) |   0.0(  0.0) |   10:45:13 (May30) |   8.72 GB | PBS_Generic-Start
--------------------+---------------------+--------------+--------------------+-----------+----------------------
 02:12:35(02:09:41) |  02:01:29(01:58:26) |  26.5( 28.3) |   12:43:39 (May30) |  14.86 GB | PBS_Generic-Post_Genopt
--------------------+---------------------+--------------+--------------------+-----------+----------------------
 03:04:55(02:57:40) |  00:52:19(00:47:59) |  11.4( 11.5) |   13:31:38 (May30) |  15.26 GB | PBS_Generic_Opt-Post
--------------------+---------------------+--------------+--------------------+-----------+----------------------
 03:07:07(02:59:49) |  00:02:12(00:02:09) |   0.5(  0.5) |   13:33:47 (May30) |  14.20 GB | PBS_Generic-Postgen HBO Optimizations
--------------------+---------------------+--------------+--------------------+-----------+----------------------
 03:31:25(03:07:38) |  00:24:18(00:07:49) |   5.3(  1.9) |   13:41:36 (May30) |  14.17 GB | PBS_TechMap-Start
--------------------+---------------------+--------------+--------------------+-----------+----------------------
 03:33:06(03:09:18) |  00:01:41(00:01:40) |   0.4(  0.4) |   13:43:16 (May30) |  14.17 GB | PBS_TechMap-Premap HBO Optimizations
--------------------+---------------------+--------------+--------------------+-----------+----------------------
 06:42:29(06:03:40) |  03:09:23(02:54:22) |  41.2( 41.7) |   16:37:38 (May30) |  23.18 GB | PBS_Techmap-Global Mapping
--------------------+---------------------+--------------+--------------------+-----------+----------------------
 07:06:09(06:26:13) |  00:23:39(00:22:33) |   5.2(  5.4) |   17:00:11 (May30) |  21.21 GB | PBS_TechMap-Datapath Postmap Operations
--------------------+---------------------+--------------+--------------------+-----------+----------------------
 07:09:00(06:28:17) |  00:02:51(00:02:04) |   0.6(  0.5) |   17:02:15 (May30) |  21.21 GB | PBS_TechMap-Postmap HBO Optimizations
--------------------+---------------------+--------------+--------------------+-----------+----------------------
 07:50:17(07:09:31) |  00:41:17(00:41:14) |   9.0(  9.9) |   17:43:29 (May30) |  20.83 GB | PBS_TechMap-Postmap Clock Gating
--------------------+---------------------+--------------+--------------------+-----------+----------------------
Number of threads: 8 * 1   (id: pbs_debug, time_info v1.57)
Info: (*N*) indicates data that was populated from previously saved time_info database
Info: CPU time includes time of parent + longest thread
-------------------------------------------------------------------------------
 hi_fo_buf                532582     -213   -796154    254991      175
            Worst cost_group: clk, WNS: -213.1
            Path: u_rb/total_cnt_reg[4]/CLK --> m_axis_tdata[212]

           Trick     Calls     Accepts   Attempts    Time(secs) 
-----------------------------------------------------------
       hi_fo_buf      5549  (     5548 /     5548 )  434.53

 
Incremental optimization status
===============================
                                   Group   
                                  Tot Wrst     Total - - DRC Totals - -
                           Total  Weighted      Neg      Max       Max 
Operation                   Area   Slacks      Slack    Trans      Cap 
 init_delay               532582     -213   -796154    254991      175
            Worst cost_group: clk, WNS: -213.1
            Path: u_rb/total_cnt_reg[4]/CLK --> m_axis_tdata[212]
 incr_delay               542068      -22   -335918         0        0
            Worst cost_group: clk, WNS: -22.3
            Path: u_stagger/stage_reg[0][0][4]/CLK -->
                    u_array/g_row[0].g_col[25].u_pe/psum_out_reg[3]/D
 incr_delay               542426      -11   -180478         0        0
            Worst cost_group: clk, WNS: -11.6
            Path: u_stagger/stage_reg[0][0][4]/CLK -->
                    u_array/g_row[0].g_col[30].u_pe/psum_out_reg[1]/D
 incr_delay               543689       -5    -65784         0        0
            Worst cost_group: clk, WNS: -5.7
            Path: u_stagger/stage_reg[0][0][3]/CLK -->
                    u_array/g_row[0].g_col[30].u_pe/psum_out_reg[1]/D
 incr_delay               543888       -2    -12088         0        0
            Worst cost_group: clk, WNS: -2.6
            Path: u_stagger/stage_reg[0][0][3]/CLK -->
                    u_array/g_row[0].g_col[3].u_pe/psum_out_reg[1]/D
 incr_delay               544135        0       -41         0        0
            Worst cost_group: clk, WNS: 0.3
            Path: u_stagger/stage_reg[0][0][5]/CLK -->
                    u_array/g_row[0].g_col[6].u_pe/psum_out_reg[1]/D
 incr_delay               544139        0         0         0        0

           Trick     Calls     Accepts   Attempts    Time(secs) 
-----------------------------------------------------------
       crit_upsz     61774  (    21661 /    22836 )  2881.18
    plc_bal_star         0  (        0 /        0 )  0.00
     drc_buftimb         0  (        0 /        0 )  0.00
          plc_st       384  (        0 /        0 )  0.00
    plc_st_fence       384  (        0 /        0 )  0.00
        plc_star       384  (        0 /        0 )  0.00
      plc_laf_st       384  (        0 /        0 )  0.00
 plc_laf_st_fence       384  (        0 /        0 )  0.00
     drc_buftims         0  (        0 /        0 )  0.00
            fopt     45163  (     8975 /     9350 )  1414.56
   plc_laf_lo_st       405  (        0 /        0 )  0.00
       plc_lo_st       405  (        0 /        0 )  0.00
        mb_split       405  (        0 /        0 )  0.00

 
Local TNS optimization status
=============================
                                   Group   
                                  Tot Wrst     Total - - DRC Totals - -
                           Total  Weighted      Neg      Max       Max 
Operation                   Area   Slacks      Slack    Trans      Cap 
 init_tns                 544139        0         0         0        0

           Trick     Calls     Accepts   Attempts    Time(secs) 
-----------------------------------------------------------
    plc_bal_star         0  (        0 /        0 )  0.00
     drc_buftimb         0  (        0 /        0 )  0.00
     drc_buftims         0  (        0 /        0 )  0.00
       crit_upsz         0  (        0 /        0 )  0.00
   plc_laf_lo_st         0  (        0 /        0 )  0.00
       plc_lo_st         0  (        0 /        0 )  0.00
            fopt         0  (        0 /        0 )  0.00
       crit_dnsz         0  (        0 /        0 )  0.00
             dup         0  (        0 /        0 )  0.00
        setup_dn         0  (        0 /        0 )  0.00
        mb_split         0  (        0 /        0 )  0.00

PBS_TechMap-Postmap Cleanup - Elapsed_Time 4923, CPU_Time 5192.897819000005
stamp 'PBS_TechMap-Postmap Cleanup' being created for table 'pbs_debug'

  Total Time (Wall) |  Stage Time (Wall)  |   % (Wall)   |    Date - Time     |  Memory   | Stage
--------------------+---------------------+--------------+--------------------+-----------+----------------------
 00:11:06(00:11:15) |  00:00:00(00:00:00) |   0.0(  0.0) |   10:45:13 (May30) |   8.72 GB | PBS_Generic-Start
--------------------+---------------------+--------------+--------------------+-----------+----------------------
 02:12:35(02:09:41) |  02:01:29(01:58:26) |  22.3( 23.7) |   12:43:39 (May30) |  14.86 GB | PBS_Generic-Post_Genopt
--------------------+---------------------+--------------+--------------------+-----------+----------------------
 03:04:55(02:57:40) |  00:52:19(00:47:59) |   9.6(  9.6) |   13:31:38 (May30) |  15.26 GB | PBS_Generic_Opt-Post
--------------------+---------------------+--------------+--------------------+-----------+----------------------
 03:07:07(02:59:49) |  00:02:12(00:02:09) |   0.4(  0.4) |   13:33:47 (May30) |  14.20 GB | PBS_Generic-Postgen HBO Optimizations
--------------------+---------------------+--------------+--------------------+-----------+----------------------
 03:31:25(03:07:38) |  00:24:18(00:07:49) |   4.5(  1.6) |   13:41:36 (May30) |  14.17 GB | PBS_TechMap-Start
--------------------+---------------------+--------------+--------------------+-----------+----------------------
 03:33:06(03:09:18) |  00:01:41(00:01:40) |   0.3(  0.3) |   13:43:16 (May30) |  14.17 GB | PBS_TechMap-Premap HBO Optimizations
--------------------+---------------------+--------------+--------------------+-----------+----------------------
 06:42:29(06:03:40) |  03:09:23(02:54:22) |  34.7( 34.9) |   16:37:38 (May30) |  23.18 GB | PBS_Techmap-Global Mapping
--------------------+---------------------+--------------+--------------------+-----------+----------------------
 07:06:09(06:26:13) |  00:23:39(00:22:33) |   4.3(  4.5) |   17:00:11 (May30) |  21.21 GB | PBS_TechMap-Datapath Postmap Operations
--------------------+---------------------+--------------+--------------------+-----------+----------------------
 07:09:00(06:28:17) |  00:02:51(00:02:04) |   0.5(  0.4) |   17:02:15 (May30) |  21.21 GB | PBS_TechMap-Postmap HBO Optimizations
--------------------+---------------------+--------------+--------------------+-----------+----------------------
 07:50:17(07:09:31) |  00:41:17(00:41:14) |   7.6(  8.2) |   17:43:29 (May30) |  20.83 GB | PBS_TechMap-Postmap Clock Gating
--------------------+---------------------+--------------+--------------------+-----------+----------------------
 09:16:50(08:31:34) |  01:26:32(01:22:03) |  15.9( 16.4) |   19:05:32 (May30) |  21.06 GB | PBS_TechMap-Postmap Cleanup
--------------------+---------------------+--------------+--------------------+-----------+----------------------
Number of threads: 8 * 1   (id: pbs_debug, time_info v1.57)
Info: (*N*) indicates data that was populated from previously saved time_info database
Info: CPU time includes time of parent + longest thread
PBS_Techmap-Post_MBCI - Elapsed_Time 9, CPU_Time 9.0
stamp 'PBS_Techmap-Post_MBCI' being created for table 'pbs_debug'

  Total Time (Wall) |  Stage Time (Wall)  |   % (Wall)   |    Date - Time     |  Memory   | Stage
--------------------+---------------------+--------------+--------------------+-----------+----------------------
 00:11:06(00:11:15) |  00:00:00(00:00:00) |   0.0(  0.0) |   10:45:13 (May30) |   8.72 GB | PBS_Generic-Start
--------------------+---------------------+--------------+--------------------+-----------+----------------------
 02:12:35(02:09:41) |  02:01:29(01:58:26) |  22.3( 23.7) |   12:43:39 (May30) |  14.86 GB | PBS_Generic-Post_Genopt
--------------------+---------------------+--------------+--------------------+-----------+----------------------
 03:04:55(02:57:40) |  00:52:19(00:47:59) |   9.6(  9.6) |   13:31:38 (May30) |  15.26 GB | PBS_Generic_Opt-Post
--------------------+---------------------+--------------+--------------------+-----------+----------------------
 03:07:07(02:59:49) |  00:02:12(00:02:09) |   0.4(  0.4) |   13:33:47 (May30) |  14.20 GB | PBS_Generic-Postgen HBO Optimizations
--------------------+---------------------+--------------+--------------------+-----------+----------------------
 03:31:25(03:07:38) |  00:24:18(00:07:49) |   4.5(  1.6) |   13:41:36 (May30) |  14.17 GB | PBS_TechMap-Start
--------------------+---------------------+--------------+--------------------+-----------+----------------------
 03:33:06(03:09:18) |  00:01:41(00:01:40) |   0.3(  0.3) |   13:43:16 (May30) |  14.17 GB | PBS_TechMap-Premap HBO Optimizations
--------------------+---------------------+--------------+--------------------+-----------+----------------------
 06:42:29(06:03:40) |  03:09:23(02:54:22) |  34.7( 34.8) |   16:37:38 (May30) |  23.18 GB | PBS_Techmap-Global Mapping
--------------------+---------------------+--------------+--------------------+-----------+----------------------
 07:06:09(06:26:13) |  00:23:39(00:22:33) |   4.3(  4.5) |   17:00:11 (May30) |  21.21 GB | PBS_TechMap-Datapath Postmap Operations
--------------------+---------------------+--------------+--------------------+-----------+----------------------
 07:09:00(06:28:17) |  00:02:51(00:02:04) |   0.5(  0.4) |   17:02:15 (May30) |  21.21 GB | PBS_TechMap-Postmap HBO Optimizations
--------------------+---------------------+--------------+--------------------+-----------+----------------------
 07:50:17(07:09:31) |  00:41:17(00:41:14) |   7.6(  8.2) |   17:43:29 (May30) |  20.83 GB | PBS_TechMap-Postmap Clock Gating
--------------------+---------------------+--------------+--------------------+-----------+----------------------
 09:16:50(08:31:34) |  01:26:32(01:22:03) |  15.9( 16.4) |   19:05:32 (May30) |  21.06 GB | PBS_TechMap-Postmap Cleanup
--------------------+---------------------+--------------+--------------------+-----------+----------------------
 09:16:59(08:31:43) |  00:00:09(00:00:09) |   0.0(  0.0) |   19:05:41 (May30) |  21.48 GB | PBS_Techmap-Post_MBCI
--------------------+---------------------+--------------+--------------------+-----------+----------------------
Number of threads: 8 * 1   (id: pbs_debug, time_info v1.57)
Info: (*N*) indicates data that was populated from previously saved time_info database
Info: CPU time includes time of parent + longest thread
##>====================================== Cadence Confidential (Mapping-Logical) ======================================
##>ST Summary (38 partitions in total):
##>--------------------------------------------------------------------------------------------------------------------
##>PARTITION                1         9        36        22        32        30        35        27        24        33
##>--------------------------------------------------------------------------------------------------------------------
##>PRE_WNS               -150         5      -157      -157      -157      -157      -157      -157      -157      -157
##>PRE_TNS               8593         0    413214    286969    286969    285692    286969    271007    286969    286969
##>PRE_CNT            1276435    782020    136428     90880     90880     90888     90880     90980     90880     90880
##>PRE_PORT_CNT        531996    529452      3123      3107      3107      3107      3107      3107      3107      3107
##>PRE_AREA            231247     82920     16851     11228     11228     11229     11228     11236     11228     11228
##>PRE_LEAK_PWR        147418     28611      5732      3802      3802      3804      3802      3828      3802      3802
##>PRE_EX_DEL_CNT      531998    529452      3123      3107      3107      3107      3107      3107      3107      3107
##>--------------------------------------------------------------------------------------------------------------------
##>POST_WNS               -92      -131        -4         3         3        -4         3         0         3         3
##>POST_TNS            142057    145901      1114         0         0      1431         0         0         0         0
##>POST_CNT           1502235    622550    212666    144759    144759    140511    144759    143641    144759    144759
##>POST_PORT_CNT       531996    529452      3123      3107      3107      3107      3107      3107      3107      3107
##>POST_AREA           238859     48769     17038     11503     11503     11247     11503     11510     11503     11503
##>POST_LEAK_PWR       210717     44068     16096     10949     10949     10719     10949     10945     10949     10949
##>POST_EX_DEL_CNT     531998    529452      3123      3107      3107      3107      3107      3107      3107      3107
##>--------------------------------------------------------------------------------------------------------------------
##>M:Read DB               59        36         3         3         2         3         2         3         2         3
##>M:Logic Reduce           0         0         0         0         0         0         0         0         0         0
##>M:Partition            114        33         5         3         3         4         3         4         3         3
##>M:Const Prop            70        19        28        19        17        19        18        15        17        19
##>M:Structuring          630       153       854       458       476       495       469       462       453       468
##>M:Virtual Map         1148       481       175       109       108       114       113        95       108       107
##>M:Tech Map             471       431       244       150       154       157       161       128       151       155
##>M:Global Incr         2918      1470       261       162       160       174       168       141       167       141
##>M:Extreme Map            0         0         0         0         0         0         0         0         0         0
##>M:TNS(D)                 0         0         0         0         0         0         0         0         0         0
##>M:Const Prop(D)          0         0         0         0         0         0         0         0         0         0
##>M:Write DB             122        51        10         7         7         7         7         7         6         6
##>M:Misc                   0         0         0         0         0         0         0         0         0         0
##>Total Elapsed         8605      3844      1978      1371      1252      1207      1203      1176      1158      1154
##>====================================================================================================================
##>Main Thread Summary:
##>----------------------------------------------------------------------------------------
##>STEP                           Elapsed       WNS       TNS     Insts      Area    Memory
##>----------------------------------------------------------------------------------------
##>M:Initial                           58         -         -   3819833    546153     14172
##>M:Early Clock Gating                 0         -         -         -         -         -
##>M:Pre Cleanup                       13         -         -   3819833    546153     14172
##>M:Setup                             22         -         -         -         -     27311
##>M:Launch ST                          1         -         -         -         -     27311
##>M:Design Partition                 756      -261   7071158         -         -     27311
##>M:Create Partition Netlists         81         -         -         -         -     27311
##>M:Init Power                         0         -         -         -         -     27311
##>M:Budgeting                        267         -         -         -         -     27311
##>M:Derenv-DB                        156         -         -         -         -     27311
##>M:Debug Outputs                      0         -         -         -         -         -
##>M:ST loading                         1         -         -         -         -     27311
##>M:Distributed                     8639         -         -         -         -     27311
##>M:Timer                            286         -         -         -         -     27311
##>M:Assembly                         256         -         -         -         -     27311
##>M:DFT                               32         -         -         -         -     27311
##>M:DP Operations                   1352         -         -   4832293    524769     21213
##>M:Const Prop                         1      -214    929054   4832293    524769     21213
##>M:Early Clock Gating Cleanup         0         -         -         -         -         -
##>M:Cleanup                         4923         0         0   5135960    544138     21061
##>M:MBCI                               9         -         -   5135960    544138     21475
##>M:PostGen Opt                        0         -         -         -         -         -
##>M:Const Gate Removal                 0         -         -         -         -         -
##>M:Misc                            2637
##>----------------------------------------------------------------------------------------
##>Total Elapsed                    19490
##>========================================================================================
##PBS-Mapping-Logical  Partitions:38  Stage Total:19490  Longest:8605   Average:1550   PBS Index:0.18
##>============================================================================================
##> Mapper Target Info for Global Mapping (Cost Group with Worst Target info): 
---------------------------------------------------
|Cost Group|Target|Slack|Diff|Constraint|Partition|
---------------------------------------------------
|clk       |   -49|  -18|2%  |      1650|pbs_map_3|
---------------------------------------------------


+-----------+----------------+-----+----------------------+---------------------------+
|   Host    |    Machine     | CPU | Physical Memory (MB) | Peak Physical Memory (MB) |
+-----------+----------------+-----+----------------------+---------------------------+
| localhost | mo.ece.pdx.edu |  1  |       21475.3        |          53101.3          |
+-----------+----------------+-----+----------------------+---------------------------+

+---------------+----------------------+---------------------------+
|    Server     | Physical Memory (MB) | Peak Physical Memory (MB) |
+---------------+----------------------+---------------------------+
| localhost_1_0 |        5806.3        |          36013.2          |
+---------------+----------------------+---------------------------+

Info    : Done mapping. [SYNTH-5]
        : Done mapping 'sys_top'.
      flow.cputime  flow.realtime  timing.setup.tns  timing.setup.wns  snapshot
UM:*                                                                   syn_map
@file(genus.tcl) 113: syn_opt
Warning : The selected flow setting will be removed in a future release. [SYNTH-33]
        : The use of 'syn_opt' for logical only optimization will be obsolete in a future release.
	Transition to 'syn_opt -logical' or 'syn_opt -spatial'.

        : Contact Cadence support to understand current flows.
Info    : Incrementally optimizing. [SYNTH-7]
        : Incrementally optimizing 'sys_top' using 'medium' effort.
PBS_Incr_Opt-Start - Elapsed_Time 0, CPU_Time 0.0
stamp 'PBS_Incr_Opt-Start' being created for table 'pbs_debug'

  Total Time (Wall) |  Stage Time (Wall)  |   % (Wall)   |    Date - Time     |  Memory   | Stage
--------------------+---------------------+--------------+--------------------+-----------+----------------------
 00:11:06(00:11:15) |  00:00:00(00:00:00) |   0.0(  0.0) |   10:45:13 (May30) |   8.72 GB | PBS_Generic-Start
--------------------+---------------------+--------------+--------------------+-----------+----------------------
 02:12:35(02:09:41) |  02:01:29(01:58:26) |  22.1( 23.4) |   12:43:39 (May30) |  14.86 GB | PBS_Generic-Post_Genopt
--------------------+---------------------+--------------+--------------------+-----------+----------------------
 03:04:55(02:57:40) |  00:52:19(00:47:59) |   9.5(  9.5) |   13:31:38 (May30) |  15.26 GB | PBS_Generic_Opt-Post
--------------------+---------------------+--------------+--------------------+-----------+----------------------
 03:07:07(02:59:49) |  00:02:12(00:02:09) |   0.4(  0.4) |   13:33:47 (May30) |  14.20 GB | PBS_Generic-Postgen HBO Optimizations
--------------------+---------------------+--------------+--------------------+-----------+----------------------
 03:31:25(03:07:38) |  00:24:18(00:07:49) |   4.4(  1.5) |   13:41:36 (May30) |  14.17 GB | PBS_TechMap-Start
--------------------+---------------------+--------------+--------------------+-----------+----------------------
 03:33:06(03:09:18) |  00:01:41(00:01:40) |   0.3(  0.3) |   13:43:16 (May30) |  14.17 GB | PBS_TechMap-Premap HBO Optimizations
--------------------+---------------------+--------------+--------------------+-----------+----------------------
 06:42:29(06:03:40) |  03:09:23(02:54:22) |  34.4( 34.5) |   16:37:38 (May30) |  23.18 GB | PBS_Techmap-Global Mapping
--------------------+---------------------+--------------+--------------------+-----------+----------------------
 07:06:09(06:26:13) |  00:23:39(00:22:33) |   4.3(  4.5) |   17:00:11 (May30) |  21.21 GB | PBS_TechMap-Datapath Postmap Operations
--------------------+---------------------+--------------+--------------------+-----------+----------------------
 07:09:00(06:28:17) |  00:02:51(00:02:04) |   0.5(  0.4) |   17:02:15 (May30) |  21.21 GB | PBS_TechMap-Postmap HBO Optimizations
--------------------+---------------------+--------------+--------------------+-----------+----------------------
 07:50:17(07:09:31) |  00:41:17(00:41:14) |   7.5(  8.2) |   17:43:29 (May30) |  20.83 GB | PBS_TechMap-Postmap Clock Gating
--------------------+---------------------+--------------+--------------------+-----------+----------------------
 09:16:50(08:31:34) |  01:26:32(01:22:03) |  15.7( 16.2) |   19:05:32 (May30) |  21.06 GB | PBS_TechMap-Postmap Cleanup
--------------------+---------------------+--------------+--------------------+-----------+----------------------
 09:16:59(08:31:43) |  00:00:09(00:00:09) |   0.0(  0.0) |   19:05:41 (May30) |  21.48 GB | PBS_Techmap-Post_MBCI
--------------------+---------------------+--------------+--------------------+-----------+----------------------
 09:21:57(08:36:21) |  00:04:58(00:04:38) |   0.9(  0.9) |   19:10:19 (May30) |  20.66 GB | PBS_Incr_Opt-Start
--------------------+---------------------+--------------+--------------------+-----------+----------------------
Number of threads: 8 * 1   (id: pbs_debug, time_info v1.57)
Info: (*N*) indicates data that was populated from previously saved time_info database
Info: CPU time includes time of parent + longest thread
PBS_Incr_Opt-Uniquify_Netlist - Elapsed_Time 19, CPU_Time 19.0
stamp 'PBS_Incr_Opt-Uniquify_Netlist' being created for table 'pbs_debug'

  Total Time (Wall) |  Stage Time (Wall)  |   % (Wall)   |    Date - Time     |  Memory   | Stage
--------------------+---------------------+--------------+--------------------+-----------+----------------------
 00:11:06(00:11:15) |  00:00:00(00:00:00) |   0.0(  0.0) |   10:45:13 (May30) |   8.72 GB | PBS_Generic-Start
--------------------+---------------------+--------------+--------------------+-----------+----------------------
 02:12:35(02:09:41) |  02:01:29(01:58:26) |  22.0( 23.4) |   12:43:39 (May30) |  14.86 GB | PBS_Generic-Post_Genopt
--------------------+---------------------+--------------+--------------------+-----------+----------------------
 03:04:55(02:57:40) |  00:52:19(00:47:59) |   9.5(  9.5) |   13:31:38 (May30) |  15.26 GB | PBS_Generic_Opt-Post
--------------------+---------------------+--------------+--------------------+-----------+----------------------
 03:07:07(02:59:49) |  00:02:12(00:02:09) |   0.4(  0.4) |   13:33:47 (May30) |  14.20 GB | PBS_Generic-Postgen HBO Optimizations
--------------------+---------------------+--------------+--------------------+-----------+----------------------
 03:31:25(03:07:38) |  00:24:18(00:07:49) |   4.4(  1.5) |   13:41:36 (May30) |  14.17 GB | PBS_TechMap-Start
--------------------+---------------------+--------------+--------------------+-----------+----------------------
 03:33:06(03:09:18) |  00:01:41(00:01:40) |   0.3(  0.3) |   13:43:16 (May30) |  14.17 GB | PBS_TechMap-Premap HBO Optimizations
--------------------+---------------------+--------------+--------------------+-----------+----------------------
 06:42:29(06:03:40) |  03:09:23(02:54:22) |  34.4( 34.5) |   16:37:38 (May30) |  23.18 GB | PBS_Techmap-Global Mapping
--------------------+---------------------+--------------+--------------------+-----------+----------------------
 07:06:09(06:26:13) |  00:23:39(00:22:33) |   4.3(  4.5) |   17:00:11 (May30) |  21.21 GB | PBS_TechMap-Datapath Postmap Operations
--------------------+---------------------+--------------+--------------------+-----------+----------------------
 07:09:00(06:28:17) |  00:02:51(00:02:04) |   0.5(  0.4) |   17:02:15 (May30) |  21.21 GB | PBS_TechMap-Postmap HBO Optimizations
--------------------+---------------------+--------------+--------------------+-----------+----------------------
 07:50:17(07:09:31) |  00:41:17(00:41:14) |   7.5(  8.2) |   17:43:29 (May30) |  20.83 GB | PBS_TechMap-Postmap Clock Gating
--------------------+---------------------+--------------+--------------------+-----------+----------------------
 09:16:50(08:31:34) |  01:26:32(01:22:03) |  15.7( 16.2) |   19:05:32 (May30) |  21.06 GB | PBS_TechMap-Postmap Cleanup
--------------------+---------------------+--------------+--------------------+-----------+----------------------
 09:16:59(08:31:43) |  00:00:09(00:00:09) |   0.0(  0.0) |   19:05:41 (May30) |  21.48 GB | PBS_Techmap-Post_MBCI
--------------------+---------------------+--------------+--------------------+-----------+----------------------
 09:21:57(08:36:21) |  00:04:58(00:04:38) |   0.9(  0.9) |   19:10:19 (May30) |  20.66 GB | PBS_Incr_Opt-Start
--------------------+---------------------+--------------+--------------------+-----------+----------------------
 09:22:16(08:36:40) |  00:00:19(00:00:19) |   0.1(  0.1) |   19:10:38 (May30) |  20.66 GB | PBS_Incr_Opt-Uniquify_Netlist
--------------------+---------------------+--------------+--------------------+-----------+----------------------
Number of threads: 8 * 1   (id: pbs_debug, time_info v1.57)
Info: (*N*) indicates data that was populated from previously saved time_info database
Info: CPU time includes time of parent + longest thread
 Uniquify netlist ...
 Swap or remap avoided cells ...
                                   Group   
                                  Tot Wrst     Total - - DRC Totals - -
                           Total  Weighted      Neg      Max       Max 
Operation                   Area   Slacks      Slack    Trans      Cap 
 init_iopt                544139        0         0         0        0
-------------------------------------------------------------------------------
 hi_fo_buf                545456        0         0         0        0

           Trick     Calls     Accepts   Attempts    Time(secs) 
-----------------------------------------------------------
       hi_fo_buf       760  (      677 /      677 )  31.32

 


                                   Group   
                                  Tot Wrst     Total - - DRC Totals - -
                           Total  Weighted      Neg      Max       Max 
Operation                   Area   Slacks      Slack    Trans      Cap 
 init_delay               545456        0         0         0        0

           Trick     Calls     Accepts   Attempts    Time(secs) 
-----------------------------------------------------------

 init_tns                 545456        0         0         0        0

           Trick     Calls     Accepts   Attempts    Time(secs) 
-----------------------------------------------------------

INIT_CLEAN_UP - Elapsed_Time 162, CPU_Time 198.50095800000418
stamp 'INIT_CLEAN_UP' being created for table 'pbs_debug'

  Total Time (Wall) |  Stage Time (Wall)  |   % (Wall)   |    Date - Time     |  Memory   | Stage
--------------------+---------------------+--------------+--------------------+-----------+----------------------
 00:11:06(00:11:15) |  00:00:00(00:00:00) |   0.0(  0.0) |   10:45:13 (May30) |   8.72 GB | PBS_Generic-Start
--------------------+---------------------+--------------+--------------------+-----------+----------------------
 02:12:35(02:09:41) |  02:01:29(01:58:26) |  21.9( 23.3) |   12:43:39 (May30) |  14.86 GB | PBS_Generic-Post_Genopt
--------------------+---------------------+--------------+--------------------+-----------+----------------------
 03:04:55(02:57:40) |  00:52:19(00:47:59) |   9.4(  9.4) |   13:31:38 (May30) |  15.26 GB | PBS_Generic_Opt-Post
--------------------+---------------------+--------------+--------------------+-----------+----------------------
 03:07:07(02:59:49) |  00:02:12(00:02:09) |   0.4(  0.4) |   13:33:47 (May30) |  14.20 GB | PBS_Generic-Postgen HBO Optimizations
--------------------+---------------------+--------------+--------------------+-----------+----------------------
 03:31:25(03:07:38) |  00:24:18(00:07:49) |   4.4(  1.5) |   13:41:36 (May30) |  14.17 GB | PBS_TechMap-Start
--------------------+---------------------+--------------+--------------------+-----------+----------------------
 03:33:06(03:09:18) |  00:01:41(00:01:40) |   0.3(  0.3) |   13:43:16 (May30) |  14.17 GB | PBS_TechMap-Premap HBO Optimizations
--------------------+---------------------+--------------+--------------------+-----------+----------------------
 06:42:29(06:03:40) |  03:09:23(02:54:22) |  34.2( 34.3) |   16:37:38 (May30) |  23.18 GB | PBS_Techmap-Global Mapping
--------------------+---------------------+--------------+--------------------+-----------+----------------------
 07:06:09(06:26:13) |  00:23:39(00:22:33) |   4.3(  4.4) |   17:00:11 (May30) |  21.21 GB | PBS_TechMap-Datapath Postmap Operations
--------------------+---------------------+--------------+--------------------+-----------+----------------------
 07:09:00(06:28:17) |  00:02:51(00:02:04) |   0.5(  0.4) |   17:02:15 (May30) |  21.21 GB | PBS_TechMap-Postmap HBO Optimizations
--------------------+---------------------+--------------+--------------------+-----------+----------------------
 07:50:17(07:09:31) |  00:41:17(00:41:14) |   7.4(  8.1) |   17:43:29 (May30) |  20.83 GB | PBS_TechMap-Postmap Clock Gating
--------------------+---------------------+--------------+--------------------+-----------+----------------------
 09:16:50(08:31:34) |  01:26:32(01:22:03) |  15.6( 16.1) |   19:05:32 (May30) |  21.06 GB | PBS_TechMap-Postmap Cleanup
--------------------+---------------------+--------------+--------------------+-----------+----------------------
 09:16:59(08:31:43) |  00:00:09(00:00:09) |   0.0(  0.0) |   19:05:41 (May30) |  21.48 GB | PBS_Techmap-Post_MBCI
--------------------+---------------------+--------------+--------------------+-----------+----------------------
 09:21:57(08:36:21) |  00:04:58(00:04:38) |   0.9(  0.9) |   19:10:19 (May30) |  20.66 GB | PBS_Incr_Opt-Start
--------------------+---------------------+--------------+--------------------+-----------+----------------------
 09:22:16(08:36:40) |  00:00:19(00:00:19) |   0.1(  0.1) |   19:10:38 (May30) |  20.66 GB | PBS_Incr_Opt-Uniquify_Netlist
--------------------+---------------------+--------------+--------------------+-----------+----------------------
 09:25:35(08:39:22) |  00:03:18(00:02:42) |   0.6(  0.5) |   19:13:20 (May30) |  20.88 GB | INIT_CLEAN_UP
--------------------+---------------------+--------------+--------------------+-----------+----------------------
Number of threads: 8 * 1   (id: pbs_debug, time_info v1.57)
Info: (*N*) indicates data that was populated from previously saved time_info database
Info: CPU time includes time of parent + longest thread
Updating ST server settings
     Generating lib_script file: /home/iwyse/common/Documents/ECE510/project/510Project/project/cadence/systolic_32x32/.pbs_mo.ece.pdx.edu_23315/lib_script
Warning : This attribute will be obsolete in a next major release. [TUI-32]
        : attribute: 'lp_power_analysis_effort', object type: 'root'
Start partitioning.  Summary: MEM {curr: 17.8G, peak: 26.7G, phys curr: 20.4G, phys peak: 51.9G}
Start timing analysis.  Summary: MEM {curr: 17.8G, peak: 26.7G, phys curr: 20.4G, phys peak: 51.9G}
Done timing analysis.  Summary: RT {elapsed: 103s, ST: 138s}, MEM {curr: 17.8G, peak: 26.7G, phys curr: 20.4G, phys peak: 51.9G}
Design sys_top is partitioned using GPS apart partitioner
Done partitioning.  Summary: RT {elapsed: 196s, ST: 231s}, MEM {curr: 17.9G, peak: 26.7G, phys curr: 20.6G, phys peak: 51.9G}
Start creating partition netlists.  Summary: MEM {curr: 17.9G, peak: 26.7G, phys curr: 20.6G, phys peak: 51.9G}
Done creating partition netlists.  Summary: RT {elapsed: 106s, ST: 96s}, MEM {curr: 22.6G, peak: 26.7G, phys curr: 26.5G, phys peak: 51.9G}
Start budgeting timing for partitions.  Summary: MEM {curr: 22.6G, peak: 26.7G, phys curr: 26.5G, phys peak: 51.9G}
Done budgeting timing for partitions.  Summary: RT {elapsed: 393s, ST: 495s}, MEM {curr: 27.9G, peak: 27.9G, phys curr: 32.6G, phys peak: 51.9G}
Start deriving partition netlists.  Summary: MEM {curr: 27.9G, peak: 27.9G, phys curr: 32.6G, phys peak: 51.9G}
The inst 'pbs_iopt_14' is selected as pbs candidate. The instance cnt is: '83236'.
The inst 'pbs_iopt_10' is selected as pbs candidate. The instance cnt is: '66311'.
The inst 'pbs_iopt_6' is selected as pbs candidate. The instance cnt is: '83237'.
The inst 'pbs_iopt_0' is selected as pbs candidate. The instance cnt is: '76440'.
The inst 'pbs_iopt_12' is selected as pbs candidate. The instance cnt is: '83224'.
The inst 'pbs_iopt_2' is selected as pbs candidate. The instance cnt is: '83231'.
The inst 'pbs_iopt_4' is selected as pbs candidate. The instance cnt is: '83236'.
The inst 'pbs_iopt_8' is selected as pbs candidate. The instance cnt is: '83237'.
The inst 'pbs_iopt_11' is selected as pbs candidate. The instance cnt is: '83235'.
The inst 'pbs_iopt_3' is selected as pbs candidate. The instance cnt is: '76730'.
The inst 'pbs_iopt_5' is selected as pbs candidate. The instance cnt is: '83237'.
The inst 'pbs_iopt_13' is selected as pbs candidate. The instance cnt is: '83236'.
The inst 'pbs_iopt_9' is selected as pbs candidate. The instance cnt is: '83236'.
The inst 'pbs_iopt_7' is selected as pbs candidate. The instance cnt is: '83237'.
The inst 'pbs_iopt_15' is selected as pbs candidate. The instance cnt is: '84901'.
The inst 'pbs_iopt_23' is selected as pbs candidate. The instance cnt is: '59444'.
The inst 'pbs_iopt_28' is selected as pbs candidate. The instance cnt is: '84894'.
The inst 'pbs_iopt_26' is selected as pbs candidate. The instance cnt is: '84898'.
The inst 'pbs_iopt_17' is selected as pbs candidate. The instance cnt is: '84901'.
The inst 'pbs_iopt_22' is selected as pbs candidate. The instance cnt is: '84890'.
The inst 'pbs_iopt_21' is selected as pbs candidate. The instance cnt is: '84901'.
The inst 'pbs_iopt_19' is selected as pbs candidate. The instance cnt is: '84900'.
The inst 'pbs_iopt_24' is selected as pbs candidate. The instance cnt is: '84901'.
The inst 'pbs_iopt_27' is selected as pbs candidate. The instance cnt is: '84899'.
The inst 'pbs_iopt_20' is selected as pbs candidate. The instance cnt is: '79538'.
The inst 'pbs_iopt_18' is selected as pbs candidate. The instance cnt is: '84899'.
The inst 'pbs_iopt_25' is selected as pbs candidate. The instance cnt is: '84879'.
The inst 'pbs_iopt_16' is selected as pbs candidate. The instance cnt is: '84901'.
The inst 'pbs_iopt_33' is selected as pbs candidate. The instance cnt is: '64720'.
The inst 'pbs_iopt_30' is selected as pbs candidate. The instance cnt is: '73304'.
The inst 'pbs_iopt_34' is selected as pbs candidate. The instance cnt is: '64451'.
The inst 'pbs_iopt_32' is selected as pbs candidate. The instance cnt is: '72917'.
The inst 'pbs_iopt_29' is selected as pbs candidate. The instance cnt is: '64662'.
The inst 'pbs_iopt_31' is selected as pbs candidate. The instance cnt is: '64414'.
The inst 'pbs_iopt_35' is selected as pbs candidate. The instance cnt is: '56579'.
The inst 'pbs_iopt_36' is selected as pbs candidate. The instance cnt is: '64870'.
The inst 'pbs_iopt_56' is selected as pbs candidate. The instance cnt is: '79726'.
The inst 'pbs_iopt_37' is selected as pbs candidate. The instance cnt is: '82647'.
The inst 'pbs_iopt_47' is selected as pbs candidate. The instance cnt is: '78125'.
The inst 'pbs_iopt_40' is selected as pbs candidate. The instance cnt is: '84955'.
The inst 'pbs_iopt_44' is selected as pbs candidate. The instance cnt is: '68980'.
The inst 'pbs_iopt_42' is selected as pbs candidate. The instance cnt is: '82908'.
The inst 'pbs_iopt_49' is selected as pbs candidate. The instance cnt is: '82715'.
The inst 'pbs_iopt_38' is selected as pbs candidate. The instance cnt is: '69091'.
The inst 'pbs_iopt_51' is selected as pbs candidate. The instance cnt is: '82617'.
The inst 'pbs_iopt_45' is selected as pbs candidate. The instance cnt is: '73678'.
The inst 'pbs_iopt_46' is selected as pbs candidate. The instance cnt is: '78204'.
The inst 'pbs_iopt_39' is selected as pbs candidate. The instance cnt is: '82973'.
The inst 'pbs_iopt_41' is selected as pbs candidate. The instance cnt is: '69139'.
The inst 'pbs_iopt_43' is selected as pbs candidate. The instance cnt is: '85360'.
The inst 'pbs_iopt_50' is selected as pbs candidate. The instance cnt is: '78114'.
The inst 'pbs_iopt_48' is selected as pbs candidate. The instance cnt is: '83037'.
The inst 'pbs_iopt_61' is selected as pbs candidate. The instance cnt is: '77398'.
The inst 'pbs_iopt_54' is selected as pbs candidate. The instance cnt is: '79614'.
The inst 'pbs_iopt_63' is selected as pbs candidate. The instance cnt is: '77286'.
The inst 'pbs_iopt_65' is selected as pbs candidate. The instance cnt is: '77356'.
The inst 'pbs_iopt_64' is selected as pbs candidate. The instance cnt is: '72779'.
The inst 'pbs_iopt_55' is selected as pbs candidate. The instance cnt is: '81834'.
The inst 'pbs_iopt_57' is selected as pbs candidate. The instance cnt is: '68157'.
The inst 'pbs_iopt_60' is selected as pbs candidate. The instance cnt is: '77321'.
The inst 'pbs_iopt_62' is selected as pbs candidate. The instance cnt is: '79714'.
The inst 'pbs_iopt_52' is selected as pbs candidate. The instance cnt is: '77290'.
The inst 'pbs_iopt_66' is selected as pbs candidate. The instance cnt is: '81981'.
The inst 'pbs_iopt_59' is selected as pbs candidate. The instance cnt is: '77304'.
The inst 'pbs_iopt_53' is selected as pbs candidate. The instance cnt is: '84139'.
The inst 'pbs_iopt_58' is selected as pbs candidate. The instance cnt is: '68436'.
Done deriving partition netlists.  Summary: RT {elapsed: 68s, ST: 67s}, MEM {curr: 27.9G, peak: 28.0G, phys curr: 32.6G, phys peak: 51.9G}
Wait for super-thread servers to finish loading libraries.
Start super thread servers forking.  Summary: MEM {curr: 22.8G, peak: 28.0G, phys curr: 32.6G, phys peak: 51.9G}
Done super thread servers forking.  Summary: RT {elapsed: 2s, ST: 0s}, MEM {curr: 22.8G, peak: 28.0G, phys curr: 25.8G, phys peak: 51.9G}
        Distributing super-thread jobs: {pbs_iopt_43 ./.pbs_mo.ece.pdx.edu_23315/pbs_iopt_43.etf} {pbs_iopt_40 ./.pbs_mo.ece.pdx.edu_23315/pbs_iopt_40.etf} {pbs_iopt_24 ./.pbs_mo.ece.pdx.edu_23315/pbs_iopt_24.etf} {pbs_iopt_17 ./.pbs_mo.ece.pdx.edu_23315/pbs_iopt_17.etf} {pbs_iopt_15 ./.pbs_mo.ece.pdx.edu_23315/pbs_iopt_15.etf} {pbs_iopt_16 ./.pbs_mo.ece.pdx.edu_23315/pbs_iopt_16.etf} {pbs_iopt_21 ./.pbs_mo.ece.pdx.edu_23315/pbs_iopt_21.etf} {pbs_iopt_19 ./.pbs_mo.ece.pdx.edu_23315/pbs_iopt_19.etf} {pbs_iopt_18 ./.pbs_mo.ece.pdx.edu_23315/pbs_iopt_18.etf} {pbs_iopt_27 ./.pbs_mo.ece.pdx.edu_23315/pbs_iopt_27.etf} {pbs_iopt_26 ./.pbs_mo.ece.pdx.edu_23315/pbs_iopt_26.etf} {pbs_iopt_28 ./.pbs_mo.ece.pdx.edu_23315/pbs_iopt_28.etf} {pbs_iopt_22 ./.pbs_mo.ece.pdx.edu_23315/pbs_iopt_22.etf} {pbs_iopt_25 ./.pbs_mo.ece.pdx.edu_23315/pbs_iopt_25.etf} {pbs_iopt_53 ./.pbs_mo.ece.pdx.edu_23315/pbs_iopt_53.etf} {pbs_iopt_7 ./.pbs_mo.ece.pdx.edu_23315/pbs_iopt_7.etf} {pbs_iopt_5 ./.pbs_mo.ece.pdx.edu_23315/pbs_iopt_5.etf} {pbs_iopt_8 ./.pbs_mo.ece.pdx.edu_23315/pbs_iopt_8.etf} {pbs_iopt_6 ./.pbs_mo.ece.pdx.edu_23315/pbs_iopt_6.etf} {pbs_iopt_13 ./.pbs_mo.ece.pdx.edu_23315/pbs_iopt_13.etf} {pbs_iopt_9 ./.pbs_mo.ece.pdx.edu_23315/pbs_iopt_9.etf} {pbs_iopt_14 ./.pbs_mo.ece.pdx.edu_23315/pbs_iopt_14.etf} {pbs_iopt_4 ./.pbs_mo.ece.pdx.edu_23315/pbs_iopt_4.etf} {pbs_iopt_11 ./.pbs_mo.ece.pdx.edu_23315/pbs_iopt_11.etf} {pbs_iopt_2 ./.pbs_mo.ece.pdx.edu_23315/pbs_iopt_2.etf} {pbs_iopt_12 ./.pbs_mo.ece.pdx.edu_23315/pbs_iopt_12.etf} {pbs_iopt_48 ./.pbs_mo.ece.pdx.edu_23315/pbs_iopt_48.etf} {pbs_iopt_39 ./.pbs_mo.ece.pdx.edu_23315/pbs_iopt_39.etf} {pbs_iopt_42 ./.pbs_mo.ece.pdx.edu_23315/pbs_iopt_42.etf} {pbs_iopt_49 ./.pbs_mo.ece.pdx.edu_23315/pbs_iopt_49.etf} {pbs_iopt_37 ./.pbs_mo.ece.pdx.edu_23315/pbs_iopt_37.etf} {pbs_iopt_51 ./.pbs_mo.ece.pdx.edu_23315/pbs_iopt_51.etf} {pbs_iopt_66 ./.pbs_mo.ece.pdx.edu_23315/pbs_iopt_66.etf} {pbs_iopt_55 ./.pbs_mo.ece.pdx.edu_23315/pbs_iopt_55.etf} {pbs_iopt_56 ./.pbs_mo.ece.pdx.edu_23315/pbs_iopt_56.etf} {pbs_iopt_62 ./.pbs_mo.ece.pdx.edu_23315/pbs_iopt_62.etf} {pbs_iopt_54 ./.pbs_mo.ece.pdx.edu_23315/pbs_iopt_54.etf} {pbs_iopt_20 ./.pbs_mo.ece.pdx.edu_23315/pbs_iopt_20.etf} {pbs_iopt_46 ./.pbs_mo.ece.pdx.edu_23315/pbs_iopt_46.etf} {pbs_iopt_47 ./.pbs_mo.ece.pdx.edu_23315/pbs_iopt_47.etf} {pbs_iopt_50 ./.pbs_mo.ece.pdx.edu_23315/pbs_iopt_50.etf} {pbs_iopt_61 ./.pbs_mo.ece.pdx.edu_23315/pbs_iopt_61.etf} {pbs_iopt_65 ./.pbs_mo.ece.pdx.edu_23315/pbs_iopt_65.etf} {pbs_iopt_60 ./.pbs_mo.ece.pdx.edu_23315/pbs_iopt_60.etf} {pbs_iopt_59 ./.pbs_mo.ece.pdx.edu_23315/pbs_iopt_59.etf} {pbs_iopt_52 ./.pbs_mo.ece.pdx.edu_23315/pbs_iopt_52.etf} {pbs_iopt_63 ./.pbs_mo.ece.pdx.edu_23315/pbs_iopt_63.etf} {pbs_iopt_3 ./.pbs_mo.ece.pdx.edu_23315/pbs_iopt_3.etf} {pbs_iopt_0 ./.pbs_mo.ece.pdx.edu_23315/pbs_iopt_0.etf} {pbs_iopt_45 ./.pbs_mo.ece.pdx.edu_23315/pbs_iopt_45.etf} {pbs_iopt_30 ./.pbs_mo.ece.pdx.edu_23315/pbs_iopt_30.etf} {pbs_iopt_32 ./.pbs_mo.ece.pdx.edu_23315/pbs_iopt_32.etf} {pbs_iopt_64 ./.pbs_mo.ece.pdx.edu_23315/pbs_iopt_64.etf} {pbs_iopt_41 ./.pbs_mo.ece.pdx.edu_23315/pbs_iopt_41.etf} {pbs_iopt_38 ./.pbs_mo.ece.pdx.edu_23315/pbs_iopt_38.etf} {pbs_iopt_44 ./.pbs_mo.ece.pdx.edu_23315/pbs_iopt_44.etf} {pbs_iopt_58 ./.pbs_mo.ece.pdx.edu_23315/pbs_iopt_58.etf} {pbs_iopt_57 ./.pbs_mo.ece.pdx.edu_23315/pbs_iopt_57.etf} {pbs_iopt_10 ./.pbs_mo.ece.pdx.edu_23315/pbs_iopt_10.etf} {pbs_iopt_36 ./.pbs_mo.ece.pdx.edu_23315/pbs_iopt_36.etf} {pbs_iopt_33 ./.pbs_mo.ece.pdx.edu_23315/pbs_iopt_33.etf} {pbs_iopt_29 ./.pbs_mo.ece.pdx.edu_23315/pbs_iopt_29.etf} {pbs_iopt_34 ./.pbs_mo.ece.pdx.edu_23315/pbs_iopt_34.etf} {pbs_iopt_31 ./.pbs_mo.ece.pdx.edu_23315/pbs_iopt_31.etf} {pbs_iopt_23 ./.pbs_mo.ece.pdx.edu_23315/pbs_iopt_23.etf} {pbs_iopt_35 ./.pbs_mo.ece.pdx.edu_23315/pbs_iopt_35.etf}
          Sending 'pbs_iopt_43 ./.pbs_mo.ece.pdx.edu_23315/pbs_iopt_43.etf' to server 'localhost_1_0'...
            Sent 'pbs_iopt_43 ./.pbs_mo.ece.pdx.edu_23315/pbs_iopt_43.etf' to server 'localhost_1_0'.
          Sending 'pbs_iopt_40 ./.pbs_mo.ece.pdx.edu_23315/pbs_iopt_40.etf' to server 'localhost_1_27'...
            Sent 'pbs_iopt_40 ./.pbs_mo.ece.pdx.edu_23315/pbs_iopt_40.etf' to server 'localhost_1_27'.
          Sending 'pbs_iopt_24 ./.pbs_mo.ece.pdx.edu_23315/pbs_iopt_24.etf' to server 'localhost_1_25'...
            Sent 'pbs_iopt_24 ./.pbs_mo.ece.pdx.edu_23315/pbs_iopt_24.etf' to server 'localhost_1_25'.
          Sending 'pbs_iopt_17 ./.pbs_mo.ece.pdx.edu_23315/pbs_iopt_17.etf' to server 'localhost_1_23'...
            Sent 'pbs_iopt_17 ./.pbs_mo.ece.pdx.edu_23315/pbs_iopt_17.etf' to server 'localhost_1_23'.
          Sending 'pbs_iopt_15 ./.pbs_mo.ece.pdx.edu_23315/pbs_iopt_15.etf' to server 'localhost_1_22'...
            Sent 'pbs_iopt_15 ./.pbs_mo.ece.pdx.edu_23315/pbs_iopt_15.etf' to server 'localhost_1_22'.
          Sending 'pbs_iopt_16 ./.pbs_mo.ece.pdx.edu_23315/pbs_iopt_16.etf' to server 'localhost_1_28'...
            Sent 'pbs_iopt_16 ./.pbs_mo.ece.pdx.edu_23315/pbs_iopt_16.etf' to server 'localhost_1_28'.
          Sending 'pbs_iopt_21 ./.pbs_mo.ece.pdx.edu_23315/pbs_iopt_21.etf' to server 'localhost_1_26'...
            Sent 'pbs_iopt_21 ./.pbs_mo.ece.pdx.edu_23315/pbs_iopt_21.etf' to server 'localhost_1_26'.
          Sending 'pbs_iopt_19 ./.pbs_mo.ece.pdx.edu_23315/pbs_iopt_19.etf' to server 'localhost_1_24'...
            Sent 'pbs_iopt_19 ./.pbs_mo.ece.pdx.edu_23315/pbs_iopt_19.etf' to server 'localhost_1_24'.
          Received 'pbs_iopt_19 ./.pbs_mo.ece.pdx.edu_23315/pbs_iopt_19.etf' from server 'localhost_1_24'. (57795 ms elapsed)
       Partition:  pbs_iopt_19 - PBS_Iopt-Distributed_Read_DB - Elapsed_Time 4.00, CPU_Time 4.00
       Partition:  pbs_iopt_19 - PBS_Iopt-Distributed_Iopt - Elapsed_Time 42.00, CPU_Time 42.00
       Start - Partition: pbs_iopt_19  Slack: 0.0 TNS: 0.0 Cell-Count: 84900 Cell-Area: 10596  
Init-Memory: 9697.18
       Done  - Partition: pbs_iopt_19  Slack: 0.0 TNS: 0.0 Cell-Count: 84719 Cell-Area: 10535  
Peak-Memory: 9761.21 Elapsed: 49
       Partition:  pbs_iopt_19 - PBS_Iopt-Distributed_Report - Elapsed_Time 3.00, CPU_Time 3.00
       Partition:  pbs_iopt_19 - PBS_Iopt-Distributed_Write_DB - Elapsed_Time 7.00, CPU_Time 7.00
       pbs_iopt_19 - PBS_Iopt-Assembly - Elapsed_Time 13, CPU_Time 13.0
       Partition:  pbs_iopt_19 - Runtime taken by the partition - Elapsed_Time 56.00, CPU_Time 56.00
          Sending 'pbs_iopt_18 ./.pbs_mo.ece.pdx.edu_23315/pbs_iopt_18.etf' to server 'localhost_1_24'...
            Sent 'pbs_iopt_18 ./.pbs_mo.ece.pdx.edu_23315/pbs_iopt_18.etf' to server 'localhost_1_24'.
          Received 'pbs_iopt_21 ./.pbs_mo.ece.pdx.edu_23315/pbs_iopt_21.etf' from server 'localhost_1_26'. (70423 ms elapsed)
       Partition:  pbs_iopt_21 - PBS_Iopt-Distributed_Read_DB - Elapsed_Time 3.00, CPU_Time 4.00
       Partition:  pbs_iopt_21 - PBS_Iopt-Distributed_Iopt - Elapsed_Time 48.00, CPU_Time 47.00
       Start - Partition: pbs_iopt_21  Slack: 0.0 TNS: 0.0 Cell-Count: 84901 Cell-Area: 10611  
Init-Memory: 9697.18
       Done  - Partition: pbs_iopt_21  Slack: 0.0 TNS: 0.0 Cell-Count: 84017 Cell-Area: 10468  
Peak-Memory: 9761.21 Elapsed: 54
       Partition:  pbs_iopt_21 - PBS_Iopt-Distributed_Report - Elapsed_Time 3.00, CPU_Time 3.00
       Partition:  pbs_iopt_21 - PBS_Iopt-Distributed_Write_DB - Elapsed_Time 6.00, CPU_Time 6.00
       pbs_iopt_21 - PBS_Iopt-Assembly - Elapsed_Time 10, CPU_Time 10.0
       Partition:  pbs_iopt_21 - Runtime taken by the partition - Elapsed_Time 60.00, CPU_Time 60.00
          Sending 'pbs_iopt_27 ./.pbs_mo.ece.pdx.edu_23315/pbs_iopt_27.etf' to server 'localhost_1_26'...
            Sent 'pbs_iopt_27 ./.pbs_mo.ece.pdx.edu_23315/pbs_iopt_27.etf' to server 'localhost_1_26'.
          Received 'pbs_iopt_16 ./.pbs_mo.ece.pdx.edu_23315/pbs_iopt_16.etf' from server 'localhost_1_28'. (80959 ms elapsed)
       Partition:  pbs_iopt_16 - PBS_Iopt-Distributed_Read_DB - Elapsed_Time 4.00, CPU_Time 4.00
       Partition:  pbs_iopt_16 - PBS_Iopt-Distributed_Iopt - Elapsed_Time 55.00, CPU_Time 55.00
       Start - Partition: pbs_iopt_16  Slack: 0.0 TNS: 0.0 Cell-Count: 84901 Cell-Area: 10581  
Init-Memory: 9697.18
       Done  - Partition: pbs_iopt_16  Slack: 0.0 TNS: 0.0 Cell-Count: 82806 Cell-Area: 10404  
Peak-Memory: 9761.21 Elapsed: 62
       Partition:  pbs_iopt_16 - PBS_Iopt-Distributed_Report - Elapsed_Time 3.00, CPU_Time 3.00
       Partition:  pbs_iopt_16 - PBS_Iopt-Distributed_Write_DB - Elapsed_Time 6.00, CPU_Time 6.00
       pbs_iopt_16 - PBS_Iopt-Assembly - Elapsed_Time 12, CPU_Time 12.0
       Partition:  pbs_iopt_16 - Runtime taken by the partition - Elapsed_Time 68.00, CPU_Time 68.00
          Sending 'pbs_iopt_26 ./.pbs_mo.ece.pdx.edu_23315/pbs_iopt_26.etf' to server 'localhost_1_28'...
            Sent 'pbs_iopt_26 ./.pbs_mo.ece.pdx.edu_23315/pbs_iopt_26.etf' to server 'localhost_1_28'.
          Received 'pbs_iopt_17 ./.pbs_mo.ece.pdx.edu_23315/pbs_iopt_17.etf' from server 'localhost_1_23'. (92328 ms elapsed)
          Sending 'pbs_iopt_28 ./.pbs_mo.ece.pdx.edu_23315/pbs_iopt_28.etf' to server 'localhost_1_23'...
            Sent 'pbs_iopt_28 ./.pbs_mo.ece.pdx.edu_23315/pbs_iopt_28.etf' to server 'localhost_1_23'.
          Received 'pbs_iopt_24 ./.pbs_mo.ece.pdx.edu_23315/pbs_iopt_24.etf' from server 'localhost_1_25'. (92328 ms elapsed)
          Sending 'pbs_iopt_22 ./.pbs_mo.ece.pdx.edu_23315/pbs_iopt_22.etf' to server 'localhost_1_25'...
            Sent 'pbs_iopt_22 ./.pbs_mo.ece.pdx.edu_23315/pbs_iopt_22.etf' to server 'localhost_1_25'.
          Received 'pbs_iopt_15 ./.pbs_mo.ece.pdx.edu_23315/pbs_iopt_15.etf' from server 'localhost_1_22'. (92327 ms elapsed)
       Partition:  pbs_iopt_15 - PBS_Iopt-Distributed_Read_DB - Elapsed_Time 4.00, CPU_Time 5.00
       Partition:  pbs_iopt_15 - PBS_Iopt-Distributed_Iopt - Elapsed_Time 69.00, CPU_Time 68.00
       Start - Partition: pbs_iopt_15  Slack: 0.0 TNS: 0.0 Cell-Count: 84901 Cell-Area: 10761  
Init-Memory: 9699.25
       Done  - Partition: pbs_iopt_15  Slack: 0.0 TNS: 0.0 Cell-Count: 81318 Cell-Area: 10199  
Peak-Memory: 9763.29 Elapsed: 76
       Partition:  pbs_iopt_15 - PBS_Iopt-Distributed_Report - Elapsed_Time 3.00, CPU_Time 3.00
       Partition:  pbs_iopt_15 - PBS_Iopt-Distributed_Write_DB - Elapsed_Time 6.00, CPU_Time 6.00
       pbs_iopt_15 - PBS_Iopt-Assembly - Elapsed_Time 12, CPU_Time 12.0
       Partition:  pbs_iopt_15 - Runtime taken by the partition - Elapsed_Time 82.00, CPU_Time 82.00
       Partition:  pbs_iopt_17 - PBS_Iopt-Distributed_Read_DB - Elapsed_Time 4.00, CPU_Time 5.00
       Partition:  pbs_iopt_17 - PBS_Iopt-Distributed_Iopt - Elapsed_Time 51.00, CPU_Time 50.00
       Start - Partition: pbs_iopt_17  Slack: 0.0 TNS: 0.0 Cell-Count: 84901 Cell-Area: 10777  
Init-Memory: 9697.18
       Done  - Partition: pbs_iopt_17  Slack: 0.0 TNS: 0.0 Cell-Count: 83233 Cell-Area: 10485  
Peak-Memory: 9761.21 Elapsed: 58
       Partition:  pbs_iopt_17 - PBS_Iopt-Distributed_Report - Elapsed_Time 3.00, CPU_Time 3.00
       Partition:  pbs_iopt_17 - PBS_Iopt-Distributed_Write_DB - Elapsed_Time 7.00, CPU_Time 7.00
       pbs_iopt_17 - PBS_Iopt-Assembly - Elapsed_Time 12, CPU_Time 12.0
       Partition:  pbs_iopt_17 - Runtime taken by the partition - Elapsed_Time 65.00, CPU_Time 65.00
       Partition:  pbs_iopt_24 - PBS_Iopt-Distributed_Read_DB - Elapsed_Time 5.00, CPU_Time 5.00
       Partition:  pbs_iopt_24 - PBS_Iopt-Distributed_Iopt - Elapsed_Time 54.00, CPU_Time 54.00
       Start - Partition: pbs_iopt_24  Slack: 0.0 TNS: 0.0 Cell-Count: 84901 Cell-Area: 11290  
Init-Memory: 9699.19
       Done  - Partition: pbs_iopt_24  Slack: 0.0 TNS: 0.0 Cell-Count: 82721 Cell-Area: 10883  
Peak-Memory: 9763.23 Elapsed: 62
       Partition:  pbs_iopt_24 - PBS_Iopt-Distributed_Report - Elapsed_Time 3.00, CPU_Time 3.00
       Partition:  pbs_iopt_24 - PBS_Iopt-Distributed_Write_DB - Elapsed_Time 7.00, CPU_Time 7.00
       pbs_iopt_24 - PBS_Iopt-Assembly - Elapsed_Time 13, CPU_Time 13.0
       Partition:  pbs_iopt_24 - Runtime taken by the partition - Elapsed_Time 69.00, CPU_Time 69.00
          Sending 'pbs_iopt_25 ./.pbs_mo.ece.pdx.edu_23315/pbs_iopt_25.etf' to server 'localhost_1_22'...
            Sent 'pbs_iopt_25 ./.pbs_mo.ece.pdx.edu_23315/pbs_iopt_25.etf' to server 'localhost_1_22'.
          Received 'pbs_iopt_18 ./.pbs_mo.ece.pdx.edu_23315/pbs_iopt_18.etf' from server 'localhost_1_24'. (60503 ms elapsed)
          Sending 'pbs_iopt_53 ./.pbs_mo.ece.pdx.edu_23315/pbs_iopt_53.etf' to server 'localhost_1_24'...
            Sent 'pbs_iopt_53 ./.pbs_mo.ece.pdx.edu_23315/pbs_iopt_53.etf' to server 'localhost_1_24'.
          Received 'pbs_iopt_40 ./.pbs_mo.ece.pdx.edu_23315/pbs_iopt_40.etf' from server 'localhost_1_27'. (130927 ms elapsed)
       Partition:  pbs_iopt_40 - PBS_Iopt-Distributed_Read_DB - Elapsed_Time 2.00, CPU_Time 3.00
       Partition:  pbs_iopt_40 - PBS_Iopt-Distributed_Iopt - Elapsed_Time 113.00, CPU_Time 112.00
       Start - Partition: pbs_iopt_40  Slack: 0.0 TNS: 0.0 Cell-Count: 84955 Cell-Area: 6702  
Init-Memory: 9697.18
       Done  - Partition: pbs_iopt_40  Slack: 0.0 TNS: 0.0 Cell-Count: 75126 Cell-Area: 6215  
Peak-Memory: 9761.21 Elapsed: 117
       Partition:  pbs_iopt_40 - PBS_Iopt-Distributed_Report - Elapsed_Time 2.00, CPU_Time 2.00
       Partition:  pbs_iopt_40 - PBS_Iopt-Distributed_Write_DB - Elapsed_Time 5.00, CPU_Time 4.00
       pbs_iopt_40 - PBS_Iopt-Assembly - Elapsed_Time 6, CPU_Time 6.0
       Partition:  pbs_iopt_40 - Runtime taken by the partition - Elapsed_Time 122.00, CPU_Time 121.00
          Sending 'pbs_iopt_7 ./.pbs_mo.ece.pdx.edu_23315/pbs_iopt_7.etf' to server 'localhost_1_27'...
            Sent 'pbs_iopt_7 ./.pbs_mo.ece.pdx.edu_23315/pbs_iopt_7.etf' to server 'localhost_1_27'.
          Received 'pbs_iopt_43 ./.pbs_mo.ece.pdx.edu_23315/pbs_iopt_43.etf' from server 'localhost_1_0'. (136906 ms elapsed)
       Partition:  pbs_iopt_43 - PBS_Iopt-Distributed_Read_DB - Elapsed_Time 3.00, CPU_Time 2.00
       Partition:  pbs_iopt_43 - PBS_Iopt-Distributed_Iopt - Elapsed_Time 121.00, CPU_Time 122.00
       Start - Partition: pbs_iopt_43  Slack: 0.0 TNS: 0.0 Cell-Count: 85360 Cell-Area: 6718  
Init-Memory: 9761.21
       Done  - Partition: pbs_iopt_43  Slack: 0.0 TNS: 0.0 Cell-Count: 75345 Cell-Area: 6221  
Peak-Memory: 27279.73 Elapsed: 127
       Partition:  pbs_iopt_43 - PBS_Iopt-Distributed_Report - Elapsed_Time 3.00, CPU_Time 2.00
       Partition:  pbs_iopt_43 - PBS_Iopt-Distributed_Write_DB - Elapsed_Time 5.00, CPU_Time 6.00
       pbs_iopt_43 - PBS_Iopt-Assembly - Elapsed_Time 6, CPU_Time 6.0
       Partition:  pbs_iopt_43 - Runtime taken by the partition - Elapsed_Time 132.00, CPU_Time 132.00
       Partition:  pbs_iopt_18 - PBS_Iopt-Distributed_Read_DB - Elapsed_Time 3.00, CPU_Time 3.00
       Partition:  pbs_iopt_18 - PBS_Iopt-Distributed_Iopt - Elapsed_Time 46.00, CPU_Time 47.00
       Start - Partition: pbs_iopt_18  Slack: 0.0 TNS: 0.0 Cell-Count: 84899 Cell-Area: 10525  
Init-Memory: 9697.18
       Done  - Partition: pbs_iopt_18  Slack: 0.0 TNS: 0.0 Cell-Count: 84311 Cell-Area: 10421  
Peak-Memory: 9761.21 Elapsed: 53
       Partition:  pbs_iopt_18 - PBS_Iopt-Distributed_Report - Elapsed_Time 4.00, CPU_Time 3.00
       Partition:  pbs_iopt_18 - PBS_Iopt-Distributed_Write_DB - Elapsed_Time 6.00, CPU_Time 6.00
       pbs_iopt_18 - PBS_Iopt-Assembly - Elapsed_Time 11, CPU_Time 11.0
       Partition:  pbs_iopt_18 - Runtime taken by the partition - Elapsed_Time 59.00, CPU_Time 59.00
          Sending 'pbs_iopt_5 ./.pbs_mo.ece.pdx.edu_23315/pbs_iopt_5.etf' to server 'localhost_1_0'...
            Sent 'pbs_iopt_5 ./.pbs_mo.ece.pdx.edu_23315/pbs_iopt_5.etf' to server 'localhost_1_0'.
          Received 'pbs_iopt_22 ./.pbs_mo.ece.pdx.edu_23315/pbs_iopt_22.etf' from server 'localhost_1_25'. (61248 ms elapsed)
          Sending 'pbs_iopt_8 ./.pbs_mo.ece.pdx.edu_23315/pbs_iopt_8.etf' to server 'localhost_1_25'...
            Sent 'pbs_iopt_8 ./.pbs_mo.ece.pdx.edu_23315/pbs_iopt_8.etf' to server 'localhost_1_25'.
          Received 'pbs_iopt_28 ./.pbs_mo.ece.pdx.edu_23315/pbs_iopt_28.etf' from server 'localhost_1_23'. (68470 ms elapsed)
          Sending 'pbs_iopt_6 ./.pbs_mo.ece.pdx.edu_23315/pbs_iopt_6.etf' to server 'localhost_1_23'...
            Sent 'pbs_iopt_6 ./.pbs_mo.ece.pdx.edu_23315/pbs_iopt_6.etf' to server 'localhost_1_23'.
          Received 'pbs_iopt_26 ./.pbs_mo.ece.pdx.edu_23315/pbs_iopt_26.etf' from server 'localhost_1_28'. (68472 ms elapsed)
          Sending 'pbs_iopt_13 ./.pbs_mo.ece.pdx.edu_23315/pbs_iopt_13.etf' to server 'localhost_1_28'...
            Sent 'pbs_iopt_13 ./.pbs_mo.ece.pdx.edu_23315/pbs_iopt_13.etf' to server 'localhost_1_28'.
          Received 'pbs_iopt_27 ./.pbs_mo.ece.pdx.edu_23315/pbs_iopt_27.etf' from server 'localhost_1_26'. (79841 ms elapsed)
       Partition:  pbs_iopt_27 - PBS_Iopt-Distributed_Read_DB - Elapsed_Time 3.00, CPU_Time 3.00
       Partition:  pbs_iopt_27 - PBS_Iopt-Distributed_Iopt - Elapsed_Time 54.00, CPU_Time 54.00
       Start - Partition: pbs_iopt_27  Slack: 0.0 TNS: 0.0 Cell-Count: 84899 Cell-Area: 10918  
Init-Memory: 9697.18
       Done  - Partition: pbs_iopt_27  Slack: 0.0 TNS: 0.0 Cell-Count: 83840 Cell-Area: 10699  
Peak-Memory: 9761.21 Elapsed: 60
       Partition:  pbs_iopt_27 - PBS_Iopt-Distributed_Report - Elapsed_Time 3.00, CPU_Time 3.00
       Partition:  pbs_iopt_27 - PBS_Iopt-Distributed_Write_DB - Elapsed_Time 7.00, CPU_Time 7.00
       pbs_iopt_27 - PBS_Iopt-Assembly - Elapsed_Time 14, CPU_Time 14.0
       Partition:  pbs_iopt_27 - Runtime taken by the partition - Elapsed_Time 67.00, CPU_Time 67.00
       Partition:  pbs_iopt_26 - PBS_Iopt-Distributed_Read_DB - Elapsed_Time 4.00, CPU_Time 4.00
       Partition:  pbs_iopt_26 - PBS_Iopt-Distributed_Iopt - Elapsed_Time 46.00, CPU_Time 46.00
       Start - Partition: pbs_iopt_26  Slack: 0.0 TNS: 0.0 Cell-Count: 84898 Cell-Area: 10930  
Init-Memory: 9699.14
       Done  - Partition: pbs_iopt_26  Slack: 0.0 TNS: 0.0 Cell-Count: 83548 Cell-Area: 10643  
Peak-Memory: 9761.21 Elapsed: 53
       Partition:  pbs_iopt_26 - PBS_Iopt-Distributed_Report - Elapsed_Time 3.00, CPU_Time 3.00
       Partition:  pbs_iopt_26 - PBS_Iopt-Distributed_Write_DB - Elapsed_Time 7.00, CPU_Time 7.00
       pbs_iopt_26 - PBS_Iopt-Assembly - Elapsed_Time 15, CPU_Time 14.0
       Partition:  pbs_iopt_26 - Runtime taken by the partition - Elapsed_Time 60.00, CPU_Time 60.00
       Partition:  pbs_iopt_28 - PBS_Iopt-Distributed_Read_DB - Elapsed_Time 3.00, CPU_Time 4.00
       Partition:  pbs_iopt_28 - PBS_Iopt-Distributed_Iopt - Elapsed_Time 53.00, CPU_Time 52.00
       Start - Partition: pbs_iopt_28  Slack: 0.0 TNS: 0.0 Cell-Count: 84894 Cell-Area: 10904  
Init-Memory: 9697.18
       Done  - Partition: pbs_iopt_28  Slack: 0.0 TNS: 0.0 Cell-Count: 83967 Cell-Area: 10688  
Peak-Memory: 9761.21 Elapsed: 59
       Partition:  pbs_iopt_28 - PBS_Iopt-Distributed_Report - Elapsed_Time 3.00, CPU_Time 3.00
       Partition:  pbs_iopt_28 - PBS_Iopt-Distributed_Write_DB - Elapsed_Time 8.00, CPU_Time 8.00
       pbs_iopt_28 - PBS_Iopt-Assembly - Elapsed_Time 11, CPU_Time 12.0
       Partition:  pbs_iopt_28 - Runtime taken by the partition - Elapsed_Time 67.00, CPU_Time 67.00
       Partition:  pbs_iopt_22 - PBS_Iopt-Distributed_Read_DB - Elapsed_Time 3.00, CPU_Time 3.00
       Partition:  pbs_iopt_22 - PBS_Iopt-Distributed_Iopt - Elapsed_Time 47.00, CPU_Time 46.00
       Start - Partition: pbs_iopt_22  Slack: 0.0 TNS: 0.0 Cell-Count: 84890 Cell-Area: 10954  
Init-Memory: 9699.19
       Done  - Partition: pbs_iopt_22  Slack: 0.0 TNS: 0.0 Cell-Count: 84304 Cell-Area: 10769  
Peak-Memory: 9763.23 Elapsed: 52
       Partition:  pbs_iopt_22 - PBS_Iopt-Distributed_Report - Elapsed_Time 2.00, CPU_Time 3.00
       Partition:  pbs_iopt_22 - PBS_Iopt-Distributed_Write_DB - Elapsed_Time 7.00, CPU_Time 7.00
       pbs_iopt_22 - PBS_Iopt-Assembly - Elapsed_Time 11, CPU_Time 11.0
       Partition:  pbs_iopt_22 - Runtime taken by the partition - Elapsed_Time 59.00, CPU_Time 59.00
          Sending 'pbs_iopt_9 ./.pbs_mo.ece.pdx.edu_23315/pbs_iopt_9.etf' to server 'localhost_1_26'...
            Sent 'pbs_iopt_9 ./.pbs_mo.ece.pdx.edu_23315/pbs_iopt_9.etf' to server 'localhost_1_26'.
          Received 'pbs_iopt_5 ./.pbs_mo.ece.pdx.edu_23315/pbs_iopt_5.etf' from server 'localhost_1_0'. (64758 ms elapsed)
          Sending 'pbs_iopt_14 ./.pbs_mo.ece.pdx.edu_23315/pbs_iopt_14.etf' to server 'localhost_1_0'...
            Sent 'pbs_iopt_14 ./.pbs_mo.ece.pdx.edu_23315/pbs_iopt_14.etf' to server 'localhost_1_0'.
          Received 'pbs_iopt_7 ./.pbs_mo.ece.pdx.edu_23315/pbs_iopt_7.etf' from server 'localhost_1_27'. (81432 ms elapsed)
          Sending 'pbs_iopt_4 ./.pbs_mo.ece.pdx.edu_23315/pbs_iopt_4.etf' to server 'localhost_1_27'...
            Sent 'pbs_iopt_4 ./.pbs_mo.ece.pdx.edu_23315/pbs_iopt_4.etf' to server 'localhost_1_27'.
          Received 'pbs_iopt_25 ./.pbs_mo.ece.pdx.edu_23315/pbs_iopt_25.etf' from server 'localhost_1_22'. (88779 ms elapsed)
       Partition:  pbs_iopt_25 - PBS_Iopt-Distributed_Read_DB - Elapsed_Time 4.00, CPU_Time 3.00
       Partition:  pbs_iopt_25 - PBS_Iopt-Distributed_Iopt - Elapsed_Time 46.00, CPU_Time 46.00
       Start - Partition: pbs_iopt_25  Slack: 0.0 TNS: 0.0 Cell-Count: 84879 Cell-Area: 10972  
Init-Memory: 9699.25
       Done  - Partition: pbs_iopt_25  Slack: 0.0 TNS: 0.0 Cell-Count: 84284 Cell-Area: 10826  
Peak-Memory: 9763.29 Elapsed: 53
       Partition:  pbs_iopt_25 - PBS_Iopt-Distributed_Report - Elapsed_Time 3.00, CPU_Time 3.00
       Partition:  pbs_iopt_25 - PBS_Iopt-Distributed_Write_DB - Elapsed_Time 6.00, CPU_Time 6.00
       pbs_iopt_25 - PBS_Iopt-Assembly - Elapsed_Time 11, CPU_Time 11.0
       Partition:  pbs_iopt_25 - Runtime taken by the partition - Elapsed_Time 59.00, CPU_Time 58.00
          Sending 'pbs_iopt_11 ./.pbs_mo.ece.pdx.edu_23315/pbs_iopt_11.etf' to server 'localhost_1_22'...
            Sent 'pbs_iopt_11 ./.pbs_mo.ece.pdx.edu_23315/pbs_iopt_11.etf' to server 'localhost_1_22'.
          Received 'pbs_iopt_13 ./.pbs_mo.ece.pdx.edu_23315/pbs_iopt_13.etf' from server 'localhost_1_28'. (68695 ms elapsed)
          Sending 'pbs_iopt_2 ./.pbs_mo.ece.pdx.edu_23315/pbs_iopt_2.etf' to server 'localhost_1_28'...
            Sent 'pbs_iopt_2 ./.pbs_mo.ece.pdx.edu_23315/pbs_iopt_2.etf' to server 'localhost_1_28'.
          Received 'pbs_iopt_6 ./.pbs_mo.ece.pdx.edu_23315/pbs_iopt_6.etf' from server 'localhost_1_23'. (68697 ms elapsed)
          Sending 'pbs_iopt_12 ./.pbs_mo.ece.pdx.edu_23315/pbs_iopt_12.etf' to server 'localhost_1_23'...
            Sent 'pbs_iopt_12 ./.pbs_mo.ece.pdx.edu_23315/pbs_iopt_12.etf' to server 'localhost_1_23'.
          Received 'pbs_iopt_8 ./.pbs_mo.ece.pdx.edu_23315/pbs_iopt_8.etf' from server 'localhost_1_25'. (75919 ms elapsed)
          Sending 'pbs_iopt_48 ./.pbs_mo.ece.pdx.edu_23315/pbs_iopt_48.etf' to server 'localhost_1_25'...
            Sent 'pbs_iopt_48 ./.pbs_mo.ece.pdx.edu_23315/pbs_iopt_48.etf' to server 'localhost_1_25'.
          Received 'pbs_iopt_53 ./.pbs_mo.ece.pdx.edu_23315/pbs_iopt_53.etf' from server 'localhost_1_24'. (112762 ms elapsed)
       Partition:  pbs_iopt_53 - PBS_Iopt-Distributed_Read_DB - Elapsed_Time 3.00, CPU_Time 2.00
       Partition:  pbs_iopt_53 - PBS_Iopt-Distributed_Iopt - Elapsed_Time 103.00, CPU_Time 103.00
       Start - Partition: pbs_iopt_53  Slack: 0.1 TNS: 0.0 Cell-Count: 84139 Cell-Area: 6674  
Init-Memory: 9697.18
       Done  - Partition: pbs_iopt_53  Slack: 0.0 TNS: 0.0 Cell-Count: 75539 Cell-Area: 6243  
Peak-Memory: 9761.21 Elapsed: 108
       Partition:  pbs_iopt_53 - PBS_Iopt-Distributed_Report - Elapsed_Time 2.00, CPU_Time 2.00
       Partition:  pbs_iopt_53 - PBS_Iopt-Distributed_Write_DB - Elapsed_Time 5.00, CPU_Time 4.00
       pbs_iopt_53 - PBS_Iopt-Assembly - Elapsed_Time 6, CPU_Time 6.0
       Partition:  pbs_iopt_53 - Runtime taken by the partition - Elapsed_Time 113.00, CPU_Time 111.00
       Partition:  pbs_iopt_7 - PBS_Iopt-Distributed_Read_DB - Elapsed_Time 4.00, CPU_Time 4.00
       Partition:  pbs_iopt_7 - PBS_Iopt-Distributed_Iopt - Elapsed_Time 48.00, CPU_Time 48.00
       Start - Partition: pbs_iopt_7  Slack: 0.0 TNS: 0.0 Cell-Count: 83237 Cell-Area: 10733  
Init-Memory: 9697.18
       Done  - Partition: pbs_iopt_7  Slack: 0.0 TNS: 0.0 Cell-Count: 81633 Cell-Area: 10496  
Peak-Memory: 9761.21 Elapsed: 55
       Partition:  pbs_iopt_7 - PBS_Iopt-Distributed_Report - Elapsed_Time 3.00, CPU_Time 2.00
       Partition:  pbs_iopt_7 - PBS_Iopt-Distributed_Write_DB - Elapsed_Time 6.00, CPU_Time 7.00
       pbs_iopt_7 - PBS_Iopt-Assembly - Elapsed_Time 11, CPU_Time 11.0
       Partition:  pbs_iopt_7 - Runtime taken by the partition - Elapsed_Time 61.00, CPU_Time 61.00
       Partition:  pbs_iopt_5 - PBS_Iopt-Distributed_Read_DB - Elapsed_Time 4.00, CPU_Time 3.00
       Partition:  pbs_iopt_5 - PBS_Iopt-Distributed_Iopt - Elapsed_Time 50.00, CPU_Time 50.00
       Start - Partition: pbs_iopt_5  Slack: 0.0 TNS: 0.0 Cell-Count: 83237 Cell-Area: 10721  
Init-Memory: 9761.21
       Done  - Partition: pbs_iopt_5  Slack: 0.0 TNS: 0.0 Cell-Count: 81525 Cell-Area: 10446  
Peak-Memory: 27279.73 Elapsed: 57
       Partition:  pbs_iopt_5 - PBS_Iopt-Distributed_Report - Elapsed_Time 3.00, CPU_Time 3.00
       Partition:  pbs_iopt_5 - PBS_Iopt-Distributed_Write_DB - Elapsed_Time 6.00, CPU_Time 7.00
       pbs_iopt_5 - PBS_Iopt-Assembly - Elapsed_Time 11, CPU_Time 11.0
       Partition:  pbs_iopt_5 - Runtime taken by the partition - Elapsed_Time 63.00, CPU_Time 63.00
       Partition:  pbs_iopt_8 - PBS_Iopt-Distributed_Read_DB - Elapsed_Time 3.00, CPU_Time 2.00
       Partition:  pbs_iopt_8 - PBS_Iopt-Distributed_Iopt - Elapsed_Time 58.00, CPU_Time 59.00
       Start - Partition: pbs_iopt_8  Slack: 0.0 TNS: 0.0 Cell-Count: 83237 Cell-Area: 10860  
Init-Memory: 9699.19
       Done  - Partition: pbs_iopt_8  Slack: 0.0 TNS: 0.0 Cell-Count: 80524 Cell-Area: 10446  
Peak-Memory: 9763.23 Elapsed: 64
       Partition:  pbs_iopt_8 - PBS_Iopt-Distributed_Report - Elapsed_Time 3.00, CPU_Time 3.00
       Partition:  pbs_iopt_8 - PBS_Iopt-Distributed_Write_DB - Elapsed_Time 7.00, CPU_Time 6.00
       pbs_iopt_8 - PBS_Iopt-Assembly - Elapsed_Time 12, CPU_Time 12.0
       Partition:  pbs_iopt_8 - Runtime taken by the partition - Elapsed_Time 71.00, CPU_Time 70.00
       Partition:  pbs_iopt_6 - PBS_Iopt-Distributed_Read_DB - Elapsed_Time 4.00, CPU_Time 4.00
       Partition:  pbs_iopt_6 - PBS_Iopt-Distributed_Iopt - Elapsed_Time 53.00, CPU_Time 52.00
       Start - Partition: pbs_iopt_6  Slack: 0.0 TNS: 0.0 Cell-Count: 83237 Cell-Area: 10722  
Init-Memory: 9697.18
       Done  - Partition: pbs_iopt_6  Slack: 0.0 TNS: 0.0 Cell-Count: 80983 Cell-Area: 10376  
Peak-Memory: 9761.21 Elapsed: 60
       Partition:  pbs_iopt_6 - PBS_Iopt-Distributed_Report - Elapsed_Time 3.00, CPU_Time 3.00
       Partition:  pbs_iopt_6 - PBS_Iopt-Distributed_Write_DB - Elapsed_Time 7.00, CPU_Time 7.00
       pbs_iopt_6 - PBS_Iopt-Assembly - Elapsed_Time 12, CPU_Time 12.0
       Partition:  pbs_iopt_6 - Runtime taken by the partition - Elapsed_Time 67.00, CPU_Time 66.00
       Partition:  pbs_iopt_13 - PBS_Iopt-Distributed_Read_DB - Elapsed_Time 4.00, CPU_Time 3.00
       Partition:  pbs_iopt_13 - PBS_Iopt-Distributed_Iopt - Elapsed_Time 49.00, CPU_Time 49.00
       Start - Partition: pbs_iopt_13  Slack: 0.0 TNS: 0.0 Cell-Count: 83236 Cell-Area: 10781  
Init-Memory: 9699.14
       Done  - Partition: pbs_iopt_13  Slack: 0.0 TNS: 0.0 Cell-Count: 81786 Cell-Area: 10547  
Peak-Memory: 9761.21 Elapsed: 56
       Partition:  pbs_iopt_13 - PBS_Iopt-Distributed_Report - Elapsed_Time 3.00, CPU_Time 3.00
       Partition:  pbs_iopt_13 - PBS_Iopt-Distributed_Write_DB - Elapsed_Time 7.00, CPU_Time 7.00
       pbs_iopt_13 - PBS_Iopt-Assembly - Elapsed_Time 11, CPU_Time 11.0
       Partition:  pbs_iopt_13 - Runtime taken by the partition - Elapsed_Time 63.00, CPU_Time 62.00
          Sending 'pbs_iopt_39 ./.pbs_mo.ece.pdx.edu_23315/pbs_iopt_39.etf' to server 'localhost_1_24'...
            Sent 'pbs_iopt_39 ./.pbs_mo.ece.pdx.edu_23315/pbs_iopt_39.etf' to server 'localhost_1_24'.
          Received 'pbs_iopt_12 ./.pbs_mo.ece.pdx.edu_23315/pbs_iopt_12.etf' from server 'localhost_1_23'. (77311 ms elapsed)
          Sending 'pbs_iopt_42 ./.pbs_mo.ece.pdx.edu_23315/pbs_iopt_42.etf' to server 'localhost_1_23'...
            Sent 'pbs_iopt_42 ./.pbs_mo.ece.pdx.edu_23315/pbs_iopt_42.etf' to server 'localhost_1_23'.
          Received 'pbs_iopt_2 ./.pbs_mo.ece.pdx.edu_23315/pbs_iopt_2.etf' from server 'localhost_1_28'. (77313 ms elapsed)
          Sending 'pbs_iopt_49 ./.pbs_mo.ece.pdx.edu_23315/pbs_iopt_49.etf' to server 'localhost_1_28'...
            Sent 'pbs_iopt_49 ./.pbs_mo.ece.pdx.edu_23315/pbs_iopt_49.etf' to server 'localhost_1_28'.
          Received 'pbs_iopt_11 ./.pbs_mo.ece.pdx.edu_23315/pbs_iopt_11.etf' from server 'localhost_1_22'. (77313 ms elapsed)
          Sending 'pbs_iopt_37 ./.pbs_mo.ece.pdx.edu_23315/pbs_iopt_37.etf' to server 'localhost_1_22'...
            Sent 'pbs_iopt_37 ./.pbs_mo.ece.pdx.edu_23315/pbs_iopt_37.etf' to server 'localhost_1_22'.
          Received 'pbs_iopt_4 ./.pbs_mo.ece.pdx.edu_23315/pbs_iopt_4.etf' from server 'localhost_1_27'. (88471 ms elapsed)
          Sending 'pbs_iopt_51 ./.pbs_mo.ece.pdx.edu_23315/pbs_iopt_51.etf' to server 'localhost_1_27'...
            Sent 'pbs_iopt_51 ./.pbs_mo.ece.pdx.edu_23315/pbs_iopt_51.etf' to server 'localhost_1_27'.
          Received 'pbs_iopt_14 ./.pbs_mo.ece.pdx.edu_23315/pbs_iopt_14.etf' from server 'localhost_1_0'. (88473 ms elapsed)
          Sending 'pbs_iopt_66 ./.pbs_mo.ece.pdx.edu_23315/pbs_iopt_66.etf' to server 'localhost_1_0'...
            Sent 'pbs_iopt_66 ./.pbs_mo.ece.pdx.edu_23315/pbs_iopt_66.etf' to server 'localhost_1_0'.
          Received 'pbs_iopt_9 ./.pbs_mo.ece.pdx.edu_23315/pbs_iopt_9.etf' from server 'localhost_1_26'. (94976 ms elapsed)
       Partition:  pbs_iopt_9 - PBS_Iopt-Distributed_Read_DB - Elapsed_Time 4.00, CPU_Time 3.00
       Partition:  pbs_iopt_9 - PBS_Iopt-Distributed_Iopt - Elapsed_Time 55.00, CPU_Time 55.00
       Start - Partition: pbs_iopt_9  Slack: 0.0 TNS: 0.0 Cell-Count: 83236 Cell-Area: 10744  
Init-Memory: 9697.18
       Done  - Partition: pbs_iopt_9  Slack: 0.0 TNS: 0.0 Cell-Count: 81747 Cell-Area: 10540  
Peak-Memory: 9761.21 Elapsed: 62
       Partition:  pbs_iopt_9 - PBS_Iopt-Distributed_Report - Elapsed_Time 3.00, CPU_Time 3.00
       Partition:  pbs_iopt_9 - PBS_Iopt-Distributed_Write_DB - Elapsed_Time 7.00, CPU_Time 7.00
       pbs_iopt_9 - PBS_Iopt-Assembly - Elapsed_Time 13, CPU_Time 13.0
       Partition:  pbs_iopt_9 - Runtime taken by the partition - Elapsed_Time 69.00, CPU_Time 68.00
       Partition:  pbs_iopt_14 - PBS_Iopt-Distributed_Read_DB - Elapsed_Time 3.00, CPU_Time 4.00
       Partition:  pbs_iopt_14 - PBS_Iopt-Distributed_Iopt - Elapsed_Time 57.00, CPU_Time 57.00
       Start - Partition: pbs_iopt_14  Slack: 0.0 TNS: 0.0 Cell-Count: 83236 Cell-Area: 10876  
Init-Memory: 9761.21
       Done  - Partition: pbs_iopt_14  Slack: 0.0 TNS: 0.0 Cell-Count: 81720 Cell-Area: 10646  
Peak-Memory: 27279.73 Elapsed: 64
       Partition:  pbs_iopt_14 - PBS_Iopt-Distributed_Report - Elapsed_Time 4.00, CPU_Time 4.00
       Partition:  pbs_iopt_14 - PBS_Iopt-Distributed_Write_DB - Elapsed_Time 7.00, CPU_Time 6.00
       pbs_iopt_14 - PBS_Iopt-Assembly - Elapsed_Time 10, CPU_Time 11.0
       Partition:  pbs_iopt_14 - Runtime taken by the partition - Elapsed_Time 71.00, CPU_Time 71.00
       Partition:  pbs_iopt_4 - PBS_Iopt-Distributed_Read_DB - Elapsed_Time 3.00, CPU_Time 3.00
       Partition:  pbs_iopt_4 - PBS_Iopt-Distributed_Iopt - Elapsed_Time 59.00, CPU_Time 60.00
       Start - Partition: pbs_iopt_4  Slack: 0.0 TNS: 0.0 Cell-Count: 83236 Cell-Area: 10771  
Init-Memory: 9697.18
       Done  - Partition: pbs_iopt_4  Slack: 0.0 TNS: 0.0 Cell-Count: 81297 Cell-Area: 10493  
Peak-Memory: 9761.21 Elapsed: 66
       Partition:  pbs_iopt_4 - PBS_Iopt-Distributed_Report - Elapsed_Time 4.00, CPU_Time 3.00
       Partition:  pbs_iopt_4 - PBS_Iopt-Distributed_Write_DB - Elapsed_Time 6.00, CPU_Time 6.00
       pbs_iopt_4 - PBS_Iopt-Assembly - Elapsed_Time 11, CPU_Time 10.0
       Partition:  pbs_iopt_4 - Runtime taken by the partition - Elapsed_Time 72.00, CPU_Time 72.00
       Partition:  pbs_iopt_11 - PBS_Iopt-Distributed_Read_DB - Elapsed_Time 4.00, CPU_Time 3.00
       Partition:  pbs_iopt_11 - PBS_Iopt-Distributed_Iopt - Elapsed_Time 53.00, CPU_Time 54.00
       Start - Partition: pbs_iopt_11  Slack: 0.0 TNS: 0.0 Cell-Count: 83235 Cell-Area: 10702  
Init-Memory: 9699.25
       Done  - Partition: pbs_iopt_11  Slack: 0.0 TNS: 0.0 Cell-Count: 81627 Cell-Area: 10506  
Peak-Memory: 9763.29 Elapsed: 60
       Partition:  pbs_iopt_11 - PBS_Iopt-Distributed_Report - Elapsed_Time 3.00, CPU_Time 2.00
       Partition:  pbs_iopt_11 - PBS_Iopt-Distributed_Write_DB - Elapsed_Time 6.00, CPU_Time 7.00
       pbs_iopt_11 - PBS_Iopt-Assembly - Elapsed_Time 11, CPU_Time 11.0
       Partition:  pbs_iopt_11 - Runtime taken by the partition - Elapsed_Time 66.00, CPU_Time 66.00
       Partition:  pbs_iopt_2 - PBS_Iopt-Distributed_Read_DB - Elapsed_Time 4.00, CPU_Time 4.00
       Partition:  pbs_iopt_2 - PBS_Iopt-Distributed_Iopt - Elapsed_Time 55.00, CPU_Time 55.00
       Start - Partition: pbs_iopt_2  Slack: 0.0 TNS: 0.0 Cell-Count: 83231 Cell-Area: 10728  
Init-Memory: 9699.14
       Done  - Partition: pbs_iopt_2  Slack: 0.0 TNS: 0.0 Cell-Count: 81310 Cell-Area: 10466  
Peak-Memory: 9761.21 Elapsed: 62
       Partition:  pbs_iopt_2 - PBS_Iopt-Distributed_Report - Elapsed_Time 3.00, CPU_Time 3.00
       Partition:  pbs_iopt_2 - PBS_Iopt-Distributed_Write_DB - Elapsed_Time 6.00, CPU_Time 6.00
       pbs_iopt_2 - PBS_Iopt-Assembly - Elapsed_Time 10, CPU_Time 11.0
       Partition:  pbs_iopt_2 - Runtime taken by the partition - Elapsed_Time 68.00, CPU_Time 68.00
       Partition:  pbs_iopt_12 - PBS_Iopt-Distributed_Read_DB - Elapsed_Time 3.00, CPU_Time 3.00
       Partition:  pbs_iopt_12 - PBS_Iopt-Distributed_Iopt - Elapsed_Time 49.00, CPU_Time 49.00
       Start - Partition: pbs_iopt_12  Slack: 0.0 TNS: 0.0 Cell-Count: 83224 Cell-Area: 10749  
Init-Memory: 9697.18
       Done  - Partition: pbs_iopt_12  Slack: 0.0 TNS: 0.0 Cell-Count: 80918 Cell-Area: 10415  
Peak-Memory: 9761.21 Elapsed: 55
       Partition:  pbs_iopt_12 - PBS_Iopt-Distributed_Report - Elapsed_Time 3.00, CPU_Time 3.00
       Partition:  pbs_iopt_12 - PBS_Iopt-Distributed_Write_DB - Elapsed_Time 7.00, CPU_Time 7.00
       pbs_iopt_12 - PBS_Iopt-Assembly - Elapsed_Time 12, CPU_Time 11.0
       Partition:  pbs_iopt_12 - Runtime taken by the partition - Elapsed_Time 62.00, CPU_Time 62.00
          Sending 'pbs_iopt_55 ./.pbs_mo.ece.pdx.edu_23315/pbs_iopt_55.etf' to server 'localhost_1_26'...
            Sent 'pbs_iopt_55 ./.pbs_mo.ece.pdx.edu_23315/pbs_iopt_55.etf' to server 'localhost_1_26'.
          Received 'pbs_iopt_48 ./.pbs_mo.ece.pdx.edu_23315/pbs_iopt_48.etf' from server 'localhost_1_25'. (143969 ms elapsed)
       Partition:  pbs_iopt_48 - PBS_Iopt-Distributed_Read_DB - Elapsed_Time 2.00, CPU_Time 2.00
       Partition:  pbs_iopt_48 - PBS_Iopt-Distributed_Iopt - Elapsed_Time 107.00, CPU_Time 107.00
       Start - Partition: pbs_iopt_48  Slack: 0.0 TNS: 0.0 Cell-Count: 83037 Cell-Area: 6552  
Init-Memory: 9699.19
       Done  - Partition: pbs_iopt_48  Slack: 0.0 TNS: 0.0 Cell-Count: 73967 Cell-Area: 6110  
Peak-Memory: 9763.23 Elapsed: 111
       Partition:  pbs_iopt_48 - PBS_Iopt-Distributed_Report - Elapsed_Time 2.00, CPU_Time 2.00
       Partition:  pbs_iopt_48 - PBS_Iopt-Distributed_Write_DB - Elapsed_Time 5.00, CPU_Time 5.00
       pbs_iopt_48 - PBS_Iopt-Assembly - Elapsed_Time 6, CPU_Time 6.0
       Partition:  pbs_iopt_48 - Runtime taken by the partition - Elapsed_Time 116.00, CPU_Time 116.00
          Sending 'pbs_iopt_56 ./.pbs_mo.ece.pdx.edu_23315/pbs_iopt_56.etf' to server 'localhost_1_25'...
            Sent 'pbs_iopt_56 ./.pbs_mo.ece.pdx.edu_23315/pbs_iopt_56.etf' to server 'localhost_1_25'.
          Received 'pbs_iopt_66 ./.pbs_mo.ece.pdx.edu_23315/pbs_iopt_66.etf' from server 'localhost_1_0'. (114579 ms elapsed)
          Sending 'pbs_iopt_62 ./.pbs_mo.ece.pdx.edu_23315/pbs_iopt_62.etf' to server 'localhost_1_0'...
            Sent 'pbs_iopt_62 ./.pbs_mo.ece.pdx.edu_23315/pbs_iopt_62.etf' to server 'localhost_1_0'.
          Received 'pbs_iopt_49 ./.pbs_mo.ece.pdx.edu_23315/pbs_iopt_49.etf' from server 'localhost_1_28'. (118817 ms elapsed)
          Sending 'pbs_iopt_54 ./.pbs_mo.ece.pdx.edu_23315/pbs_iopt_54.etf' to server 'localhost_1_28'...
            Sent 'pbs_iopt_54 ./.pbs_mo.ece.pdx.edu_23315/pbs_iopt_54.etf' to server 'localhost_1_28'.
          Received 'pbs_iopt_42 ./.pbs_mo.ece.pdx.edu_23315/pbs_iopt_42.etf' from server 'localhost_1_23'. (118820 ms elapsed)
          Sending 'pbs_iopt_20 ./.pbs_mo.ece.pdx.edu_23315/pbs_iopt_20.etf' to server 'localhost_1_23'...
            Sent 'pbs_iopt_20 ./.pbs_mo.ece.pdx.edu_23315/pbs_iopt_20.etf' to server 'localhost_1_23'.
          Received 'pbs_iopt_39 ./.pbs_mo.ece.pdx.edu_23315/pbs_iopt_39.etf' from server 'localhost_1_24'. (118837 ms elapsed)
       Partition:  pbs_iopt_39 - PBS_Iopt-Distributed_Read_DB - Elapsed_Time 3.00, CPU_Time 2.00
       Partition:  pbs_iopt_39 - PBS_Iopt-Distributed_Iopt - Elapsed_Time 109.00, CPU_Time 110.00
       Start - Partition: pbs_iopt_39  Slack: 0.0 TNS: 0.0 Cell-Count: 82973 Cell-Area: 6538  
Init-Memory: 9697.18
       Done  - Partition: pbs_iopt_39  Slack: 0.0 TNS: 0.0 Cell-Count: 73471 Cell-Area: 6063  
Peak-Memory: 9761.21 Elapsed: 114
       Partition:  pbs_iopt_39 - PBS_Iopt-Distributed_Report - Elapsed_Time 2.00, CPU_Time 1.00
       Partition:  pbs_iopt_39 - PBS_Iopt-Distributed_Write_DB - Elapsed_Time 4.00, CPU_Time 5.00
       pbs_iopt_39 - PBS_Iopt-Assembly - Elapsed_Time 7, CPU_Time 7.0
       Partition:  pbs_iopt_39 - Runtime taken by the partition - Elapsed_Time 118.00, CPU_Time 118.00
       Partition:  pbs_iopt_42 - PBS_Iopt-Distributed_Read_DB - Elapsed_Time 3.00, CPU_Time 2.00
       Partition:  pbs_iopt_42 - PBS_Iopt-Distributed_Iopt - Elapsed_Time 106.00, CPU_Time 106.00
       Start - Partition: pbs_iopt_42  Slack: 0.0 TNS: 0.0 Cell-Count: 82908 Cell-Area: 6535  
Init-Memory: 9697.18
       Done  - Partition: pbs_iopt_42  Slack: 0.0 TNS: 0.0 Cell-Count: 73368 Cell-Area: 6062  
Peak-Memory: 9761.21 Elapsed: 110
       Partition:  pbs_iopt_42 - PBS_Iopt-Distributed_Report - Elapsed_Time 1.00, CPU_Time 1.00
       Partition:  pbs_iopt_42 - PBS_Iopt-Distributed_Write_DB - Elapsed_Time 5.00, CPU_Time 5.00
       pbs_iopt_42 - PBS_Iopt-Assembly - Elapsed_Time 6, CPU_Time 6.0
       Partition:  pbs_iopt_42 - Runtime taken by the partition - Elapsed_Time 115.00, CPU_Time 114.00
       Partition:  pbs_iopt_49 - PBS_Iopt-Distributed_Read_DB - Elapsed_Time 3.00, CPU_Time 2.00
       Partition:  pbs_iopt_49 - PBS_Iopt-Distributed_Iopt - Elapsed_Time 109.00, CPU_Time 110.00
       Start - Partition: pbs_iopt_49  Slack: 0.0 TNS: 0.0 Cell-Count: 82715 Cell-Area: 6524  
Init-Memory: 9699.14
       Done  - Partition: pbs_iopt_49  Slack: 0.0 TNS: 0.0 Cell-Count: 73381 Cell-Area: 6057  
Peak-Memory: 9761.21 Elapsed: 114
       Partition:  pbs_iopt_49 - PBS_Iopt-Distributed_Report - Elapsed_Time 2.00, CPU_Time 1.00
       Partition:  pbs_iopt_49 - PBS_Iopt-Distributed_Write_DB - Elapsed_Time 4.00, CPU_Time 5.00
       pbs_iopt_49 - PBS_Iopt-Assembly - Elapsed_Time 5, CPU_Time 5.0
       Partition:  pbs_iopt_49 - Runtime taken by the partition - Elapsed_Time 118.00, CPU_Time 118.00
          Sending 'pbs_iopt_46 ./.pbs_mo.ece.pdx.edu_23315/pbs_iopt_46.etf' to server 'localhost_1_24'...
            Sent 'pbs_iopt_46 ./.pbs_mo.ece.pdx.edu_23315/pbs_iopt_46.etf' to server 'localhost_1_24'.
          Received 'pbs_iopt_51 ./.pbs_mo.ece.pdx.edu_23315/pbs_iopt_51.etf' from server 'localhost_1_27'. (136713 ms elapsed)
          Sending 'pbs_iopt_47 ./.pbs_mo.ece.pdx.edu_23315/pbs_iopt_47.etf' to server 'localhost_1_27'...
            Sent 'pbs_iopt_47 ./.pbs_mo.ece.pdx.edu_23315/pbs_iopt_47.etf' to server 'localhost_1_27'.
          Received 'pbs_iopt_37 ./.pbs_mo.ece.pdx.edu_23315/pbs_iopt_37.etf' from server 'localhost_1_22'. (136713 ms elapsed)
       Partition:  pbs_iopt_37 - PBS_Iopt-Distributed_Read_DB - Elapsed_Time 3.00, CPU_Time 2.00
       Partition:  pbs_iopt_37 - PBS_Iopt-Distributed_Iopt - Elapsed_Time 118.00, CPU_Time 118.00
       Start - Partition: pbs_iopt_37  Slack: 0.0 TNS: 0.0 Cell-Count: 82647 Cell-Area: 6519  
Init-Memory: 9699.25
       Done  - Partition: pbs_iopt_37  Slack: 0.0 TNS: 0.0 Cell-Count: 73286 Cell-Area: 6052  
Peak-Memory: 9763.29 Elapsed: 123
       Partition:  pbs_iopt_37 - PBS_Iopt-Distributed_Report - Elapsed_Time 2.00, CPU_Time 2.00
       Partition:  pbs_iopt_37 - PBS_Iopt-Distributed_Write_DB - Elapsed_Time 4.00, CPU_Time 5.00
       pbs_iopt_37 - PBS_Iopt-Assembly - Elapsed_Time 5, CPU_Time 5.0
       Partition:  pbs_iopt_37 - Runtime taken by the partition - Elapsed_Time 127.00, CPU_Time 127.00
       Partition:  pbs_iopt_51 - PBS_Iopt-Distributed_Read_DB - Elapsed_Time 3.00, CPU_Time 3.00
       Partition:  pbs_iopt_51 - PBS_Iopt-Distributed_Iopt - Elapsed_Time 115.00, CPU_Time 114.00
       Start - Partition: pbs_iopt_51  Slack: 3.0 TNS: 0.0 Cell-Count: 82617 Cell-Area: 6519  
Init-Memory: 9697.18
       Done  - Partition: pbs_iopt_51  Slack: 0.0 TNS: 0.0 Cell-Count: 73233 Cell-Area: 6050  
Peak-Memory: 9761.21 Elapsed: 120
       Partition:  pbs_iopt_51 - PBS_Iopt-Distributed_Report - Elapsed_Time 2.00, CPU_Time 2.00
       Partition:  pbs_iopt_51 - PBS_Iopt-Distributed_Write_DB - Elapsed_Time 4.00, CPU_Time 5.00
       pbs_iopt_51 - PBS_Iopt-Assembly - Elapsed_Time 6, CPU_Time 6.0
       Partition:  pbs_iopt_51 - Runtime taken by the partition - Elapsed_Time 124.00, CPU_Time 124.00
       Partition:  pbs_iopt_66 - PBS_Iopt-Distributed_Read_DB - Elapsed_Time 3.00, CPU_Time 2.00
       Partition:  pbs_iopt_66 - PBS_Iopt-Distributed_Iopt - Elapsed_Time 105.00, CPU_Time 105.00
       Start - Partition: pbs_iopt_66  Slack: 2.1 TNS: 0.0 Cell-Count: 81981 Cell-Area: 6499  
Init-Memory: 9761.21
       Done  - Partition: pbs_iopt_66  Slack: 0.0 TNS: 0.0 Cell-Count: 73456 Cell-Area: 6072  
Peak-Memory: 27279.73 Elapsed: 109
       Partition:  pbs_iopt_66 - PBS_Iopt-Distributed_Report - Elapsed_Time 1.00, CPU_Time 2.00
       Partition:  pbs_iopt_66 - PBS_Iopt-Distributed_Write_DB - Elapsed_Time 5.00, CPU_Time 4.00
       pbs_iopt_66 - PBS_Iopt-Assembly - Elapsed_Time 6, CPU_Time 6.0
       Partition:  pbs_iopt_66 - Runtime taken by the partition - Elapsed_Time 114.00, CPU_Time 113.00
          Sending 'pbs_iopt_50 ./.pbs_mo.ece.pdx.edu_23315/pbs_iopt_50.etf' to server 'localhost_1_22'...
            Sent 'pbs_iopt_50 ./.pbs_mo.ece.pdx.edu_23315/pbs_iopt_50.etf' to server 'localhost_1_22'.
          Received 'pbs_iopt_55 ./.pbs_mo.ece.pdx.edu_23315/pbs_iopt_55.etf' from server 'localhost_1_26'. (110806 ms elapsed)
       Partition:  pbs_iopt_55 - PBS_Iopt-Distributed_Read_DB - Elapsed_Time 2.00, CPU_Time 2.00
       Partition:  pbs_iopt_55 - PBS_Iopt-Distributed_Iopt - Elapsed_Time 101.00, CPU_Time 101.00
       Start - Partition: pbs_iopt_55  Slack: 0.0 TNS: 0.0 Cell-Count: 81834 Cell-Area: 6491  
Init-Memory: 9697.18
       Done  - Partition: pbs_iopt_55  Slack: 0.0 TNS: 0.0 Cell-Count: 73484 Cell-Area: 6072  
Peak-Memory: 9761.21 Elapsed: 105
       Partition:  pbs_iopt_55 - PBS_Iopt-Distributed_Report - Elapsed_Time 2.00, CPU_Time 2.00
       Partition:  pbs_iopt_55 - PBS_Iopt-Distributed_Write_DB - Elapsed_Time 5.00, CPU_Time 4.00
       pbs_iopt_55 - PBS_Iopt-Assembly - Elapsed_Time 7, CPU_Time 7.0
       Partition:  pbs_iopt_55 - Runtime taken by the partition - Elapsed_Time 110.00, CPU_Time 109.00
          Sending 'pbs_iopt_61 ./.pbs_mo.ece.pdx.edu_23315/pbs_iopt_61.etf' to server 'localhost_1_26'...
            Sent 'pbs_iopt_61 ./.pbs_mo.ece.pdx.edu_23315/pbs_iopt_61.etf' to server 'localhost_1_26'.
          Received 'pbs_iopt_20 ./.pbs_mo.ece.pdx.edu_23315/pbs_iopt_20.etf' from server 'localhost_1_23'. (72472 ms elapsed)
          Sending 'pbs_iopt_65 ./.pbs_mo.ece.pdx.edu_23315/pbs_iopt_65.etf' to server 'localhost_1_23'...
            Sent 'pbs_iopt_65 ./.pbs_mo.ece.pdx.edu_23315/pbs_iopt_65.etf' to server 'localhost_1_23'.
          Received 'pbs_iopt_56 ./.pbs_mo.ece.pdx.edu_23315/pbs_iopt_56.etf' from server 'localhost_1_25'. (119000 ms elapsed)
       Partition:  pbs_iopt_56 - PBS_Iopt-Distributed_Read_DB - Elapsed_Time 2.00, CPU_Time 2.00
       Partition:  pbs_iopt_56 - PBS_Iopt-Distributed_Iopt - Elapsed_Time 102.00, CPU_Time 102.00
       Start - Partition: pbs_iopt_56  Slack: 0.0 TNS: 0.0 Cell-Count: 79726 Cell-Area: 6336  
Init-Memory: 9699.19
       Done  - Partition: pbs_iopt_56  Slack: 0.0 TNS: 0.0 Cell-Count: 72291 Cell-Area: 5973  
Peak-Memory: 9763.23 Elapsed: 106
       Partition:  pbs_iopt_56 - PBS_Iopt-Distributed_Report - Elapsed_Time 2.00, CPU_Time 2.00
       Partition:  pbs_iopt_56 - PBS_Iopt-Distributed_Write_DB - Elapsed_Time 4.00, CPU_Time 5.00
       pbs_iopt_56 - PBS_Iopt-Assembly - Elapsed_Time 6, CPU_Time 7.0
       Partition:  pbs_iopt_56 - Runtime taken by the partition - Elapsed_Time 110.00, CPU_Time 111.00
          Sending 'pbs_iopt_60 ./.pbs_mo.ece.pdx.edu_23315/pbs_iopt_60.etf' to server 'localhost_1_25'...
            Sent 'pbs_iopt_60 ./.pbs_mo.ece.pdx.edu_23315/pbs_iopt_60.etf' to server 'localhost_1_25'.
          Received 'pbs_iopt_54 ./.pbs_mo.ece.pdx.edu_23315/pbs_iopt_54.etf' from server 'localhost_1_28'. (106857 ms elapsed)
          Sending 'pbs_iopt_59 ./.pbs_mo.ece.pdx.edu_23315/pbs_iopt_59.etf' to server 'localhost_1_28'...
            Sent 'pbs_iopt_59 ./.pbs_mo.ece.pdx.edu_23315/pbs_iopt_59.etf' to server 'localhost_1_28'.
          Received 'pbs_iopt_62 ./.pbs_mo.ece.pdx.edu_23315/pbs_iopt_62.etf' from server 'localhost_1_0'. (119202 ms elapsed)
       Partition:  pbs_iopt_62 - PBS_Iopt-Distributed_Read_DB - Elapsed_Time 1.00, CPU_Time 2.00
       Partition:  pbs_iopt_62 - PBS_Iopt-Distributed_Iopt - Elapsed_Time 111.00, CPU_Time 110.00
       Start - Partition: pbs_iopt_62  Slack: 0.0 TNS: 0.0 Cell-Count: 79714 Cell-Area: 6323  
Init-Memory: 9761.21
       Done  - Partition: pbs_iopt_62  Slack: 0.0 TNS: 0.0 Cell-Count: 71629 Cell-Area: 5916  
Peak-Memory: 27279.73 Elapsed: 114
       Partition:  pbs_iopt_62 - PBS_Iopt-Distributed_Report - Elapsed_Time 2.00, CPU_Time 2.00
       Partition:  pbs_iopt_62 - PBS_Iopt-Distributed_Write_DB - Elapsed_Time 4.00, CPU_Time 5.00
       pbs_iopt_62 - PBS_Iopt-Assembly - Elapsed_Time 6, CPU_Time 6.0
       Partition:  pbs_iopt_62 - Runtime taken by the partition - Elapsed_Time 118.00, CPU_Time 119.00
       Partition:  pbs_iopt_54 - PBS_Iopt-Distributed_Read_DB - Elapsed_Time 2.00, CPU_Time 2.00
       Partition:  pbs_iopt_54 - PBS_Iopt-Distributed_Iopt - Elapsed_Time 98.00, CPU_Time 98.00
       Start - Partition: pbs_iopt_54  Slack: 2.6 TNS: 0.0 Cell-Count: 79614 Cell-Area: 6316  
Init-Memory: 9699.14
       Done  - Partition: pbs_iopt_54  Slack: 0.0 TNS: 0.0 Cell-Count: 71518 Cell-Area: 5911  
Peak-Memory: 9761.21 Elapsed: 102
       Partition:  pbs_iopt_54 - PBS_Iopt-Distributed_Report - Elapsed_Time 2.00, CPU_Time 2.00
       Partition:  pbs_iopt_54 - PBS_Iopt-Distributed_Write_DB - Elapsed_Time 4.00, CPU_Time 4.00
       pbs_iopt_54 - PBS_Iopt-Assembly - Elapsed_Time 6, CPU_Time 6.0
       Partition:  pbs_iopt_54 - Runtime taken by the partition - Elapsed_Time 106.00, CPU_Time 106.00
       Partition:  pbs_iopt_20 - PBS_Iopt-Distributed_Read_DB - Elapsed_Time 3.00, CPU_Time 3.00
       Partition:  pbs_iopt_20 - PBS_Iopt-Distributed_Iopt - Elapsed_Time 59.00, CPU_Time 59.00
       Start - Partition: pbs_iopt_20  Slack: 0.0 TNS: 0.0 Cell-Count: 79538 Cell-Area: 9980  
Init-Memory: 9697.18
       Done  - Partition: pbs_iopt_20  Slack: 0.0 TNS: 0.0 Cell-Count: 77086 Cell-Area: 9659  
Peak-Memory: 9761.21 Elapsed: 65
       Partition:  pbs_iopt_20 - PBS_Iopt-Distributed_Report - Elapsed_Time 3.00, CPU_Time 2.00
       Partition:  pbs_iopt_20 - PBS_Iopt-Distributed_Write_DB - Elapsed_Time 6.00, CPU_Time 7.00
       pbs_iopt_20 - PBS_Iopt-Assembly - Elapsed_Time 13, CPU_Time 12.0
       Partition:  pbs_iopt_20 - Runtime taken by the partition - Elapsed_Time 71.00, CPU_Time 71.00
          Sending 'pbs_iopt_52 ./.pbs_mo.ece.pdx.edu_23315/pbs_iopt_52.etf' to server 'localhost_1_0'...
            Sent 'pbs_iopt_52 ./.pbs_mo.ece.pdx.edu_23315/pbs_iopt_52.etf' to server 'localhost_1_0'.
          Received 'pbs_iopt_47 ./.pbs_mo.ece.pdx.edu_23315/pbs_iopt_47.etf' from server 'localhost_1_27'. (121464 ms elapsed)
          Sending 'pbs_iopt_63 ./.pbs_mo.ece.pdx.edu_23315/pbs_iopt_63.etf' to server 'localhost_1_27'...
            Sent 'pbs_iopt_63 ./.pbs_mo.ece.pdx.edu_23315/pbs_iopt_63.etf' to server 'localhost_1_27'.
          Received 'pbs_iopt_46 ./.pbs_mo.ece.pdx.edu_23315/pbs_iopt_46.etf' from server 'localhost_1_24'. (121464 ms elapsed)
       Partition:  pbs_iopt_46 - PBS_Iopt-Distributed_Read_DB - Elapsed_Time 2.00, CPU_Time 2.00
       Partition:  pbs_iopt_46 - PBS_Iopt-Distributed_Iopt - Elapsed_Time 105.00, CPU_Time 105.00
       Start - Partition: pbs_iopt_46  Slack: 0.0 TNS: 0.0 Cell-Count: 78204 Cell-Area: 6167  
Init-Memory: 9697.18
       Done  - Partition: pbs_iopt_46  Slack: 0.0 TNS: 0.0 Cell-Count: 69191 Cell-Area: 5719  
Peak-Memory: 9761.21 Elapsed: 109
       Partition:  pbs_iopt_46 - PBS_Iopt-Distributed_Report - Elapsed_Time 2.00, CPU_Time 2.00
       Partition:  pbs_iopt_46 - PBS_Iopt-Distributed_Write_DB - Elapsed_Time 5.00, CPU_Time 4.00
       pbs_iopt_46 - PBS_Iopt-Assembly - Elapsed_Time 5, CPU_Time 6.0
       Partition:  pbs_iopt_46 - Runtime taken by the partition - Elapsed_Time 114.00, CPU_Time 113.00
       Partition:  pbs_iopt_47 - PBS_Iopt-Distributed_Read_DB - Elapsed_Time 2.00, CPU_Time 2.00
       Partition:  pbs_iopt_47 - PBS_Iopt-Distributed_Iopt - Elapsed_Time 102.00, CPU_Time 102.00
       Start - Partition: pbs_iopt_47  Slack: 0.0 TNS: 0.0 Cell-Count: 78125 Cell-Area: 6152  
Init-Memory: 9697.18
       Done  - Partition: pbs_iopt_47  Slack: 0.0 TNS: 0.0 Cell-Count: 69019 Cell-Area: 5701  
Peak-Memory: 9761.21 Elapsed: 106
       Partition:  pbs_iopt_47 - PBS_Iopt-Distributed_Report - Elapsed_Time 2.00, CPU_Time 1.00
       Partition:  pbs_iopt_47 - PBS_Iopt-Distributed_Write_DB - Elapsed_Time 5.00, CPU_Time 6.00
       pbs_iopt_47 - PBS_Iopt-Assembly - Elapsed_Time 5, CPU_Time 5.0
       Partition:  pbs_iopt_47 - Runtime taken by the partition - Elapsed_Time 111.00, CPU_Time 111.00
          Sending 'pbs_iopt_3 ./.pbs_mo.ece.pdx.edu_23315/pbs_iopt_3.etf' to server 'localhost_1_24'...
            Sent 'pbs_iopt_3 ./.pbs_mo.ece.pdx.edu_23315/pbs_iopt_3.etf' to server 'localhost_1_24'.
          Received 'pbs_iopt_50 ./.pbs_mo.ece.pdx.edu_23315/pbs_iopt_50.etf' from server 'localhost_1_22'. (115029 ms elapsed)
       Partition:  pbs_iopt_50 - PBS_Iopt-Distributed_Read_DB - Elapsed_Time 2.00, CPU_Time 2.00
       Partition:  pbs_iopt_50 - PBS_Iopt-Distributed_Iopt - Elapsed_Time 102.00, CPU_Time 103.00
       Start - Partition: pbs_iopt_50  Slack: 6.6 TNS: 0.0 Cell-Count: 78114 Cell-Area: 6161  
Init-Memory: 9699.25
       Done  - Partition: pbs_iopt_50  Slack: 0.0 TNS: 0.0 Cell-Count: 69107 Cell-Area: 5711  
Peak-Memory: 9763.29 Elapsed: 106
       Partition:  pbs_iopt_50 - PBS_Iopt-Distributed_Report - Elapsed_Time 2.00, CPU_Time 2.00
       Partition:  pbs_iopt_50 - PBS_Iopt-Distributed_Write_DB - Elapsed_Time 4.00, CPU_Time 4.00
       pbs_iopt_50 - PBS_Iopt-Assembly - Elapsed_Time 5, CPU_Time 5.0
       Partition:  pbs_iopt_50 - Runtime taken by the partition - Elapsed_Time 110.00, CPU_Time 111.00
          Sending 'pbs_iopt_0 ./.pbs_mo.ece.pdx.edu_23315/pbs_iopt_0.etf' to server 'localhost_1_22'...
            Sent 'pbs_iopt_0 ./.pbs_mo.ece.pdx.edu_23315/pbs_iopt_0.etf' to server 'localhost_1_22'.
          Received 'pbs_iopt_61 ./.pbs_mo.ece.pdx.edu_23315/pbs_iopt_61.etf' from server 'localhost_1_26'. (106108 ms elapsed)
       Partition:  pbs_iopt_61 - PBS_Iopt-Distributed_Read_DB - Elapsed_Time 2.00, CPU_Time 2.00
       Partition:  pbs_iopt_61 - PBS_Iopt-Distributed_Iopt - Elapsed_Time 98.00, CPU_Time 97.00
       Start - Partition: pbs_iopt_61  Slack: 0.0 TNS: 0.0 Cell-Count: 77398 Cell-Area: 6138  
Init-Memory: 9697.18
       Done  - Partition: pbs_iopt_61  Slack: 0.0 TNS: 0.0 Cell-Count: 69503 Cell-Area: 5745  
Peak-Memory: 9761.21 Elapsed: 101
       Partition:  pbs_iopt_61 - PBS_Iopt-Distributed_Report - Elapsed_Time 1.00, CPU_Time 2.00
       Partition:  pbs_iopt_61 - PBS_Iopt-Distributed_Write_DB - Elapsed_Time 5.00, CPU_Time 4.00
       pbs_iopt_61 - PBS_Iopt-Assembly - Elapsed_Time 7, CPU_Time 7.0
       Partition:  pbs_iopt_61 - Runtime taken by the partition - Elapsed_Time 106.00, CPU_Time 105.00
          Sending 'pbs_iopt_45 ./.pbs_mo.ece.pdx.edu_23315/pbs_iopt_45.etf' to server 'localhost_1_26'...
            Sent 'pbs_iopt_45 ./.pbs_mo.ece.pdx.edu_23315/pbs_iopt_45.etf' to server 'localhost_1_26'.
          Received 'pbs_iopt_65 ./.pbs_mo.ece.pdx.edu_23315/pbs_iopt_65.etf' from server 'localhost_1_23'. (106741 ms elapsed)
       Partition:  pbs_iopt_65 - PBS_Iopt-Distributed_Read_DB - Elapsed_Time 1.00, CPU_Time 2.00
       Partition:  pbs_iopt_65 - PBS_Iopt-Distributed_Iopt - Elapsed_Time 94.00, CPU_Time 93.00
       Start - Partition: pbs_iopt_65  Slack: 0.0 TNS: 0.0 Cell-Count: 77356 Cell-Area: 6134  
Init-Memory: 9697.18
       Done  - Partition: pbs_iopt_65  Slack: 0.0 TNS: 0.0 Cell-Count: 69402 Cell-Area: 5734  
Peak-Memory: 9761.21 Elapsed: 96
       Partition:  pbs_iopt_65 - PBS_Iopt-Distributed_Report - Elapsed_Time 1.00, CPU_Time 1.00
       Partition:  pbs_iopt_65 - PBS_Iopt-Distributed_Write_DB - Elapsed_Time 4.00, CPU_Time 5.00
       pbs_iopt_65 - PBS_Iopt-Assembly - Elapsed_Time 6, CPU_Time 6.0
       Partition:  pbs_iopt_65 - Runtime taken by the partition - Elapsed_Time 100.00, CPU_Time 101.00
          Sending 'pbs_iopt_30 ./.pbs_mo.ece.pdx.edu_23315/pbs_iopt_30.etf' to server 'localhost_1_23'...
            Sent 'pbs_iopt_30 ./.pbs_mo.ece.pdx.edu_23315/pbs_iopt_30.etf' to server 'localhost_1_23'.
          Received 'pbs_iopt_60 ./.pbs_mo.ece.pdx.edu_23315/pbs_iopt_60.etf' from server 'localhost_1_25'. (112248 ms elapsed)
       Partition:  pbs_iopt_60 - PBS_Iopt-Distributed_Read_DB - Elapsed_Time 2.00, CPU_Time 2.00
       Partition:  pbs_iopt_60 - PBS_Iopt-Distributed_Iopt - Elapsed_Time 103.00, CPU_Time 103.00
       Start - Partition: pbs_iopt_60  Slack: 0.0 TNS: 0.0 Cell-Count: 77321 Cell-Area: 6134  
Init-Memory: 9699.19
       Done  - Partition: pbs_iopt_60  Slack: 0.0 TNS: 0.0 Cell-Count: 69414 Cell-Area: 5737  
Peak-Memory: 9763.23 Elapsed: 107
       Partition:  pbs_iopt_60 - PBS_Iopt-Distributed_Report - Elapsed_Time 2.00, CPU_Time 2.00
       Partition:  pbs_iopt_60 - PBS_Iopt-Distributed_Write_DB - Elapsed_Time 5.00, CPU_Time 5.00
       pbs_iopt_60 - PBS_Iopt-Assembly - Elapsed_Time 6, CPU_Time 6.0
       Partition:  pbs_iopt_60 - Runtime taken by the partition - Elapsed_Time 112.00, CPU_Time 112.00
          Sending 'pbs_iopt_32 ./.pbs_mo.ece.pdx.edu_23315/pbs_iopt_32.etf' to server 'localhost_1_25'...
            Sent 'pbs_iopt_32 ./.pbs_mo.ece.pdx.edu_23315/pbs_iopt_32.etf' to server 'localhost_1_25'.
          Received 'pbs_iopt_59 ./.pbs_mo.ece.pdx.edu_23315/pbs_iopt_59.etf' from server 'localhost_1_28'. (100817 ms elapsed)
       Partition:  pbs_iopt_59 - PBS_Iopt-Distributed_Read_DB - Elapsed_Time 2.00, CPU_Time 1.00
       Partition:  pbs_iopt_59 - PBS_Iopt-Distributed_Iopt - Elapsed_Time 92.00, CPU_Time 93.00
       Start - Partition: pbs_iopt_59  Slack: 1.8 TNS: 0.0 Cell-Count: 77304 Cell-Area: 6132  
Init-Memory: 9699.14
       Done  - Partition: pbs_iopt_59  Slack: 0.0 TNS: 0.0 Cell-Count: 69380 Cell-Area: 5735  
Peak-Memory: 9761.21 Elapsed: 96
       Partition:  pbs_iopt_59 - PBS_Iopt-Distributed_Report - Elapsed_Time 2.00, CPU_Time 1.00
       Partition:  pbs_iopt_59 - PBS_Iopt-Distributed_Write_DB - Elapsed_Time 4.00, CPU_Time 5.00
       pbs_iopt_59 - PBS_Iopt-Assembly - Elapsed_Time 6, CPU_Time 6.0
       Partition:  pbs_iopt_59 - Runtime taken by the partition - Elapsed_Time 100.00, CPU_Time 100.00
          Sending 'pbs_iopt_64 ./.pbs_mo.ece.pdx.edu_23315/pbs_iopt_64.etf' to server 'localhost_1_28'...
            Sent 'pbs_iopt_64 ./.pbs_mo.ece.pdx.edu_23315/pbs_iopt_64.etf' to server 'localhost_1_28'.
          Received 'pbs_iopt_3 ./.pbs_mo.ece.pdx.edu_23315/pbs_iopt_3.etf' from server 'localhost_1_24'. (65073 ms elapsed)
          Sending 'pbs_iopt_41 ./.pbs_mo.ece.pdx.edu_23315/pbs_iopt_41.etf' to server 'localhost_1_24'...
            Sent 'pbs_iopt_41 ./.pbs_mo.ece.pdx.edu_23315/pbs_iopt_41.etf' to server 'localhost_1_24'.
          Received 'pbs_iopt_0 ./.pbs_mo.ece.pdx.edu_23315/pbs_iopt_0.etf' from server 'localhost_1_22'. (72996 ms elapsed)
          Sending 'pbs_iopt_38 ./.pbs_mo.ece.pdx.edu_23315/pbs_iopt_38.etf' to server 'localhost_1_22'...
            Sent 'pbs_iopt_38 ./.pbs_mo.ece.pdx.edu_23315/pbs_iopt_38.etf' to server 'localhost_1_22'.
          Received 'pbs_iopt_63 ./.pbs_mo.ece.pdx.edu_23315/pbs_iopt_63.etf' from server 'localhost_1_27'. (106478 ms elapsed)
          Sending 'pbs_iopt_44 ./.pbs_mo.ece.pdx.edu_23315/pbs_iopt_44.etf' to server 'localhost_1_27'...
            Sent 'pbs_iopt_44 ./.pbs_mo.ece.pdx.edu_23315/pbs_iopt_44.etf' to server 'localhost_1_27'.
          Received 'pbs_iopt_30 ./.pbs_mo.ece.pdx.edu_23315/pbs_iopt_30.etf' from server 'localhost_1_23'. (61524 ms elapsed)
          Sending 'pbs_iopt_58 ./.pbs_mo.ece.pdx.edu_23315/pbs_iopt_58.etf' to server 'localhost_1_23'...
            Sent 'pbs_iopt_58 ./.pbs_mo.ece.pdx.edu_23315/pbs_iopt_58.etf' to server 'localhost_1_23'.
          Received 'pbs_iopt_52 ./.pbs_mo.ece.pdx.edu_23315/pbs_iopt_52.etf' from server 'localhost_1_0'. (117571 ms elapsed)
       Partition:  pbs_iopt_52 - PBS_Iopt-Distributed_Read_DB - Elapsed_Time 2.00, CPU_Time 3.00
       Partition:  pbs_iopt_52 - PBS_Iopt-Distributed_Iopt - Elapsed_Time 106.00, CPU_Time 106.00
       Start - Partition: pbs_iopt_52  Slack: 1.7 TNS: 0.0 Cell-Count: 77290 Cell-Area: 6131  
Init-Memory: 9761.21
       Done  - Partition: pbs_iopt_52  Slack: 0.0 TNS: 0.0 Cell-Count: 69364 Cell-Area: 5734  
Peak-Memory: 27279.73 Elapsed: 111
       Partition:  pbs_iopt_52 - PBS_Iopt-Distributed_Report - Elapsed_Time 3.00, CPU_Time 3.00
       Partition:  pbs_iopt_52 - PBS_Iopt-Distributed_Write_DB - Elapsed_Time 5.00, CPU_Time 5.00
       pbs_iopt_52 - PBS_Iopt-Assembly - Elapsed_Time 5, CPU_Time 6.0
       Partition:  pbs_iopt_52 - Runtime taken by the partition - Elapsed_Time 116.00, CPU_Time 117.00
       Partition:  pbs_iopt_63 - PBS_Iopt-Distributed_Read_DB - Elapsed_Time 1.00, CPU_Time 1.00
       Partition:  pbs_iopt_63 - PBS_Iopt-Distributed_Iopt - Elapsed_Time 98.00, CPU_Time 98.00
       Start - Partition: pbs_iopt_63  Slack: 0.0 TNS: 0.0 Cell-Count: 77286 Cell-Area: 6135  
Init-Memory: 9697.18
       Done  - Partition: pbs_iopt_63  Slack: 0.0 TNS: 0.0 Cell-Count: 69405 Cell-Area: 5739  
Peak-Memory: 9761.21 Elapsed: 101
       Partition:  pbs_iopt_63 - PBS_Iopt-Distributed_Report - Elapsed_Time 2.00, CPU_Time 2.00
       Partition:  pbs_iopt_63 - PBS_Iopt-Distributed_Write_DB - Elapsed_Time 4.00, CPU_Time 4.00
       pbs_iopt_63 - PBS_Iopt-Assembly - Elapsed_Time 6, CPU_Time 5.0
       Partition:  pbs_iopt_63 - Runtime taken by the partition - Elapsed_Time 105.00, CPU_Time 105.00
       Partition:  pbs_iopt_3 - PBS_Iopt-Distributed_Read_DB - Elapsed_Time 3.00, CPU_Time 4.00
       Partition:  pbs_iopt_3 - PBS_Iopt-Distributed_Iopt - Elapsed_Time 51.00, CPU_Time 50.00
       Start - Partition: pbs_iopt_3  Slack: 0.0 TNS: 0.0 Cell-Count: 76730 Cell-Area: 10099  
Init-Memory: 9697.18
       Done  - Partition: pbs_iopt_3  Slack: 0.0 TNS: 0.0 Cell-Count: 75228 Cell-Area: 9831  
Peak-Memory: 9761.21 Elapsed: 57
       Partition:  pbs_iopt_3 - PBS_Iopt-Distributed_Report - Elapsed_Time 3.00, CPU_Time 3.00
       Partition:  pbs_iopt_3 - PBS_Iopt-Distributed_Write_DB - Elapsed_Time 6.00, CPU_Time 7.00
       pbs_iopt_3 - PBS_Iopt-Assembly - Elapsed_Time 12, CPU_Time 13.0
       Partition:  pbs_iopt_3 - Runtime taken by the partition - Elapsed_Time 63.00, CPU_Time 64.00
       Partition:  pbs_iopt_0 - PBS_Iopt-Distributed_Read_DB - Elapsed_Time 3.00, CPU_Time 3.00
       Partition:  pbs_iopt_0 - PBS_Iopt-Distributed_Iopt - Elapsed_Time 59.00, CPU_Time 60.00
       Start - Partition: pbs_iopt_0  Slack: 0.0 TNS: 0.0 Cell-Count: 76440 Cell-Area: 9739  
Init-Memory: 9699.25
       Done  - Partition: pbs_iopt_0  Slack: 0.0 TNS: 0.0 Cell-Count: 74622 Cell-Area: 9475  
Peak-Memory: 9763.29 Elapsed: 65
       Partition:  pbs_iopt_0 - PBS_Iopt-Distributed_Report - Elapsed_Time 3.00, CPU_Time 3.00
       Partition:  pbs_iopt_0 - PBS_Iopt-Distributed_Write_DB - Elapsed_Time 6.00, CPU_Time 6.00
       pbs_iopt_0 - PBS_Iopt-Assembly - Elapsed_Time 10, CPU_Time 9.0
       Partition:  pbs_iopt_0 - Runtime taken by the partition - Elapsed_Time 71.00, CPU_Time 72.00
          Sending 'pbs_iopt_57 ./.pbs_mo.ece.pdx.edu_23315/pbs_iopt_57.etf' to server 'localhost_1_0'...
            Sent 'pbs_iopt_57 ./.pbs_mo.ece.pdx.edu_23315/pbs_iopt_57.etf' to server 'localhost_1_0'.
          Received 'pbs_iopt_32 ./.pbs_mo.ece.pdx.edu_23315/pbs_iopt_32.etf' from server 'localhost_1_25'. (92454 ms elapsed)
          Sending 'pbs_iopt_10 ./.pbs_mo.ece.pdx.edu_23315/pbs_iopt_10.etf' to server 'localhost_1_25'...
            Sent 'pbs_iopt_10 ./.pbs_mo.ece.pdx.edu_23315/pbs_iopt_10.etf' to server 'localhost_1_25'.
          Received 'pbs_iopt_45 ./.pbs_mo.ece.pdx.edu_23315/pbs_iopt_45.etf' from server 'localhost_1_26'. (110693 ms elapsed)
       Partition:  pbs_iopt_45 - PBS_Iopt-Distributed_Read_DB - Elapsed_Time 2.00, CPU_Time 2.00
       Partition:  pbs_iopt_45 - PBS_Iopt-Distributed_Iopt - Elapsed_Time 95.00, CPU_Time 95.00
       Start - Partition: pbs_iopt_45  Slack: 1.7 TNS: 0.0 Cell-Count: 73678 Cell-Area: 5805  
Init-Memory: 9697.18
       Done  - Partition: pbs_iopt_45  Slack: 0.0 TNS: 0.0 Cell-Count: 65102 Cell-Area: 5380  
Peak-Memory: 9761.21 Elapsed: 99
       Partition:  pbs_iopt_45 - PBS_Iopt-Distributed_Report - Elapsed_Time 2.00, CPU_Time 1.00
       Partition:  pbs_iopt_45 - PBS_Iopt-Distributed_Write_DB - Elapsed_Time 4.00, CPU_Time 4.00
       pbs_iopt_45 - PBS_Iopt-Assembly - Elapsed_Time 5, CPU_Time 5.0
       Partition:  pbs_iopt_45 - Runtime taken by the partition - Elapsed_Time 103.00, CPU_Time 102.00
       Partition:  pbs_iopt_30 - PBS_Iopt-Distributed_Read_DB - Elapsed_Time 2.00, CPU_Time 2.00
       Partition:  pbs_iopt_30 - PBS_Iopt-Distributed_Iopt - Elapsed_Time 53.00, CPU_Time 53.00
       Start - Partition: pbs_iopt_30  Slack: 0.1 TNS: 0.0 Cell-Count: 73304 Cell-Area: 8397  
Init-Memory: 9697.18
       Done  - Partition: pbs_iopt_30  Slack: 0.0 TNS: 0.0 Cell-Count: 67716 Cell-Area: 8049  
Peak-Memory: 9761.21 Elapsed: 57
       Partition:  pbs_iopt_30 - PBS_Iopt-Distributed_Report - Elapsed_Time 2.00, CPU_Time 1.00
       Partition:  pbs_iopt_30 - PBS_Iopt-Distributed_Write_DB - Elapsed_Time 4.00, CPU_Time 5.00
       pbs_iopt_30 - PBS_Iopt-Assembly - Elapsed_Time 6, CPU_Time 6.0
       Partition:  pbs_iopt_30 - Runtime taken by the partition - Elapsed_Time 61.00, CPU_Time 61.00
       Partition:  pbs_iopt_32 - PBS_Iopt-Distributed_Read_DB - Elapsed_Time 2.00, CPU_Time 2.00
       Partition:  pbs_iopt_32 - PBS_Iopt-Distributed_Iopt - Elapsed_Time 59.00, CPU_Time 59.00
       Start - Partition: pbs_iopt_32  Slack: 0.1 TNS: 0.0 Cell-Count: 72917 Cell-Area: 8380  
Init-Memory: 9699.19
       Done  - Partition: pbs_iopt_32  Slack: 0.0 TNS: 0.0 Cell-Count: 67653 Cell-Area: 8046  
Peak-Memory: 9763.23 Elapsed: 63
       Partition:  pbs_iopt_32 - PBS_Iopt-Distributed_Report - Elapsed_Time 2.00, CPU_Time 2.00
       Partition:  pbs_iopt_32 - PBS_Iopt-Distributed_Write_DB - Elapsed_Time 4.00, CPU_Time 4.00
       pbs_iopt_32 - PBS_Iopt-Assembly - Elapsed_Time 6, CPU_Time 7.0
       Partition:  pbs_iopt_32 - Runtime taken by the partition - Elapsed_Time 67.00, CPU_Time 67.00
          Sending 'pbs_iopt_36 ./.pbs_mo.ece.pdx.edu_23315/pbs_iopt_36.etf' to server 'localhost_1_26'...
            Sent 'pbs_iopt_36 ./.pbs_mo.ece.pdx.edu_23315/pbs_iopt_36.etf' to server 'localhost_1_26'.
          Received 'pbs_iopt_41 ./.pbs_mo.ece.pdx.edu_23315/pbs_iopt_41.etf' from server 'localhost_1_24'. (96205 ms elapsed)
          Sending 'pbs_iopt_33 ./.pbs_mo.ece.pdx.edu_23315/pbs_iopt_33.etf' to server 'localhost_1_24'...
            Sent 'pbs_iopt_33 ./.pbs_mo.ece.pdx.edu_23315/pbs_iopt_33.etf' to server 'localhost_1_24'.
          Received 'pbs_iopt_64 ./.pbs_mo.ece.pdx.edu_23315/pbs_iopt_64.etf' from server 'localhost_1_28'. (99482 ms elapsed)
       Partition:  pbs_iopt_64 - PBS_Iopt-Distributed_Read_DB - Elapsed_Time 2.00, CPU_Time 2.00
       Partition:  pbs_iopt_64 - PBS_Iopt-Distributed_Iopt - Elapsed_Time 89.00, CPU_Time 90.00
       Start - Partition: pbs_iopt_64  Slack: 0.0 TNS: 0.0 Cell-Count: 72779 Cell-Area: 5775  
Init-Memory: 9699.14
       Done  - Partition: pbs_iopt_64  Slack: 0.0 TNS: 0.0 Cell-Count: 65311 Cell-Area: 5402  
Peak-Memory: 9761.21 Elapsed: 93
       Partition:  pbs_iopt_64 - PBS_Iopt-Distributed_Report - Elapsed_Time 2.00, CPU_Time 1.00
       Partition:  pbs_iopt_64 - PBS_Iopt-Distributed_Write_DB - Elapsed_Time 6.00, CPU_Time 6.00
       pbs_iopt_64 - PBS_Iopt-Assembly - Elapsed_Time 7, CPU_Time 6.0
       Partition:  pbs_iopt_64 - Runtime taken by the partition - Elapsed_Time 99.00, CPU_Time 99.00
       Partition:  pbs_iopt_41 - PBS_Iopt-Distributed_Read_DB - Elapsed_Time 1.00, CPU_Time 1.00
       Partition:  pbs_iopt_41 - PBS_Iopt-Distributed_Iopt - Elapsed_Time 89.00, CPU_Time 89.00
       Start - Partition: pbs_iopt_41  Slack: 2.5 TNS: 0.0 Cell-Count: 69139 Cell-Area: 5444  
Init-Memory: 9697.18
       Done  - Partition: pbs_iopt_41  Slack: 0.0 TNS: 0.0 Cell-Count: 60976 Cell-Area: 5037  
Peak-Memory: 9761.21 Elapsed: 91
       Partition:  pbs_iopt_41 - PBS_Iopt-Distributed_Report - Elapsed_Time 1.00, CPU_Time 1.00
       Partition:  pbs_iopt_41 - PBS_Iopt-Distributed_Write_DB - Elapsed_Time 4.00, CPU_Time 4.00
       pbs_iopt_41 - PBS_Iopt-Assembly - Elapsed_Time 5, CPU_Time 6.0
       Partition:  pbs_iopt_41 - Runtime taken by the partition - Elapsed_Time 95.00, CPU_Time 95.00
          Sending 'pbs_iopt_29 ./.pbs_mo.ece.pdx.edu_23315/pbs_iopt_29.etf' to server 'localhost_1_28'...
            Sent 'pbs_iopt_29 ./.pbs_mo.ece.pdx.edu_23315/pbs_iopt_29.etf' to server 'localhost_1_28'.
          Received 'pbs_iopt_38 ./.pbs_mo.ece.pdx.edu_23315/pbs_iopt_38.etf' from server 'localhost_1_22'. (106045 ms elapsed)
       Partition:  pbs_iopt_38 - PBS_Iopt-Distributed_Read_DB - Elapsed_Time 1.00, CPU_Time 2.00
       Partition:  pbs_iopt_38 - PBS_Iopt-Distributed_Iopt - Elapsed_Time 99.00, CPU_Time 98.00
       Start - Partition: pbs_iopt_38  Slack: 0.0 TNS: 0.0 Cell-Count: 69091 Cell-Area: 5447  
Init-Memory: 9699.25
       Done  - Partition: pbs_iopt_38  Slack: 0.0 TNS: 0.0 Cell-Count: 61063 Cell-Area: 5044  
Peak-Memory: 9763.29 Elapsed: 101
       Partition:  pbs_iopt_38 - PBS_Iopt-Distributed_Report - Elapsed_Time 1.00, CPU_Time 1.00
       Partition:  pbs_iopt_38 - PBS_Iopt-Distributed_Write_DB - Elapsed_Time 4.00, CPU_Time 4.00
       pbs_iopt_38 - PBS_Iopt-Assembly - Elapsed_Time 5, CPU_Time 4.0
       Partition:  pbs_iopt_38 - Runtime taken by the partition - Elapsed_Time 105.00, CPU_Time 105.00
          Sending 'pbs_iopt_34 ./.pbs_mo.ece.pdx.edu_23315/pbs_iopt_34.etf' to server 'localhost_1_22'...
            Sent 'pbs_iopt_34 ./.pbs_mo.ece.pdx.edu_23315/pbs_iopt_34.etf' to server 'localhost_1_22'.
          Received 'pbs_iopt_58 ./.pbs_mo.ece.pdx.edu_23315/pbs_iopt_58.etf' from server 'localhost_1_23'. (91675 ms elapsed)
          Sending 'pbs_iopt_31 ./.pbs_mo.ece.pdx.edu_23315/pbs_iopt_31.etf' to server 'localhost_1_23'...
            Sent 'pbs_iopt_31 ./.pbs_mo.ece.pdx.edu_23315/pbs_iopt_31.etf' to server 'localhost_1_23'.
          Received 'pbs_iopt_44 ./.pbs_mo.ece.pdx.edu_23315/pbs_iopt_44.etf' from server 'localhost_1_27'. (96923 ms elapsed)
       Partition:  pbs_iopt_44 - PBS_Iopt-Distributed_Read_DB - Elapsed_Time 2.00, CPU_Time 2.00
       Partition:  pbs_iopt_44 - PBS_Iopt-Distributed_Iopt - Elapsed_Time 89.00, CPU_Time 89.00
       Start - Partition: pbs_iopt_44  Slack: 0.1 TNS: 0.0 Cell-Count: 68980 Cell-Area: 5442  
Init-Memory: 9697.18
       Done  - Partition: pbs_iopt_44  Slack: 0.0 TNS: 0.0 Cell-Count: 61031 Cell-Area: 5044  
Peak-Memory: 9761.21 Elapsed: 92
       Partition:  pbs_iopt_44 - PBS_Iopt-Distributed_Report - Elapsed_Time 1.00, CPU_Time 1.00
       Partition:  pbs_iopt_44 - PBS_Iopt-Distributed_Write_DB - Elapsed_Time 4.00, CPU_Time 4.00
       pbs_iopt_44 - PBS_Iopt-Assembly - Elapsed_Time 6, CPU_Time 6.0
       Partition:  pbs_iopt_44 - Runtime taken by the partition - Elapsed_Time 96.00, CPU_Time 96.00
       Partition:  pbs_iopt_58 - PBS_Iopt-Distributed_Read_DB - Elapsed_Time 2.00, CPU_Time 1.00
       Partition:  pbs_iopt_58 - PBS_Iopt-Distributed_Iopt - Elapsed_Time 83.00, CPU_Time 83.00
       Start - Partition: pbs_iopt_58  Slack: 1.7 TNS: 0.0 Cell-Count: 68436 Cell-Area: 5430  
Init-Memory: 9697.18
       Done  - Partition: pbs_iopt_58  Slack: 0.0 TNS: 0.0 Cell-Count: 61483 Cell-Area: 5076  
Peak-Memory: 9761.21 Elapsed: 86
       Partition:  pbs_iopt_58 - PBS_Iopt-Distributed_Report - Elapsed_Time 1.00, CPU_Time 2.00
       Partition:  pbs_iopt_58 - PBS_Iopt-Distributed_Write_DB - Elapsed_Time 4.00, CPU_Time 3.00
       pbs_iopt_58 - PBS_Iopt-Assembly - Elapsed_Time 4, CPU_Time 5.0
       Partition:  pbs_iopt_58 - Runtime taken by the partition - Elapsed_Time 90.00, CPU_Time 89.00
          Sending 'pbs_iopt_23 ./.pbs_mo.ece.pdx.edu_23315/pbs_iopt_23.etf' to server 'localhost_1_27'...
            Sent 'pbs_iopt_23 ./.pbs_mo.ece.pdx.edu_23315/pbs_iopt_23.etf' to server 'localhost_1_27'.
          Received 'pbs_iopt_10 ./.pbs_mo.ece.pdx.edu_23315/pbs_iopt_10.etf' from server 'localhost_1_25'. (75984 ms elapsed)
          Sending 'pbs_iopt_35 ./.pbs_mo.ece.pdx.edu_23315/pbs_iopt_35.etf' to server 'localhost_1_25'...
            Sent 'pbs_iopt_35 ./.pbs_mo.ece.pdx.edu_23315/pbs_iopt_35.etf' to server 'localhost_1_25'.
          Received 'pbs_iopt_33 ./.pbs_mo.ece.pdx.edu_23315/pbs_iopt_33.etf' from server 'localhost_1_24'. (64805 ms elapsed)
          Received 'pbs_iopt_36 ./.pbs_mo.ece.pdx.edu_23315/pbs_iopt_36.etf' from server 'localhost_1_26'. (70716 ms elapsed)
          Received 'pbs_iopt_29 ./.pbs_mo.ece.pdx.edu_23315/pbs_iopt_29.etf' from server 'localhost_1_28'. (56354 ms elapsed)
          Received 'pbs_iopt_57 ./.pbs_mo.ece.pdx.edu_23315/pbs_iopt_57.etf' from server 'localhost_1_0'. (94994 ms elapsed)
       Partition:  pbs_iopt_57 - PBS_Iopt-Distributed_Read_DB - Elapsed_Time 2.00, CPU_Time 2.00
       Partition:  pbs_iopt_57 - PBS_Iopt-Distributed_Iopt - Elapsed_Time 88.00, CPU_Time 88.00
       Start - Partition: pbs_iopt_57  Slack: 1.5 TNS: 0.0 Cell-Count: 68157 Cell-Area: 5408  
Init-Memory: 9761.21
       Done  - Partition: pbs_iopt_57  Slack: 0.0 TNS: 0.0 Cell-Count: 61138 Cell-Area: 5057  
Peak-Memory: 27279.73 Elapsed: 91
       Partition:  pbs_iopt_57 - PBS_Iopt-Distributed_Report - Elapsed_Time 1.00, CPU_Time 1.00
       Partition:  pbs_iopt_57 - PBS_Iopt-Distributed_Write_DB - Elapsed_Time 3.00, CPU_Time 4.00
       pbs_iopt_57 - PBS_Iopt-Assembly - Elapsed_Time 4, CPU_Time 4.0
       Partition:  pbs_iopt_57 - Runtime taken by the partition - Elapsed_Time 94.00, CPU_Time 95.00
       Partition:  pbs_iopt_10 - PBS_Iopt-Distributed_Read_DB - Elapsed_Time 4.00, CPU_Time 4.00
       Partition:  pbs_iopt_10 - PBS_Iopt-Distributed_Iopt - Elapsed_Time 61.00, CPU_Time 61.00
       Start - Partition: pbs_iopt_10  Slack: 0.0 TNS: 0.0 Cell-Count: 66311 Cell-Area: 8425  
Init-Memory: 9699.19
       Done  - Partition: pbs_iopt_10  Slack: 0.0 TNS: 0.0 Cell-Count: 63539 Cell-Area: 8119  
Peak-Memory: 9763.23 Elapsed: 69
       Partition:  pbs_iopt_10 - PBS_Iopt-Distributed_Report - Elapsed_Time 4.00, CPU_Time 4.00
       Partition:  pbs_iopt_10 - PBS_Iopt-Distributed_Write_DB - Elapsed_Time 6.00, CPU_Time 6.00
       pbs_iopt_10 - PBS_Iopt-Assembly - Elapsed_Time 10, CPU_Time 10.0
       Partition:  pbs_iopt_10 - Runtime taken by the partition - Elapsed_Time 75.00, CPU_Time 75.00
       Partition:  pbs_iopt_36 - PBS_Iopt-Distributed_Read_DB - Elapsed_Time 3.00, CPU_Time 2.00
       Partition:  pbs_iopt_36 - PBS_Iopt-Distributed_Iopt - Elapsed_Time 61.00, CPU_Time 62.00
       Start - Partition: pbs_iopt_36  Slack: 0.0 TNS: 0.0 Cell-Count: 64870 Cell-Area: 11593  
Init-Memory: 9697.18
       Done  - Partition: pbs_iopt_36  Slack: 0.0 TNS: 0.0 Cell-Count: 62727 Cell-Area: 11288  
Peak-Memory: 9761.21 Elapsed: 66
       Partition:  pbs_iopt_36 - PBS_Iopt-Distributed_Report - Elapsed_Time 2.00, CPU_Time 2.00
       Partition:  pbs_iopt_36 - PBS_Iopt-Distributed_Write_DB - Elapsed_Time 4.00, CPU_Time 4.00
       pbs_iopt_36 - PBS_Iopt-Assembly - Elapsed_Time 5, CPU_Time 5.0
       Partition:  pbs_iopt_36 - Runtime taken by the partition - Elapsed_Time 70.00, CPU_Time 70.00
       Partition:  pbs_iopt_33 - PBS_Iopt-Distributed_Read_DB - Elapsed_Time 1.00, CPU_Time 1.00
       Partition:  pbs_iopt_33 - PBS_Iopt-Distributed_Iopt - Elapsed_Time 57.00, CPU_Time 56.00
       Start - Partition: pbs_iopt_33  Slack: 0.0 TNS: 0.0 Cell-Count: 64720 Cell-Area: 7300  
Init-Memory: 9697.18
       Done  - Partition: pbs_iopt_33  Slack: 0.0 TNS: 0.0 Cell-Count: 59878 Cell-Area: 6992  
Peak-Memory: 9761.21 Elapsed: 60
       Partition:  pbs_iopt_33 - PBS_Iopt-Distributed_Report - Elapsed_Time 2.00, CPU_Time 3.00
       Partition:  pbs_iopt_33 - PBS_Iopt-Distributed_Write_DB - Elapsed_Time 4.00, CPU_Time 4.00
       pbs_iopt_33 - PBS_Iopt-Assembly - Elapsed_Time 5, CPU_Time 5.0
       Partition:  pbs_iopt_33 - Runtime taken by the partition - Elapsed_Time 64.00, CPU_Time 64.00
       Partition:  pbs_iopt_29 - PBS_Iopt-Distributed_Read_DB - Elapsed_Time 2.00, CPU_Time 2.00
       Partition:  pbs_iopt_29 - PBS_Iopt-Distributed_Iopt - Elapsed_Time 49.00, CPU_Time 48.00
       Start - Partition: pbs_iopt_29  Slack: 1.0 TNS: 0.0 Cell-Count: 64662 Cell-Area: 7277  
Init-Memory: 9699.14
       Done  - Partition: pbs_iopt_29  Slack: 0.0 TNS: 0.0 Cell-Count: 59760 Cell-Area: 6973  
Peak-Memory: 9761.21 Elapsed: 52
       Partition:  pbs_iopt_29 - PBS_Iopt-Distributed_Report - Elapsed_Time 1.00, CPU_Time 1.00
       Partition:  pbs_iopt_29 - PBS_Iopt-Distributed_Write_DB - Elapsed_Time 4.00, CPU_Time 4.00
       pbs_iopt_29 - PBS_Iopt-Assembly - Elapsed_Time 5, CPU_Time 5.0
       Partition:  pbs_iopt_29 - Runtime taken by the partition - Elapsed_Time 56.00, CPU_Time 55.00
          Received 'pbs_iopt_23 ./.pbs_mo.ece.pdx.edu_23315/pbs_iopt_23.etf' from server 'localhost_1_27'. (62391 ms elapsed)
          Received 'pbs_iopt_31 ./.pbs_mo.ece.pdx.edu_23315/pbs_iopt_31.etf' from server 'localhost_1_23'. (77196 ms elapsed)
          Received 'pbs_iopt_34 ./.pbs_mo.ece.pdx.edu_23315/pbs_iopt_34.etf' from server 'localhost_1_22'. (77197 ms elapsed)
       Partition:  pbs_iopt_34 - PBS_Iopt-Distributed_Read_DB - Elapsed_Time 1.00, CPU_Time 1.00
       Partition:  pbs_iopt_34 - PBS_Iopt-Distributed_Iopt - Elapsed_Time 51.00, CPU_Time 52.00
       Start - Partition: pbs_iopt_34  Slack: 0.7 TNS: 0.0 Cell-Count: 64451 Cell-Area: 7277  
Init-Memory: 9699.25
       Done  - Partition: pbs_iopt_34  Slack: 0.0 TNS: 0.0 Cell-Count: 59610 Cell-Area: 6973  
Peak-Memory: 9763.29 Elapsed: 54
       Partition:  pbs_iopt_34 - PBS_Iopt-Distributed_Report - Elapsed_Time 2.00, CPU_Time 1.00
       Partition:  pbs_iopt_34 - PBS_Iopt-Distributed_Write_DB - Elapsed_Time 3.00, CPU_Time 4.00
       pbs_iopt_34 - PBS_Iopt-Assembly - Elapsed_Time 5, CPU_Time 5.0
       Partition:  pbs_iopt_34 - Runtime taken by the partition - Elapsed_Time 57.00, CPU_Time 58.00
       Partition:  pbs_iopt_31 - PBS_Iopt-Distributed_Read_DB - Elapsed_Time 1.00, CPU_Time 1.00
       Partition:  pbs_iopt_31 - PBS_Iopt-Distributed_Iopt - Elapsed_Time 47.00, CPU_Time 48.00
       Start - Partition: pbs_iopt_31  Slack: 2.9 TNS: 0.0 Cell-Count: 64414 Cell-Area: 7259  
Init-Memory: 9697.18
       Done  - Partition: pbs_iopt_31  Slack: 0.0 TNS: 0.0 Cell-Count: 59531 Cell-Area: 6953  
Peak-Memory: 9761.21 Elapsed: 50
       Partition:  pbs_iopt_31 - PBS_Iopt-Distributed_Report - Elapsed_Time 2.00, CPU_Time 1.00
       Partition:  pbs_iopt_31 - PBS_Iopt-Distributed_Write_DB - Elapsed_Time 3.00, CPU_Time 4.00
       pbs_iopt_31 - PBS_Iopt-Assembly - Elapsed_Time 4, CPU_Time 4.0
       Partition:  pbs_iopt_31 - Runtime taken by the partition - Elapsed_Time 53.00, CPU_Time 54.00
       Partition:  pbs_iopt_23 - PBS_Iopt-Distributed_Read_DB - Elapsed_Time 3.00, CPU_Time 3.00
       Partition:  pbs_iopt_23 - PBS_Iopt-Distributed_Iopt - Elapsed_Time 53.00, CPU_Time 53.00
       Start - Partition: pbs_iopt_23  Slack: 0.0 TNS: 0.0 Cell-Count: 59444 Cell-Area: 7666  
Init-Memory: 9697.18
       Done  - Partition: pbs_iopt_23  Slack: 0.0 TNS: 0.0 Cell-Count: 57481 Cell-Area: 7332  
Peak-Memory: 9761.21 Elapsed: 57
       Partition:  pbs_iopt_23 - PBS_Iopt-Distributed_Report - Elapsed_Time 1.00, CPU_Time 1.00
       Partition:  pbs_iopt_23 - PBS_Iopt-Distributed_Write_DB - Elapsed_Time 5.00, CPU_Time 5.00
       pbs_iopt_23 - PBS_Iopt-Assembly - Elapsed_Time 9, CPU_Time 9.0
       Partition:  pbs_iopt_23 - Runtime taken by the partition - Elapsed_Time 62.00, CPU_Time 62.00
          Received 'pbs_iopt_35 ./.pbs_mo.ece.pdx.edu_23315/pbs_iopt_35.etf' from server 'localhost_1_25'. (67657 ms elapsed)
       Partition:  pbs_iopt_35 - PBS_Iopt-Distributed_Read_DB - Elapsed_Time 2.00, CPU_Time 2.00
       Partition:  pbs_iopt_35 - PBS_Iopt-Distributed_Iopt - Elapsed_Time 58.00, CPU_Time 58.00
       Start - Partition: pbs_iopt_35  Slack: 0.0 TNS: 0.0 Cell-Count: 56579 Cell-Area: 8539  
Init-Memory: 9699.19
       Done  - Partition: pbs_iopt_35  Slack: 0.0 TNS: 0.0 Cell-Count: 53869 Cell-Area: 8232  
Peak-Memory: 9763.23 Elapsed: 62
       Partition:  pbs_iopt_35 - PBS_Iopt-Distributed_Report - Elapsed_Time 2.00, CPU_Time 2.00
       Partition:  pbs_iopt_35 - PBS_Iopt-Distributed_Write_DB - Elapsed_Time 5.00, CPU_Time 5.00
       pbs_iopt_35 - PBS_Iopt-Assembly - Elapsed_Time 5, CPU_Time 5.0
       Partition:  pbs_iopt_35 - Runtime taken by the partition - Elapsed_Time 67.00, CPU_Time 67.00
Assembled design in-time

+-----------+----------------+-----+----------------------+---------------------------+
|   Host    |    Machine     | CPU | Physical Memory (MB) | Peak Physical Memory (MB) |
+-----------+----------------+-----+----------------------+---------------------------+
| localhost | mo.ece.pdx.edu |  8  |       30038.6        |          53101.3          |
+-----------+----------------+-----+----------------------+---------------------------+

+----------------+----------------------+---------------------------+
|     Server     | Physical Memory (MB) | Peak Physical Memory (MB) |
+----------------+----------------------+---------------------------+
| localhost_1_25 |      1178.6 [1]      |          [1] [2]          |
| localhost_1_26 |      1154.1 [1]      |          [1] [2]          |
| localhost_1_28 |      1174.6 [1]      |          [1] [2]          |
| localhost_1_22 |      1170.2 [1]      |          [1] [2]          |
| localhost_1_27 |      1149.3 [1]      |          [1] [2]          |
| localhost_1_0  |      9338.0 [3]      |        36013.2 [3]        |
| localhost_1_23 |      1165.2 [1]      |          [1] [2]          |
| localhost_1_24 |      1152.2 [1]      |          [1] [2]          |
+----------------+----------------------+---------------------------+
[1] Memory is included in parent localhost_1_0.
[2] Peak physical memory is not available for forked background servers.
[3] Memory of child processes is included.

1ST_ST - Elapsed_Time 1744, CPU_Time 2295.5105410000033
stamp '1ST_ST' being created for table 'pbs_debug'

  Total Time (Wall) |  Stage Time (Wall)  |   % (Wall)   |    Date - Time     |  Memory   | Stage
--------------------+---------------------+--------------+--------------------+-----------+----------------------
 00:11:06(00:11:15) |  00:00:00(00:00:00) |   0.0(  0.0) |   10:45:13 (May30) |   8.72 GB | PBS_Generic-Start
--------------------+---------------------+--------------+--------------------+-----------+----------------------
 02:12:35(02:09:41) |  02:01:29(01:58:26) |  20.5( 22.0) |   12:43:39 (May30) |  14.86 GB | PBS_Generic-Post_Genopt
--------------------+---------------------+--------------+--------------------+-----------+----------------------
 03:04:55(02:57:40) |  00:52:19(00:47:59) |   8.8(  8.9) |   13:31:38 (May30) |  15.26 GB | PBS_Generic_Opt-Post
--------------------+---------------------+--------------+--------------------+-----------+----------------------
 03:07:07(02:59:49) |  00:02:12(00:02:09) |   0.4(  0.4) |   13:33:47 (May30) |  14.20 GB | PBS_Generic-Postgen HBO Optimizations
--------------------+---------------------+--------------+--------------------+-----------+----------------------
 03:31:25(03:07:38) |  00:24:18(00:07:49) |   4.1(  1.5) |   13:41:36 (May30) |  14.17 GB | PBS_TechMap-Start
--------------------+---------------------+--------------+--------------------+-----------+----------------------
 03:33:06(03:09:18) |  00:01:41(00:01:40) |   0.3(  0.3) |   13:43:16 (May30) |  14.17 GB | PBS_TechMap-Premap HBO Optimizations
--------------------+---------------------+--------------+--------------------+-----------+----------------------
 06:42:29(06:03:40) |  03:09:23(02:54:22) |  32.0( 32.5) |   16:37:38 (May30) |  23.18 GB | PBS_Techmap-Global Mapping
--------------------+---------------------+--------------+--------------------+-----------+----------------------
 07:06:09(06:26:13) |  00:23:39(00:22:33) |   4.0(  4.2) |   17:00:11 (May30) |  21.21 GB | PBS_TechMap-Datapath Postmap Operations
--------------------+---------------------+--------------+--------------------+-----------+----------------------
 07:09:00(06:28:17) |  00:02:51(00:02:04) |   0.5(  0.4) |   17:02:15 (May30) |  21.21 GB | PBS_TechMap-Postmap HBO Optimizations
--------------------+---------------------+--------------+--------------------+-----------+----------------------
 07:50:17(07:09:31) |  00:41:17(00:41:14) |   7.0(  7.7) |   17:43:29 (May30) |  20.83 GB | PBS_TechMap-Postmap Clock Gating
--------------------+---------------------+--------------+--------------------+-----------+----------------------
 09:16:50(08:31:34) |  01:26:32(01:22:03) |  14.6( 15.3) |   19:05:32 (May30) |  21.06 GB | PBS_TechMap-Postmap Cleanup
--------------------+---------------------+--------------+--------------------+-----------+----------------------
 09:16:59(08:31:43) |  00:00:09(00:00:09) |   0.0(  0.0) |   19:05:41 (May30) |  21.48 GB | PBS_Techmap-Post_MBCI
--------------------+---------------------+--------------+--------------------+-----------+----------------------
 09:21:57(08:36:21) |  00:04:58(00:04:38) |   0.8(  0.9) |   19:10:19 (May30) |  20.66 GB | PBS_Incr_Opt-Start
--------------------+---------------------+--------------+--------------------+-----------+----------------------
 09:22:16(08:36:40) |  00:00:19(00:00:19) |   0.1(  0.1) |   19:10:38 (May30) |  20.66 GB | PBS_Incr_Opt-Uniquify_Netlist
--------------------+---------------------+--------------+--------------------+-----------+----------------------
 09:25:35(08:39:22) |  00:03:18(00:02:42) |   0.6(  0.5) |   19:13:20 (May30) |  20.88 GB | INIT_CLEAN_UP
--------------------+---------------------+--------------+--------------------+-----------+----------------------
 10:03:50(09:08:26) |  00:38:15(00:29:04) |   6.5(  5.4) |   19:42:24 (May30) |  26.46 GB | 1ST_ST
--------------------+---------------------+--------------+--------------------+-----------+----------------------
Number of threads: 8 * 1   (id: pbs_debug, time_info v1.57)
Info: (*N*) indicates data that was populated from previously saved time_info database
Info: CPU time includes time of parent + longest thread
-------------------------------------------------------------------------------
 hi_fo_buf                527504      -27   -476072         0        0
            Worst cost_group: clk, WNS: -27.3
            Path: u_stagger/stage_reg[19][19][3]/CLK -->
                    u_array/g_row[19].g_col[18].u_pe/psum_out_reg[0]/D

           Trick     Calls     Accepts   Attempts    Time(secs) 
-----------------------------------------------------------
       hi_fo_buf      4540  (     3723 /     3723 )  289.38

 


                                   Group   
                                  Tot Wrst     Total - - DRC Totals - -
                           Total  Weighted      Neg      Max       Max 
Operation                   Area   Slacks      Slack    Trans      Cap 
 init_delay               527504      -27   -476072         0        0
            Worst cost_group: clk, WNS: -27.3
            Path: u_stagger/stage_reg[19][19][3]/CLK -->
                    u_array/g_row[19].g_col[18].u_pe/psum_out_reg[0]/D
 incr_delay               533085       -5    -72320         0        0
            Worst cost_group: clk, WNS: -5.8
            Path: u_stagger/stage_reg[0][0][5]/CLK -->
                    u_array/g_row[0].g_col[8].u_pe/psum_out_reg[1]/D
 incr_delay               533344       -2    -10572         0        0
            Worst cost_group: clk, WNS: -2.3
            Path: u_stagger/stage_reg[0][0][3]/CLK -->
                    u_array/g_row[0].g_col[14].u_pe/psum_out_reg[1]/D
 incr_delay               533441        0         0         0        0

           Trick     Calls     Accepts   Attempts    Time(secs) 
-----------------------------------------------------------
       crit_upsz     41584  (    14860 /    15751 )  1204.06
            fopt     82736  (    19428 /    19913 )  1495.16

 init_tns                 533441        0         0         0        0

           Trick     Calls     Accepts   Attempts    Time(secs) 
-----------------------------------------------------------

INTRMD_CLEAN_UP - Elapsed_Time 3171, CPU_Time 3402.512938000051
stamp 'INTRMD_CLEAN_UP' being created for table 'pbs_debug'

  Total Time (Wall) |  Stage Time (Wall)  |   % (Wall)   |    Date - Time     |  Memory   | Stage
--------------------+---------------------+--------------+--------------------+-----------+----------------------
 00:11:06(00:11:15) |  00:00:00(00:00:00) |   0.0(  0.0) |   10:45:13 (May30) |   8.72 GB | PBS_Generic-Start
--------------------+---------------------+--------------+--------------------+-----------+----------------------
 02:12:35(02:09:41) |  02:01:29(01:58:26) |  18.7( 20.1) |   12:43:39 (May30) |  14.86 GB | PBS_Generic-Post_Genopt
--------------------+---------------------+--------------+--------------------+-----------+----------------------
 03:04:55(02:57:40) |  00:52:19(00:47:59) |   8.1(  8.1) |   13:31:38 (May30) |  15.26 GB | PBS_Generic_Opt-Post
--------------------+---------------------+--------------+--------------------+-----------+----------------------
 03:07:07(02:59:49) |  00:02:12(00:02:09) |   0.3(  0.4) |   13:33:47 (May30) |  14.20 GB | PBS_Generic-Postgen HBO Optimizations
--------------------+---------------------+--------------+--------------------+-----------+----------------------
 03:31:25(03:07:38) |  00:24:18(00:07:49) |   3.7(  1.3) |   13:41:36 (May30) |  14.17 GB | PBS_TechMap-Start
--------------------+---------------------+--------------+--------------------+-----------+----------------------
 03:33:06(03:09:18) |  00:01:41(00:01:40) |   0.3(  0.3) |   13:43:16 (May30) |  14.17 GB | PBS_TechMap-Premap HBO Optimizations
--------------------+---------------------+--------------+--------------------+-----------+----------------------
 06:42:29(06:03:40) |  03:09:23(02:54:22) |  29.2( 29.6) |   16:37:38 (May30) |  23.18 GB | PBS_Techmap-Global Mapping
--------------------+---------------------+--------------+--------------------+-----------+----------------------
 07:06:09(06:26:13) |  00:23:39(00:22:33) |   3.6(  3.8) |   17:00:11 (May30) |  21.21 GB | PBS_TechMap-Datapath Postmap Operations
--------------------+---------------------+--------------+--------------------+-----------+----------------------
 07:09:00(06:28:17) |  00:02:51(00:02:04) |   0.4(  0.4) |   17:02:15 (May30) |  21.21 GB | PBS_TechMap-Postmap HBO Optimizations
--------------------+---------------------+--------------+--------------------+-----------+----------------------
 07:50:17(07:09:31) |  00:41:17(00:41:14) |   6.4(  7.0) |   17:43:29 (May30) |  20.83 GB | PBS_TechMap-Postmap Clock Gating
--------------------+---------------------+--------------+--------------------+-----------+----------------------
 09:16:50(08:31:34) |  01:26:32(01:22:03) |  13.3( 13.9) |   19:05:32 (May30) |  21.06 GB | PBS_TechMap-Postmap Cleanup
--------------------+---------------------+--------------+--------------------+-----------+----------------------
 09:16:59(08:31:43) |  00:00:09(00:00:09) |   0.0(  0.0) |   19:05:41 (May30) |  21.48 GB | PBS_Techmap-Post_MBCI
--------------------+---------------------+--------------+--------------------+-----------+----------------------
 09:21:57(08:36:21) |  00:04:58(00:04:38) |   0.8(  0.8) |   19:10:19 (May30) |  20.66 GB | PBS_Incr_Opt-Start
--------------------+---------------------+--------------+--------------------+-----------+----------------------
 09:22:16(08:36:40) |  00:00:19(00:00:19) |   0.0(  0.1) |   19:10:38 (May30) |  20.66 GB | PBS_Incr_Opt-Uniquify_Netlist
--------------------+---------------------+--------------+--------------------+-----------+----------------------
 09:25:35(08:39:22) |  00:03:18(00:02:42) |   0.5(  0.5) |   19:13:20 (May30) |  20.88 GB | INIT_CLEAN_UP
--------------------+---------------------+--------------+--------------------+-----------+----------------------
 10:03:50(09:08:26) |  00:38:15(00:29:04) |   5.9(  4.9) |   19:42:24 (May30) |  26.46 GB | 1ST_ST
--------------------+---------------------+--------------+--------------------+-----------+----------------------
 11:00:34(10:01:17) |  00:56:43(00:52:51) |   8.7(  9.0) |   20:35:15 (May30) |  26.48 GB | INTRMD_CLEAN_UP
--------------------+---------------------+--------------+--------------------+-----------+----------------------
Number of threads: 8 * 1   (id: pbs_debug, time_info v1.57)
Info: (*N*) indicates data that was populated from previously saved time_info database
Info: CPU time includes time of parent + longest thread
CRB_ST - Elapsed_Time 0, CPU_Time 0.0
stamp 'CRB_ST' being created for table 'pbs_debug'

  Total Time (Wall) |  Stage Time (Wall)  |   % (Wall)   |    Date - Time     |  Memory   | Stage
--------------------+---------------------+--------------+--------------------+-----------+----------------------
 00:11:06(00:11:15) |  00:00:00(00:00:00) |   0.0(  0.0) |   10:45:13 (May30) |   8.72 GB | PBS_Generic-Start
--------------------+---------------------+--------------+--------------------+-----------+----------------------
 02:12:35(02:09:41) |  02:01:29(01:58:26) |  18.7( 20.1) |   12:43:39 (May30) |  14.86 GB | PBS_Generic-Post_Genopt
--------------------+---------------------+--------------+--------------------+-----------+----------------------
 03:04:55(02:57:40) |  00:52:19(00:47:59) |   8.1(  8.1) |   13:31:38 (May30) |  15.26 GB | PBS_Generic_Opt-Post
--------------------+---------------------+--------------+--------------------+-----------+----------------------
 03:07:07(02:59:49) |  00:02:12(00:02:09) |   0.3(  0.4) |   13:33:47 (May30) |  14.20 GB | PBS_Generic-Postgen HBO Optimizations
--------------------+---------------------+--------------+--------------------+-----------+----------------------
 03:31:25(03:07:38) |  00:24:18(00:07:49) |   3.7(  1.3) |   13:41:36 (May30) |  14.17 GB | PBS_TechMap-Start
--------------------+---------------------+--------------+--------------------+-----------+----------------------
 03:33:06(03:09:18) |  00:01:41(00:01:40) |   0.3(  0.3) |   13:43:16 (May30) |  14.17 GB | PBS_TechMap-Premap HBO Optimizations
--------------------+---------------------+--------------+--------------------+-----------+----------------------
 06:42:29(06:03:40) |  03:09:23(02:54:22) |  29.2( 29.6) |   16:37:38 (May30) |  23.18 GB | PBS_Techmap-Global Mapping
--------------------+---------------------+--------------+--------------------+-----------+----------------------
 07:06:09(06:26:13) |  00:23:39(00:22:33) |   3.6(  3.8) |   17:00:11 (May30) |  21.21 GB | PBS_TechMap-Datapath Postmap Operations
--------------------+---------------------+--------------+--------------------+-----------+----------------------
 07:09:00(06:28:17) |  00:02:51(00:02:04) |   0.4(  0.4) |   17:02:15 (May30) |  21.21 GB | PBS_TechMap-Postmap HBO Optimizations
--------------------+---------------------+--------------+--------------------+-----------+----------------------
 07:50:17(07:09:31) |  00:41:17(00:41:14) |   6.4(  7.0) |   17:43:29 (May30) |  20.83 GB | PBS_TechMap-Postmap Clock Gating
--------------------+---------------------+--------------+--------------------+-----------+----------------------
 09:16:50(08:31:34) |  01:26:32(01:22:03) |  13.3( 13.9) |   19:05:32 (May30) |  21.06 GB | PBS_TechMap-Postmap Cleanup
--------------------+---------------------+--------------+--------------------+-----------+----------------------
 09:16:59(08:31:43) |  00:00:09(00:00:09) |   0.0(  0.0) |   19:05:41 (May30) |  21.48 GB | PBS_Techmap-Post_MBCI
--------------------+---------------------+--------------+--------------------+-----------+----------------------
 09:21:57(08:36:21) |  00:04:58(00:04:38) |   0.8(  0.8) |   19:10:19 (May30) |  20.66 GB | PBS_Incr_Opt-Start
--------------------+---------------------+--------------+--------------------+-----------+----------------------
 09:22:16(08:36:40) |  00:00:19(00:00:19) |   0.0(  0.1) |   19:10:38 (May30) |  20.66 GB | PBS_Incr_Opt-Uniquify_Netlist
--------------------+---------------------+--------------+--------------------+-----------+----------------------
 09:25:35(08:39:22) |  00:03:18(00:02:42) |   0.5(  0.5) |   19:13:20 (May30) |  20.88 GB | INIT_CLEAN_UP
--------------------+---------------------+--------------+--------------------+-----------+----------------------
 10:03:50(09:08:26) |  00:38:15(00:29:04) |   5.9(  4.9) |   19:42:24 (May30) |  26.46 GB | 1ST_ST
--------------------+---------------------+--------------+--------------------+-----------+----------------------
 11:00:34(10:01:17) |  00:56:43(00:52:51) |   8.7(  9.0) |   20:35:15 (May30) |  26.48 GB | INTRMD_CLEAN_UP
--------------------+---------------------+--------------+--------------------+-----------+----------------------
 11:00:34(10:01:17) |  00:00:00(00:00:00) |   0.0(  0.0) |   20:35:15 (May30) |  26.48 GB | CRB_ST
--------------------+---------------------+--------------+--------------------+-----------+----------------------
Number of threads: 8 * 1   (id: pbs_debug, time_info v1.57)
Info: (*N*) indicates data that was populated from previously saved time_info database
Info: CPU time includes time of parent + longest thread
 


                                   Group   
                                  Tot Wrst     Total - - DRC Totals - -
                           Total  Weighted      Neg      Max       Max 
Operation                   Area   Slacks      Slack    Trans      Cap 
 init_delay               533441        0         0         0        0

           Trick     Calls     Accepts   Attempts    Time(secs) 
-----------------------------------------------------------

 init_tns                 533441        0         0         0        0

           Trick     Calls     Accepts   Attempts    Time(secs) 
-----------------------------------------------------------

 init_delay               533441        0         0         0        0

           Trick     Calls     Accepts   Attempts    Time(secs) 
-----------------------------------------------------------
 init_drc                 533441        0         0         0        0

           Trick     Calls     Accepts   Attempts    Time(secs) 
-----------------------------------------------------------


           Trick     Calls     Accepts   Attempts    Time(secs) 
-----------------------------------------------------------


           Trick     Calls     Accepts   Attempts    Time(secs) 
-----------------------------------------------------------


# Incremental Optimization Runtime Summary: 
                       Step    Elapsed Time(s)         Runtime(s)   WNS(ps)           TNS(ps)           CELL AREA         Leakage Power     Dynamic Power  
##***************************************************************************************************************************************************************
##                     INIT        91 (1.8  %)       192 (3.2  %)   0.0               0                 544138            NA             NA             
##         HIGH_FANOUT_OPTO        39 (0.8  %)        49 (0.8  %)   0.0               0                 545456            NA             NA             
##               SCORE_INIT         0 (0.0  %)         0 (0.0  %)   0.0               0                 545456            NA             NA             
##                 WNS_OPTO         0 (0.0  %)         0 (0.0  %)   0.0               0                 545456            NA             NA             
##                 TNS_OPTO         2 (0.0  %)         1 (0.0  %)   0.0               0                 545456            NA             NA             
##                 FIRST_ST      1715 (33.9 %)      2202 (36.5 %)   NOT_TIMED         NOT_TIMED         522965            NA             NA             
##                     INIT       105 (2.1  %)       201 (3.3  %)   -27.3             476849            522965            NA             NA             
##         HIGH_FANOUT_OPTO       313 (6.2  %)       411 (6.8  %)   -27.3             476072            527504            NA             NA             
##               SCORE_INIT         0 (0.0  %)         0 (0.0  %)   -27.3             476072            527504            NA             NA             
##                 WNS_OPTO      2728 (54.0 %)      2912 (48.3 %)   0.0               0                 533440            NA             NA             
##                 TNS_OPTO         0 (0.0  %)         0 (0.0  %)   0.0               0                 533440            NA             NA             
##                     INIT         5 (0.1  %)         4 (0.1  %)   0.0               0                 533440            NA             NA             
##               LATCH_OPTO         0 (0.0  %)         0 (0.0  %)   0.0               0                 533440            NA             NA             
##               SCORE_INIT         0 (0.0  %)         0 (0.0  %)   0.0               0                 533440            NA             NA             
##                 WNS_OPTO         0 (0.0  %)         0 (0.0  %)   0.0               0                 533440            NA             NA             
##                 TNS_OPTO         0 (0.0  %)         0 (0.0  %)   0.0               0                 533440            NA             NA             
##             WNS_CRR_OPTO         0 (0.0  %)         0 (0.0  %)   0.0               0                 533440            NA             NA             
##                 DRC_OPTO         0 (0.0  %)         0 (0.0  %)   0.0               0                 533440            NA             NA             
##***************************************************************************************************************************************************************
                                 5052                 6031 

Done incrementally optimizing.
==================================
Stage : FINAL_CLEAN_UP 
==================================
  =================
   Message Summary
  =================
--------------------------------------------------------------------------------------------------------------------------------------------------
|    Id     |  Sev  |Count|                                                     Message Text                                                     |
--------------------------------------------------------------------------------------------------------------------------------------------------
|CDFG-250   |Info   |   25|Processing multi-dimensional arrays.                                                                                  |
|CDFG-372   |Info   |    9|Bitwidth mismatch in assignment.                                                                                      |
|           |       |     |Review and make sure the mismatch is intentional. Genus can possibly issue bitwidth mismatch warning for explicit     |
|           |       |     | assignments present in RTL as-well-as for implicit assignments inferred by the tool. For example, in case of enum    |
|           |       |     | declaration without value, the tool will implicitly assign value to the enum variables. It also issues the warning   |
|           |       |     | for any bitwidth mismatch that appears in this implicit assignment.                                                  |
|CDFG-428   |Warning|    1|In legacy_ui mode, Genus creates a blackbox as description for a module is not found. Black boxes represent unresolved|
|           |       |     | references in the design and are usually not expected. Another possible reason is, some libraries are not read and   |
|           |       |     | the tool could not get the content for some macros or lib_cells.                                                     |
|           |       |     |Check the kind of module a black box is. If it is a lib_cell or a macro, check why the corresponding .lib was not read|
|           |       |     | in. This could be either due to a missing or faulty file or due to an incomplete init_lib_search_path attribute value|
|           |       |     | making restricting access to the missing file. If it is a module of your design, verify whether the path to this     |
|           |       |     | module is a part of the files you read or else check that the init_hdl_search_path attribute is not missing some     |
|           |       |     | paths.                                                                                                               |
|CDFG-472   |Warning|    1|Unreachable statements for case item.                                                                                 |
|CDFG-500   |Info   |    1|Unused module input port.                                                                                             |
|           |       |     |(In port definition within the module, the input port is not used in any assignment statements or conditional expressi|
|           |       |     | ons for decision statements.                                                                                         |
|CDFG-508   |Warning|  496|Removing unused register.                                                                                             |
|           |       |     |Genus removes the flip-flop or latch inferred for an unused signal or variable. To preserve the flip-flop or latch,   |
|           |       |     | set the hdl_preserve_unused_registers attribute to true or use a pragma in the RTL.                                  |
|CDFG-567   |Info   | 1109|Instantiating Subdesign.                                                                                              |
|CDFG-738   |Info   |   25|Common subexpression eliminated.                                                                                      |
|CDFG-739   |Info   |   25|Common subexpression kept.                                                                                            |
|CDFG-769   |Info   |    1|Identified sum-of-products logic to be optimized during syn_generic.                                                  |
|CDFG-818   |Warning|    1|Using default parameter value for module elaboration.                                                                 |
|CFM-1      |Info   |    1|Wrote dofile.                                                                                                         |
|CFM-5      |Info   |    1|Wrote formal verification information.                                                                                |
|CWD-19     |Info   |   58|An implementation was inferred.                                                                                       |
|ELAB-1     |Info   |    1|Elaborating Design.                                                                                                   |
|ELAB-2     |Info   |   13|Elaborating Subdesign.                                                                                                |
|ELAB-3     |Info   |    1|Done Elaborating Design.                                                                                              |
|ELABUTL-132|Info   | 1025|Unused instance port.                                                                                                 |
|           |       |     |Please check the reported scenario of unconnected instance port to ensure that it matches the design intent.          |
|GLO-34     |Info   |    1|Deleting instances not driving any primary outputs.                                                                   |
|           |       |     |Optimizations such as constant propagation or redundancy removal could change the connections so a hierarchical       |
|           |       |     | instance does not drive any primary outputs anymore. To see the list of deleted hierarchical instances, set the      |
|           |       |     | 'information_level' attribute to 2 or above. If the message is truncated set the message attribute 'truncate' to     |
|           |       |     | false to see the complete list. To prevent this optimization, set the 'delete_unloaded_insts' root/subdesign         |
|           |       |     | attribute to 'false' or 'preserve' instance attribute to 'true'.                                                     |
|GLO-40     |Info   |    1|Combinational hierarchical blocks with identical inputs have been merged.                                             |
|           |       |     |This optimization usually reduces design area. To prevent merging of combinational hierarchical blocks, set the       |
|           |       |     | 'merge_combinational_hier_instances' root attribute to 'false' or the 'merge_combinational_hier_instance' instance   |
|           |       |     | attribute to 'false'.                                                                                                |
|LBR-155    |Info   |    2|Mismatch in unateness between 'timing_sense' attribute and the function.                                              |
|           |       |     |The 'timing_sense' attribute will be respected.                                                                       |
|LBR-162    |Info   |   17|Both 'pos_unate' and 'neg_unate' timing_sense arcs have been processed.                                               |
|           |       |     |Setting the 'timing_sense' to non_unate.                                                                              |
|LBR-412    |Info   |    5|Created nominal operating condition.                                                                                  |
|           |       |     |The nominal operating condition is represented, either by the nominal PVT values specified in the library source      |
|           |       |     | (via nom_process,nom_voltage and nom_temperature respectively), or by the default PVT values (1.0,1.0,1.0).          |
|PA-7       |Info   |    4|Resetting power analysis results.                                                                                     |
|           |       |     |All computed switching activities are removed.                                                                        |
|PBS-1      |Info   |    2|Enabling Partition Based Synthesis.                                                                                   |
|ST-110     |Info   |   29|Connection established with super-threading server.                                                                   |
|           |       |     |The tool is entering super-threading mode and has established a connection with a CPU server process.  This is enabled|
|           |       |     | by the root attributes 'super_thread_servers' or 'auto_super_thread'.                                                |
|ST-112     |Info   |   28|A super-threading server has been shut down normally.                                                                 |
|           |       |     |A super-threaded optimization is complete and a CPU server was successfully shut down.                                |
|ST-120     |Info   |    1|Attempting to launch a super-threading server.                                                                        |
|           |       |     |The tool is entering super-threading mode and is launching a CPU server process.  This is enabled by the root         |
|           |       |     | attribute 'super_thread_servers' or 'auto_super_thread'.                                                             |
|ST-128     |Info   |    5|Super thread servers are launched successfully.                                                                       |
|SYNTH-1    |Info   |    1|Synthesizing.                                                                                                         |
|SYNTH-2    |Info   |    1|Done synthesizing.                                                                                                    |
|SYNTH-4    |Info   |    1|Mapping.                                                                                                              |
|SYNTH-5    |Info   |    1|Done mapping.                                                                                                         |
|SYNTH-7    |Info   |    1|Incrementally optimizing.                                                                                             |
|SYNTH-33   |Warning|    1|The selected flow setting will be removed in a future release.                                                        |
|           |       |     |Contact Cadence support to understand current flows.                                                                  |
|TIM-1000   |Info   |    1|Multimode clock gating check is disabled.                                                                             |
|TUI-32     |Warning|    1|This attribute will be obsolete in a next major release.                                                              |
|TUI-273    |Warning|    1|Black-boxes are represented as unresolved references in the design.                                                   |
|           |       |     |Run check_design to get all unresolved instance. To resolve the reference, either load a technology library containing|
|           |       |     | the cell by appending to the 'library' attribute, or read in the hdl file containing the module before performing    |
|           |       |     | elaboration. As the design is incomplete, synthesis results may not correspond to the entire design.                 |
--------------------------------------------------------------------------------------------------------------------------------------------------
FINAL_CLEAN_UP - Elapsed_Time 50, CPU_Time 51.0
stamp 'FINAL_CLEAN_UP' being created for table 'pbs_debug'

  Total Time (Wall) |  Stage Time (Wall)  |   % (Wall)   |    Date - Time     |  Memory   | Stage
--------------------+---------------------+--------------+--------------------+-----------+----------------------
 00:11:06(00:11:15) |  00:00:00(00:00:00) |   0.0(  0.0) |   10:45:13 (May30) |   8.72 GB | PBS_Generic-Start
--------------------+---------------------+--------------+--------------------+-----------+----------------------
 02:12:35(02:09:41) |  02:01:29(01:58:26) |  18.7( 20.0) |   12:43:39 (May30) |  14.86 GB | PBS_Generic-Post_Genopt
--------------------+---------------------+--------------+--------------------+-----------+----------------------
 03:04:55(02:57:40) |  00:52:19(00:47:59) |   8.0(  8.1) |   13:31:38 (May30) |  15.26 GB | PBS_Generic_Opt-Post
--------------------+---------------------+--------------+--------------------+-----------+----------------------
 03:07:07(02:59:49) |  00:02:12(00:02:09) |   0.3(  0.4) |   13:33:47 (May30) |  14.20 GB | PBS_Generic-Postgen HBO Optimizations
--------------------+---------------------+--------------+--------------------+-----------+----------------------
 03:31:25(03:07:38) |  00:24:18(00:07:49) |   3.7(  1.3) |   13:41:36 (May30) |  14.17 GB | PBS_TechMap-Start
--------------------+---------------------+--------------+--------------------+-----------+----------------------
 03:33:06(03:09:18) |  00:01:41(00:01:40) |   0.3(  0.3) |   13:43:16 (May30) |  14.17 GB | PBS_TechMap-Premap HBO Optimizations
--------------------+---------------------+--------------+--------------------+-----------+----------------------
 06:42:29(06:03:40) |  03:09:23(02:54:22) |  29.1( 29.5) |   16:37:38 (May30) |  23.18 GB | PBS_Techmap-Global Mapping
--------------------+---------------------+--------------+--------------------+-----------+----------------------
 07:06:09(06:26:13) |  00:23:39(00:22:33) |   3.6(  3.8) |   17:00:11 (May30) |  21.21 GB | PBS_TechMap-Datapath Postmap Operations
--------------------+---------------------+--------------+--------------------+-----------+----------------------
 07:09:00(06:28:17) |  00:02:51(00:02:04) |   0.4(  0.3) |   17:02:15 (May30) |  21.21 GB | PBS_TechMap-Postmap HBO Optimizations
--------------------+---------------------+--------------+--------------------+-----------+----------------------
 07:50:17(07:09:31) |  00:41:17(00:41:14) |   6.3(  7.0) |   17:43:29 (May30) |  20.83 GB | PBS_TechMap-Postmap Clock Gating
--------------------+---------------------+--------------+--------------------+-----------+----------------------
 09:16:50(08:31:34) |  01:26:32(01:22:03) |  13.3( 13.9) |   19:05:32 (May30) |  21.06 GB | PBS_TechMap-Postmap Cleanup
--------------------+---------------------+--------------+--------------------+-----------+----------------------
 09:16:59(08:31:43) |  00:00:09(00:00:09) |   0.0(  0.0) |   19:05:41 (May30) |  21.48 GB | PBS_Techmap-Post_MBCI
--------------------+---------------------+--------------+--------------------+-----------+----------------------
 09:21:57(08:36:21) |  00:04:58(00:04:38) |   0.8(  0.8) |   19:10:19 (May30) |  20.66 GB | PBS_Incr_Opt-Start
--------------------+---------------------+--------------+--------------------+-----------+----------------------
 09:22:16(08:36:40) |  00:00:19(00:00:19) |   0.0(  0.1) |   19:10:38 (May30) |  20.66 GB | PBS_Incr_Opt-Uniquify_Netlist
--------------------+---------------------+--------------+--------------------+-----------+----------------------
 09:25:35(08:39:22) |  00:03:18(00:02:42) |   0.5(  0.5) |   19:13:20 (May30) |  20.88 GB | INIT_CLEAN_UP
--------------------+---------------------+--------------+--------------------+-----------+----------------------
 10:03:50(09:08:26) |  00:38:15(00:29:04) |   5.9(  4.9) |   19:42:24 (May30) |  26.46 GB | 1ST_ST
--------------------+---------------------+--------------+--------------------+-----------+----------------------
 11:00:34(10:01:17) |  00:56:43(00:52:51) |   8.7(  8.9) |   20:35:15 (May30) |  26.48 GB | INTRMD_CLEAN_UP
--------------------+---------------------+--------------+--------------------+-----------+----------------------
 11:00:34(10:01:17) |  00:00:00(00:00:00) |   0.0(  0.0) |   20:35:15 (May30) |  26.48 GB | CRB_ST
--------------------+---------------------+--------------+--------------------+-----------+----------------------
 11:01:25(10:02:07) |  00:00:51(00:00:50) |   0.1(  0.1) |   20:36:05 (May30) |  26.48 GB | FINAL_CLEAN_UP
--------------------+---------------------+--------------+--------------------+-----------+----------------------
Number of threads: 8 * 1   (id: pbs_debug, time_info v1.57)
Info: (*N*) indicates data that was populated from previously saved time_info database
Info: CPU time includes time of parent + longest thread
Info    : Done incrementally optimizing. [SYNTH-8]
        : Done incrementally optimizing 'sys_top'.
      flow.cputime  flow.realtime  timing.setup.tns  timing.setup.wns  snapshot
UM:*                                                                   syn_opt
@file(genus.tcl) 116: file mkdir reports
@file(genus.tcl) 117: report_timing  -nworst 10        > reports/timing.rpt
@file(genus.tcl) 118: report_area                      > reports/area.rpt
@file(genus.tcl) 119: report_power                     > reports/power.rpt
Info    : Joules engine is used. [RPT-16]
        : Joules engine is being used for the command report_power.
Info   : ACTP-0001 [ACTPInfo] Activity propagation started for stim#0 netlist
       : sys_top
Info   : ACTP-0009 [ACTPInfo] Activity Propagation Progress Report :   0%   1%   2%   3%   4%   5%   6%   7%   8%   9%  10%  11%  12%  13%  14%  15%  16%  17%  18%  19%  20%  21%  22%  23%  24%  25%  26%  27%  28%  29%  30%  31%  32%  33%  34%  35%  36%  37%  38%  39%  40%  41%  42%  43%  44%  45%  46%  47%  48%  49%  50%  51%  52%  53%  54%  55%  56%  57%  58%  59%  60%  61%  62%  63%  64%  65%  66%  67%  68%  69%  70%  71%  72%  73%  74%  75%  76%  77%  78%  79%  80%  81%  82%  83%  84%  85%  86%  87%  88%  89%  90%  91%  92%  93%  94%  95%  96%  97%  98%  99% 100%
Info   : ACTP-0001 Activity propagation ended for stim#0
Info   : PWRA-0001 [PwrInfo] compute_power effective options 
       : -mode : vectorless
       : -skip_propagation : 1
       : -frequency_scaling_factor : 1.0
       : -use_clock_freq : stim
       : -stim :/stim#0
       : -fromGenus : 1
Info   : ACTP-0001 Timing initialization started
Info   : ACTP-0001 Timing initialization ended
Info   : PWRA-0002 [PwrInfo] Skipping activity propagation due to -skip_ap
       : option....
Warning: PWRA-0302 [PwrWarn] Frequency scaling is not applicable for vectorless
       : flow. Ignoring frequency scaling.
Warning: PWRA-0304 [PwrWarn] -stim option is not applicable with vectorless mode
       : of power analysis, ignored this option.
Info   : PWRA-0002 Started 'vectorless' power computation.
Info   : PWRA-0009 [PwrInfo] Power Computation Progress Report :   0%   1%   2%   3%   4%   5%   6%   7%   8%   9%  10%  11%  12%  13%  14%  15%  16%  17%  18%  19%  20%  21%  22%  23%  24%  25%  26%  27%  28%  29%  30%  31%  32%  33%  34%  35%  36%  37%  38%  39%  40%  41%  42%  43%  44%  45%  46%  47%  48%  49%  50%  51%  52%  53%  54%  55%  56%  57%  58%  59%  60%  61%  62%  63%  64%  65%  66%  67%  68%  69%  70%  71%  72%  73%  74%  75%  76%  77%  78%  79%  80%  81%  82%  83%  84%  85%  86%  87%  88%  89%  90%  91%  92%  93%  94%  95%  96%  97%  98%  99% 100%
Info   : PWRA-0002 Finished power computation.
Info   : PWRA-0007 [PwrInfo] Completed successfully.
       : Info=6, Warn=2, Error=0, Fatal=0
Output file: reports/power.rpt
@file(genus.tcl) 120: report_qor                       > reports/qor.rpt
@file(genus.tcl) 121: report_cells                     > reports/cells.rpt
Error: The command report_cells has not been licensed at startup time. Please launch genus using option -lic_startup_options Joules_RTL_Power.
@file(genus.tcl) 124: file mkdir outputs
@file(genus.tcl) 125: write_hdl      > outputs/sys_top_netlist.v
@file(genus.tcl) 126: write_sdc      > outputs/sys_top.sdc
Finished SDC export (command execution time mm:ss (real) = 03:53).
@file(genus.tcl) 127: write_do_lec   > outputs/lec.do
#@ End verbose source ./genus.tcl
[::write_do_lec]: The required '-revised_design <string>' is missing.
Encountered problems processing file: genus.tcl
WARNING: This version of the tool is 849 days old.
@genus:root: 2> exitE
Lic Summary:
[21:08:46.155891] Cdslmd servers: gashapon
[21:08:46.155953] Feature usage summary:
[21:08:46.155953] Genus_Synthesis


+-----------+----------------+-----+----------------------+---------------------------+
|   Host    |    Machine     | CPU | Physical Memory (MB) | Peak Physical Memory (MB) |
+-----------+----------------+-----+----------------------+---------------------------+
| localhost | mo.ece.pdx.edu |  1  |       29728.1        |          53101.3          |
+-----------+----------------+-----+----------------------+---------------------------+

+---------------+----------------------+---------------------------+
|    Server     | Physical Memory (MB) | Peak Physical Memory (MB) |
+---------------+----------------------+---------------------------+
| localhost_1_0 |        5757.0        |          36013.2          |
+---------------+----------------------+---------------------------+

Info    : A super-threading server has been shut down normally. [ST-112]
        : The server 'localhost_1_0' was process '30435' on this host.
        : A super-threaded optimization is complete and a CPU server was successfully shut down.
============================================
PBS_map Index: 0.18  PBS_overall Index: 0.18
============================================
Normal exit.
