TMPDIR is being set to /tmp/genus_temp_24438_mo.ece.pdx.edu_iwyse_fhrwQl
Cadence Genus(TM) Synthesis Solution.
Copyright 2024 Cadence Design Systems, Inc. All rights reserved worldwide.
Cadence and the Cadence logo are registered trademarks and Genus is a trademark
of Cadence Design Systems, Inc. in the United States and other countries.

[12:00:30.427825] Configured Lic search path (23.02-s003): 5280@cadence-lic.cecs.pdx.edu

Version: 23.10-p004_1, built Thu Feb 01 13:43:46 PST 2024
Options: -no_gui -files genus.tcl 
Date:    Sat May 16 12:00:30 2026
Host:    mo.ece.pdx.edu (x86_64 w/Linux 3.10.0-1160.119.1.el7.x86_64) (1core*32cpus*32physical cpus*Intel Xeon Processor (Cascadelake) 16384KB) (125666820KB)
PID:     24438
OS:      CentOS Linux release 7.9.2009 (Core)

Checking out license: Genus_Synthesis
[12:00:30.028985] Periodic Lic check successful
[12:00:30.553313] Feature usage summary:
[12:00:30.553315] Genus_Synthesis



***********************************************************************************************************
***********************************************************************************************************



Finished executable startup (1 second elapsed).

Loading tool scripts...
Finished loading tool scripts (18 seconds elapsed).

WARNING: The genus.tcl file in the current directory /home/iwyse/common/Documents/ECE510/project/510Project/project/cadence/systolic_16x16 is no longer loaded at startup.
         You should change the name to genus_startup.tcl if you want it loaded at startup.
#@ Processing -files option
@genus:root: 1> source genus.tcl
#@ Begin verbose source ./genus.tcl
@file(genus.tcl) 36: set script_dir   [file dirname [file normalize [info script]]]
@file(genus.tcl) 37: set asap7_root   [file normalize $script_dir/../asap7/asap7sc7p5t_28]
@file(genus.tcl) 38: set asap7_lib_dir $asap7_root/LIB/NLDM
@file(genus.tcl) 39: set asap7_lef_dir $asap7_root/LEF
@file(genus.tcl) 41: set lib_tt_simple $asap7_lib_dir/asap7sc7p5t_SIMPLE_RVT_TT_nldm_211120.lib
@file(genus.tcl) 42: set lib_tt_invbuf $asap7_lib_dir/asap7sc7p5t_INVBUF_RVT_TT_nldm_220122.lib
@file(genus.tcl) 43: set lib_tt_seq    $asap7_lib_dir/asap7sc7p5t_SEQ_RVT_TT_nldm_220123.lib
@file(genus.tcl) 44: set lib_tt_ao     $asap7_lib_dir/asap7sc7p5t_AO_RVT_TT_nldm_211120.lib
@file(genus.tcl) 45: set lib_tt_oa     $asap7_lib_dir/asap7sc7p5t_OA_RVT_TT_nldm_211120.lib
@file(genus.tcl) 48: set_db init_lib_search_path     $asap7_lib_dir
  Setting attribute of root '/': 'init_lib_search_path' = /home/iwyse/common/Documents/ECE510/project/510Project/project/cadence/asap7/asap7sc7p5t_28/LIB/NLDM
@file(genus.tcl) 49: set_db init_hdl_search_path     ../../HDL_Systolic_16x16
  Setting attribute of root '/': 'init_hdl_search_path' = ../../HDL_Systolic_16x16
@file(genus.tcl) 51: set_db syn_generic_effort   medium
  Setting attribute of root '/': 'syn_generic_effort' = medium
@file(genus.tcl) 52: set_db syn_map_effort       medium
  Setting attribute of root '/': 'syn_map_effort' = medium
@file(genus.tcl) 53: set_db syn_opt_effort       medium
  Setting attribute of root '/': 'syn_opt_effort' = medium
@file(genus.tcl) 58: set_db auto_ungroup         none
  Setting attribute of root '/': 'auto_ungroup' = none
@file(genus.tcl) 61: read_libs [list $lib_tt_simple $lib_tt_invbuf $lib_tt_seq $lib_tt_ao $lib_tt_oa]
Info    : Created nominal operating condition. [LBR-412]
        : Operating condition '_nominal_' was created for the PVT values (1.000000, 0.700000, 25.000000) in library 'asap7sc7p5t_SIMPLE_RVT_TT_nldm_211120.lib'.
        : The nominal operating condition is represented, either by the nominal PVT values specified in the library source (via nom_process,nom_voltage and nom_temperature respectively), or by the default PVT values (1.0,1.0,1.0).
Info    : Created nominal operating condition. [LBR-412]
        : Operating condition '_nominal_' was created for the PVT values (1.000000, 0.700000, 25.000000) in library 'asap7sc7p5t_INVBUF_RVT_TT_nldm_220122.lib'.
Info    : Created nominal operating condition. [LBR-412]
        : Operating condition '_nominal_' was created for the PVT values (1.000000, 0.700000, 25.000000) in library 'asap7sc7p5t_SEQ_RVT_TT_nldm_220123.lib'.
Info    : Created nominal operating condition. [LBR-412]
        : Operating condition '_nominal_' was created for the PVT values (1.000000, 0.700000, 25.000000) in library 'asap7sc7p5t_AO_RVT_TT_nldm_211120.lib'.
Info    : Created nominal operating condition. [LBR-412]
        : Operating condition '_nominal_' was created for the PVT values (1.000000, 0.700000, 25.000000) in library 'asap7sc7p5t_OA_RVT_TT_nldm_211120.lib'.
@file(genus.tcl) 65: read_hdl -sv               ../../HDL_Systolic_16x16/bf16_mul.sv
@file(genus.tcl) 66: read_hdl -sv               ../../HDL_Systolic_16x16/bf16_fp32_add.sv
@file(genus.tcl) 67: read_hdl -sv               ../../HDL_Systolic_16x16/bf16_mac_unit.sv
@file(genus.tcl) 70: read_hdl -sv               ../../HDL_Systolic_16x16/pe.sv
@file(genus.tcl) 71: read_hdl -sv               ../../HDL_Systolic_16x16/systolic_16x16.sv
@file(genus.tcl) 74: read_hdl -sv               ../../HDL_Systolic_16x16/weight_sram.sv
@file(genus.tcl) 75: read_hdl -sv               ../../HDL_Systolic_16x16/act_stagger.sv
@file(genus.tcl) 76: read_hdl -sv               ../../HDL_Systolic_16x16/accum_sram.sv
@file(genus.tcl) 77: read_hdl -sv               ../../HDL_Systolic_16x16/bias_sram.sv
@file(genus.tcl) 80: read_hdl -sv               ../../HDL_Systolic_16x16/fp32_recip.sv
@file(genus.tcl) 81: read_hdl -sv               ../../HDL_Systolic_16x16/gelu_unit.sv
@file(genus.tcl) 84: read_hdl -sv               ../../HDL_Systolic_16x16/axi.sv
@file(genus.tcl) 85: read_hdl -sv               ../../HDL_Systolic_16x16/controller.sv
@file(genus.tcl) 86: read_hdl -sv               ../../HDL_Systolic_16x16/axi_readback.sv
@file(genus.tcl) 87: read_hdl -sv               ../../HDL_Systolic_16x16/top.sv
@file(genus.tcl) 90: elaborate sys_top
  Libraries have 167 usable logic and 23 usable sequential lib-cells.
Info    : Elaborating Design. [ELAB-1]
        : Elaborating top-level block 'sys_top' from file './../../HDL_Systolic_16x16/top.sv'.
Warning : Using default parameter value for module elaboration. [CDFG-818]
        : Elaborating block 'sys_top' with default parameters value.
Warning : Removing unused register. [CDFG-508]
        : Removing unused flip-flop register 'stage[0][1]' in module 'act_stagger_ROWS16_ACT_WIDTH16' in file './../../HDL_Systolic_16x16/act_stagger.sv' on line 37.
        : Genus removes the flip-flop or latch inferred for an unused signal or variable. To preserve the flip-flop or latch, set the hdl_preserve_unused_registers attribute to true or use a pragma in the RTL.
Warning : Removing unused register. [CDFG-508]
        : Removing unused flip-flop register 'stage[0][2]' in module 'act_stagger_ROWS16_ACT_WIDTH16' in file './../../HDL_Systolic_16x16/act_stagger.sv' on line 37.
Warning : Removing unused register. [CDFG-508]
        : Removing unused flip-flop register 'stage[0][3]' in module 'act_stagger_ROWS16_ACT_WIDTH16' in file './../../HDL_Systolic_16x16/act_stagger.sv' on line 37.
Warning : Removing unused register. [CDFG-508]
        : Removing unused flip-flop register 'stage[0][4]' in module 'act_stagger_ROWS16_ACT_WIDTH16' in file './../../HDL_Systolic_16x16/act_stagger.sv' on line 37.
Warning : Removing unused register. [CDFG-508]
        : Removing unused flip-flop register 'stage[0][5]' in module 'act_stagger_ROWS16_ACT_WIDTH16' in file './../../HDL_Systolic_16x16/act_stagger.sv' on line 37.
Warning : Removing unused register. [CDFG-508]
        : Removing unused flip-flop register 'stage[0][6]' in module 'act_stagger_ROWS16_ACT_WIDTH16' in file './../../HDL_Systolic_16x16/act_stagger.sv' on line 37.
Warning : Removing unused register. [CDFG-508]
        : Removing unused flip-flop register 'stage[0][7]' in module 'act_stagger_ROWS16_ACT_WIDTH16' in file './../../HDL_Systolic_16x16/act_stagger.sv' on line 37.
Warning : Removing unused register. [CDFG-508]
        : Removing unused flip-flop register 'stage[0][8]' in module 'act_stagger_ROWS16_ACT_WIDTH16' in file './../../HDL_Systolic_16x16/act_stagger.sv' on line 37.
Warning : Removing unused register. [CDFG-508]
        : Removing unused flip-flop register 'stage[0][9]' in module 'act_stagger_ROWS16_ACT_WIDTH16' in file './../../HDL_Systolic_16x16/act_stagger.sv' on line 37.
Warning : Removing unused register. [CDFG-508]
        : Removing unused flip-flop register 'stage[0][10]' in module 'act_stagger_ROWS16_ACT_WIDTH16' in file './../../HDL_Systolic_16x16/act_stagger.sv' on line 37.
Warning : Removing unused register. [CDFG-508]
        : Removing unused flip-flop register 'stage[0][11]' in module 'act_stagger_ROWS16_ACT_WIDTH16' in file './../../HDL_Systolic_16x16/act_stagger.sv' on line 37.
Warning : Removing unused register. [CDFG-508]
        : Removing unused flip-flop register 'stage[0][12]' in module 'act_stagger_ROWS16_ACT_WIDTH16' in file './../../HDL_Systolic_16x16/act_stagger.sv' on line 37.
Warning : Removing unused register. [CDFG-508]
        : Removing unused flip-flop register 'stage[0][13]' in module 'act_stagger_ROWS16_ACT_WIDTH16' in file './../../HDL_Systolic_16x16/act_stagger.sv' on line 37.
Warning : Removing unused register. [CDFG-508]
        : Removing unused flip-flop register 'stage[0][14]' in module 'act_stagger_ROWS16_ACT_WIDTH16' in file './../../HDL_Systolic_16x16/act_stagger.sv' on line 37.
Warning : Removing unused register. [CDFG-508]
        : Removing unused flip-flop register 'stage[0][15]' in module 'act_stagger_ROWS16_ACT_WIDTH16' in file './../../HDL_Systolic_16x16/act_stagger.sv' on line 37.
Warning : Removing unused register. [CDFG-508]
        : Removing unused flip-flop register 'stage[1][2]' in module 'act_stagger_ROWS16_ACT_WIDTH16' in file './../../HDL_Systolic_16x16/act_stagger.sv' on line 37.
Warning : Removing unused register. [CDFG-508]
        : Removing unused flip-flop register 'stage[1][3]' in module 'act_stagger_ROWS16_ACT_WIDTH16' in file './../../HDL_Systolic_16x16/act_stagger.sv' on line 37.
Warning : Removing unused register. [CDFG-508]
        : Removing unused flip-flop register 'stage[1][4]' in module 'act_stagger_ROWS16_ACT_WIDTH16' in file './../../HDL_Systolic_16x16/act_stagger.sv' on line 37.
Warning : Removing unused register. [CDFG-508]
        : Removing unused flip-flop register 'stage[1][5]' in module 'act_stagger_ROWS16_ACT_WIDTH16' in file './../../HDL_Systolic_16x16/act_stagger.sv' on line 37.
Warning : Removing unused register. [CDFG-508]
        : Removing unused flip-flop register 'stage[1][6]' in module 'act_stagger_ROWS16_ACT_WIDTH16' in file './../../HDL_Systolic_16x16/act_stagger.sv' on line 37.
Warning : Maximum message print count reached. [MESG-11]
        : Maximum print count of '20' reached for message 'CDFG-508'.
Warning : Unreachable statements for case item. [CDFG-472]
        : Case item 'default' in module 'controller_ROWS16_COLS16_WT_WIDTH16_PSUM_WIDTH32_M_MAX256_ADDR_WIDTH4_M_ADDR_W9' in file './../../HDL_Systolic_16x16/controller.sv' on line 167.
Info    : Done Elaborating Design. [ELAB-3]
        : Done elaborating 'sys_top'.
Checking for analog nets...
Check completed for analog nets.
Checking for source RTL...
Check completed for source RTL.
Running Unified Mux Engine Tricks...
Completed Unified Mux Engine Tricks

Stage: post_elab
-------------------------------------------------------
| Trick             | Accepts | Rejects | Runtime (s) | 
-------------------------------------------------------
| ume_constant_bmux |       0 |       0 |        0.03 | 
| ume_merge         |       0 |       0 |        0.00 | 
| ume_ssm           |       0 |       0 |        0.01 | 
| ume_cse           |       1 |       0 |        1.15 | 
| ume_shrink        |       0 |       0 |        0.02 | 
| ume_sweep         |       0 |       0 |        0.01 | 
| ume_constant_bmux |       0 |       0 |        0.02 | 
| ume_merge         |       0 |       0 |        0.00 | 
| ume_ssm           |       0 |       0 |        0.01 | 
| ume_cse           |       0 |       0 |        1.04 | 
| ume_shrink        |       0 |       0 |        0.02 | 
| ume_sweep         |       0 |       0 |        0.01 | 
-------------------------------------------------------
Starting optimize datapath shifters [v1.0] (stage: post_elab, startdef: sys_top, recur: true)
Completed optimize datapath shifters (accepts: 0, rejects: 0, runtime: 0.003s)
Starting clip mux common data inputs [v1.0] (stage: post_elab, startdef: sys_top, recur: true)
Completed clip mux common data inputs (accepts: 0, rejects: 0, runtime: 0.020s)
Starting clip the non-user hierarchies [v2.0] (stage: post_elab, startdef: sys_top, recur: true)
Completed clip the non-user hierarchies (accepts: 1, rejects: 0, runtime: 0.397s)
Starting basic netlist cleanup [v1.0] (stage: post_elab, startdef: sys_top, recur: true)
Completed basic netlist cleanup (accepts: 0, rejects: 0, runtime: 0.006s)

Stage: post_elab
--------------------------------------------------------------------
| Transform                      | Accepts | Rejects | Runtime (s) | 
--------------------------------------------------------------------
| hlo_optimize_datapath_shifters |       0 |       0 |        0.00 | 
| hlo_clip_mux_input             |       0 |       0 |        0.02 | 
| hlo_clip                       |       1 |       0 |        0.40 | 
| hlo_cleanup                    |       0 |       0 |        0.01 | 
--------------------------------------------------------------------
UM:   flow.cputime  flow.realtime  timing.setup.tns  timing.setup.wns  snapshot
UM:*                                                                   elaborate
@file(genus.tcl) 91: check_design -unresolved


 	 Check Design Report (c)
	 ------------------- 

  Unresolved References & Empty Modules
  ------------------------------------- 
No unresolved references in design 'sys_top'

No empty modules in design 'sys_top'

  Done Checking the design.
@file(genus.tcl) 97: read_sdc constraints.sdc
Statistics for commands executed by read_sdc:
 "all_inputs"               - successful      2 , failed      0 (runtime  0.00)
 "all_outputs"              - successful      3 , failed      0 (runtime  0.00)
 "create_clock"             - successful      1 , failed      0 (runtime  0.01)
 "get_clocks"               - successful      3 , failed      0 (runtime  0.00)
 "get_ports"                - successful      4 , failed      0 (runtime  0.01)
 "remove_from_collection"   - successful      2 , failed      0 (runtime  0.00)
 "set_clock_transition"     - successful      1 , failed      0 (runtime  0.00)
 "set_clock_uncertainty"    - successful      2 , failed      0 (runtime  0.00)
 "set_driving_cell"         - successful      1 , failed      0 (runtime  0.01)
 "set_false_path"           - successful      1 , failed      0 (runtime  0.00)
 "set_input_delay"          - successful      2 , failed      0 (runtime  0.01)
 "set_load"                 - successful      1 , failed      0 (runtime  0.01)
 "set_output_delay"         - successful      2 , failed      0 (runtime  0.00)
read_sdc completed in 00:00:00 (hh:mm:ss)
@file(genus.tcl) 100: syn_generic

Stage: pre_early_cg
-----------------------------------------------
| Transform | Accepts | Rejects | Runtime (s) | 
-----------------------------------------------
-----------------------------------------------
Mapping ChipWare ICG instances in sys_top
Found 0 unmapped ChipWare ICG instances
Mapped 0 of 0 ChipWare ICG instances
##Generic Timing Info for library domain: _default_ typical gate delay: 20.9 ps std_slew: 4.2 ps std_load: 0.8 fF
Starting mux data reorder optimization [v1.0] (stage: pre_to_gen_setup, startdef: sys_top, recur: true)
Completed mux data reorder optimization (accepts: 0, rejects: 0, runtime: 0.007s)

Stage: pre_to_gen_setup
-----------------------------------------------------
| Transform       | Accepts | Rejects | Runtime (s) | 
-----------------------------------------------------
| hlo_mux_reorder |       0 |       0 |        0.01 | 
-----------------------------------------------------
Info    : Deleting instances not driving any primary outputs. [GLO-34]
        : Deleting 4864 sequential instances.
        : Optimizations such as constant propagation or redundancy removal could change the connections so a hierarchical instance does not drive any primary outputs anymore. To see the list of deleted hierarchical instances, set the 'information_level' attribute to 2 or above. If the message is truncated set the message attribute 'truncate' to false to see the complete list. To prevent this optimization, set the 'delete_unloaded_insts' root/subdesign attribute to 'false' or 'preserve' instance attribute to 'true'.
Running DP early constant propagation (netlist sys_top)...
Running DP early redundancy removal
Completed DP early redundancy removal on sys_top (runtime = 4.6s)
Info    : Replacing a flip-flop with a logic constant 0. [GLO-12]
        : The instance is 'u_rb/g_postproc[15].u_gelu/r4_tanh_raw_reg[0]'.
        : To prevent this optimization, set the 'optimize_constant_0_flops' root attribute to 'false' or 'optimize_constant_0_seq' instance attribute to 'false'. You can also see the complete list of deleted sequential with command "report sequential -deleted" (on Reason "constant0").
Info    : Replacing a flip-flop with a logic constant 0. [GLO-12]
        : The instance is 'u_rb/g_postproc[14].u_gelu/r4_tanh_raw_reg[0]'.
Info    : Replacing a flip-flop with a logic constant 0. [GLO-12]
        : The instance is 'u_rb/g_postproc[13].u_gelu/r4_tanh_raw_reg[0]'.
Info    : Replacing a flip-flop with a logic constant 0. [GLO-12]
        : The instance is 'u_rb/g_postproc[12].u_gelu/r4_tanh_raw_reg[0]'.
Info    : Replacing a flip-flop with a logic constant 0. [GLO-12]
        : The instance is 'u_rb/g_postproc[11].u_gelu/r4_tanh_raw_reg[0]'.
Info    : Replacing a flip-flop with a logic constant 0. [GLO-12]
        : The instance is 'u_rb/g_postproc[10].u_gelu/r4_tanh_raw_reg[0]'.
Info    : Replacing a flip-flop with a logic constant 0. [GLO-12]
        : The instance is 'u_rb/g_postproc[9].u_gelu/r4_tanh_raw_reg[0]'.
Info    : Replacing a flip-flop with a logic constant 0. [GLO-12]
        : The instance is 'u_rb/g_postproc[8].u_gelu/r4_tanh_raw_reg[0]'.
Info    : Replacing a flip-flop with a logic constant 0. [GLO-12]
        : The instance is 'u_rb/g_postproc[7].u_gelu/r4_tanh_raw_reg[0]'.
Info    : Replacing a flip-flop with a logic constant 0. [GLO-12]
        : The instance is 'u_rb/g_postproc[6].u_gelu/r4_tanh_raw_reg[0]'.
Info    : Replacing a flip-flop with a logic constant 0. [GLO-12]
        : The instance is 'u_rb/g_postproc[5].u_gelu/r4_tanh_raw_reg[0]'.
Info    : Replacing a flip-flop with a logic constant 0. [GLO-12]
        : The instance is 'u_rb/g_postproc[4].u_gelu/r4_tanh_raw_reg[0]'.
Info    : Replacing a flip-flop with a logic constant 0. [GLO-12]
        : The instance is 'u_rb/g_postproc[3].u_gelu/r4_tanh_raw_reg[0]'.
Info    : Replacing a flip-flop with a logic constant 0. [GLO-12]
        : The instance is 'u_rb/g_postproc[2].u_gelu/r4_tanh_raw_reg[0]'.
Info    : Replacing a flip-flop with a logic constant 0. [GLO-12]
        : The instance is 'u_rb/g_postproc[1].u_gelu/r4_tanh_raw_reg[0]'.
Info    : Replacing a flip-flop with a logic constant 0. [GLO-12]
        : The instance is 'u_rb/g_postproc[0].u_gelu/r4_tanh_raw_reg[0]'.
Info    : Replacing a flip-flop with a logic constant 0. [GLO-12]
        : The instance is 'u_rb/g_postproc[15].u_gelu/r4_tanh_raw_reg[1]'.
Info    : Replacing a flip-flop with a logic constant 0. [GLO-12]
        : The instance is 'u_rb/g_postproc[14].u_gelu/r4_tanh_raw_reg[1]'.
Info    : Replacing a flip-flop with a logic constant 0. [GLO-12]
        : The instance is 'u_rb/g_postproc[13].u_gelu/r4_tanh_raw_reg[1]'.
Info    : Replacing a flip-flop with a logic constant 0. [GLO-12]
        : The instance is 'u_rb/g_postproc[12].u_gelu/r4_tanh_raw_reg[1]'.
Info    : Replacing a flip-flop with a logic constant 0. [GLO-12]
        : The instance is 'u_rb/g_postproc[11].u_gelu/r4_tanh_raw_reg[1]'.
Info    : Replacing a flip-flop with a logic constant 0. [GLO-12]
        : The instance is 'u_rb/g_postproc[10].u_gelu/r4_tanh_raw_reg[1]'.
Info    : Replacing a flip-flop with a logic constant 0. [GLO-12]
        : The instance is 'u_rb/g_postproc[9].u_gelu/r4_tanh_raw_reg[1]'.
Info    : Replacing a flip-flop with a logic constant 0. [GLO-12]
        : The instance is 'u_rb/g_postproc[8].u_gelu/r4_tanh_raw_reg[1]'.
Info    : Replacing a flip-flop with a logic constant 0. [GLO-12]
        : The instance is 'u_rb/g_postproc[7].u_gelu/r4_tanh_raw_reg[1]'.
Info    : Replacing a flip-flop with a logic constant 0. [GLO-12]
        : The instance is 'u_rb/g_postproc[6].u_gelu/r4_tanh_raw_reg[1]'.
Info    : Replacing a flip-flop with a logic constant 0. [GLO-12]
        : The instance is 'u_rb/g_postproc[5].u_gelu/r4_tanh_raw_reg[1]'.
Info    : Replacing a flip-flop with a logic constant 0. [GLO-12]
        : The instance is 'u_rb/g_postproc[4].u_gelu/r4_tanh_raw_reg[1]'.
Info    : Replacing a flip-flop with a logic constant 0. [GLO-12]
        : The instance is 'u_rb/g_postproc[3].u_gelu/r4_tanh_raw_reg[1]'.
Info    : Replacing a flip-flop with a logic constant 0. [GLO-12]
        : The instance is 'u_rb/g_postproc[2].u_gelu/r4_tanh_raw_reg[1]'.
Info    : Replacing a flip-flop with a logic constant 0. [GLO-12]
        : The instance is 'u_rb/g_postproc[1].u_gelu/r4_tanh_raw_reg[1]'.
Info    : Replacing a flip-flop with a logic constant 0. [GLO-12]
        : The instance is 'u_rb/g_postproc[0].u_gelu/r4_tanh_raw_reg[1]'.
Info    : Replacing a flip-flop with a logic constant 0. [GLO-12]
        : The instance is 'u_rb/g_postproc[15].u_gelu/r4_tanh_raw_reg[2]'.
Info    : Replacing a flip-flop with a logic constant 0. [GLO-12]
        : The instance is 'u_rb/g_postproc[14].u_gelu/r4_tanh_raw_reg[2]'.
Info    : Replacing a flip-flop with a logic constant 0. [GLO-12]
        : The instance is 'u_rb/g_postproc[13].u_gelu/r4_tanh_raw_reg[2]'.
Info    : Replacing a flip-flop with a logic constant 0. [GLO-12]
        : The instance is 'u_rb/g_postproc[12].u_gelu/r4_tanh_raw_reg[2]'.
Info    : Replacing a flip-flop with a logic constant 0. [GLO-12]
        : The instance is 'u_rb/g_postproc[11].u_gelu/r4_tanh_raw_reg[2]'.
Info    : Replacing a flip-flop with a logic constant 0. [GLO-12]
        : The instance is 'u_rb/g_postproc[10].u_gelu/r4_tanh_raw_reg[2]'.
Info    : Replacing a flip-flop with a logic constant 0. [GLO-12]
        : The instance is 'u_rb/g_postproc[9].u_gelu/r4_tanh_raw_reg[2]'.
Info    : Replacing a flip-flop with a logic constant 0. [GLO-12]
        : The instance is 'u_rb/g_postproc[8].u_gelu/r4_tanh_raw_reg[2]'.
Info    : Replacing a flip-flop with a logic constant 0. [GLO-12]
        : The instance is 'u_rb/g_postproc[7].u_gelu/r4_tanh_raw_reg[2]'.
Info    : Replacing a flip-flop with a logic constant 0. [GLO-12]
        : The instance is 'u_rb/g_postproc[6].u_gelu/r4_tanh_raw_reg[2]'.
Info    : Replacing a flip-flop with a logic constant 0. [GLO-12]
        : The instance is 'u_rb/g_postproc[5].u_gelu/r4_tanh_raw_reg[2]'.
Info    : Replacing a flip-flop with a logic constant 0. [GLO-12]
        : The instance is 'u_rb/g_postproc[4].u_gelu/r4_tanh_raw_reg[2]'.
Info    : Replacing a flip-flop with a logic constant 0. [GLO-12]
        : The instance is 'u_rb/g_postproc[3].u_gelu/r4_tanh_raw_reg[2]'.
Info    : Replacing a flip-flop with a logic constant 0. [GLO-12]
        : The instance is 'u_rb/g_postproc[2].u_gelu/r4_tanh_raw_reg[2]'.
Info    : Replacing a flip-flop with a logic constant 0. [GLO-12]
        : The instance is 'u_rb/g_postproc[1].u_gelu/r4_tanh_raw_reg[2]'.
Info    : Replacing a flip-flop with a logic constant 0. [GLO-12]
        : The instance is 'u_rb/g_postproc[0].u_gelu/r4_tanh_raw_reg[2]'.
Info    : Replacing a flip-flop with a logic constant 0. [GLO-12]
        : The instance is 'u_rb/g_postproc[15].u_gelu/r4_tanh_raw_reg[3]'.
Info    : Replacing a flip-flop with a logic constant 0. [GLO-12]
        : The instance is 'u_rb/g_postproc[14].u_gelu/r4_tanh_raw_reg[3]'.
Info    : Replacing a flip-flop with a logic constant 0. [GLO-12]
        : The instance is 'u_rb/g_postproc[13].u_gelu/r4_tanh_raw_reg[3]'.
Info    : Replacing a flip-flop with a logic constant 0. [GLO-12]
        : The instance is 'u_rb/g_postproc[12].u_gelu/r4_tanh_raw_reg[3]'.
Info    : Replacing a flip-flop with a logic constant 0. [GLO-12]
        : The instance is 'u_rb/g_postproc[11].u_gelu/r4_tanh_raw_reg[3]'.
Info    : Replacing a flip-flop with a logic constant 0. [GLO-12]
        : The instance is 'u_rb/g_postproc[10].u_gelu/r4_tanh_raw_reg[3]'.
Info    : Replacing a flip-flop with a logic constant 0. [GLO-12]
        : The instance is 'u_rb/g_postproc[9].u_gelu/r4_tanh_raw_reg[3]'.
Info    : Replacing a flip-flop with a logic constant 0. [GLO-12]
        : The instance is 'u_rb/g_postproc[8].u_gelu/r4_tanh_raw_reg[3]'.
Info    : Replacing a flip-flop with a logic constant 0. [GLO-12]
        : The instance is 'u_rb/g_postproc[7].u_gelu/r4_tanh_raw_reg[3]'.
Info    : Replacing a flip-flop with a logic constant 0. [GLO-12]
        : The instance is 'u_rb/g_postproc[6].u_gelu/r4_tanh_raw_reg[3]'.
Info    : Replacing a flip-flop with a logic constant 0. [GLO-12]
        : The instance is 'u_rb/g_postproc[5].u_gelu/r4_tanh_raw_reg[3]'.
Info    : Replacing a flip-flop with a logic constant 0. [GLO-12]
        : The instance is 'u_rb/g_postproc[4].u_gelu/r4_tanh_raw_reg[3]'.
Info    : Replacing a flip-flop with a logic constant 0. [GLO-12]
        : The instance is 'u_rb/g_postproc[3].u_gelu/r4_tanh_raw_reg[3]'.
Info    : Replacing a flip-flop with a logic constant 0. [GLO-12]
        : The instance is 'u_rb/g_postproc[2].u_gelu/r4_tanh_raw_reg[3]'.
Info    : Replacing a flip-flop with a logic constant 0. [GLO-12]
        : The instance is 'u_rb/g_postproc[1].u_gelu/r4_tanh_raw_reg[3]'.
Info    : Replacing a flip-flop with a logic constant 0. [GLO-12]
        : The instance is 'u_rb/g_postproc[0].u_gelu/r4_tanh_raw_reg[3]'.
Info    : Replacing a flip-flop with a logic constant 0. [GLO-12]
        : The instance is 'u_rb/g_postproc[15].u_gelu/r4_tanh_raw_reg[4]'.
Info    : Replacing a flip-flop with a logic constant 0. [GLO-12]
        : The instance is 'u_rb/g_postproc[14].u_gelu/r4_tanh_raw_reg[4]'.
Info    : Replacing a flip-flop with a logic constant 0. [GLO-12]
        : The instance is 'u_rb/g_postproc[13].u_gelu/r4_tanh_raw_reg[4]'.
Info    : Replacing a flip-flop with a logic constant 0. [GLO-12]
        : The instance is 'u_rb/g_postproc[12].u_gelu/r4_tanh_raw_reg[4]'.
Info    : Replacing a flip-flop with a logic constant 0. [GLO-12]
        : The instance is 'u_rb/g_postproc[11].u_gelu/r4_tanh_raw_reg[4]'.
Info    : Replacing a flip-flop with a logic constant 0. [GLO-12]
        : The instance is 'u_rb/g_postproc[10].u_gelu/r4_tanh_raw_reg[4]'.
Info    : Replacing a flip-flop with a logic constant 0. [GLO-12]
        : The instance is 'u_rb/g_postproc[9].u_gelu/r4_tanh_raw_reg[4]'.
Info    : Replacing a flip-flop with a logic constant 0. [GLO-12]
        : The instance is 'u_rb/g_postproc[8].u_gelu/r4_tanh_raw_reg[4]'.
Info    : Replacing a flip-flop with a logic constant 0. [GLO-12]
        : The instance is 'u_rb/g_postproc[7].u_gelu/r4_tanh_raw_reg[4]'.
Info    : Replacing a flip-flop with a logic constant 0. [GLO-12]
        : The instance is 'u_rb/g_postproc[6].u_gelu/r4_tanh_raw_reg[4]'.
Info    : Replacing a flip-flop with a logic constant 0. [GLO-12]
        : The instance is 'u_rb/g_postproc[5].u_gelu/r4_tanh_raw_reg[4]'.
Info    : Replacing a flip-flop with a logic constant 0. [GLO-12]
        : The instance is 'u_rb/g_postproc[4].u_gelu/r4_tanh_raw_reg[4]'.
Info    : Replacing a flip-flop with a logic constant 0. [GLO-12]
        : The instance is 'u_rb/g_postproc[3].u_gelu/r4_tanh_raw_reg[4]'.
Info    : Replacing a flip-flop with a logic constant 0. [GLO-12]
        : The instance is 'u_rb/g_postproc[2].u_gelu/r4_tanh_raw_reg[4]'.
Info    : Replacing a flip-flop with a logic constant 0. [GLO-12]
        : The instance is 'u_rb/g_postproc[1].u_gelu/r4_tanh_raw_reg[4]'.
Info    : Replacing a flip-flop with a logic constant 0. [GLO-12]
        : The instance is 'u_rb/g_postproc[0].u_gelu/r4_tanh_raw_reg[4]'.
Info    : Replacing a flip-flop with a logic constant 0. [GLO-12]
        : The instance is 'u_rb/g_postproc[15].u_gelu/r4_tanh_raw_reg[5]'.
Info    : Replacing a flip-flop with a logic constant 0. [GLO-12]
        : The instance is 'u_rb/g_postproc[14].u_gelu/r4_tanh_raw_reg[5]'.
Info    : Replacing a flip-flop with a logic constant 0. [GLO-12]
        : The instance is 'u_rb/g_postproc[13].u_gelu/r4_tanh_raw_reg[5]'.
Info    : Replacing a flip-flop with a logic constant 0. [GLO-12]
        : The instance is 'u_rb/g_postproc[12].u_gelu/r4_tanh_raw_reg[5]'.
Info    : Replacing a flip-flop with a logic constant 0. [GLO-12]
        : The instance is 'u_rb/g_postproc[11].u_gelu/r4_tanh_raw_reg[5]'.
Info    : Replacing a flip-flop with a logic constant 0. [GLO-12]
        : The instance is 'u_rb/g_postproc[10].u_gelu/r4_tanh_raw_reg[5]'.
Info    : Replacing a flip-flop with a logic constant 0. [GLO-12]
        : The instance is 'u_rb/g_postproc[9].u_gelu/r4_tanh_raw_reg[5]'.
Info    : Replacing a flip-flop with a logic constant 0. [GLO-12]
        : The instance is 'u_rb/g_postproc[8].u_gelu/r4_tanh_raw_reg[5]'.
Info    : Replacing a flip-flop with a logic constant 0. [GLO-12]
        : The instance is 'u_rb/g_postproc[7].u_gelu/r4_tanh_raw_reg[5]'.
Info    : Replacing a flip-flop with a logic constant 0. [GLO-12]
        : The instance is 'u_rb/g_postproc[6].u_gelu/r4_tanh_raw_reg[5]'.
Info    : Replacing a flip-flop with a logic constant 0. [GLO-12]
        : The instance is 'u_rb/g_postproc[5].u_gelu/r4_tanh_raw_reg[5]'.
Info    : Replacing a flip-flop with a logic constant 0. [GLO-12]
        : The instance is 'u_rb/g_postproc[4].u_gelu/r4_tanh_raw_reg[5]'.
Info    : Replacing a flip-flop with a logic constant 0. [GLO-12]
        : The instance is 'u_rb/g_postproc[3].u_gelu/r4_tanh_raw_reg[5]'.
Info    : Replacing a flip-flop with a logic constant 0. [GLO-12]
        : The instance is 'u_rb/g_postproc[2].u_gelu/r4_tanh_raw_reg[5]'.
Info    : Replacing a flip-flop with a logic constant 0. [GLO-12]
        : The instance is 'u_rb/g_postproc[1].u_gelu/r4_tanh_raw_reg[5]'.
Info    : Replacing a flip-flop with a logic constant 0. [GLO-12]
        : The instance is 'u_rb/g_postproc[0].u_gelu/r4_tanh_raw_reg[5]'.
Info    : Replacing a flip-flop with a logic constant 0. [GLO-12]
        : The instance is 'u_rb/g_postproc[15].u_gelu/r4_tanh_raw_reg[6]'.
Info    : Replacing a flip-flop with a logic constant 0. [GLO-12]
        : The instance is 'u_rb/g_postproc[14].u_gelu/r4_tanh_raw_reg[6]'.
Info    : Replacing a flip-flop with a logic constant 0. [GLO-12]
        : The instance is 'u_rb/g_postproc[13].u_gelu/r4_tanh_raw_reg[6]'.
Info    : Replacing a flip-flop with a logic constant 0. [GLO-12]
        : The instance is 'u_rb/g_postproc[12].u_gelu/r4_tanh_raw_reg[6]'.
Info    : Replacing a flip-flop with a logic constant 0. [GLO-12]
        : The instance is 'u_rb/g_postproc[11].u_gelu/r4_tanh_raw_reg[6]'.
Info    : Replacing a flip-flop with a logic constant 0. [GLO-12]
        : The instance is 'u_rb/g_postproc[10].u_gelu/r4_tanh_raw_reg[6]'.
Info    : Replacing a flip-flop with a logic constant 0. [GLO-12]
        : The instance is 'u_rb/g_postproc[9].u_gelu/r4_tanh_raw_reg[6]'.
Info    : Replacing a flip-flop with a logic constant 0. [GLO-12]
        : The instance is 'u_rb/g_postproc[8].u_gelu/r4_tanh_raw_reg[6]'.
Info    : Replacing a flip-flop with a logic constant 0. [GLO-12]
        : The instance is 'u_rb/g_postproc[7].u_gelu/r4_tanh_raw_reg[6]'.
Info    : Replacing a flip-flop with a logic constant 0. [GLO-12]
        : The instance is 'u_rb/g_postproc[6].u_gelu/r4_tanh_raw_reg[6]'.
Info    : Replacing a flip-flop with a logic constant 0. [GLO-12]
        : The instance is 'u_rb/g_postproc[5].u_gelu/r4_tanh_raw_reg[6]'.
Info    : Replacing a flip-flop with a logic constant 0. [GLO-12]
        : The instance is 'u_rb/g_postproc[4].u_gelu/r4_tanh_raw_reg[6]'.
Info    : Replacing a flip-flop with a logic constant 0. [GLO-12]
        : The instance is 'u_rb/g_postproc[3].u_gelu/r4_tanh_raw_reg[6]'.
Info    : Replacing a flip-flop with a logic constant 0. [GLO-12]
        : The instance is 'u_rb/g_postproc[2].u_gelu/r4_tanh_raw_reg[6]'.
Info    : Replacing a flip-flop with a logic constant 0. [GLO-12]
        : The instance is 'u_rb/g_postproc[1].u_gelu/r4_tanh_raw_reg[6]'.
Info    : Replacing a flip-flop with a logic constant 0. [GLO-12]
        : The instance is 'u_rb/g_postproc[0].u_gelu/r4_tanh_raw_reg[6]'.
Info    : Replacing a flip-flop with a logic constant 0. [GLO-12]
        : The instance is 'u_rb/g_postproc[15].u_gelu/r4_tanh_raw_reg[7]'.
Info    : Replacing a flip-flop with a logic constant 0. [GLO-12]
        : The instance is 'u_rb/g_postproc[14].u_gelu/r4_tanh_raw_reg[7]'.
Info    : Replacing a flip-flop with a logic constant 0. [GLO-12]
        : The instance is 'u_rb/g_postproc[13].u_gelu/r4_tanh_raw_reg[7]'.
Info    : Replacing a flip-flop with a logic constant 0. [GLO-12]
        : The instance is 'u_rb/g_postproc[12].u_gelu/r4_tanh_raw_reg[7]'.
Info    : Replacing a flip-flop with a logic constant 0. [GLO-12]
        : The instance is 'u_rb/g_postproc[11].u_gelu/r4_tanh_raw_reg[7]'.
Info    : Replacing a flip-flop with a logic constant 0. [GLO-12]
        : The instance is 'u_rb/g_postproc[10].u_gelu/r4_tanh_raw_reg[7]'.
Info    : Replacing a flip-flop with a logic constant 0. [GLO-12]
        : The instance is 'u_rb/g_postproc[9].u_gelu/r4_tanh_raw_reg[7]'.
Info    : Replacing a flip-flop with a logic constant 0. [GLO-12]
        : The instance is 'u_rb/g_postproc[8].u_gelu/r4_tanh_raw_reg[7]'.
Info    : Replacing a flip-flop with a logic constant 0. [GLO-12]
        : The instance is 'u_rb/g_postproc[7].u_gelu/r4_tanh_raw_reg[7]'.
Info    : Replacing a flip-flop with a logic constant 0. [GLO-12]
        : The instance is 'u_rb/g_postproc[6].u_gelu/r4_tanh_raw_reg[7]'.
Info    : Replacing a flip-flop with a logic constant 0. [GLO-12]
        : The instance is 'u_rb/g_postproc[5].u_gelu/r4_tanh_raw_reg[7]'.
Info    : Replacing a flip-flop with a logic constant 0. [GLO-12]
        : The instance is 'u_rb/g_postproc[4].u_gelu/r4_tanh_raw_reg[7]'.
Info    : Replacing a flip-flop with a logic constant 0. [GLO-12]
        : The instance is 'u_rb/g_postproc[3].u_gelu/r4_tanh_raw_reg[7]'.
Info    : Replacing a flip-flop with a logic constant 0. [GLO-12]
        : The instance is 'u_rb/g_postproc[2].u_gelu/r4_tanh_raw_reg[7]'.
Info    : Replacing a flip-flop with a logic constant 0. [GLO-12]
        : The instance is 'u_rb/g_postproc[1].u_gelu/r4_tanh_raw_reg[7]'.
Info    : Replacing a flip-flop with a logic constant 0. [GLO-12]
        : The instance is 'u_rb/g_postproc[0].u_gelu/r4_tanh_raw_reg[7]'.
Info    : Replacing a flip-flop with a logic constant 0. [GLO-12]
        : The instance is 'u_rb/g_postproc[15].u_gelu/r0b_arg_reg[0]'.
Info    : Replacing a flip-flop with a logic constant 0. [GLO-12]
        : The instance is 'u_rb/g_postproc[14].u_gelu/r0b_arg_reg[0]'.
Info    : Replacing a flip-flop with a logic constant 0. [GLO-12]
        : The instance is 'u_rb/g_postproc[13].u_gelu/r0b_arg_reg[0]'.
Info    : Replacing a flip-flop with a logic constant 0. [GLO-12]
        : The instance is 'u_rb/g_postproc[12].u_gelu/r0b_arg_reg[0]'.
Info    : Replacing a flip-flop with a logic constant 0. [GLO-12]
        : The instance is 'u_rb/g_postproc[11].u_gelu/r0b_arg_reg[0]'.
Info    : Replacing a flip-flop with a logic constant 0. [GLO-12]
        : The instance is 'u_rb/g_postproc[10].u_gelu/r0b_arg_reg[0]'.
Info    : Replacing a flip-flop with a logic constant 0. [GLO-12]
        : The instance is 'u_rb/g_postproc[9].u_gelu/r0b_arg_reg[0]'.
Info    : Replacing a flip-flop with a logic constant 0. [GLO-12]
        : The instance is 'u_rb/g_postproc[8].u_gelu/r0b_arg_reg[0]'.
Info    : Replacing a flip-flop with a logic constant 0. [GLO-12]
        : The instance is 'u_rb/g_postproc[7].u_gelu/r0b_arg_reg[0]'.
Info    : Replacing a flip-flop with a logic constant 0. [GLO-12]
        : The instance is 'u_rb/g_postproc[6].u_gelu/r0b_arg_reg[0]'.
Info    : Replacing a flip-flop with a logic constant 0. [GLO-12]
        : The instance is 'u_rb/g_postproc[5].u_gelu/r0b_arg_reg[0]'.
Info    : Replacing a flip-flop with a logic constant 0. [GLO-12]
        : The instance is 'u_rb/g_postproc[4].u_gelu/r0b_arg_reg[0]'.
Info    : Replacing a flip-flop with a logic constant 0. [GLO-12]
        : The instance is 'u_rb/g_postproc[3].u_gelu/r0b_arg_reg[0]'.
Info    : Replacing a flip-flop with a logic constant 0. [GLO-12]
        : The instance is 'u_rb/g_postproc[2].u_gelu/r0b_arg_reg[0]'.
Info    : Replacing a flip-flop with a logic constant 0. [GLO-12]
        : The instance is 'u_rb/g_postproc[1].u_gelu/r0b_arg_reg[0]'.
Info    : Replacing a flip-flop with a logic constant 0. [GLO-12]
        : The instance is 'u_rb/g_postproc[0].u_gelu/r0b_arg_reg[0]'.
Info    : Replacing a flip-flop with a logic constant 0. [GLO-12]
        : The instance is 'u_rb/g_postproc[15].u_gelu/r0b_arg_reg[1]'.
Info    : Replacing a flip-flop with a logic constant 0. [GLO-12]
        : The instance is 'u_rb/g_postproc[14].u_gelu/r0b_arg_reg[1]'.
Info    : Replacing a flip-flop with a logic constant 0. [GLO-12]
        : The instance is 'u_rb/g_postproc[13].u_gelu/r0b_arg_reg[1]'.
Info    : Replacing a flip-flop with a logic constant 0. [GLO-12]
        : The instance is 'u_rb/g_postproc[12].u_gelu/r0b_arg_reg[1]'.
Info    : Replacing a flip-flop with a logic constant 0. [GLO-12]
        : The instance is 'u_rb/g_postproc[11].u_gelu/r0b_arg_reg[1]'.
Info    : Replacing a flip-flop with a logic constant 0. [GLO-12]
        : The instance is 'u_rb/g_postproc[10].u_gelu/r0b_arg_reg[1]'.
Info    : Replacing a flip-flop with a logic constant 0. [GLO-12]
        : The instance is 'u_rb/g_postproc[9].u_gelu/r0b_arg_reg[1]'.
Info    : Replacing a flip-flop with a logic constant 0. [GLO-12]
        : The instance is 'u_rb/g_postproc[8].u_gelu/r0b_arg_reg[1]'.
Info    : Replacing a flip-flop with a logic constant 0. [GLO-12]
        : The instance is 'u_rb/g_postproc[7].u_gelu/r0b_arg_reg[1]'.
Info    : Replacing a flip-flop with a logic constant 0. [GLO-12]
        : The instance is 'u_rb/g_postproc[6].u_gelu/r0b_arg_reg[1]'.
Info    : Replacing a flip-flop with a logic constant 0. [GLO-12]
        : The instance is 'u_rb/g_postproc[5].u_gelu/r0b_arg_reg[1]'.
Info    : Replacing a flip-flop with a logic constant 0. [GLO-12]
        : The instance is 'u_rb/g_postproc[4].u_gelu/r0b_arg_reg[1]'.
Info    : Replacing a flip-flop with a logic constant 0. [GLO-12]
        : The instance is 'u_rb/g_postproc[3].u_gelu/r0b_arg_reg[1]'.
Info    : Replacing a flip-flop with a logic constant 0. [GLO-12]
        : The instance is 'u_rb/g_postproc[2].u_gelu/r0b_arg_reg[1]'.
Info    : Replacing a flip-flop with a logic constant 0. [GLO-12]
        : The instance is 'u_rb/g_postproc[1].u_gelu/r0b_arg_reg[1]'.
Info    : Replacing a flip-flop with a logic constant 0. [GLO-12]
        : The instance is 'u_rb/g_postproc[0].u_gelu/r0b_arg_reg[1]'.
Info    : Replacing a flip-flop with a logic constant 0. [GLO-12]
        : The instance is 'u_rb/g_postproc[15].u_gelu/r0b_arg_reg[2]'.
Info    : Replacing a flip-flop with a logic constant 0. [GLO-12]
        : The instance is 'u_rb/g_postproc[14].u_gelu/r0b_arg_reg[2]'.
Info    : Replacing a flip-flop with a logic constant 0. [GLO-12]
        : The instance is 'u_rb/g_postproc[13].u_gelu/r0b_arg_reg[2]'.
Info    : Replacing a flip-flop with a logic constant 0. [GLO-12]
        : The instance is 'u_rb/g_postproc[12].u_gelu/r0b_arg_reg[2]'.
Info    : Replacing a flip-flop with a logic constant 0. [GLO-12]
        : The instance is 'u_rb/g_postproc[11].u_gelu/r0b_arg_reg[2]'.
Info    : Replacing a flip-flop with a logic constant 0. [GLO-12]
        : The instance is 'u_rb/g_postproc[10].u_gelu/r0b_arg_reg[2]'.
Info    : Replacing a flip-flop with a logic constant 0. [GLO-12]
        : The instance is 'u_rb/g_postproc[9].u_gelu/r0b_arg_reg[2]'.
Info    : Replacing a flip-flop with a logic constant 0. [GLO-12]
        : The instance is 'u_rb/g_postproc[8].u_gelu/r0b_arg_reg[2]'.
Info    : Replacing a flip-flop with a logic constant 0. [GLO-12]
        : The instance is 'u_rb/g_postproc[7].u_gelu/r0b_arg_reg[2]'.
Info    : Replacing a flip-flop with a logic constant 0. [GLO-12]
        : The instance is 'u_rb/g_postproc[6].u_gelu/r0b_arg_reg[2]'.
Info    : Replacing a flip-flop with a logic constant 0. [GLO-12]
        : The instance is 'u_rb/g_postproc[5].u_gelu/r0b_arg_reg[2]'.
Info    : Replacing a flip-flop with a logic constant 0. [GLO-12]
        : The instance is 'u_rb/g_postproc[4].u_gelu/r0b_arg_reg[2]'.
Info    : Replacing a flip-flop with a logic constant 0. [GLO-12]
        : The instance is 'u_rb/g_postproc[3].u_gelu/r0b_arg_reg[2]'.
Info    : Replacing a flip-flop with a logic constant 0. [GLO-12]
        : The instance is 'u_rb/g_postproc[2].u_gelu/r0b_arg_reg[2]'.
Info    : Replacing a flip-flop with a logic constant 0. [GLO-12]
        : The instance is 'u_rb/g_postproc[1].u_gelu/r0b_arg_reg[2]'.
Info    : Replacing a flip-flop with a logic constant 0. [GLO-12]
        : The instance is 'u_rb/g_postproc[0].u_gelu/r0b_arg_reg[2]'.
Info    : Replacing a flip-flop with a logic constant 0. [GLO-12]
        : The instance is 'u_rb/g_postproc[15].u_gelu/r0b_arg_reg[3]'.
Info    : Replacing a flip-flop with a logic constant 0. [GLO-12]
        : The instance is 'u_rb/g_postproc[14].u_gelu/r0b_arg_reg[3]'.
Info    : Replacing a flip-flop with a logic constant 0. [GLO-12]
        : The instance is 'u_rb/g_postproc[13].u_gelu/r0b_arg_reg[3]'.
Info    : Replacing a flip-flop with a logic constant 0. [GLO-12]
        : The instance is 'u_rb/g_postproc[12].u_gelu/r0b_arg_reg[3]'.
Info    : Replacing a flip-flop with a logic constant 0. [GLO-12]
        : The instance is 'u_rb/g_postproc[11].u_gelu/r0b_arg_reg[3]'.
Info    : Replacing a flip-flop with a logic constant 0. [GLO-12]
        : The instance is 'u_rb/g_postproc[10].u_gelu/r0b_arg_reg[3]'.
Info    : Replacing a flip-flop with a logic constant 0. [GLO-12]
        : The instance is 'u_rb/g_postproc[9].u_gelu/r0b_arg_reg[3]'.
Info    : Replacing a flip-flop with a logic constant 0. [GLO-12]
        : The instance is 'u_rb/g_postproc[8].u_gelu/r0b_arg_reg[3]'.
Info    : Replacing a flip-flop with a logic constant 0. [GLO-12]
        : The instance is 'u_rb/g_postproc[7].u_gelu/r0b_arg_reg[3]'.
Info    : Replacing a flip-flop with a logic constant 0. [GLO-12]
        : The instance is 'u_rb/g_postproc[6].u_gelu/r0b_arg_reg[3]'.
Info    : Replacing a flip-flop with a logic constant 0. [GLO-12]
        : The instance is 'u_rb/g_postproc[5].u_gelu/r0b_arg_reg[3]'.
Info    : Replacing a flip-flop with a logic constant 0. [GLO-12]
        : The instance is 'u_rb/g_postproc[4].u_gelu/r0b_arg_reg[3]'.
Info    : Replacing a flip-flop with a logic constant 0. [GLO-12]
        : The instance is 'u_rb/g_postproc[3].u_gelu/r0b_arg_reg[3]'.
Info    : Replacing a flip-flop with a logic constant 0. [GLO-12]
        : The instance is 'u_rb/g_postproc[2].u_gelu/r0b_arg_reg[3]'.
Info    : Replacing a flip-flop with a logic constant 0. [GLO-12]
        : The instance is 'u_rb/g_postproc[1].u_gelu/r0b_arg_reg[3]'.
Info    : Replacing a flip-flop with a logic constant 0. [GLO-12]
        : The instance is 'u_rb/g_postproc[0].u_gelu/r0b_arg_reg[3]'.
Info    : Replacing a flip-flop with a logic constant 0. [GLO-12]
        : The instance is 'u_rb/g_postproc[15].u_gelu/r0b_arg_reg[4]'.
Info    : Replacing a flip-flop with a logic constant 0. [GLO-12]
        : The instance is 'u_rb/g_postproc[14].u_gelu/r0b_arg_reg[4]'.
Info    : Replacing a flip-flop with a logic constant 0. [GLO-12]
        : The instance is 'u_rb/g_postproc[13].u_gelu/r0b_arg_reg[4]'.
Info    : Replacing a flip-flop with a logic constant 0. [GLO-12]
        : The instance is 'u_rb/g_postproc[12].u_gelu/r0b_arg_reg[4]'.
Info    : Replacing a flip-flop with a logic constant 0. [GLO-12]
        : The instance is 'u_rb/g_postproc[11].u_gelu/r0b_arg_reg[4]'.
Info    : Replacing a flip-flop with a logic constant 0. [GLO-12]
        : The instance is 'u_rb/g_postproc[10].u_gelu/r0b_arg_reg[4]'.
Info    : Replacing a flip-flop with a logic constant 0. [GLO-12]
        : The instance is 'u_rb/g_postproc[9].u_gelu/r0b_arg_reg[4]'.
Info    : Replacing a flip-flop with a logic constant 0. [GLO-12]
        : The instance is 'u_rb/g_postproc[8].u_gelu/r0b_arg_reg[4]'.
Info    : Replacing a flip-flop with a logic constant 0. [GLO-12]
        : The instance is 'u_rb/g_postproc[7].u_gelu/r0b_arg_reg[4]'.
Info    : Replacing a flip-flop with a logic constant 0. [GLO-12]
        : The instance is 'u_rb/g_postproc[6].u_gelu/r0b_arg_reg[4]'.
Info    : Replacing a flip-flop with a logic constant 0. [GLO-12]
        : The instance is 'u_rb/g_postproc[5].u_gelu/r0b_arg_reg[4]'.
Info    : Replacing a flip-flop with a logic constant 0. [GLO-12]
        : The instance is 'u_rb/g_postproc[4].u_gelu/r0b_arg_reg[4]'.
Info    : Replacing a flip-flop with a logic constant 0. [GLO-12]
        : The instance is 'u_rb/g_postproc[3].u_gelu/r0b_arg_reg[4]'.
Info    : Replacing a flip-flop with a logic constant 0. [GLO-12]
        : The instance is 'u_rb/g_postproc[2].u_gelu/r0b_arg_reg[4]'.
Info    : Replacing a flip-flop with a logic constant 0. [GLO-12]
        : The instance is 'u_rb/g_postproc[1].u_gelu/r0b_arg_reg[4]'.
Info    : Replacing a flip-flop with a logic constant 0. [GLO-12]
        : The instance is 'u_rb/g_postproc[0].u_gelu/r0b_arg_reg[4]'.
Info    : Replacing a flip-flop with a logic constant 0. [GLO-12]
        : The instance is 'u_rb/g_postproc[15].u_gelu/r0b_arg_reg[5]'.
Info    : Replacing a flip-flop with a logic constant 0. [GLO-12]
        : The instance is 'u_rb/g_postproc[14].u_gelu/r0b_arg_reg[5]'.
Info    : Replacing a flip-flop with a logic constant 0. [GLO-12]
        : The instance is 'u_rb/g_postproc[13].u_gelu/r0b_arg_reg[5]'.
Info    : Replacing a flip-flop with a logic constant 0. [GLO-12]
        : The instance is 'u_rb/g_postproc[12].u_gelu/r0b_arg_reg[5]'.
Info    : Replacing a flip-flop with a logic constant 0. [GLO-12]
        : The instance is 'u_rb/g_postproc[11].u_gelu/r0b_arg_reg[5]'.
Info    : Replacing a flip-flop with a logic constant 0. [GLO-12]
        : The instance is 'u_rb/g_postproc[10].u_gelu/r0b_arg_reg[5]'.
Info    : Replacing a flip-flop with a logic constant 0. [GLO-12]
        : The instance is 'u_rb/g_postproc[9].u_gelu/r0b_arg_reg[5]'.
Info    : Replacing a flip-flop with a logic constant 0. [GLO-12]
        : The instance is 'u_rb/g_postproc[8].u_gelu/r0b_arg_reg[5]'.
Info    : Replacing a flip-flop with a logic constant 0. [GLO-12]
        : The instance is 'u_rb/g_postproc[7].u_gelu/r0b_arg_reg[5]'.
Info    : Replacing a flip-flop with a logic constant 0. [GLO-12]
        : The instance is 'u_rb/g_postproc[6].u_gelu/r0b_arg_reg[5]'.
Info    : Replacing a flip-flop with a logic constant 0. [GLO-12]
        : The instance is 'u_rb/g_postproc[5].u_gelu/r0b_arg_reg[5]'.
Info    : Replacing a flip-flop with a logic constant 0. [GLO-12]
        : The instance is 'u_rb/g_postproc[4].u_gelu/r0b_arg_reg[5]'.
Info    : Replacing a flip-flop with a logic constant 0. [GLO-12]
        : The instance is 'u_rb/g_postproc[3].u_gelu/r0b_arg_reg[5]'.
Info    : Replacing a flip-flop with a logic constant 0. [GLO-12]
        : The instance is 'u_rb/g_postproc[2].u_gelu/r0b_arg_reg[5]'.
Info    : Replacing a flip-flop with a logic constant 0. [GLO-12]
        : The instance is 'u_rb/g_postproc[1].u_gelu/r0b_arg_reg[5]'.
Info    : Replacing a flip-flop with a logic constant 0. [GLO-12]
        : The instance is 'u_rb/g_postproc[0].u_gelu/r0b_arg_reg[5]'.
Info    : Replacing a flip-flop with a logic constant 0. [GLO-12]
        : The instance is 'u_rb/g_postproc[15].u_gelu/r0b_arg_reg[6]'.
Info    : Replacing a flip-flop with a logic constant 0. [GLO-12]
        : The instance is 'u_rb/g_postproc[14].u_gelu/r0b_arg_reg[6]'.
Info    : Replacing a flip-flop with a logic constant 0. [GLO-12]
        : The instance is 'u_rb/g_postproc[13].u_gelu/r0b_arg_reg[6]'.
Info    : Replacing a flip-flop with a logic constant 0. [GLO-12]
        : The instance is 'u_rb/g_postproc[12].u_gelu/r0b_arg_reg[6]'.
Info    : Replacing a flip-flop with a logic constant 0. [GLO-12]
        : The instance is 'u_rb/g_postproc[11].u_gelu/r0b_arg_reg[6]'.
Info    : Replacing a flip-flop with a logic constant 0. [GLO-12]
        : The instance is 'u_rb/g_postproc[10].u_gelu/r0b_arg_reg[6]'.
Info    : Replacing a flip-flop with a logic constant 0. [GLO-12]
        : The instance is 'u_rb/g_postproc[9].u_gelu/r0b_arg_reg[6]'.
Info    : Replacing a flip-flop with a logic constant 0. [GLO-12]
        : The instance is 'u_rb/g_postproc[8].u_gelu/r0b_arg_reg[6]'.
Info    : Replacing a flip-flop with a logic constant 0. [GLO-12]
        : The instance is 'u_rb/g_postproc[7].u_gelu/r0b_arg_reg[6]'.
Info    : Replacing a flip-flop with a logic constant 0. [GLO-12]
        : The instance is 'u_rb/g_postproc[6].u_gelu/r0b_arg_reg[6]'.
Info    : Replacing a flip-flop with a logic constant 0. [GLO-12]
        : The instance is 'u_rb/g_postproc[5].u_gelu/r0b_arg_reg[6]'.
Info    : Replacing a flip-flop with a logic constant 0. [GLO-12]
        : The instance is 'u_rb/g_postproc[4].u_gelu/r0b_arg_reg[6]'.
Info    : Replacing a flip-flop with a logic constant 0. [GLO-12]
        : The instance is 'u_rb/g_postproc[3].u_gelu/r0b_arg_reg[6]'.
Info    : Replacing a flip-flop with a logic constant 0. [GLO-12]
        : The instance is 'u_rb/g_postproc[2].u_gelu/r0b_arg_reg[6]'.
Info    : Replacing a flip-flop with a logic constant 0. [GLO-12]
        : The instance is 'u_rb/g_postproc[1].u_gelu/r0b_arg_reg[6]'.
Info    : Replacing a flip-flop with a logic constant 0. [GLO-12]
        : The instance is 'u_rb/g_postproc[0].u_gelu/r0b_arg_reg[6]'.
Info    : Replacing a flip-flop with a logic constant 0. [GLO-12]
        : The instance is 'u_rb/g_postproc[15].u_gelu/r0b_arg_reg[7]'.
Info    : Replacing a flip-flop with a logic constant 0. [GLO-12]
        : The instance is 'u_rb/g_postproc[14].u_gelu/r0b_arg_reg[7]'.
Info    : Replacing a flip-flop with a logic constant 0. [GLO-12]
        : The instance is 'u_rb/g_postproc[13].u_gelu/r0b_arg_reg[7]'.
Info    : Replacing a flip-flop with a logic constant 0. [GLO-12]
        : The instance is 'u_rb/g_postproc[12].u_gelu/r0b_arg_reg[7]'.
Info    : Replacing a flip-flop with a logic constant 0. [GLO-12]
        : The instance is 'u_rb/g_postproc[11].u_gelu/r0b_arg_reg[7]'.
Info    : Replacing a flip-flop with a logic constant 0. [GLO-12]
        : The instance is 'u_rb/g_postproc[10].u_gelu/r0b_arg_reg[7]'.
Info    : Replacing a flip-flop with a logic constant 0. [GLO-12]
        : The instance is 'u_rb/g_postproc[9].u_gelu/r0b_arg_reg[7]'.
Info    : Replacing a flip-flop with a logic constant 0. [GLO-12]
        : The instance is 'u_rb/g_postproc[8].u_gelu/r0b_arg_reg[7]'.
Info    : Replacing a flip-flop with a logic constant 0. [GLO-12]
        : The instance is 'u_rb/g_postproc[7].u_gelu/r0b_arg_reg[7]'.
Info    : Replacing a flip-flop with a logic constant 0. [GLO-12]
        : The instance is 'u_rb/g_postproc[6].u_gelu/r0b_arg_reg[7]'.
Info    : Replacing a flip-flop with a logic constant 0. [GLO-12]
        : The instance is 'u_rb/g_postproc[5].u_gelu/r0b_arg_reg[7]'.
Info    : Replacing a flip-flop with a logic constant 0. [GLO-12]
        : The instance is 'u_rb/g_postproc[4].u_gelu/r0b_arg_reg[7]'.
Info    : Replacing a flip-flop with a logic constant 0. [GLO-12]
        : The instance is 'u_rb/g_postproc[3].u_gelu/r0b_arg_reg[7]'.
Info    : Replacing a flip-flop with a logic constant 0. [GLO-12]
        : The instance is 'u_rb/g_postproc[2].u_gelu/r0b_arg_reg[7]'.
Info    : Replacing a flip-flop with a logic constant 0. [GLO-12]
        : The instance is 'u_rb/g_postproc[1].u_gelu/r0b_arg_reg[7]'.
Info    : Replacing a flip-flop with a logic constant 0. [GLO-12]
        : The instance is 'u_rb/g_postproc[0].u_gelu/r0b_arg_reg[7]'.
Info    : Replacing a flip-flop with a logic constant 0. [GLO-12]
        : The instance is 'u_rb/g_postproc[15].u_gelu/r1_arg2_reg[31]'.
Info    : Replacing a flip-flop with a logic constant 0. [GLO-12]
        : The instance is 'u_rb/g_postproc[14].u_gelu/r1_arg2_reg[31]'.
Info    : Replacing a flip-flop with a logic constant 0. [GLO-12]
        : The instance is 'u_rb/g_postproc[13].u_gelu/r1_arg2_reg[31]'.
Info    : Replacing a flip-flop with a logic constant 0. [GLO-12]
        : The instance is 'u_rb/g_postproc[12].u_gelu/r1_arg2_reg[31]'.
Info    : Replacing a flip-flop with a logic constant 0. [GLO-12]
        : The instance is 'u_rb/g_postproc[11].u_gelu/r1_arg2_reg[31]'.
Info    : Replacing a flip-flop with a logic constant 0. [GLO-12]
        : The instance is 'u_rb/g_postproc[10].u_gelu/r1_arg2_reg[31]'.
Info    : Replacing a flip-flop with a logic constant 0. [GLO-12]
        : The instance is 'u_rb/g_postproc[9].u_gelu/r1_arg2_reg[31]'.
Info    : Replacing a flip-flop with a logic constant 0. [GLO-12]
        : The instance is 'u_rb/g_postproc[8].u_gelu/r1_arg2_reg[31]'.
Info    : Replacing a flip-flop with a logic constant 0. [GLO-12]
        : The instance is 'u_rb/g_postproc[7].u_gelu/r1_arg2_reg[31]'.
Info    : Replacing a flip-flop with a logic constant 0. [GLO-12]
        : The instance is 'u_rb/g_postproc[6].u_gelu/r1_arg2_reg[31]'.
Info    : Replacing a flip-flop with a logic constant 0. [GLO-12]
        : The instance is 'u_rb/g_postproc[5].u_gelu/r1_arg2_reg[31]'.
Info    : Replacing a flip-flop with a logic constant 0. [GLO-12]
        : The instance is 'u_rb/g_postproc[4].u_gelu/r1_arg2_reg[31]'.
Info    : Replacing a flip-flop with a logic constant 0. [GLO-12]
        : The instance is 'u_rb/g_postproc[3].u_gelu/r1_arg2_reg[31]'.
Info    : Replacing a flip-flop with a logic constant 0. [GLO-12]
        : The instance is 'u_rb/g_postproc[2].u_gelu/r1_arg2_reg[31]'.
Info    : Replacing a flip-flop with a logic constant 0. [GLO-12]
        : The instance is 'u_rb/g_postproc[1].u_gelu/r1_arg2_reg[31]'.
Info    : Replacing a flip-flop with a logic constant 0. [GLO-12]
        : The instance is 'u_rb/g_postproc[0].u_gelu/r1_arg2_reg[31]'.
Info    : Replacing a flip-flop with a logic constant 0. [GLO-12]
        : The instance is 'u_rb/g_postproc[15].u_gelu/r1b_arg4_reg[31]'.
Info    : Replacing a flip-flop with a logic constant 0. [GLO-12]
        : The instance is 'u_rb/g_postproc[14].u_gelu/r1b_arg4_reg[31]'.
Info    : Replacing a flip-flop with a logic constant 0. [GLO-12]
        : The instance is 'u_rb/g_postproc[13].u_gelu/r1b_arg4_reg[31]'.
Info    : Replacing a flip-flop with a logic constant 0. [GLO-12]
        : The instance is 'u_rb/g_postproc[12].u_gelu/r1b_arg4_reg[31]'.
Info    : Replacing a flip-flop with a logic constant 0. [GLO-12]
        : The instance is 'u_rb/g_postproc[11].u_gelu/r1b_arg4_reg[31]'.
Info    : Replacing a flip-flop with a logic constant 0. [GLO-12]
        : The instance is 'u_rb/g_postproc[10].u_gelu/r1b_arg4_reg[31]'.
Info    : Replacing a flip-flop with a logic constant 0. [GLO-12]
        : The instance is 'u_rb/g_postproc[9].u_gelu/r1b_arg4_reg[31]'.
Info    : Replacing a flip-flop with a logic constant 0. [GLO-12]
        : The instance is 'u_rb/g_postproc[8].u_gelu/r1b_arg4_reg[31]'.
Info    : Replacing a flip-flop with a logic constant 0. [GLO-12]
        : The instance is 'u_rb/g_postproc[7].u_gelu/r1b_arg4_reg[31]'.
Info    : Replacing a flip-flop with a logic constant 0. [GLO-12]
        : The instance is 'u_rb/g_postproc[6].u_gelu/r1b_arg4_reg[31]'.
Info    : Replacing a flip-flop with a logic constant 0. [GLO-12]
        : The instance is 'u_rb/g_postproc[5].u_gelu/r1b_arg4_reg[31]'.
Info    : Replacing a flip-flop with a logic constant 0. [GLO-12]
        : The instance is 'u_rb/g_postproc[4].u_gelu/r1b_arg4_reg[31]'.
Info    : Replacing a flip-flop with a logic constant 0. [GLO-12]
        : The instance is 'u_rb/g_postproc[3].u_gelu/r1b_arg4_reg[31]'.
Info    : Replacing a flip-flop with a logic constant 0. [GLO-12]
        : The instance is 'u_rb/g_postproc[2].u_gelu/r1b_arg4_reg[31]'.
Info    : Replacing a flip-flop with a logic constant 0. [GLO-12]
        : The instance is 'u_rb/g_postproc[1].u_gelu/r1b_arg4_reg[31]'.
Info    : Replacing a flip-flop with a logic constant 0. [GLO-12]
        : The instance is 'u_rb/g_postproc[0].u_gelu/r1b_arg4_reg[31]'.
Info    : Replacing a flip-flop with a logic constant 0. [GLO-12]
        : The instance is 'u_rb/g_postproc[15].u_gelu/r1b_a171_reg[0]'.
Info    : Replacing a flip-flop with a logic constant 0. [GLO-12]
        : The instance is 'u_rb/g_postproc[14].u_gelu/r1b_a171_reg[0]'.
Info    : Replacing a flip-flop with a logic constant 0. [GLO-12]
        : The instance is 'u_rb/g_postproc[13].u_gelu/r1b_a171_reg[0]'.
Info    : Replacing a flip-flop with a logic constant 0. [GLO-12]
        : The instance is 'u_rb/g_postproc[12].u_gelu/r1b_a171_reg[0]'.
Info    : Replacing a flip-flop with a logic constant 0. [GLO-12]
        : The instance is 'u_rb/g_postproc[11].u_gelu/r1b_a171_reg[0]'.
Info    : Replacing a flip-flop with a logic constant 0. [GLO-12]
        : The instance is 'u_rb/g_postproc[10].u_gelu/r1b_a171_reg[0]'.
Info    : Replacing a flip-flop with a logic constant 0. [GLO-12]
        : The instance is 'u_rb/g_postproc[9].u_gelu/r1b_a171_reg[0]'.
Info    : Replacing a flip-flop with a logic constant 0. [GLO-12]
        : The instance is 'u_rb/g_postproc[8].u_gelu/r1b_a171_reg[0]'.
Info    : Replacing a flip-flop with a logic constant 0. [GLO-12]
        : The instance is 'u_rb/g_postproc[7].u_gelu/r1b_a171_reg[0]'.
Info    : Replacing a flip-flop with a logic constant 0. [GLO-12]
        : The instance is 'u_rb/g_postproc[6].u_gelu/r1b_a171_reg[0]'.
Info    : Replacing a flip-flop with a logic constant 0. [GLO-12]
        : The instance is 'u_rb/g_postproc[5].u_gelu/r1b_a171_reg[0]'.
Info    : Replacing a flip-flop with a logic constant 0. [GLO-12]
        : The instance is 'u_rb/g_postproc[4].u_gelu/r1b_a171_reg[0]'.
Info    : Replacing a flip-flop with a logic constant 0. [GLO-12]
        : The instance is 'u_rb/g_postproc[3].u_gelu/r1b_a171_reg[0]'.
Info    : Replacing a flip-flop with a logic constant 0. [GLO-12]
        : The instance is 'u_rb/g_postproc[2].u_gelu/r1b_a171_reg[0]'.
Info    : Replacing a flip-flop with a logic constant 0. [GLO-12]
        : The instance is 'u_rb/g_postproc[1].u_gelu/r1b_a171_reg[0]'.
Info    : Replacing a flip-flop with a logic constant 0. [GLO-12]
        : The instance is 'u_rb/g_postproc[0].u_gelu/r1b_a171_reg[0]'.
Info    : Replacing a flip-flop with a logic constant 0. [GLO-12]
        : The instance is 'u_rb/g_postproc[15].u_gelu/r1b_a171_reg[1]'.
Info    : Replacing a flip-flop with a logic constant 0. [GLO-12]
        : The instance is 'u_rb/g_postproc[14].u_gelu/r1b_a171_reg[1]'.
Info    : Replacing a flip-flop with a logic constant 0. [GLO-12]
        : The instance is 'u_rb/g_postproc[13].u_gelu/r1b_a171_reg[1]'.
Info    : Replacing a flip-flop with a logic constant 0. [GLO-12]
        : The instance is 'u_rb/g_postproc[12].u_gelu/r1b_a171_reg[1]'.
Info    : Replacing a flip-flop with a logic constant 0. [GLO-12]
        : The instance is 'u_rb/g_postproc[11].u_gelu/r1b_a171_reg[1]'.
Info    : Replacing a flip-flop with a logic constant 0. [GLO-12]
        : The instance is 'u_rb/g_postproc[10].u_gelu/r1b_a171_reg[1]'.
Info    : Replacing a flip-flop with a logic constant 0. [GLO-12]
        : The instance is 'u_rb/g_postproc[9].u_gelu/r1b_a171_reg[1]'.
Info    : Replacing a flip-flop with a logic constant 0. [GLO-12]
        : The instance is 'u_rb/g_postproc[8].u_gelu/r1b_a171_reg[1]'.
Info    : Replacing a flip-flop with a logic constant 0. [GLO-12]
        : The instance is 'u_rb/g_postproc[7].u_gelu/r1b_a171_reg[1]'.
Info    : Replacing a flip-flop with a logic constant 0. [GLO-12]
        : The instance is 'u_rb/g_postproc[6].u_gelu/r1b_a171_reg[1]'.
Info    : Replacing a flip-flop with a logic constant 0. [GLO-12]
        : The instance is 'u_rb/g_postproc[5].u_gelu/r1b_a171_reg[1]'.
Info    : Replacing a flip-flop with a logic constant 0. [GLO-12]
        : The instance is 'u_rb/g_postproc[4].u_gelu/r1b_a171_reg[1]'.
Info    : Replacing a flip-flop with a logic constant 0. [GLO-12]
        : The instance is 'u_rb/g_postproc[3].u_gelu/r1b_a171_reg[1]'.
Info    : Replacing a flip-flop with a logic constant 0. [GLO-12]
        : The instance is 'u_rb/g_postproc[2].u_gelu/r1b_a171_reg[1]'.
Info    : Replacing a flip-flop with a logic constant 0. [GLO-12]
        : The instance is 'u_rb/g_postproc[1].u_gelu/r1b_a171_reg[1]'.
Info    : Replacing a flip-flop with a logic constant 0. [GLO-12]
        : The instance is 'u_rb/g_postproc[0].u_gelu/r1b_a171_reg[1]'.
Info    : Replacing a flip-flop with a logic constant 0. [GLO-12]
        : The instance is 'u_rb/g_postproc[15].u_gelu/r1b_a171_reg[2]'.
Info    : Replacing a flip-flop with a logic constant 0. [GLO-12]
        : The instance is 'u_rb/g_postproc[14].u_gelu/r1b_a171_reg[2]'.
Info    : Replacing a flip-flop with a logic constant 0. [GLO-12]
        : The instance is 'u_rb/g_postproc[13].u_gelu/r1b_a171_reg[2]'.
Info    : Replacing a flip-flop with a logic constant 0. [GLO-12]
        : The instance is 'u_rb/g_postproc[12].u_gelu/r1b_a171_reg[2]'.
Info    : Replacing a flip-flop with a logic constant 0. [GLO-12]
        : The instance is 'u_rb/g_postproc[11].u_gelu/r1b_a171_reg[2]'.
Info    : Replacing a flip-flop with a logic constant 0. [GLO-12]
        : The instance is 'u_rb/g_postproc[10].u_gelu/r1b_a171_reg[2]'.
Info    : Replacing a flip-flop with a logic constant 0. [GLO-12]
        : The instance is 'u_rb/g_postproc[9].u_gelu/r1b_a171_reg[2]'.
Info    : Replacing a flip-flop with a logic constant 0. [GLO-12]
        : The instance is 'u_rb/g_postproc[8].u_gelu/r1b_a171_reg[2]'.
Info    : Replacing a flip-flop with a logic constant 0. [GLO-12]
        : The instance is 'u_rb/g_postproc[7].u_gelu/r1b_a171_reg[2]'.
Info    : Replacing a flip-flop with a logic constant 0. [GLO-12]
        : The instance is 'u_rb/g_postproc[6].u_gelu/r1b_a171_reg[2]'.
Info    : Replacing a flip-flop with a logic constant 0. [GLO-12]
        : The instance is 'u_rb/g_postproc[5].u_gelu/r1b_a171_reg[2]'.
Info    : Replacing a flip-flop with a logic constant 0. [GLO-12]
        : The instance is 'u_rb/g_postproc[4].u_gelu/r1b_a171_reg[2]'.
Info    : Replacing a flip-flop with a logic constant 0. [GLO-12]
        : The instance is 'u_rb/g_postproc[3].u_gelu/r1b_a171_reg[2]'.
Info    : Replacing a flip-flop with a logic constant 0. [GLO-12]
        : The instance is 'u_rb/g_postproc[2].u_gelu/r1b_a171_reg[2]'.
Info    : Replacing a flip-flop with a logic constant 0. [GLO-12]
        : The instance is 'u_rb/g_postproc[1].u_gelu/r1b_a171_reg[2]'.
Info    : Replacing a flip-flop with a logic constant 0. [GLO-12]
        : The instance is 'u_rb/g_postproc[0].u_gelu/r1b_a171_reg[2]'.
Info    : Replacing a flip-flop with a logic constant 0. [GLO-12]
        : The instance is 'u_rb/g_postproc[15].u_gelu/r1b_a171_reg[3]'.
Info    : Replacing a flip-flop with a logic constant 0. [GLO-12]
        : The instance is 'u_rb/g_postproc[14].u_gelu/r1b_a171_reg[3]'.
Info    : Replacing a flip-flop with a logic constant 0. [GLO-12]
        : The instance is 'u_rb/g_postproc[13].u_gelu/r1b_a171_reg[3]'.
Info    : Replacing a flip-flop with a logic constant 0. [GLO-12]
        : The instance is 'u_rb/g_postproc[12].u_gelu/r1b_a171_reg[3]'.
Info    : Replacing a flip-flop with a logic constant 0. [GLO-12]
        : The instance is 'u_rb/g_postproc[11].u_gelu/r1b_a171_reg[3]'.
Info    : Replacing a flip-flop with a logic constant 0. [GLO-12]
        : The instance is 'u_rb/g_postproc[10].u_gelu/r1b_a171_reg[3]'.
Info    : Replacing a flip-flop with a logic constant 0. [GLO-12]
        : The instance is 'u_rb/g_postproc[9].u_gelu/r1b_a171_reg[3]'.
Info    : Replacing a flip-flop with a logic constant 0. [GLO-12]
        : The instance is 'u_rb/g_postproc[8].u_gelu/r1b_a171_reg[3]'.
Info    : Replacing a flip-flop with a logic constant 0. [GLO-12]
        : The instance is 'u_rb/g_postproc[7].u_gelu/r1b_a171_reg[3]'.
Info    : Replacing a flip-flop with a logic constant 0. [GLO-12]
        : The instance is 'u_rb/g_postproc[6].u_gelu/r1b_a171_reg[3]'.
Info    : Replacing a flip-flop with a logic constant 0. [GLO-12]
        : The instance is 'u_rb/g_postproc[5].u_gelu/r1b_a171_reg[3]'.
Info    : Replacing a flip-flop with a logic constant 0. [GLO-12]
        : The instance is 'u_rb/g_postproc[4].u_gelu/r1b_a171_reg[3]'.
Info    : Replacing a flip-flop with a logic constant 0. [GLO-12]
        : The instance is 'u_rb/g_postproc[3].u_gelu/r1b_a171_reg[3]'.
Info    : Replacing a flip-flop with a logic constant 0. [GLO-12]
        : The instance is 'u_rb/g_postproc[2].u_gelu/r1b_a171_reg[3]'.
Info    : Replacing a flip-flop with a logic constant 0. [GLO-12]
        : The instance is 'u_rb/g_postproc[1].u_gelu/r1b_a171_reg[3]'.
Info    : Replacing a flip-flop with a logic constant 0. [GLO-12]
        : The instance is 'u_rb/g_postproc[0].u_gelu/r1b_a171_reg[3]'.
Info    : Replacing a flip-flop with a logic constant 0. [GLO-12]
        : The instance is 'u_rb/g_postproc[15].u_gelu/r1b_a171_reg[4]'.
Info    : Replacing a flip-flop with a logic constant 0. [GLO-12]
        : The instance is 'u_rb/g_postproc[14].u_gelu/r1b_a171_reg[4]'.
Info    : Replacing a flip-flop with a logic constant 0. [GLO-12]
        : The instance is 'u_rb/g_postproc[13].u_gelu/r1b_a171_reg[4]'.
Info    : Replacing a flip-flop with a logic constant 0. [GLO-12]
        : The instance is 'u_rb/g_postproc[12].u_gelu/r1b_a171_reg[4]'.
Info    : Replacing a flip-flop with a logic constant 0. [GLO-12]
        : The instance is 'u_rb/g_postproc[11].u_gelu/r1b_a171_reg[4]'.
Info    : Replacing a flip-flop with a logic constant 0. [GLO-12]
        : The instance is 'u_rb/g_postproc[10].u_gelu/r1b_a171_reg[4]'.
Info    : Replacing a flip-flop with a logic constant 0. [GLO-12]
        : The instance is 'u_rb/g_postproc[9].u_gelu/r1b_a171_reg[4]'.
Info    : Replacing a flip-flop with a logic constant 0. [GLO-12]
        : The instance is 'u_rb/g_postproc[8].u_gelu/r1b_a171_reg[4]'.
Info    : Replacing a flip-flop with a logic constant 0. [GLO-12]
        : The instance is 'u_rb/g_postproc[7].u_gelu/r1b_a171_reg[4]'.
Info    : Replacing a flip-flop with a logic constant 0. [GLO-12]
        : The instance is 'u_rb/g_postproc[6].u_gelu/r1b_a171_reg[4]'.
Info    : Replacing a flip-flop with a logic constant 0. [GLO-12]
        : The instance is 'u_rb/g_postproc[5].u_gelu/r1b_a171_reg[4]'.
Info    : Replacing a flip-flop with a logic constant 0. [GLO-12]
        : The instance is 'u_rb/g_postproc[4].u_gelu/r1b_a171_reg[4]'.
Info    : Replacing a flip-flop with a logic constant 0. [GLO-12]
        : The instance is 'u_rb/g_postproc[3].u_gelu/r1b_a171_reg[4]'.
Info    : Replacing a flip-flop with a logic constant 0. [GLO-12]
        : The instance is 'u_rb/g_postproc[2].u_gelu/r1b_a171_reg[4]'.
Info    : Replacing a flip-flop with a logic constant 0. [GLO-12]
        : The instance is 'u_rb/g_postproc[1].u_gelu/r1b_a171_reg[4]'.
Info    : Replacing a flip-flop with a logic constant 0. [GLO-12]
        : The instance is 'u_rb/g_postproc[0].u_gelu/r1b_a171_reg[4]'.
Info    : Replacing a flip-flop with a logic constant 0. [GLO-12]
        : The instance is 'u_rb/g_postproc[15].u_gelu/r1b_a171_reg[5]'.
Info    : Replacing a flip-flop with a logic constant 0. [GLO-12]
        : The instance is 'u_rb/g_postproc[14].u_gelu/r1b_a171_reg[5]'.
Info    : Replacing a flip-flop with a logic constant 0. [GLO-12]
        : The instance is 'u_rb/g_postproc[13].u_gelu/r1b_a171_reg[5]'.
Info    : Replacing a flip-flop with a logic constant 0. [GLO-12]
        : The instance is 'u_rb/g_postproc[12].u_gelu/r1b_a171_reg[5]'.
Info    : Replacing a flip-flop with a logic constant 0. [GLO-12]
        : The instance is 'u_rb/g_postproc[11].u_gelu/r1b_a171_reg[5]'.
Info    : Replacing a flip-flop with a logic constant 0. [GLO-12]
        : The instance is 'u_rb/g_postproc[10].u_gelu/r1b_a171_reg[5]'.
Info    : Replacing a flip-flop with a logic constant 0. [GLO-12]
        : The instance is 'u_rb/g_postproc[9].u_gelu/r1b_a171_reg[5]'.
Info    : Replacing a flip-flop with a logic constant 0. [GLO-12]
        : The instance is 'u_rb/g_postproc[8].u_gelu/r1b_a171_reg[5]'.
Info    : Replacing a flip-flop with a logic constant 0. [GLO-12]
        : The instance is 'u_rb/g_postproc[7].u_gelu/r1b_a171_reg[5]'.
Info    : Replacing a flip-flop with a logic constant 0. [GLO-12]
        : The instance is 'u_rb/g_postproc[6].u_gelu/r1b_a171_reg[5]'.
Info    : Replacing a flip-flop with a logic constant 0. [GLO-12]
        : The instance is 'u_rb/g_postproc[5].u_gelu/r1b_a171_reg[5]'.
Info    : Replacing a flip-flop with a logic constant 0. [GLO-12]
        : The instance is 'u_rb/g_postproc[4].u_gelu/r1b_a171_reg[5]'.
Info    : Replacing a flip-flop with a logic constant 0. [GLO-12]
        : The instance is 'u_rb/g_postproc[3].u_gelu/r1b_a171_reg[5]'.
Info    : Replacing a flip-flop with a logic constant 0. [GLO-12]
        : The instance is 'u_rb/g_postproc[2].u_gelu/r1b_a171_reg[5]'.
Info    : Replacing a flip-flop with a logic constant 0. [GLO-12]
        : The instance is 'u_rb/g_postproc[1].u_gelu/r1b_a171_reg[5]'.
Info    : Replacing a flip-flop with a logic constant 0. [GLO-12]
        : The instance is 'u_rb/g_postproc[0].u_gelu/r1b_a171_reg[5]'.
Info    : Replacing a flip-flop with a logic constant 0. [GLO-12]
        : The instance is 'u_rb/g_postproc[15].u_gelu/r1b_a171_reg[6]'.
Info    : Replacing a flip-flop with a logic constant 0. [GLO-12]
        : The instance is 'u_rb/g_postproc[14].u_gelu/r1b_a171_reg[6]'.
Info    : Replacing a flip-flop with a logic constant 0. [GLO-12]
        : The instance is 'u_rb/g_postproc[13].u_gelu/r1b_a171_reg[6]'.
Info    : Replacing a flip-flop with a logic constant 0. [GLO-12]
        : The instance is 'u_rb/g_postproc[12].u_gelu/r1b_a171_reg[6]'.
Info    : Replacing a flip-flop with a logic constant 0. [GLO-12]
        : The instance is 'u_rb/g_postproc[11].u_gelu/r1b_a171_reg[6]'.
Info    : Replacing a flip-flop with a logic constant 0. [GLO-12]
        : The instance is 'u_rb/g_postproc[10].u_gelu/r1b_a171_reg[6]'.
Info    : Replacing a flip-flop with a logic constant 0. [GLO-12]
        : The instance is 'u_rb/g_postproc[9].u_gelu/r1b_a171_reg[6]'.
Info    : Replacing a flip-flop with a logic constant 0. [GLO-12]
        : The instance is 'u_rb/g_postproc[8].u_gelu/r1b_a171_reg[6]'.
Info    : Replacing a flip-flop with a logic constant 0. [GLO-12]
        : The instance is 'u_rb/g_postproc[7].u_gelu/r1b_a171_reg[6]'.
Info    : Replacing a flip-flop with a logic constant 0. [GLO-12]
        : The instance is 'u_rb/g_postproc[6].u_gelu/r1b_a171_reg[6]'.
Info    : Replacing a flip-flop with a logic constant 0. [GLO-12]
        : The instance is 'u_rb/g_postproc[5].u_gelu/r1b_a171_reg[6]'.
Info    : Replacing a flip-flop with a logic constant 0. [GLO-12]
        : The instance is 'u_rb/g_postproc[4].u_gelu/r1b_a171_reg[6]'.
Info    : Replacing a flip-flop with a logic constant 0. [GLO-12]
        : The instance is 'u_rb/g_postproc[3].u_gelu/r1b_a171_reg[6]'.
Info    : Replacing a flip-flop with a logic constant 0. [GLO-12]
        : The instance is 'u_rb/g_postproc[2].u_gelu/r1b_a171_reg[6]'.
Info    : Replacing a flip-flop with a logic constant 0. [GLO-12]
        : The instance is 'u_rb/g_postproc[1].u_gelu/r1b_a171_reg[6]'.
Info    : Replacing a flip-flop with a logic constant 0. [GLO-12]
        : The instance is 'u_rb/g_postproc[0].u_gelu/r1b_a171_reg[6]'.
Info    : Replacing a flip-flop with a logic constant 0. [GLO-12]
        : The instance is 'u_rb/g_postproc[15].u_gelu/r1b_a171_reg[7]'.
Info    : Replacing a flip-flop with a logic constant 0. [GLO-12]
        : The instance is 'u_rb/g_postproc[14].u_gelu/r1b_a171_reg[7]'.
Info    : Replacing a flip-flop with a logic constant 0. [GLO-12]
        : The instance is 'u_rb/g_postproc[13].u_gelu/r1b_a171_reg[7]'.
Info    : Replacing a flip-flop with a logic constant 0. [GLO-12]
        : The instance is 'u_rb/g_postproc[12].u_gelu/r1b_a171_reg[7]'.
Info    : Replacing a flip-flop with a logic constant 0. [GLO-12]
        : The instance is 'u_rb/g_postproc[11].u_gelu/r1b_a171_reg[7]'.
Info    : Replacing a flip-flop with a logic constant 0. [GLO-12]
        : The instance is 'u_rb/g_postproc[10].u_gelu/r1b_a171_reg[7]'.
Info    : Replacing a flip-flop with a logic constant 0. [GLO-12]
        : The instance is 'u_rb/g_postproc[9].u_gelu/r1b_a171_reg[7]'.
Info    : Replacing a flip-flop with a logic constant 0. [GLO-12]
        : The instance is 'u_rb/g_postproc[8].u_gelu/r1b_a171_reg[7]'.
Info    : Replacing a flip-flop with a logic constant 0. [GLO-12]
        : The instance is 'u_rb/g_postproc[7].u_gelu/r1b_a171_reg[7]'.
Info    : Replacing a flip-flop with a logic constant 0. [GLO-12]
        : The instance is 'u_rb/g_postproc[6].u_gelu/r1b_a171_reg[7]'.
Info    : Replacing a flip-flop with a logic constant 0. [GLO-12]
        : The instance is 'u_rb/g_postproc[5].u_gelu/r1b_a171_reg[7]'.
Info    : Replacing a flip-flop with a logic constant 0. [GLO-12]
        : The instance is 'u_rb/g_postproc[4].u_gelu/r1b_a171_reg[7]'.
Info    : Replacing a flip-flop with a logic constant 0. [GLO-12]
        : The instance is 'u_rb/g_postproc[3].u_gelu/r1b_a171_reg[7]'.
Info    : Replacing a flip-flop with a logic constant 0. [GLO-12]
        : The instance is 'u_rb/g_postproc[2].u_gelu/r1b_a171_reg[7]'.
Info    : Replacing a flip-flop with a logic constant 0. [GLO-12]
        : The instance is 'u_rb/g_postproc[1].u_gelu/r1b_a171_reg[7]'.
Info    : Replacing a flip-flop with a logic constant 0. [GLO-12]
        : The instance is 'u_rb/g_postproc[0].u_gelu/r1b_a171_reg[7]'.
Info    : Replacing a flip-flop with a logic constant 0. [GLO-12]
        : The instance is 'u_rb/g_postproc[15].u_gelu/r1b_a666_reg[0]'.
Info    : Replacing a flip-flop with a logic constant 0. [GLO-12]
        : The instance is 'u_rb/g_postproc[14].u_gelu/r1b_a666_reg[0]'.
Info    : Replacing a flip-flop with a logic constant 0. [GLO-12]
        : The instance is 'u_rb/g_postproc[13].u_gelu/r1b_a666_reg[0]'.
Info    : Replacing a flip-flop with a logic constant 0. [GLO-12]
        : The instance is 'u_rb/g_postproc[12].u_gelu/r1b_a666_reg[0]'.
Info    : Replacing a flip-flop with a logic constant 0. [GLO-12]
        : The instance is 'u_rb/g_postproc[11].u_gelu/r1b_a666_reg[0]'.
Info    : Replacing a flip-flop with a logic constant 0. [GLO-12]
        : The instance is 'u_rb/g_postproc[10].u_gelu/r1b_a666_reg[0]'.
Info    : Replacing a flip-flop with a logic constant 0. [GLO-12]
        : The instance is 'u_rb/g_postproc[9].u_gelu/r1b_a666_reg[0]'.
Info    : Replacing a flip-flop with a logic constant 0. [GLO-12]
        : The instance is 'u_rb/g_postproc[8].u_gelu/r1b_a666_reg[0]'.
Info    : Replacing a flip-flop with a logic constant 0. [GLO-12]
        : The instance is 'u_rb/g_postproc[7].u_gelu/r1b_a666_reg[0]'.
Info    : Replacing a flip-flop with a logic constant 0. [GLO-12]
        : The instance is 'u_rb/g_postproc[6].u_gelu/r1b_a666_reg[0]'.
Info    : Replacing a flip-flop with a logic constant 0. [GLO-12]
        : The instance is 'u_rb/g_postproc[5].u_gelu/r1b_a666_reg[0]'.
Info    : Replacing a flip-flop with a logic constant 0. [GLO-12]
        : The instance is 'u_rb/g_postproc[4].u_gelu/r1b_a666_reg[0]'.
Info    : Replacing a flip-flop with a logic constant 0. [GLO-12]
        : The instance is 'u_rb/g_postproc[3].u_gelu/r1b_a666_reg[0]'.
Info    : Replacing a flip-flop with a logic constant 0. [GLO-12]
        : The instance is 'u_rb/g_postproc[2].u_gelu/r1b_a666_reg[0]'.
Info    : Replacing a flip-flop with a logic constant 0. [GLO-12]
        : The instance is 'u_rb/g_postproc[1].u_gelu/r1b_a666_reg[0]'.
Info    : Replacing a flip-flop with a logic constant 0. [GLO-12]
        : The instance is 'u_rb/g_postproc[0].u_gelu/r1b_a666_reg[0]'.
Info    : Replacing a flip-flop with a logic constant 0. [GLO-12]
        : The instance is 'u_rb/g_postproc[15].u_gelu/r1b_a666_reg[1]'.
Info    : Replacing a flip-flop with a logic constant 0. [GLO-12]
        : The instance is 'u_rb/g_postproc[14].u_gelu/r1b_a666_reg[1]'.
Info    : Replacing a flip-flop with a logic constant 0. [GLO-12]
        : The instance is 'u_rb/g_postproc[13].u_gelu/r1b_a666_reg[1]'.
Info    : Replacing a flip-flop with a logic constant 0. [GLO-12]
        : The instance is 'u_rb/g_postproc[12].u_gelu/r1b_a666_reg[1]'.
Info    : Replacing a flip-flop with a logic constant 0. [GLO-12]
        : The instance is 'u_rb/g_postproc[11].u_gelu/r1b_a666_reg[1]'.
Info    : Replacing a flip-flop with a logic constant 0. [GLO-12]
        : The instance is 'u_rb/g_postproc[10].u_gelu/r1b_a666_reg[1]'.
Info    : Replacing a flip-flop with a logic constant 0. [GLO-12]
        : The instance is 'u_rb/g_postproc[9].u_gelu/r1b_a666_reg[1]'.
Info    : Replacing a flip-flop with a logic constant 0. [GLO-12]
        : The instance is 'u_rb/g_postproc[8].u_gelu/r1b_a666_reg[1]'.
Info    : Replacing a flip-flop with a logic constant 0. [GLO-12]
        : The instance is 'u_rb/g_postproc[7].u_gelu/r1b_a666_reg[1]'.
Info    : Replacing a flip-flop with a logic constant 0. [GLO-12]
        : The instance is 'u_rb/g_postproc[6].u_gelu/r1b_a666_reg[1]'.
Info    : Replacing a flip-flop with a logic constant 0. [GLO-12]
        : The instance is 'u_rb/g_postproc[5].u_gelu/r1b_a666_reg[1]'.
Info    : Replacing a flip-flop with a logic constant 0. [GLO-12]
        : The instance is 'u_rb/g_postproc[4].u_gelu/r1b_a666_reg[1]'.
Info    : Replacing a flip-flop with a logic constant 0. [GLO-12]
        : The instance is 'u_rb/g_postproc[3].u_gelu/r1b_a666_reg[1]'.
Info    : Replacing a flip-flop with a logic constant 0. [GLO-12]
        : The instance is 'u_rb/g_postproc[2].u_gelu/r1b_a666_reg[1]'.
Info    : Replacing a flip-flop with a logic constant 0. [GLO-12]
        : The instance is 'u_rb/g_postproc[1].u_gelu/r1b_a666_reg[1]'.
Info    : Replacing a flip-flop with a logic constant 0. [GLO-12]
        : The instance is 'u_rb/g_postproc[0].u_gelu/r1b_a666_reg[1]'.
Info    : Replacing a flip-flop with a logic constant 0. [GLO-12]
        : The instance is 'u_rb/g_postproc[15].u_gelu/r1b_a666_reg[2]'.
Info    : Replacing a flip-flop with a logic constant 0. [GLO-12]
        : The instance is 'u_rb/g_postproc[14].u_gelu/r1b_a666_reg[2]'.
Info    : Replacing a flip-flop with a logic constant 0. [GLO-12]
        : The instance is 'u_rb/g_postproc[13].u_gelu/r1b_a666_reg[2]'.
Info    : Replacing a flip-flop with a logic constant 0. [GLO-12]
        : The instance is 'u_rb/g_postproc[12].u_gelu/r1b_a666_reg[2]'.
Info    : Replacing a flip-flop with a logic constant 0. [GLO-12]
        : The instance is 'u_rb/g_postproc[11].u_gelu/r1b_a666_reg[2]'.
Info    : Replacing a flip-flop with a logic constant 0. [GLO-12]
        : The instance is 'u_rb/g_postproc[10].u_gelu/r1b_a666_reg[2]'.
Info    : Replacing a flip-flop with a logic constant 0. [GLO-12]
        : The instance is 'u_rb/g_postproc[9].u_gelu/r1b_a666_reg[2]'.
Info    : Replacing a flip-flop with a logic constant 0. [GLO-12]
        : The instance is 'u_rb/g_postproc[8].u_gelu/r1b_a666_reg[2]'.
Info    : Replacing a flip-flop with a logic constant 0. [GLO-12]
        : The instance is 'u_rb/g_postproc[7].u_gelu/r1b_a666_reg[2]'.
Info    : Replacing a flip-flop with a logic constant 0. [GLO-12]
        : The instance is 'u_rb/g_postproc[6].u_gelu/r1b_a666_reg[2]'.
Info    : Replacing a flip-flop with a logic constant 0. [GLO-12]
        : The instance is 'u_rb/g_postproc[5].u_gelu/r1b_a666_reg[2]'.
Info    : Replacing a flip-flop with a logic constant 0. [GLO-12]
        : The instance is 'u_rb/g_postproc[4].u_gelu/r1b_a666_reg[2]'.
Info    : Replacing a flip-flop with a logic constant 0. [GLO-12]
        : The instance is 'u_rb/g_postproc[3].u_gelu/r1b_a666_reg[2]'.
Info    : Replacing a flip-flop with a logic constant 0. [GLO-12]
        : The instance is 'u_rb/g_postproc[2].u_gelu/r1b_a666_reg[2]'.
Info    : Replacing a flip-flop with a logic constant 0. [GLO-12]
        : The instance is 'u_rb/g_postproc[1].u_gelu/r1b_a666_reg[2]'.
Info    : Replacing a flip-flop with a logic constant 0. [GLO-12]
        : The instance is 'u_rb/g_postproc[0].u_gelu/r1b_a666_reg[2]'.
Info    : Replacing a flip-flop with a logic constant 0. [GLO-12]
        : The instance is 'u_rb/g_postproc[15].u_gelu/r1b_a666_reg[3]'.
Info    : Replacing a flip-flop with a logic constant 0. [GLO-12]
        : The instance is 'u_rb/g_postproc[14].u_gelu/r1b_a666_reg[3]'.
Info    : Replacing a flip-flop with a logic constant 0. [GLO-12]
        : The instance is 'u_rb/g_postproc[13].u_gelu/r1b_a666_reg[3]'.
Info    : Replacing a flip-flop with a logic constant 0. [GLO-12]
        : The instance is 'u_rb/g_postproc[12].u_gelu/r1b_a666_reg[3]'.
Info    : Replacing a flip-flop with a logic constant 0. [GLO-12]
        : The instance is 'u_rb/g_postproc[11].u_gelu/r1b_a666_reg[3]'.
Info    : Replacing a flip-flop with a logic constant 0. [GLO-12]
        : The instance is 'u_rb/g_postproc[10].u_gelu/r1b_a666_reg[3]'.
Info    : Replacing a flip-flop with a logic constant 0. [GLO-12]
        : The instance is 'u_rb/g_postproc[9].u_gelu/r1b_a666_reg[3]'.
Info    : Replacing a flip-flop with a logic constant 0. [GLO-12]
        : The instance is 'u_rb/g_postproc[8].u_gelu/r1b_a666_reg[3]'.
Info    : Replacing a flip-flop with a logic constant 0. [GLO-12]
        : The instance is 'u_rb/g_postproc[7].u_gelu/r1b_a666_reg[3]'.
Info    : Replacing a flip-flop with a logic constant 0. [GLO-12]
        : The instance is 'u_rb/g_postproc[6].u_gelu/r1b_a666_reg[3]'.
Info    : Replacing a flip-flop with a logic constant 0. [GLO-12]
        : The instance is 'u_rb/g_postproc[5].u_gelu/r1b_a666_reg[3]'.
Info    : Replacing a flip-flop with a logic constant 0. [GLO-12]
        : The instance is 'u_rb/g_postproc[4].u_gelu/r1b_a666_reg[3]'.
Info    : Replacing a flip-flop with a logic constant 0. [GLO-12]
        : The instance is 'u_rb/g_postproc[3].u_gelu/r1b_a666_reg[3]'.
Info    : Replacing a flip-flop with a logic constant 0. [GLO-12]
        : The instance is 'u_rb/g_postproc[2].u_gelu/r1b_a666_reg[3]'.
Info    : Replacing a flip-flop with a logic constant 0. [GLO-12]
        : The instance is 'u_rb/g_postproc[1].u_gelu/r1b_a666_reg[3]'.
Info    : Replacing a flip-flop with a logic constant 0. [GLO-12]
        : The instance is 'u_rb/g_postproc[0].u_gelu/r1b_a666_reg[3]'.
Info    : Replacing a flip-flop with a logic constant 0. [GLO-12]
        : The instance is 'u_rb/g_postproc[15].u_gelu/r1b_a666_reg[4]'.
Info    : Replacing a flip-flop with a logic constant 0. [GLO-12]
        : The instance is 'u_rb/g_postproc[14].u_gelu/r1b_a666_reg[4]'.
Info    : Replacing a flip-flop with a logic constant 0. [GLO-12]
        : The instance is 'u_rb/g_postproc[13].u_gelu/r1b_a666_reg[4]'.
Info    : Replacing a flip-flop with a logic constant 0. [GLO-12]
        : The instance is 'u_rb/g_postproc[12].u_gelu/r1b_a666_reg[4]'.
Info    : Replacing a flip-flop with a logic constant 0. [GLO-12]
        : The instance is 'u_rb/g_postproc[11].u_gelu/r1b_a666_reg[4]'.
Info    : Replacing a flip-flop with a logic constant 0. [GLO-12]
        : The instance is 'u_rb/g_postproc[10].u_gelu/r1b_a666_reg[4]'.
Info    : Replacing a flip-flop with a logic constant 0. [GLO-12]
        : The instance is 'u_rb/g_postproc[9].u_gelu/r1b_a666_reg[4]'.
Info    : Replacing a flip-flop with a logic constant 0. [GLO-12]
        : The instance is 'u_rb/g_postproc[8].u_gelu/r1b_a666_reg[4]'.
Info    : Replacing a flip-flop with a logic constant 0. [GLO-12]
        : The instance is 'u_rb/g_postproc[7].u_gelu/r1b_a666_reg[4]'.
Info    : Replacing a flip-flop with a logic constant 0. [GLO-12]
        : The instance is 'u_rb/g_postproc[6].u_gelu/r1b_a666_reg[4]'.
Info    : Replacing a flip-flop with a logic constant 0. [GLO-12]
        : The instance is 'u_rb/g_postproc[5].u_gelu/r1b_a666_reg[4]'.
Info    : Replacing a flip-flop with a logic constant 0. [GLO-12]
        : The instance is 'u_rb/g_postproc[4].u_gelu/r1b_a666_reg[4]'.
Info    : Replacing a flip-flop with a logic constant 0. [GLO-12]
        : The instance is 'u_rb/g_postproc[3].u_gelu/r1b_a666_reg[4]'.
Info    : Replacing a flip-flop with a logic constant 0. [GLO-12]
        : The instance is 'u_rb/g_postproc[2].u_gelu/r1b_a666_reg[4]'.
Info    : Replacing a flip-flop with a logic constant 0. [GLO-12]
        : The instance is 'u_rb/g_postproc[1].u_gelu/r1b_a666_reg[4]'.
Info    : Replacing a flip-flop with a logic constant 0. [GLO-12]
        : The instance is 'u_rb/g_postproc[0].u_gelu/r1b_a666_reg[4]'.
Info    : Replacing a flip-flop with a logic constant 0. [GLO-12]
        : The instance is 'u_rb/g_postproc[15].u_gelu/r1b_a666_reg[5]'.
Info    : Replacing a flip-flop with a logic constant 0. [GLO-12]
        : The instance is 'u_rb/g_postproc[14].u_gelu/r1b_a666_reg[5]'.
Info    : Replacing a flip-flop with a logic constant 0. [GLO-12]
        : The instance is 'u_rb/g_postproc[13].u_gelu/r1b_a666_reg[5]'.
Info    : Replacing a flip-flop with a logic constant 0. [GLO-12]
        : The instance is 'u_rb/g_postproc[12].u_gelu/r1b_a666_reg[5]'.
Info    : Replacing a flip-flop with a logic constant 0. [GLO-12]
        : The instance is 'u_rb/g_postproc[11].u_gelu/r1b_a666_reg[5]'.
Info    : Replacing a flip-flop with a logic constant 0. [GLO-12]
        : The instance is 'u_rb/g_postproc[10].u_gelu/r1b_a666_reg[5]'.
Info    : Replacing a flip-flop with a logic constant 0. [GLO-12]
        : The instance is 'u_rb/g_postproc[9].u_gelu/r1b_a666_reg[5]'.
Info    : Replacing a flip-flop with a logic constant 0. [GLO-12]
        : The instance is 'u_rb/g_postproc[8].u_gelu/r1b_a666_reg[5]'.
Info    : Replacing a flip-flop with a logic constant 0. [GLO-12]
        : The instance is 'u_rb/g_postproc[7].u_gelu/r1b_a666_reg[5]'.
Info    : Replacing a flip-flop with a logic constant 0. [GLO-12]
        : The instance is 'u_rb/g_postproc[6].u_gelu/r1b_a666_reg[5]'.
Info    : Replacing a flip-flop with a logic constant 0. [GLO-12]
        : The instance is 'u_rb/g_postproc[5].u_gelu/r1b_a666_reg[5]'.
Info    : Replacing a flip-flop with a logic constant 0. [GLO-12]
        : The instance is 'u_rb/g_postproc[4].u_gelu/r1b_a666_reg[5]'.
Info    : Replacing a flip-flop with a logic constant 0. [GLO-12]
        : The instance is 'u_rb/g_postproc[3].u_gelu/r1b_a666_reg[5]'.
Info    : Replacing a flip-flop with a logic constant 0. [GLO-12]
        : The instance is 'u_rb/g_postproc[2].u_gelu/r1b_a666_reg[5]'.
Info    : Replacing a flip-flop with a logic constant 0. [GLO-12]
        : The instance is 'u_rb/g_postproc[1].u_gelu/r1b_a666_reg[5]'.
Info    : Replacing a flip-flop with a logic constant 0. [GLO-12]
        : The instance is 'u_rb/g_postproc[0].u_gelu/r1b_a666_reg[5]'.
Info    : Replacing a flip-flop with a logic constant 0. [GLO-12]
        : The instance is 'u_rb/g_postproc[15].u_gelu/r1b_a666_reg[6]'.
Info    : Replacing a flip-flop with a logic constant 0. [GLO-12]
        : The instance is 'u_rb/g_postproc[14].u_gelu/r1b_a666_reg[6]'.
Info    : Replacing a flip-flop with a logic constant 0. [GLO-12]
        : The instance is 'u_rb/g_postproc[13].u_gelu/r1b_a666_reg[6]'.
Info    : Replacing a flip-flop with a logic constant 0. [GLO-12]
        : The instance is 'u_rb/g_postproc[12].u_gelu/r1b_a666_reg[6]'.
Info    : Replacing a flip-flop with a logic constant 0. [GLO-12]
        : The instance is 'u_rb/g_postproc[11].u_gelu/r1b_a666_reg[6]'.
Info    : Replacing a flip-flop with a logic constant 0. [GLO-12]
        : The instance is 'u_rb/g_postproc[10].u_gelu/r1b_a666_reg[6]'.
Info    : Replacing a flip-flop with a logic constant 0. [GLO-12]
        : The instance is 'u_rb/g_postproc[9].u_gelu/r1b_a666_reg[6]'.
Info    : Replacing a flip-flop with a logic constant 0. [GLO-12]
        : The instance is 'u_rb/g_postproc[8].u_gelu/r1b_a666_reg[6]'.
Info    : Replacing a flip-flop with a logic constant 0. [GLO-12]
        : The instance is 'u_rb/g_postproc[7].u_gelu/r1b_a666_reg[6]'.
Info    : Replacing a flip-flop with a logic constant 0. [GLO-12]
        : The instance is 'u_rb/g_postproc[6].u_gelu/r1b_a666_reg[6]'.
Info    : Replacing a flip-flop with a logic constant 0. [GLO-12]
        : The instance is 'u_rb/g_postproc[5].u_gelu/r1b_a666_reg[6]'.
Info    : Replacing a flip-flop with a logic constant 0. [GLO-12]
        : The instance is 'u_rb/g_postproc[4].u_gelu/r1b_a666_reg[6]'.
Info    : Replacing a flip-flop with a logic constant 0. [GLO-12]
        : The instance is 'u_rb/g_postproc[3].u_gelu/r1b_a666_reg[6]'.
Info    : Replacing a flip-flop with a logic constant 0. [GLO-12]
        : The instance is 'u_rb/g_postproc[2].u_gelu/r1b_a666_reg[6]'.
Info    : Replacing a flip-flop with a logic constant 0. [GLO-12]
        : The instance is 'u_rb/g_postproc[1].u_gelu/r1b_a666_reg[6]'.
Info    : Replacing a flip-flop with a logic constant 0. [GLO-12]
        : The instance is 'u_rb/g_postproc[0].u_gelu/r1b_a666_reg[6]'.
Info    : Replacing a flip-flop with a logic constant 0. [GLO-12]
        : The instance is 'u_rb/g_postproc[15].u_gelu/r1b_a666_reg[7]'.
Info    : Replacing a flip-flop with a logic constant 0. [GLO-12]
        : The instance is 'u_rb/g_postproc[14].u_gelu/r1b_a666_reg[7]'.
Info    : Replacing a flip-flop with a logic constant 0. [GLO-12]
        : The instance is 'u_rb/g_postproc[13].u_gelu/r1b_a666_reg[7]'.
Info    : Replacing a flip-flop with a logic constant 0. [GLO-12]
        : The instance is 'u_rb/g_postproc[12].u_gelu/r1b_a666_reg[7]'.
Info    : Replacing a flip-flop with a logic constant 0. [GLO-12]
        : The instance is 'u_rb/g_postproc[11].u_gelu/r1b_a666_reg[7]'.
Info    : Replacing a flip-flop with a logic constant 0. [GLO-12]
        : The instance is 'u_rb/g_postproc[10].u_gelu/r1b_a666_reg[7]'.
Info    : Replacing a flip-flop with a logic constant 0. [GLO-12]
        : The instance is 'u_rb/g_postproc[9].u_gelu/r1b_a666_reg[7]'.
Info    : Replacing a flip-flop with a logic constant 0. [GLO-12]
        : The instance is 'u_rb/g_postproc[8].u_gelu/r1b_a666_reg[7]'.
Info    : Replacing a flip-flop with a logic constant 0. [GLO-12]
        : The instance is 'u_rb/g_postproc[7].u_gelu/r1b_a666_reg[7]'.
Info    : Replacing a flip-flop with a logic constant 0. [GLO-12]
        : The instance is 'u_rb/g_postproc[6].u_gelu/r1b_a666_reg[7]'.
Info    : Replacing a flip-flop with a logic constant 0. [GLO-12]
        : The instance is 'u_rb/g_postproc[5].u_gelu/r1b_a666_reg[7]'.
Info    : Replacing a flip-flop with a logic constant 0. [GLO-12]
        : The instance is 'u_rb/g_postproc[4].u_gelu/r1b_a666_reg[7]'.
Info    : Replacing a flip-flop with a logic constant 0. [GLO-12]
        : The instance is 'u_rb/g_postproc[3].u_gelu/r1b_a666_reg[7]'.
Info    : Replacing a flip-flop with a logic constant 0. [GLO-12]
        : The instance is 'u_rb/g_postproc[2].u_gelu/r1b_a666_reg[7]'.
Info    : Replacing a flip-flop with a logic constant 0. [GLO-12]
        : The instance is 'u_rb/g_postproc[1].u_gelu/r1b_a666_reg[7]'.
Info    : Replacing a flip-flop with a logic constant 0. [GLO-12]
        : The instance is 'u_rb/g_postproc[0].u_gelu/r1b_a666_reg[7]'.
Info    : Replacing a flip-flop with a logic constant 0. [GLO-12]
        : The instance is 'u_rb/g_postproc[15].u_gelu/r1b_a171_reg[31]'.
Info    : Replacing a flip-flop with a logic constant 0. [GLO-12]
        : The instance is 'u_rb/g_postproc[14].u_gelu/r1b_a171_reg[31]'.
Info    : Replacing a flip-flop with a logic constant 0. [GLO-12]
        : The instance is 'u_rb/g_postproc[13].u_gelu/r1b_a171_reg[31]'.
Info    : Replacing a flip-flop with a logic constant 0. [GLO-12]
        : The instance is 'u_rb/g_postproc[12].u_gelu/r1b_a171_reg[31]'.
Info    : Replacing a flip-flop with a logic constant 0. [GLO-12]
        : The instance is 'u_rb/g_postproc[11].u_gelu/r1b_a171_reg[31]'.
Info    : Replacing a flip-flop with a logic constant 0. [GLO-12]
        : The instance is 'u_rb/g_postproc[10].u_gelu/r1b_a171_reg[31]'.
Info    : Replacing a flip-flop with a logic constant 0. [GLO-12]
        : The instance is 'u_rb/g_postproc[9].u_gelu/r1b_a171_reg[31]'.
Info    : Replacing a flip-flop with a logic constant 0. [GLO-12]
        : The instance is 'u_rb/g_postproc[8].u_gelu/r1b_a171_reg[31]'.
Info    : Replacing a flip-flop with a logic constant 0. [GLO-12]
        : The instance is 'u_rb/g_postproc[7].u_gelu/r1b_a171_reg[31]'.
Info    : Replacing a flip-flop with a logic constant 0. [GLO-12]
        : The instance is 'u_rb/g_postproc[6].u_gelu/r1b_a171_reg[31]'.
Info    : Replacing a flip-flop with a logic constant 0. [GLO-12]
        : The instance is 'u_rb/g_postproc[5].u_gelu/r1b_a171_reg[31]'.
Info    : Replacing a flip-flop with a logic constant 0. [GLO-12]
        : The instance is 'u_rb/g_postproc[4].u_gelu/r1b_a171_reg[31]'.
Info    : Replacing a flip-flop with a logic constant 0. [GLO-12]
        : The instance is 'u_rb/g_postproc[3].u_gelu/r1b_a171_reg[31]'.
Info    : Replacing a flip-flop with a logic constant 0. [GLO-12]
        : The instance is 'u_rb/g_postproc[2].u_gelu/r1b_a171_reg[31]'.
Info    : Replacing a flip-flop with a logic constant 0. [GLO-12]
        : The instance is 'u_rb/g_postproc[1].u_gelu/r1b_a171_reg[31]'.
Info    : Replacing a flip-flop with a logic constant 0. [GLO-12]
        : The instance is 'u_rb/g_postproc[0].u_gelu/r1b_a171_reg[31]'.
Info    : Replacing a flip-flop with a logic constant 0. [GLO-12]
        : The instance is 'u_rb/g_postproc[15].u_gelu/r1b_a666_reg[31]'.
Info    : Replacing a flip-flop with a logic constant 0. [GLO-12]
        : The instance is 'u_rb/g_postproc[14].u_gelu/r1b_a666_reg[31]'.
Info    : Replacing a flip-flop with a logic constant 0. [GLO-12]
        : The instance is 'u_rb/g_postproc[13].u_gelu/r1b_a666_reg[31]'.
Info    : Replacing a flip-flop with a logic constant 0. [GLO-12]
        : The instance is 'u_rb/g_postproc[12].u_gelu/r1b_a666_reg[31]'.
Info    : Replacing a flip-flop with a logic constant 0. [GLO-12]
        : The instance is 'u_rb/g_postproc[11].u_gelu/r1b_a666_reg[31]'.
Info    : Replacing a flip-flop with a logic constant 0. [GLO-12]
        : The instance is 'u_rb/g_postproc[10].u_gelu/r1b_a666_reg[31]'.
Info    : Replacing a flip-flop with a logic constant 0. [GLO-12]
        : The instance is 'u_rb/g_postproc[9].u_gelu/r1b_a666_reg[31]'.
Info    : Replacing a flip-flop with a logic constant 0. [GLO-12]
        : The instance is 'u_rb/g_postproc[8].u_gelu/r1b_a666_reg[31]'.
Info    : Replacing a flip-flop with a logic constant 0. [GLO-12]
        : The instance is 'u_rb/g_postproc[7].u_gelu/r1b_a666_reg[31]'.
Info    : Replacing a flip-flop with a logic constant 0. [GLO-12]
        : The instance is 'u_rb/g_postproc[6].u_gelu/r1b_a666_reg[31]'.
Info    : Replacing a flip-flop with a logic constant 0. [GLO-12]
        : The instance is 'u_rb/g_postproc[5].u_gelu/r1b_a666_reg[31]'.
Info    : Replacing a flip-flop with a logic constant 0. [GLO-12]
        : The instance is 'u_rb/g_postproc[4].u_gelu/r1b_a666_reg[31]'.
Info    : Replacing a flip-flop with a logic constant 0. [GLO-12]
        : The instance is 'u_rb/g_postproc[3].u_gelu/r1b_a666_reg[31]'.
Info    : Replacing a flip-flop with a logic constant 0. [GLO-12]
        : The instance is 'u_rb/g_postproc[2].u_gelu/r1b_a666_reg[31]'.
Info    : Replacing a flip-flop with a logic constant 0. [GLO-12]
        : The instance is 'u_rb/g_postproc[1].u_gelu/r1b_a666_reg[31]'.
Info    : Replacing a flip-flop with a logic constant 0. [GLO-12]
        : The instance is 'u_rb/g_postproc[0].u_gelu/r1b_a666_reg[31]'.
Info    : Replacing a flip-flop with a logic constant 0. [GLO-12]
        : The instance is 'u_rb/g_postproc[15].u_gelu/r0b_arg_reg[8]'.
Info    : Replacing a flip-flop with a logic constant 0. [GLO-12]
        : The instance is 'u_rb/g_postproc[14].u_gelu/r0b_arg_reg[8]'.
Info    : Replacing a flip-flop with a logic constant 0. [GLO-12]
        : The instance is 'u_rb/g_postproc[13].u_gelu/r0b_arg_reg[8]'.
Info    : Replacing a flip-flop with a logic constant 0. [GLO-12]
        : The instance is 'u_rb/g_postproc[12].u_gelu/r0b_arg_reg[8]'.
Info    : Replacing a flip-flop with a logic constant 0. [GLO-12]
        : The instance is 'u_rb/g_postproc[11].u_gelu/r0b_arg_reg[8]'.
Info    : Replacing a flip-flop with a logic constant 0. [GLO-12]
        : The instance is 'u_rb/g_postproc[10].u_gelu/r0b_arg_reg[8]'.
Info    : Replacing a flip-flop with a logic constant 0. [GLO-12]
        : The instance is 'u_rb/g_postproc[9].u_gelu/r0b_arg_reg[8]'.
Info    : Replacing a flip-flop with a logic constant 0. [GLO-12]
        : The instance is 'u_rb/g_postproc[8].u_gelu/r0b_arg_reg[8]'.
Info    : Replacing a flip-flop with a logic constant 0. [GLO-12]
        : The instance is 'u_rb/g_postproc[7].u_gelu/r0b_arg_reg[8]'.
Info    : Replacing a flip-flop with a logic constant 0. [GLO-12]
        : The instance is 'u_rb/g_postproc[6].u_gelu/r0b_arg_reg[8]'.
Info    : Replacing a flip-flop with a logic constant 0. [GLO-12]
        : The instance is 'u_rb/g_postproc[5].u_gelu/r0b_arg_reg[8]'.
Info    : Replacing a flip-flop with a logic constant 0. [GLO-12]
        : The instance is 'u_rb/g_postproc[4].u_gelu/r0b_arg_reg[8]'.
Info    : Replacing a flip-flop with a logic constant 0. [GLO-12]
        : The instance is 'u_rb/g_postproc[3].u_gelu/r0b_arg_reg[8]'.
Info    : Replacing a flip-flop with a logic constant 0. [GLO-12]
        : The instance is 'u_rb/g_postproc[2].u_gelu/r0b_arg_reg[8]'.
Info    : Replacing a flip-flop with a logic constant 0. [GLO-12]
        : The instance is 'u_rb/g_postproc[1].u_gelu/r0b_arg_reg[8]'.
Info    : Replacing a flip-flop with a logic constant 0. [GLO-12]
        : The instance is 'u_rb/g_postproc[0].u_gelu/r0b_arg_reg[8]'.
Info    : Replacing a flip-flop with a logic constant 0. [GLO-12]
        : The instance is 'u_rb/g_postproc[15].u_gelu/r0b_arg_reg[9]'.
Info    : Replacing a flip-flop with a logic constant 0. [GLO-12]
        : The instance is 'u_rb/g_postproc[14].u_gelu/r0b_arg_reg[9]'.
Info    : Replacing a flip-flop with a logic constant 0. [GLO-12]
        : The instance is 'u_rb/g_postproc[13].u_gelu/r0b_arg_reg[9]'.
Info    : Replacing a flip-flop with a logic constant 0. [GLO-12]
        : The instance is 'u_rb/g_postproc[12].u_gelu/r0b_arg_reg[9]'.
Info    : Replacing a flip-flop with a logic constant 0. [GLO-12]
        : The instance is 'u_rb/g_postproc[11].u_gelu/r0b_arg_reg[9]'.
Info    : Replacing a flip-flop with a logic constant 0. [GLO-12]
        : The instance is 'u_rb/g_postproc[10].u_gelu/r0b_arg_reg[9]'.
Info    : Replacing a flip-flop with a logic constant 0. [GLO-12]
        : The instance is 'u_rb/g_postproc[9].u_gelu/r0b_arg_reg[9]'.
Info    : Replacing a flip-flop with a logic constant 0. [GLO-12]
        : The instance is 'u_rb/g_postproc[8].u_gelu/r0b_arg_reg[9]'.
Info    : Replacing a flip-flop with a logic constant 0. [GLO-12]
        : The instance is 'u_rb/g_postproc[7].u_gelu/r0b_arg_reg[9]'.
Info    : Replacing a flip-flop with a logic constant 0. [GLO-12]
        : The instance is 'u_rb/g_postproc[6].u_gelu/r0b_arg_reg[9]'.
Info    : Replacing a flip-flop with a logic constant 0. [GLO-12]
        : The instance is 'u_rb/g_postproc[5].u_gelu/r0b_arg_reg[9]'.
Info    : Replacing a flip-flop with a logic constant 0. [GLO-12]
        : The instance is 'u_rb/g_postproc[4].u_gelu/r0b_arg_reg[9]'.
Info    : Replacing a flip-flop with a logic constant 0. [GLO-12]
        : The instance is 'u_rb/g_postproc[3].u_gelu/r0b_arg_reg[9]'.
Info    : Replacing a flip-flop with a logic constant 0. [GLO-12]
        : The instance is 'u_rb/g_postproc[2].u_gelu/r0b_arg_reg[9]'.
Info    : Replacing a flip-flop with a logic constant 0. [GLO-12]
        : The instance is 'u_rb/g_postproc[1].u_gelu/r0b_arg_reg[9]'.
Info    : Replacing a flip-flop with a logic constant 0. [GLO-12]
        : The instance is 'u_rb/g_postproc[0].u_gelu/r0b_arg_reg[9]'.
Info    : Replacing a flip-flop with a logic constant 0. [GLO-12]
        : The instance is 'u_rb/g_postproc[15].u_gelu/r1b_a666_reg[8]'.
Info    : Replacing a flip-flop with a logic constant 0. [GLO-12]
        : The instance is 'u_rb/g_postproc[14].u_gelu/r1b_a666_reg[8]'.
Info    : Replacing a flip-flop with a logic constant 0. [GLO-12]
        : The instance is 'u_rb/g_postproc[13].u_gelu/r1b_a666_reg[8]'.
Info    : Replacing a flip-flop with a logic constant 0. [GLO-12]
        : The instance is 'u_rb/g_postproc[12].u_gelu/r1b_a666_reg[8]'.
Info    : Replacing a flip-flop with a logic constant 0. [GLO-12]
        : The instance is 'u_rb/g_postproc[11].u_gelu/r1b_a666_reg[8]'.
Info    : Replacing a flip-flop with a logic constant 0. [GLO-12]
        : The instance is 'u_rb/g_postproc[10].u_gelu/r1b_a666_reg[8]'.
Info    : Replacing a flip-flop with a logic constant 0. [GLO-12]
        : The instance is 'u_rb/g_postproc[9].u_gelu/r1b_a666_reg[8]'.
Info    : Replacing a flip-flop with a logic constant 0. [GLO-12]
        : The instance is 'u_rb/g_postproc[8].u_gelu/r1b_a666_reg[8]'.
Info    : Replacing a flip-flop with a logic constant 0. [GLO-12]
        : The instance is 'u_rb/g_postproc[7].u_gelu/r1b_a666_reg[8]'.
Info    : Replacing a flip-flop with a logic constant 0. [GLO-12]
        : The instance is 'u_rb/g_postproc[6].u_gelu/r1b_a666_reg[8]'.
Info    : Replacing a flip-flop with a logic constant 0. [GLO-12]
        : The instance is 'u_rb/g_postproc[5].u_gelu/r1b_a666_reg[8]'.
Info    : Replacing a flip-flop with a logic constant 0. [GLO-12]
        : The instance is 'u_rb/g_postproc[4].u_gelu/r1b_a666_reg[8]'.
Info    : Replacing a flip-flop with a logic constant 0. [GLO-12]
        : The instance is 'u_rb/g_postproc[3].u_gelu/r1b_a666_reg[8]'.
Info    : Replacing a flip-flop with a logic constant 0. [GLO-12]
        : The instance is 'u_rb/g_postproc[2].u_gelu/r1b_a666_reg[8]'.
Info    : Replacing a flip-flop with a logic constant 0. [GLO-12]
        : The instance is 'u_rb/g_postproc[1].u_gelu/r1b_a666_reg[8]'.
Info    : Replacing a flip-flop with a logic constant 0. [GLO-12]
        : The instance is 'u_rb/g_postproc[0].u_gelu/r1b_a666_reg[8]'.
...done running DP early constant propagation (136 seconds CPU time, netlist sys_top).
Info    : Deleting instances not driving any primary outputs. [GLO-34]
        : Deleting 624 sequential instances.
Info    : Deleting instances not driving any primary outputs. [GLO-34]
        : Deleting 64 hierarchical instances.
Info    : Synthesizing. [SYNTH-1]
        : Synthesizing 'sys_top' to generic gates using 'medium' effort.
Running Synthesis Turbo Flow Version 3.
PBS_Generic-Start - Elapsed_Time 0, CPU_Time 0.0
stamp 'PBS_Generic-Start' being created for table 'pbs_debug'

  Total Time (Wall) |  Stage Time (Wall)  |   % (Wall)   |    Date - Time     |  Memory   | Stage
--------------------+---------------------+--------------+--------------------+-----------+----------------------
 00:03:37(00:03:36) |  00:00:00(00:00:00) |   0.0(  0.0) |   12:04:09 (May16) |   3.20 GB | PBS_Generic-Start
--------------------+---------------------+--------------+--------------------+-----------+----------------------
Number of threads: 8 * 1   (id: pbs_debug, time_info v1.57)
Info: (*N*) indicates data that was populated from previously saved time_info database
Info: CPU time includes time of parent + longest thread
Info    : Enabling Partition Based Synthesis. [PBS-1]
        : Starting distributed generic optimization.
Info    : Attempting to launch a super-threading server. [ST-120]
        : Attempting to Launch server 1 of 8.
        : The tool is entering super-threading mode and is launching a CPU server process.  This is enabled by the root attribute 'super_thread_servers' or 'auto_super_thread'.
Info    : Connection established with super-threading server. [ST-110]
        : The server 'localhost_1_0' is process '25812' on this host.
        : The tool is entering super-threading mode and has established a connection with a CPU server process.  This is enabled by the root attributes 'super_thread_servers' or 'auto_super_thread'.
     Generating lib_script file: /home/iwyse/common/Documents/ECE510/project/510Project/project/cadence/systolic_16x16/.pbs_mo.ece.pdx.edu_24438/lib_script
Start partitioning.  Summary: MEM {curr: 4.0G, peak: 5.1G, phys curr: 3.4G, phys peak: 4.3G}
Start partitioning design sys_top for generic optimization.
Total generic instances for partitioning: 1435704
	Generic partition 0: size 22397
	Generic partition 1: size 132898
	Generic partition 2: size 90656
	Generic partition 3: size 90656
	Generic partition 4: size 90656
	Generic partition 5: size 90656
	Generic partition 6: size 90656
	Generic partition 7: size 90656
	Generic partition 8: size 90656
	Generic partition 9: size 90656
	Generic partition 10: size 105503
	Generic partition 11: size 101821
	Generic partition 12: size 69108
	Generic partition 13: size 101821
	Generic partition 14: size 101821
	Generic partition 15: size 75087
Done partitioning.  Summary: RT {elapsed: 1s, ST: 1s}, MEM {curr: 4.0G, peak: 5.1G, phys curr: 3.4G, phys peak: 4.3G}
Start creating partition netlists.  Summary: MEM {curr: 4.0G, peak: 5.1G, phys curr: 3.4G, phys peak: 4.3G}
Done creating partition netlists.  Summary: RT {elapsed: 16s, ST: 15s}, MEM {curr: 5.3G, peak: 5.3G, phys curr: 4.6G, phys peak: 4.6G}
Start budgeting timing for partitions.  Summary: MEM {curr: 5.3G, peak: 5.3G, phys curr: 4.6G, phys peak: 4.6G}
Done budgeting timing for partitions.  Summary: RT {elapsed: 116s, ST: 129s}, MEM {curr: 8.3G, peak: 8.3G, phys curr: 7.8G, phys peak: 7.8G}
Start deriving partition netlists.  Summary: MEM {curr: 8.3G, peak: 8.3G, phys curr: 7.8G, phys peak: 7.8G}
The inst 'pbs_genopt_0' is selected as pbs candidate. The instance cnt is: '22397'.
The inst 'pbs_genopt_1' is selected as pbs candidate. The instance cnt is: '132898'.
The inst 'pbs_genopt_2' is selected as pbs candidate. The instance cnt is: '90656'.
The inst 'pbs_genopt_3' is selected as pbs candidate. The instance cnt is: '90656'.
The inst 'pbs_genopt_4' is selected as pbs candidate. The instance cnt is: '90656'.
The inst 'pbs_genopt_5' is selected as pbs candidate. The instance cnt is: '90656'.
The inst 'pbs_genopt_6' is selected as pbs candidate. The instance cnt is: '90656'.
The inst 'pbs_genopt_7' is selected as pbs candidate. The instance cnt is: '90656'.
The inst 'pbs_genopt_8' is selected as pbs candidate. The instance cnt is: '90656'.
The inst 'pbs_genopt_9' is selected as pbs candidate. The instance cnt is: '90656'.
The inst 'pbs_genopt_10' is selected as pbs candidate. The instance cnt is: '105503'.
The inst 'pbs_genopt_11' is selected as pbs candidate. The instance cnt is: '101821'.
The inst 'pbs_genopt_12' is selected as pbs candidate. The instance cnt is: '69108'.
The inst 'pbs_genopt_13' is selected as pbs candidate. The instance cnt is: '101821'.
The inst 'pbs_genopt_14' is selected as pbs candidate. The instance cnt is: '101821'.
The inst 'pbs_genopt_15' is selected as pbs candidate. The instance cnt is: '75087'.
Done deriving partition netlists.  Summary: RT {elapsed: 21s, ST: 21s}, MEM {curr: 8.3G, peak: 8.3G, phys curr: 7.8G, phys peak: 7.8G}
Wait for super-thread servers to finish loading libraries.
Start super thread servers forking.  Summary: MEM {curr: 6.3G, peak: 8.3G, phys curr: 7.8G, phys peak: 7.8G}
                  Library loading done successfully on server 'localhost_1_0'.
Info    : Connection established with super-threading server. [ST-110]
        : The server 'localhost_1_1' is forked process '26923' on this host.
Info    : Connection established with super-threading server. [ST-110]
        : The server 'localhost_1_2' is forked process '26925' on this host.
Info    : Connection established with super-threading server. [ST-110]
        : The server 'localhost_1_3' is forked process '26927' on this host.
Info    : Connection established with super-threading server. [ST-110]
        : The server 'localhost_1_4' is forked process '26929' on this host.
Info    : Connection established with super-threading server. [ST-110]
        : The server 'localhost_1_5' is forked process '26931' on this host.
Info    : Connection established with super-threading server. [ST-110]
        : The server 'localhost_1_6' is forked process '26933' on this host.
Info    : Connection established with super-threading server. [ST-110]
        : The server 'localhost_1_7' is forked process '26935' on this host.
Done super thread servers forking.  Summary: RT {elapsed: 1s, ST: 0s}, MEM {curr: 6.3G, peak: 8.3G, phys curr: 7.8G, phys peak: 7.8G}
        Distributing super-thread jobs: {pbs_genopt_1 ./.pbs_mo.ece.pdx.edu_24438/pbs_genopt_1.etf} {pbs_genopt_10 ./.pbs_mo.ece.pdx.edu_24438/pbs_genopt_10.etf} {pbs_genopt_11 ./.pbs_mo.ece.pdx.edu_24438/pbs_genopt_11.etf} {pbs_genopt_14 ./.pbs_mo.ece.pdx.edu_24438/pbs_genopt_14.etf} {pbs_genopt_13 ./.pbs_mo.ece.pdx.edu_24438/pbs_genopt_13.etf} {pbs_genopt_7 ./.pbs_mo.ece.pdx.edu_24438/pbs_genopt_7.etf} {pbs_genopt_8 ./.pbs_mo.ece.pdx.edu_24438/pbs_genopt_8.etf} {pbs_genopt_3 ./.pbs_mo.ece.pdx.edu_24438/pbs_genopt_3.etf} {pbs_genopt_9 ./.pbs_mo.ece.pdx.edu_24438/pbs_genopt_9.etf} {pbs_genopt_4 ./.pbs_mo.ece.pdx.edu_24438/pbs_genopt_4.etf} {pbs_genopt_5 ./.pbs_mo.ece.pdx.edu_24438/pbs_genopt_5.etf} {pbs_genopt_6 ./.pbs_mo.ece.pdx.edu_24438/pbs_genopt_6.etf} {pbs_genopt_2 ./.pbs_mo.ece.pdx.edu_24438/pbs_genopt_2.etf} {pbs_genopt_15 ./.pbs_mo.ece.pdx.edu_24438/pbs_genopt_15.etf} {pbs_genopt_12 ./.pbs_mo.ece.pdx.edu_24438/pbs_genopt_12.etf} {pbs_genopt_0 ./.pbs_mo.ece.pdx.edu_24438/pbs_genopt_0.etf}
          Sending 'pbs_genopt_1 ./.pbs_mo.ece.pdx.edu_24438/pbs_genopt_1.etf' to server 'localhost_1_7'...
            Sent 'pbs_genopt_1 ./.pbs_mo.ece.pdx.edu_24438/pbs_genopt_1.etf' to server 'localhost_1_7'.
          Sending 'pbs_genopt_10 ./.pbs_mo.ece.pdx.edu_24438/pbs_genopt_10.etf' to server 'localhost_1_4'...
            Sent 'pbs_genopt_10 ./.pbs_mo.ece.pdx.edu_24438/pbs_genopt_10.etf' to server 'localhost_1_4'.
          Sending 'pbs_genopt_11 ./.pbs_mo.ece.pdx.edu_24438/pbs_genopt_11.etf' to server 'localhost_1_3'...
            Sent 'pbs_genopt_11 ./.pbs_mo.ece.pdx.edu_24438/pbs_genopt_11.etf' to server 'localhost_1_3'.
          Sending 'pbs_genopt_14 ./.pbs_mo.ece.pdx.edu_24438/pbs_genopt_14.etf' to server 'localhost_1_0'...
            Sent 'pbs_genopt_14 ./.pbs_mo.ece.pdx.edu_24438/pbs_genopt_14.etf' to server 'localhost_1_0'.
          Sending 'pbs_genopt_13 ./.pbs_mo.ece.pdx.edu_24438/pbs_genopt_13.etf' to server 'localhost_1_6'...
            Sent 'pbs_genopt_13 ./.pbs_mo.ece.pdx.edu_24438/pbs_genopt_13.etf' to server 'localhost_1_6'.
          Sending 'pbs_genopt_7 ./.pbs_mo.ece.pdx.edu_24438/pbs_genopt_7.etf' to server 'localhost_1_5'...
            Sent 'pbs_genopt_7 ./.pbs_mo.ece.pdx.edu_24438/pbs_genopt_7.etf' to server 'localhost_1_5'.
          Sending 'pbs_genopt_8 ./.pbs_mo.ece.pdx.edu_24438/pbs_genopt_8.etf' to server 'localhost_1_2'...
            Sent 'pbs_genopt_8 ./.pbs_mo.ece.pdx.edu_24438/pbs_genopt_8.etf' to server 'localhost_1_2'.
          Sending 'pbs_genopt_3 ./.pbs_mo.ece.pdx.edu_24438/pbs_genopt_3.etf' to server 'localhost_1_1'...
            Sent 'pbs_genopt_3 ./.pbs_mo.ece.pdx.edu_24438/pbs_genopt_3.etf' to server 'localhost_1_1'.
          Received 'pbs_genopt_1 ./.pbs_mo.ece.pdx.edu_24438/pbs_genopt_1.etf' from server 'localhost_1_7'. (309709 ms elapsed)
          Sending 'pbs_genopt_9 ./.pbs_mo.ece.pdx.edu_24438/pbs_genopt_9.etf' to server 'localhost_1_7'...
            Sent 'pbs_genopt_9 ./.pbs_mo.ece.pdx.edu_24438/pbs_genopt_9.etf' to server 'localhost_1_7'.
          Received 'pbs_genopt_13 ./.pbs_mo.ece.pdx.edu_24438/pbs_genopt_13.etf' from server 'localhost_1_6'. (1216074 ms elapsed)
          Sending 'pbs_genopt_4 ./.pbs_mo.ece.pdx.edu_24438/pbs_genopt_4.etf' to server 'localhost_1_6'...
            Sent 'pbs_genopt_4 ./.pbs_mo.ece.pdx.edu_24438/pbs_genopt_4.etf' to server 'localhost_1_6'.
          Received 'pbs_genopt_11 ./.pbs_mo.ece.pdx.edu_24438/pbs_genopt_11.etf' from server 'localhost_1_3'. (1220865 ms elapsed)
          Sending 'pbs_genopt_5 ./.pbs_mo.ece.pdx.edu_24438/pbs_genopt_5.etf' to server 'localhost_1_3'...
            Sent 'pbs_genopt_5 ./.pbs_mo.ece.pdx.edu_24438/pbs_genopt_5.etf' to server 'localhost_1_3'.
          Received 'pbs_genopt_14 ./.pbs_mo.ece.pdx.edu_24438/pbs_genopt_14.etf' from server 'localhost_1_0'. (1243201 ms elapsed)
          Sending 'pbs_genopt_6 ./.pbs_mo.ece.pdx.edu_24438/pbs_genopt_6.etf' to server 'localhost_1_0'...
            Sent 'pbs_genopt_6 ./.pbs_mo.ece.pdx.edu_24438/pbs_genopt_6.etf' to server 'localhost_1_0'.
          Received 'pbs_genopt_8 ./.pbs_mo.ece.pdx.edu_24438/pbs_genopt_8.etf' from server 'localhost_1_2'. (1259945 ms elapsed)
          Sending 'pbs_genopt_2 ./.pbs_mo.ece.pdx.edu_24438/pbs_genopt_2.etf' to server 'localhost_1_2'...
            Sent 'pbs_genopt_2 ./.pbs_mo.ece.pdx.edu_24438/pbs_genopt_2.etf' to server 'localhost_1_2'.
          Received 'pbs_genopt_10 ./.pbs_mo.ece.pdx.edu_24438/pbs_genopt_10.etf' from server 'localhost_1_4'. (1261869 ms elapsed)
          Sending 'pbs_genopt_15 ./.pbs_mo.ece.pdx.edu_24438/pbs_genopt_15.etf' to server 'localhost_1_4'...
            Sent 'pbs_genopt_15 ./.pbs_mo.ece.pdx.edu_24438/pbs_genopt_15.etf' to server 'localhost_1_4'.
          Received 'pbs_genopt_3 ./.pbs_mo.ece.pdx.edu_24438/pbs_genopt_3.etf' from server 'localhost_1_1'. (1279671 ms elapsed)
       Partition:  pbs_genopt_3 - PBS_Generic_Opt-Distributed_Read_DB - Elapsed_Time 2.00, CPU_Time 3.00
       Partition:  pbs_genopt_3 - PBS_Generic_Opt-Distributed_Generic - Elapsed_Time 1266.00, CPU_Time 1263.00
       Partition:  pbs_genopt_3 - PBS_Generic_Opt-Distributed_Prop_Const - Elapsed_Time 2.00, CPU_Time 3.00
       Partition:  pbs_genopt_3 - PBS_Generic_Opt-Distributed_Gobble - Elapsed_Time 0.00, CPU_Time 0.00
       Partition:  pbs_genopt_3 - PBS_Generic_Opt-Distributed_Report - Elapsed_Time 0.00, CPU_Time 0.00
       Start - Partition: pbs_genopt_3 Slack: -396.0 TNS: 405440.0 Cell-Count: 90656 Cell-Area: 9728 
Init-Memory: 1527.50
       Done  - Partition: pbs_genopt_3 Slack: -167.2 TNS: 152131.2 Cell-Count: 95904 Cell-Area: 8572 
Peak-Memory: 2017.59 Elapsed: 1270
       Partition:  pbs_genopt_3 - PBS_Generic_Opt-Distributed_Write_DB - Elapsed_Time 9.00, CPU_Time 9.00
       pbs_genopt_3 - PBS_Generic_Opt-Assembly - Elapsed_Time 6, CPU_Time 5.0
       Partition:  pbs_genopt_3 - Runtime taken by the partition - Elapsed_Time 1279.00, CPU_Time 1278.00
       Partition:  pbs_genopt_8 - PBS_Generic_Opt-Distributed_Read_DB - Elapsed_Time 2.00, CPU_Time 3.00
       Partition:  pbs_genopt_8 - PBS_Generic_Opt-Distributed_Generic - Elapsed_Time 1243.00, CPU_Time 1241.00
       Partition:  pbs_genopt_8 - PBS_Generic_Opt-Distributed_Prop_Const - Elapsed_Time 3.00, CPU_Time 3.00
       Partition:  pbs_genopt_8 - PBS_Generic_Opt-Distributed_Gobble - Elapsed_Time 0.00, CPU_Time 0.00
       Partition:  pbs_genopt_8 - PBS_Generic_Opt-Distributed_Report - Elapsed_Time 0.00, CPU_Time 0.00
       Start - Partition: pbs_genopt_8 Slack: -396.0 TNS: 405440.0 Cell-Count: 90656 Cell-Area: 9728 
Init-Memory: 1527.50
       Done  - Partition: pbs_genopt_8 Slack: -167.2 TNS: 152131.2 Cell-Count: 95904 Cell-Area: 8572 
Peak-Memory: 2011.59 Elapsed: 1248
       Partition:  pbs_genopt_8 - PBS_Generic_Opt-Distributed_Write_DB - Elapsed_Time 11.00, CPU_Time 11.00
       pbs_genopt_8 - PBS_Generic_Opt-Assembly - Elapsed_Time 4, CPU_Time 4.0
       Partition:  pbs_genopt_8 - Runtime taken by the partition - Elapsed_Time 1259.00, CPU_Time 1258.00
          Sending 'pbs_genopt_12 ./.pbs_mo.ece.pdx.edu_24438/pbs_genopt_12.etf' to server 'localhost_1_1'...
            Sent 'pbs_genopt_12 ./.pbs_mo.ece.pdx.edu_24438/pbs_genopt_12.etf' to server 'localhost_1_1'.
          Received 'pbs_genopt_7 ./.pbs_mo.ece.pdx.edu_24438/pbs_genopt_7.etf' from server 'localhost_1_5'. (1302654 ms elapsed)
       Partition:  pbs_genopt_7 - PBS_Generic_Opt-Distributed_Read_DB - Elapsed_Time 2.00, CPU_Time 3.00
       Partition:  pbs_genopt_7 - PBS_Generic_Opt-Distributed_Generic - Elapsed_Time 1289.00, CPU_Time 1286.00
       Partition:  pbs_genopt_7 - PBS_Generic_Opt-Distributed_Prop_Const - Elapsed_Time 2.00, CPU_Time 2.00
       Partition:  pbs_genopt_7 - PBS_Generic_Opt-Distributed_Gobble - Elapsed_Time 0.00, CPU_Time 1.00
       Partition:  pbs_genopt_7 - PBS_Generic_Opt-Distributed_Report - Elapsed_Time 0.00, CPU_Time 0.00
       Start - Partition: pbs_genopt_7 Slack: -396.0 TNS: 405440.0 Cell-Count: 90656 Cell-Area: 9728 
Init-Memory: 1527.50
       Done  - Partition: pbs_genopt_7 Slack: -167.2 TNS: 152131.2 Cell-Count: 95904 Cell-Area: 8572 
Peak-Memory: 2010.59 Elapsed: 1293
       Partition:  pbs_genopt_7 - PBS_Generic_Opt-Distributed_Write_DB - Elapsed_Time 8.00, CPU_Time 8.00
       pbs_genopt_7 - PBS_Generic_Opt-Assembly - Elapsed_Time 6, CPU_Time 6.0
       Partition:  pbs_genopt_7 - Runtime taken by the partition - Elapsed_Time 1301.00, CPU_Time 1300.00
       Partition:  pbs_genopt_13 - PBS_Generic_Opt-Distributed_Read_DB - Elapsed_Time 2.00, CPU_Time 2.00
       Partition:  pbs_genopt_13 - PBS_Generic_Opt-Distributed_Generic - Elapsed_Time 1207.00, CPU_Time 1205.00
       Partition:  pbs_genopt_13 - PBS_Generic_Opt-Distributed_Prop_Const - Elapsed_Time 1.00, CPU_Time 2.00
       Partition:  pbs_genopt_13 - PBS_Generic_Opt-Distributed_Gobble - Elapsed_Time 1.00, CPU_Time 0.00
       Partition:  pbs_genopt_13 - PBS_Generic_Opt-Distributed_Report - Elapsed_Time 0.00, CPU_Time 0.00
       Start - Partition: pbs_genopt_13 Slack: -1677.2 TNS: 379121.7 Cell-Count: 101821 Cell-Area: 10339 
Init-Memory: 1565.50
       Done  - Partition: pbs_genopt_13 Slack: -754.9 TNS: 86934.9 Cell-Count: 56630 Cell-Area: 5158 
Peak-Memory: 2528.27 Elapsed: 1211
       Partition:  pbs_genopt_13 - PBS_Generic_Opt-Distributed_Write_DB - Elapsed_Time 4.00, CPU_Time 5.00
       pbs_genopt_13 - PBS_Generic_Opt-Assembly - Elapsed_Time 2, CPU_Time 2.0
       Partition:  pbs_genopt_13 - Runtime taken by the partition - Elapsed_Time 1215.00, CPU_Time 1214.00
       Partition:  pbs_genopt_14 - PBS_Generic_Opt-Distributed_Read_DB - Elapsed_Time 3.00, CPU_Time 2.00
       Partition:  pbs_genopt_14 - PBS_Generic_Opt-Distributed_Generic - Elapsed_Time 1232.00, CPU_Time 1233.00
       Partition:  pbs_genopt_14 - PBS_Generic_Opt-Distributed_Prop_Const - Elapsed_Time 2.00, CPU_Time 3.00
       Partition:  pbs_genopt_14 - PBS_Generic_Opt-Distributed_Gobble - Elapsed_Time 0.00, CPU_Time 0.00
       Partition:  pbs_genopt_14 - PBS_Generic_Opt-Distributed_Report - Elapsed_Time 0.00, CPU_Time 0.00
       Start - Partition: pbs_genopt_14 Slack: -1677.2 TNS: 379121.7 Cell-Count: 101821 Cell-Area: 10339 
Init-Memory: 1564.50
       Done  - Partition: pbs_genopt_14 Slack: -754.9 TNS: 86934.9 Cell-Count: 56630 Cell-Area: 5158 
Peak-Memory: 2529.28 Elapsed: 1237
       Partition:  pbs_genopt_14 - PBS_Generic_Opt-Distributed_Write_DB - Elapsed_Time 5.00, CPU_Time 5.00
       pbs_genopt_14 - PBS_Generic_Opt-Assembly - Elapsed_Time 3, CPU_Time 3.0
       Partition:  pbs_genopt_14 - Runtime taken by the partition - Elapsed_Time 1242.00, CPU_Time 1243.00
       Partition:  pbs_genopt_11 - PBS_Generic_Opt-Distributed_Read_DB - Elapsed_Time 2.00, CPU_Time 2.00
       Partition:  pbs_genopt_11 - PBS_Generic_Opt-Distributed_Generic - Elapsed_Time 1210.00, CPU_Time 1209.00
       Partition:  pbs_genopt_11 - PBS_Generic_Opt-Distributed_Prop_Const - Elapsed_Time 2.00, CPU_Time 2.00
       Partition:  pbs_genopt_11 - PBS_Generic_Opt-Distributed_Gobble - Elapsed_Time 0.00, CPU_Time 0.00
       Partition:  pbs_genopt_11 - PBS_Generic_Opt-Distributed_Report - Elapsed_Time 0.00, CPU_Time 0.00
       Start - Partition: pbs_genopt_11 Slack: -1677.2 TNS: 379121.7 Cell-Count: 101821 Cell-Area: 10339 
Init-Memory: 1565.50
       Done  - Partition: pbs_genopt_11 Slack: -754.9 TNS: 86934.9 Cell-Count: 56630 Cell-Area: 5158 
Peak-Memory: 2528.27 Elapsed: 1214
       Partition:  pbs_genopt_11 - PBS_Generic_Opt-Distributed_Write_DB - Elapsed_Time 6.00, CPU_Time 6.00
       pbs_genopt_11 - PBS_Generic_Opt-Assembly - Elapsed_Time 3, CPU_Time 3.0
       Partition:  pbs_genopt_11 - Runtime taken by the partition - Elapsed_Time 1220.00, CPU_Time 1219.00
       Partition:  pbs_genopt_10 - PBS_Generic_Opt-Distributed_Read_DB - Elapsed_Time 3.00, CPU_Time 3.00
       Partition:  pbs_genopt_10 - PBS_Generic_Opt-Distributed_Generic - Elapsed_Time 1251.00, CPU_Time 1250.00
       Partition:  pbs_genopt_10 - PBS_Generic_Opt-Distributed_Prop_Const - Elapsed_Time 2.00, CPU_Time 2.00
       Partition:  pbs_genopt_10 - PBS_Generic_Opt-Distributed_Gobble - Elapsed_Time 0.00, CPU_Time 0.00
       Partition:  pbs_genopt_10 - PBS_Generic_Opt-Distributed_Report - Elapsed_Time 0.00, CPU_Time 0.00
       Start - Partition: pbs_genopt_10 Slack: -1677.2 TNS: 380600.1 Cell-Count: 105503 Cell-Area: 10755 
Init-Memory: 1580.50
       Done  - Partition: pbs_genopt_10 Slack: -754.9 TNS: 86934.9 Cell-Count: 59206 Cell-Area: 5433 
Peak-Memory: 2542.27 Elapsed: 1256
       Partition:  pbs_genopt_10 - PBS_Generic_Opt-Distributed_Write_DB - Elapsed_Time 5.00, CPU_Time 5.00
       pbs_genopt_10 - PBS_Generic_Opt-Assembly - Elapsed_Time 3, CPU_Time 3.0
       Partition:  pbs_genopt_10 - Runtime taken by the partition - Elapsed_Time 1261.00, CPU_Time 1260.00
       Partition:  pbs_genopt_1 - PBS_Generic_Opt-Distributed_Read_DB - Elapsed_Time 6.00, CPU_Time 6.00
       Partition:  pbs_genopt_1 - PBS_Generic_Opt-Distributed_Generic - Elapsed_Time 221.00, CPU_Time 219.00
       Partition:  pbs_genopt_1 - PBS_Generic_Opt-Distributed_Prop_Const - Elapsed_Time 13.00, CPU_Time 13.00
       Partition:  pbs_genopt_1 - PBS_Generic_Opt-Distributed_Gobble - Elapsed_Time 1.00, CPU_Time 1.00
       Partition:  pbs_genopt_1 - PBS_Generic_Opt-Distributed_Report - Elapsed_Time 0.00, CPU_Time 0.00
       Start - Partition: pbs_genopt_1 Slack: -11.8 TNS: 4236.8 Cell-Count: 132898 Cell-Area: 60069 
Init-Memory: 2364.09
       Done  - Partition: pbs_genopt_1 Slack: -24.8 TNS: 20755.2 Cell-Count: 497042 Cell-Area: 75909 
Peak-Memory: 3300.84 Elapsed: 241
       Partition:  pbs_genopt_1 - PBS_Generic_Opt-Distributed_Write_DB - Elapsed_Time 61.00, CPU_Time 63.00
       pbs_genopt_1 - PBS_Generic_Opt-Assembly - Elapsed_Time 27, CPU_Time 27.0
       Partition:  pbs_genopt_1 - Runtime taken by the partition - Elapsed_Time 302.00, CPU_Time 302.00
          Sending 'pbs_genopt_0 ./.pbs_mo.ece.pdx.edu_24438/pbs_genopt_0.etf' to server 'localhost_1_5'...
            Sent 'pbs_genopt_0 ./.pbs_mo.ece.pdx.edu_24438/pbs_genopt_0.etf' to server 'localhost_1_5'.
          Received 'pbs_genopt_0 ./.pbs_mo.ece.pdx.edu_24438/pbs_genopt_0.etf' from server 'localhost_1_5'. (29633 ms elapsed)
          Received 'pbs_genopt_9 ./.pbs_mo.ece.pdx.edu_24438/pbs_genopt_9.etf' from server 'localhost_1_7'. (1299849 ms elapsed)
       Partition:  pbs_genopt_9 - PBS_Generic_Opt-Distributed_Read_DB - Elapsed_Time 3.00, CPU_Time 2.00
       Partition:  pbs_genopt_9 - PBS_Generic_Opt-Distributed_Generic - Elapsed_Time 1283.00, CPU_Time 1283.00
       Partition:  pbs_genopt_9 - PBS_Generic_Opt-Distributed_Prop_Const - Elapsed_Time 3.00, CPU_Time 3.00
       Partition:  pbs_genopt_9 - PBS_Generic_Opt-Distributed_Gobble - Elapsed_Time 1.00, CPU_Time 0.00
       Partition:  pbs_genopt_9 - PBS_Generic_Opt-Distributed_Report - Elapsed_Time 0.00, CPU_Time 0.00
       Start - Partition: pbs_genopt_9 Slack: -396.0 TNS: 405440.0 Cell-Count: 90656 Cell-Area: 9728 
Init-Memory: 2085.71
       Done  - Partition: pbs_genopt_9 Slack: -167.2 TNS: 152131.2 Cell-Count: 95904 Cell-Area: 8572 
Peak-Memory: 3809.72 Elapsed: 1290
       Partition:  pbs_genopt_9 - PBS_Generic_Opt-Distributed_Write_DB - Elapsed_Time 9.00, CPU_Time 9.99
       pbs_genopt_9 - PBS_Generic_Opt-Assembly - Elapsed_Time 5, CPU_Time 5.0
       Partition:  pbs_genopt_9 - Runtime taken by the partition - Elapsed_Time 1299.00, CPU_Time 1297.99
          Received 'pbs_genopt_12 ./.pbs_mo.ece.pdx.edu_24438/pbs_genopt_12.etf' from server 'localhost_1_1'. (806988 ms elapsed)
          Received 'pbs_genopt_15 ./.pbs_mo.ece.pdx.edu_24438/pbs_genopt_15.etf' from server 'localhost_1_4'. (839891 ms elapsed)
          Received 'pbs_genopt_4 ./.pbs_mo.ece.pdx.edu_24438/pbs_genopt_4.etf' from server 'localhost_1_6'. (1271049 ms elapsed)
       Partition:  pbs_genopt_4 - PBS_Generic_Opt-Distributed_Read_DB - Elapsed_Time 1.00, CPU_Time 1.00
       Partition:  pbs_genopt_4 - PBS_Generic_Opt-Distributed_Generic - Elapsed_Time 1259.00, CPU_Time 1258.00
       Partition:  pbs_genopt_4 - PBS_Generic_Opt-Distributed_Prop_Const - Elapsed_Time 2.00, CPU_Time 2.00
       Partition:  pbs_genopt_4 - PBS_Generic_Opt-Distributed_Gobble - Elapsed_Time 0.00, CPU_Time 1.00
       Partition:  pbs_genopt_4 - PBS_Generic_Opt-Distributed_Report - Elapsed_Time 0.00, CPU_Time 0.00
       Start - Partition: pbs_genopt_4 Slack: -396.0 TNS: 405440.0 Cell-Count: 90656 Cell-Area: 9728 
Init-Memory: 2528.27
       Done  - Partition: pbs_genopt_4 Slack: -167.2 TNS: 152131.2 Cell-Count: 95904 Cell-Area: 8572 
Peak-Memory: 2560.29 Elapsed: 1262
       Partition:  pbs_genopt_4 - PBS_Generic_Opt-Distributed_Write_DB - Elapsed_Time 8.00, CPU_Time 8.00
       pbs_genopt_4 - PBS_Generic_Opt-Assembly - Elapsed_Time 5, CPU_Time 5.0
       Partition:  pbs_genopt_4 - Runtime taken by the partition - Elapsed_Time 1270.00, CPU_Time 1270.00
          Received 'pbs_genopt_5 ./.pbs_mo.ece.pdx.edu_24438/pbs_genopt_5.etf' from server 'localhost_1_3'. (1291166 ms elapsed)
       Partition:  pbs_genopt_5 - PBS_Generic_Opt-Distributed_Read_DB - Elapsed_Time 1.00, CPU_Time 1.00
       Partition:  pbs_genopt_5 - PBS_Generic_Opt-Distributed_Generic - Elapsed_Time 1278.00, CPU_Time 1277.00
       Partition:  pbs_genopt_5 - PBS_Generic_Opt-Distributed_Prop_Const - Elapsed_Time 3.00, CPU_Time 3.00
       Partition:  pbs_genopt_5 - PBS_Generic_Opt-Distributed_Gobble - Elapsed_Time 0.00, CPU_Time 0.00
       Partition:  pbs_genopt_5 - PBS_Generic_Opt-Distributed_Report - Elapsed_Time 0.00, CPU_Time 0.00
       Start - Partition: pbs_genopt_5 Slack: -396.0 TNS: 405440.0 Cell-Count: 90656 Cell-Area: 9728 
Init-Memory: 2528.27
       Done  - Partition: pbs_genopt_5 Slack: -167.2 TNS: 152131.2 Cell-Count: 95904 Cell-Area: 8572 
Peak-Memory: 2560.29 Elapsed: 1282
       Partition:  pbs_genopt_5 - PBS_Generic_Opt-Distributed_Write_DB - Elapsed_Time 8.00, CPU_Time 9.00
       pbs_genopt_5 - PBS_Generic_Opt-Assembly - Elapsed_Time 5, CPU_Time 6.0
       Partition:  pbs_genopt_5 - Runtime taken by the partition - Elapsed_Time 1290.00, CPU_Time 1290.00
          Received 'pbs_genopt_6 ./.pbs_mo.ece.pdx.edu_24438/pbs_genopt_6.etf' from server 'localhost_1_0'. (1291032 ms elapsed)
       Partition:  pbs_genopt_6 - PBS_Generic_Opt-Distributed_Read_DB - Elapsed_Time 2.00, CPU_Time 1.00
       Partition:  pbs_genopt_6 - PBS_Generic_Opt-Distributed_Generic - Elapsed_Time 1277.00, CPU_Time 1280.00
       Partition:  pbs_genopt_6 - PBS_Generic_Opt-Distributed_Prop_Const - Elapsed_Time 3.00, CPU_Time 3.00
       Partition:  pbs_genopt_6 - PBS_Generic_Opt-Distributed_Gobble - Elapsed_Time 0.00, CPU_Time 0.00
       Partition:  pbs_genopt_6 - PBS_Generic_Opt-Distributed_Report - Elapsed_Time 0.00, CPU_Time 0.00
       Start - Partition: pbs_genopt_6 Slack: -396.0 TNS: 405440.0 Cell-Count: 90656 Cell-Area: 9728 
Init-Memory: 2529.28
       Done  - Partition: pbs_genopt_6 Slack: -167.2 TNS: 152131.2 Cell-Count: 95904 Cell-Area: 8572 
Peak-Memory: 2561.29 Elapsed: 1282
       Partition:  pbs_genopt_6 - PBS_Generic_Opt-Distributed_Write_DB - Elapsed_Time 8.00, CPU_Time 9.00
       pbs_genopt_6 - PBS_Generic_Opt-Assembly - Elapsed_Time 5, CPU_Time 4.0
       Partition:  pbs_genopt_6 - Runtime taken by the partition - Elapsed_Time 1290.00, CPU_Time 1293.00
          Received 'pbs_genopt_2 ./.pbs_mo.ece.pdx.edu_24438/pbs_genopt_2.etf' from server 'localhost_1_2'. (1294871 ms elapsed)
       Partition:  pbs_genopt_2 - PBS_Generic_Opt-Distributed_Read_DB - Elapsed_Time 2.00, CPU_Time 2.00
       Partition:  pbs_genopt_2 - PBS_Generic_Opt-Distributed_Generic - Elapsed_Time 1281.00, CPU_Time 1280.00
       Partition:  pbs_genopt_2 - PBS_Generic_Opt-Distributed_Prop_Const - Elapsed_Time 3.00, CPU_Time 3.00
       Partition:  pbs_genopt_2 - PBS_Generic_Opt-Distributed_Gobble - Elapsed_Time 0.00, CPU_Time 0.00
       Partition:  pbs_genopt_2 - PBS_Generic_Opt-Distributed_Report - Elapsed_Time 0.00, CPU_Time 0.00
       Start - Partition: pbs_genopt_2 Slack: -396.0 TNS: 405440.0 Cell-Count: 90656 Cell-Area: 9728 
Init-Memory: 2015.41
       Done  - Partition: pbs_genopt_2 Slack: -167.2 TNS: 152131.2 Cell-Count: 95904 Cell-Area: 8572 
Peak-Memory: 2116.54 Elapsed: 1286
       Partition:  pbs_genopt_2 - PBS_Generic_Opt-Distributed_Write_DB - Elapsed_Time 8.00, CPU_Time 9.00
       pbs_genopt_2 - PBS_Generic_Opt-Assembly - Elapsed_Time 6, CPU_Time 6.0
       Partition:  pbs_genopt_2 - Runtime taken by the partition - Elapsed_Time 1294.00, CPU_Time 1294.00
       Partition:  pbs_genopt_15 - PBS_Generic_Opt-Distributed_Read_DB - Elapsed_Time 1.00, CPU_Time 1.00
       Partition:  pbs_genopt_15 - PBS_Generic_Opt-Distributed_Generic - Elapsed_Time 833.00, CPU_Time 833.00
       Partition:  pbs_genopt_15 - PBS_Generic_Opt-Distributed_Prop_Const - Elapsed_Time 2.00, CPU_Time 2.00
       Partition:  pbs_genopt_15 - PBS_Generic_Opt-Distributed_Gobble - Elapsed_Time 0.00, CPU_Time 0.00
       Partition:  pbs_genopt_15 - PBS_Generic_Opt-Distributed_Report - Elapsed_Time 0.00, CPU_Time 0.00
       Start - Partition: pbs_genopt_15 Slack: -1677.2 TNS: 255607.0 Cell-Count: 75087 Cell-Area: 7850 
Init-Memory: 2542.27
       Done  - Partition: pbs_genopt_15 Slack: -754.9 TNS: 57780.0 Cell-Count: 42653 Cell-Area: 4137 
Peak-Memory: 2574.29 Elapsed: 836
       Partition:  pbs_genopt_15 - PBS_Generic_Opt-Distributed_Write_DB - Elapsed_Time 3.00, CPU_Time 3.00
       pbs_genopt_15 - PBS_Generic_Opt-Assembly - Elapsed_Time 2, CPU_Time 2.0
       Partition:  pbs_genopt_15 - Runtime taken by the partition - Elapsed_Time 839.00, CPU_Time 839.00
       Partition:  pbs_genopt_12 - PBS_Generic_Opt-Distributed_Read_DB - Elapsed_Time 2.00, CPU_Time 2.00
       Partition:  pbs_genopt_12 - PBS_Generic_Opt-Distributed_Generic - Elapsed_Time 800.00, CPU_Time 801.00
       Partition:  pbs_genopt_12 - PBS_Generic_Opt-Distributed_Prop_Const - Elapsed_Time 1.00, CPU_Time 1.00
       Partition:  pbs_genopt_12 - PBS_Generic_Opt-Distributed_Gobble - Elapsed_Time 0.00, CPU_Time 0.00
       Partition:  pbs_genopt_12 - PBS_Generic_Opt-Distributed_Report - Elapsed_Time 0.00, CPU_Time 0.00
       Start - Partition: pbs_genopt_12 Slack: -1677.2 TNS: 253240.6 Cell-Count: 69108 Cell-Area: 7031 
Init-Memory: 2017.59
       Done  - Partition: pbs_genopt_12 Slack: -754.9 TNS: 57956.6 Cell-Count: 38612 Cell-Area: 3530 
Peak-Memory: 2307.62 Elapsed: 803
       Partition:  pbs_genopt_12 - PBS_Generic_Opt-Distributed_Write_DB - Elapsed_Time 3.00, CPU_Time 2.99
       pbs_genopt_12 - PBS_Generic_Opt-Assembly - Elapsed_Time 2, CPU_Time 2.0
       Partition:  pbs_genopt_12 - Runtime taken by the partition - Elapsed_Time 806.00, CPU_Time 806.99
       Partition:  pbs_genopt_0 - PBS_Generic_Opt-Distributed_Read_DB - Elapsed_Time 1.00, CPU_Time 1.00
       Partition:  pbs_genopt_0 - PBS_Generic_Opt-Distributed_Generic - Elapsed_Time 24.00, CPU_Time 24.00
       Partition:  pbs_genopt_0 - PBS_Generic_Opt-Distributed_Prop_Const - Elapsed_Time 1.00, CPU_Time 1.00
       Partition:  pbs_genopt_0 - PBS_Generic_Opt-Distributed_Gobble - Elapsed_Time 0.00, CPU_Time 0.00
       Partition:  pbs_genopt_0 - PBS_Generic_Opt-Distributed_Report - Elapsed_Time 0.00, CPU_Time 0.00
       Start - Partition: pbs_genopt_0 Slack: -21.0 TNS: 4969.5 Cell-Count: 22397 Cell-Area: 7241 
Init-Memory: 2014.41
       Done  - Partition: pbs_genopt_0 Slack: -21.0 TNS: 3875.2 Cell-Count: 21730 Cell-Area: 7122 
Peak-Memory: 2046.42 Elapsed: 26
       Partition:  pbs_genopt_0 - PBS_Generic_Opt-Distributed_Write_DB - Elapsed_Time 4.00, CPU_Time 4.00
       pbs_genopt_0 - PBS_Generic_Opt-Assembly - Elapsed_Time 2, CPU_Time 2.0
       Partition:  pbs_genopt_0 - Runtime taken by the partition - Elapsed_Time 30.00, CPU_Time 30.00
Assembled design in-time
Background Table : HLO::pre_to_gen_setup 
---------------------------------------------------------------------
| Transform       | Accepts | Rejects | Runtime (s) | Netlist ID    | 
---------------------------------------------------------------------
| hlo_mux_reorder |       0 |       0 |        0.14 | pbs_genopt_9  | 
| hlo_mux_reorder |       0 |       0 |        0.14 | pbs_genopt_8  | 
| hlo_mux_reorder |       0 |       0 |        0.19 | pbs_genopt_7  | 
| hlo_mux_reorder |       0 |       0 |        0.16 | pbs_genopt_6  | 
| hlo_mux_reorder |       0 |       0 |        0.13 | pbs_genopt_5  | 
| hlo_mux_reorder |       0 |       0 |        0.14 | pbs_genopt_4  | 
| hlo_mux_reorder |       0 |       0 |        0.20 | pbs_genopt_3  | 
| hlo_mux_reorder |       0 |       0 |        0.19 | pbs_genopt_2  | 
| hlo_mux_reorder |       0 |       0 |        0.14 | pbs_genopt_15 | 
| hlo_mux_reorder |       0 |       0 |        0.22 | pbs_genopt_14 | 
| hlo_mux_reorder |       0 |       0 |        0.17 | pbs_genopt_13 | 
| hlo_mux_reorder |       0 |       0 |        0.15 | pbs_genopt_12 | 
| hlo_mux_reorder |       0 |       0 |        0.18 | pbs_genopt_11 | 
| hlo_mux_reorder |       0 |       0 |        0.20 | pbs_genopt_10 | 
| hlo_mux_reorder |       0 |       0 |        1.43 | pbs_genopt_1  | 
| hlo_mux_reorder |       0 |       0 |        0.22 | pbs_genopt_0  | 
---------------------------------------------------------------------
 
Background Table : HLO::post_to_gen_setup 
---------------------------------------------------------------------
| Transform       | Accepts | Rejects | Runtime (s) | Netlist ID    | 
---------------------------------------------------------------------
| hlo_mux_reorder |       0 |       0 |        0.00 | pbs_genopt_9  | 
| hlo_mux_reorder |       0 |       0 |        0.00 | pbs_genopt_8  | 
| hlo_mux_reorder |       0 |       0 |        0.00 | pbs_genopt_7  | 
| hlo_mux_reorder |       0 |       0 |        0.00 | pbs_genopt_6  | 
| hlo_mux_reorder |       0 |       0 |        0.00 | pbs_genopt_5  | 
| hlo_mux_reorder |       0 |       0 |        0.00 | pbs_genopt_4  | 
| hlo_mux_reorder |       0 |       0 |        0.01 | pbs_genopt_3  | 
| hlo_mux_reorder |       0 |       0 |        0.01 | pbs_genopt_2  | 
| hlo_mux_reorder |       0 |       0 |        0.00 | pbs_genopt_15 | 
| hlo_mux_reorder |       0 |       0 |        0.00 | pbs_genopt_14 | 
| hlo_mux_reorder |       0 |       0 |        0.00 | pbs_genopt_13 | 
| hlo_mux_reorder |       0 |       0 |        0.00 | pbs_genopt_12 | 
| hlo_mux_reorder |       0 |       0 |        0.00 | pbs_genopt_11 | 
| hlo_mux_reorder |       0 |       0 |        0.00 | pbs_genopt_10 | 
| hlo_mux_reorder |       0 |       0 |        0.00 | pbs_genopt_1  | 
| hlo_mux_reorder |       0 |       0 |        0.00 | pbs_genopt_0  | 
---------------------------------------------------------------------
 
Background Table : UME::pre_hlo_rtlopt 
---------------------------------------------------------------
| Trick     | Accepts | Rejects | Runtime (s) | Netlist ID    | 
---------------------------------------------------------------
| ume_share |       0 |       0 |        0.00 | pbs_genopt_9  | 
| ume_sweep |       0 |       0 |        0.00 |               |
| ume_ssm   |       0 |       0 |        0.00 |               |
| ume_share |       0 |       0 |        0.00 | pbs_genopt_8  | 
| ume_sweep |       0 |       0 |        0.00 |               |
| ume_ssm   |       0 |       0 |        0.00 |               |
| ume_share |       0 |       0 |        0.00 | pbs_genopt_7  | 
| ume_sweep |       0 |       0 |        0.00 |               |
| ume_ssm   |       0 |       0 |        0.00 |               |
| ume_share |       0 |       0 |        0.00 | pbs_genopt_6  | 
| ume_sweep |       0 |       0 |        0.00 |               |
| ume_ssm   |       0 |       0 |        0.00 |               |
| ume_share |       0 |       0 |        0.00 | pbs_genopt_5  | 
| ume_sweep |       0 |       0 |        0.00 |               |
| ume_ssm   |       0 |       0 |        0.00 |               |
| ume_share |       0 |       0 |        0.00 | pbs_genopt_4  | 
| ume_sweep |       0 |       0 |        0.00 |               |
| ume_ssm   |       0 |       0 |        0.00 |               |
| ume_share |       0 |       0 |        0.00 | pbs_genopt_3  | 
| ume_sweep |       0 |       0 |        0.00 |               |
| ume_ssm   |       0 |       0 |        0.00 |               |
| ume_share |       0 |       0 |        0.00 | pbs_genopt_2  | 
| ume_sweep |       0 |       0 |        0.00 |               |
| ume_ssm   |       0 |       0 |        0.00 |               |
| ume_share |       0 |       0 |        0.00 | pbs_genopt_15 | 
| ume_sweep |       0 |       0 |        0.00 |               |
| ume_ssm   |       0 |       0 |        0.00 |               |
| ume_share |       0 |       0 |        0.00 | pbs_genopt_14 | 
| ume_sweep |       0 |       0 |        0.00 |               |
| ume_ssm   |       0 |       0 |        0.00 |               |
| ume_share |       0 |       0 |        0.00 | pbs_genopt_13 | 
| ume_sweep |       0 |       0 |        0.00 |               |
| ume_ssm   |       0 |       0 |        0.00 |               |
| ume_share |       0 |       0 |        0.00 | pbs_genopt_12 | 
| ume_sweep |       0 |       0 |        0.00 |               |
| ume_ssm   |       0 |       0 |        0.00 |               |
| ume_share |       0 |       0 |        0.00 | pbs_genopt_11 | 
| ume_sweep |       0 |       0 |        0.00 |               |
| ume_ssm   |       0 |       0 |        0.00 |               |
| ume_share |       0 |       0 |        0.00 | pbs_genopt_10 | 
| ume_sweep |       0 |       0 |        0.00 |               |
| ume_ssm   |       0 |       0 |        0.00 |               |
| ume_share |       0 |       0 |        0.13 | pbs_genopt_1  | 
| ume_sweep |       0 |       0 |        0.01 |               |
| ume_ssm   |       0 |       0 |        0.00 |               |
| ume_share |       0 |       0 |        0.00 | pbs_genopt_0  | 
| ume_sweep |       0 |       0 |        0.00 |               |
| ume_ssm   |       0 |       0 |        0.00 |               |
---------------------------------------------------------------
 
Background Table : HLO::pre_rtlopt 
---------------------------------------------------------------------------------
| Transform                   | Accepts | Rejects | Runtime (s) | Netlist ID    | 
---------------------------------------------------------------------------------
| hlo_cleanup                 |       0 |       0 |        0.00 | pbs_genopt_9  | 
| hlo_clip                    |       0 |       0 |        0.00 |               |
| hlo_clip_mux_input          |       0 |       0 |        0.00 |               |
| hlo_redundancy_removal_word |      32 |       0 |       10.19 |               |
| hlo_datapath_recast         |       0 |       0 |        0.00 |               |
| hlo_optimize_datapath       |       0 |       0 |        0.00 |               |
| hlo_mux_consolidation       |       0 |       0 |        0.00 |               |
| hlo_mux_cascade_opt         |       0 |       0 |        0.00 |               |
| hlo_reduce_operator_chain   |       0 |       0 |        0.00 |               |
| hlo_identity_transform      |       0 |       0 |        0.01 |               |
| hlo_restructure             |       0 |       0 |        0.01 |               |
| hlo_reconv_opt              |       0 |       0 |        0.00 |               |
| hlo_inequality_transform    |       0 |       0 |        0.13 |               |
| hlo_constant_mux_opt        |       0 |       0 |        0.00 |               |
| hlo_mux_consolidation       |       0 |       0 |        0.00 |               |
| hlo_mux_cascade_opt         |       0 |       0 |        0.00 |               |
| hlo_chop_mux                |       0 |       0 |        0.00 |               |
| hlo_mux_decode              |       0 |       0 |        0.00 |               |
| hlo_decode_mux_sandwich     |       0 |       0 |        0.00 |               |
| hlo_infer_macro             |       0 |       0 |        0.12 |               |
| hlo_recase_casebox          |       0 |       0 |        0.14 |               |
| hlo_cleanup                 |       0 |       0 |        0.00 | pbs_genopt_8  | 
| hlo_clip                    |       0 |       0 |        0.00 |               |
| hlo_clip_mux_input          |       0 |       0 |        0.00 |               |
| hlo_redundancy_removal_word |      32 |       0 |       10.98 |               |
| hlo_datapath_recast         |       0 |       0 |        0.00 |               |
| hlo_optimize_datapath       |       0 |       0 |        0.00 |               |
| hlo_mux_consolidation       |       0 |       0 |        0.01 |               |
| hlo_mux_cascade_opt         |       0 |       0 |        0.01 |               |
| hlo_reduce_operator_chain   |       0 |       0 |        0.00 |               |
| hlo_identity_transform      |       0 |       0 |        0.01 |               |
| hlo_restructure             |       0 |       0 |        0.01 |               |
| hlo_reconv_opt              |       0 |       0 |        0.00 |               |
| hlo_inequality_transform    |       0 |       0 |        0.15 |               |
| hlo_constant_mux_opt        |       0 |       0 |        0.00 |               |
| hlo_mux_consolidation       |       0 |       0 |        0.00 |               |
| hlo_mux_cascade_opt         |       0 |       0 |        0.00 |               |
| hlo_chop_mux                |       0 |       0 |        0.00 |               |
| hlo_mux_decode              |       0 |       0 |        0.00 |               |
| hlo_decode_mux_sandwich     |       0 |       0 |        0.00 |               |
| hlo_infer_macro             |       0 |       0 |        0.13 |               |
| hlo_recase_casebox          |       0 |       0 |        0.15 |               |
| hlo_cleanup                 |       0 |       0 |        0.00 | pbs_genopt_7  | 
| hlo_clip                    |       0 |       0 |        0.00 |               |
| hlo_clip_mux_input          |       0 |       0 |        0.00 |               |
| hlo_redundancy_removal_word |      32 |       0 |       10.27 |               |
| hlo_datapath_recast         |       0 |       0 |        0.00 |               |
| hlo_optimize_datapath       |       0 |       0 |        0.00 |               |
| hlo_mux_consolidation       |       0 |       0 |        0.01 |               |
| hlo_mux_cascade_opt         |       0 |       0 |        0.00 |               |
| hlo_reduce_operator_chain   |       0 |       0 |        0.00 |               |
| hlo_identity_transform      |       0 |       0 |        0.01 |               |
| hlo_restructure             |       0 |       0 |        0.01 |               |
| hlo_reconv_opt              |       0 |       0 |        0.00 |               |
| hlo_inequality_transform    |       0 |       0 |        0.14 |               |
| hlo_constant_mux_opt        |       0 |       0 |        0.00 |               |
| hlo_mux_consolidation       |       0 |       0 |        0.01 |               |
| hlo_mux_cascade_opt         |       0 |       0 |        0.00 |               |
| hlo_chop_mux                |       0 |       0 |        0.00 |               |
| hlo_mux_decode              |       0 |       0 |        0.00 |               |
| hlo_decode_mux_sandwich     |       0 |       0 |        0.00 |               |
| hlo_infer_macro             |       0 |       0 |        0.13 |               |
| hlo_recase_casebox          |       0 |       0 |        0.14 |               |
| hlo_cleanup                 |       0 |       0 |        0.00 | pbs_genopt_6  | 
| hlo_clip                    |       0 |       0 |        0.00 |               |
| hlo_clip_mux_input          |       0 |       0 |        0.00 |               |
| hlo_redundancy_removal_word |      32 |       0 |       11.20 |               |
| hlo_datapath_recast         |       0 |       0 |        0.00 |               |
| hlo_optimize_datapath       |       0 |       0 |        0.00 |               |
| hlo_mux_consolidation       |       0 |       0 |        0.01 |               |
| hlo_mux_cascade_opt         |       0 |       0 |        0.00 |               |
| hlo_reduce_operator_chain   |       0 |       0 |        0.00 |               |
| hlo_identity_transform      |       0 |       0 |        0.01 |               |
| hlo_restructure             |       0 |       0 |        0.02 |               |
| hlo_reconv_opt              |       0 |       0 |        0.00 |               |
| hlo_inequality_transform    |       0 |       0 |        0.14 |               |
| hlo_constant_mux_opt        |       0 |       0 |        0.00 |               |
| hlo_mux_consolidation       |       0 |       0 |        0.01 |               |
| hlo_mux_cascade_opt         |       0 |       0 |        0.00 |               |
| hlo_chop_mux                |       0 |       0 |        0.00 |               |
| hlo_mux_decode              |       0 |       0 |        0.00 |               |
| hlo_decode_mux_sandwich     |       0 |       0 |        0.00 |               |
| hlo_infer_macro             |       0 |       0 |        0.13 |               |
| hlo_recase_casebox          |       0 |       0 |        0.16 |               |
| hlo_cleanup                 |       0 |       0 |        0.00 | pbs_genopt_5  | 
| hlo_clip                    |       0 |       0 |        0.00 |               |
| hlo_clip_mux_input          |       0 |       0 |        0.00 |               |
| hlo_redundancy_removal_word |      32 |       0 |       11.13 |               |
| hlo_datapath_recast         |       0 |       0 |        0.00 |               |
| hlo_optimize_datapath       |       0 |       0 |        0.00 |               |
| hlo_mux_consolidation       |       0 |       0 |        0.01 |               |
| hlo_mux_cascade_opt         |       0 |       0 |        0.00 |               |
| hlo_reduce_operator_chain   |       0 |       0 |        0.00 |               |
| hlo_identity_transform      |       0 |       0 |        0.01 |               |
| hlo_restructure             |       0 |       0 |        0.01 |               |
| hlo_reconv_opt              |       0 |       0 |        0.00 |               |
| hlo_inequality_transform    |       0 |       0 |        0.13 |               |
| hlo_constant_mux_opt        |       0 |       0 |        0.00 |               |
| hlo_mux_consolidation       |       0 |       0 |        0.01 |               |
| hlo_mux_cascade_opt         |       0 |       0 |        0.00 |               |
| hlo_chop_mux                |       0 |       0 |        0.00 |               |
| hlo_mux_decode              |       0 |       0 |        0.00 |               |
| hlo_decode_mux_sandwich     |       0 |       0 |        0.00 |               |
| hlo_infer_macro             |       0 |       0 |        0.12 |               |
| hlo_recase_casebox          |       0 |       0 |        0.13 |               |
| hlo_cleanup                 |       0 |       0 |        0.00 | pbs_genopt_4  | 
| hlo_clip                    |       0 |       0 |        0.00 |               |
| hlo_clip_mux_input          |       0 |       0 |        0.00 |               |
| hlo_redundancy_removal_word |      32 |       0 |       10.96 |               |
| hlo_datapath_recast         |       0 |       0 |        0.00 |               |
| hlo_optimize_datapath       |       0 |       0 |        0.00 |               |
| hlo_mux_consolidation       |       0 |       0 |        0.01 |               |
| hlo_mux_cascade_opt         |       0 |       0 |        0.00 |               |
| hlo_reduce_operator_chain   |       0 |       0 |        0.00 |               |
| hlo_identity_transform      |       0 |       0 |        0.01 |               |
| hlo_restructure             |       0 |       0 |        0.01 |               |
| hlo_reconv_opt              |       0 |       0 |        0.00 |               |
| hlo_inequality_transform    |       0 |       0 |        0.14 |               |
| hlo_constant_mux_opt        |       0 |       0 |        0.00 |               |
| hlo_mux_consolidation       |       0 |       0 |        0.01 |               |
| hlo_mux_cascade_opt         |       0 |       0 |        0.00 |               |
| hlo_chop_mux                |       0 |       0 |        0.00 |               |
| hlo_mux_decode              |       0 |       0 |        0.00 |               |
| hlo_decode_mux_sandwich     |       0 |       0 |        0.00 |               |
| hlo_infer_macro             |       0 |       0 |        0.12 |               |
| hlo_recase_casebox          |       0 |       0 |        0.14 |               |
| hlo_cleanup                 |       0 |       0 |        0.00 | pbs_genopt_3  | 
| hlo_clip                    |       0 |       0 |        0.00 |               |
| hlo_clip_mux_input          |       0 |       0 |        0.00 |               |
| hlo_redundancy_removal_word |      32 |       0 |       10.43 |               |
| hlo_datapath_recast         |       0 |       0 |        0.00 |               |
| hlo_optimize_datapath       |       0 |       0 |        0.00 |               |
| hlo_mux_consolidation       |       0 |       0 |        0.01 |               |
| hlo_mux_cascade_opt         |       0 |       0 |        0.01 |               |
| hlo_reduce_operator_chain   |       0 |       0 |        0.00 |               |
| hlo_identity_transform      |       0 |       0 |        0.01 |               |
| hlo_restructure             |       0 |       0 |        0.01 |               |
| hlo_reconv_opt              |       0 |       0 |        0.00 |               |
| hlo_inequality_transform    |       0 |       0 |        0.16 |               |
| hlo_constant_mux_opt        |       0 |       0 |        0.00 |               |
| hlo_mux_consolidation       |       0 |       0 |        0.00 |               |
| hlo_mux_cascade_opt         |       0 |       0 |        0.00 |               |
| hlo_chop_mux                |       0 |       0 |        0.00 |               |
| hlo_mux_decode              |       0 |       0 |        0.00 |               |
| hlo_decode_mux_sandwich     |       0 |       0 |        0.00 |               |
| hlo_infer_macro             |       0 |       0 |        0.13 |               |
| hlo_recase_casebox          |       0 |       0 |        0.14 |               |
| hlo_cleanup                 |       0 |       0 |        0.00 | pbs_genopt_2  | 
| hlo_clip                    |       0 |       0 |        0.00 |               |
| hlo_clip_mux_input          |       0 |       0 |        0.00 |               |
| hlo_redundancy_removal_word |      32 |       0 |       10.91 |               |
| hlo_datapath_recast         |       0 |       0 |        0.00 |               |
| hlo_optimize_datapath       |       0 |       0 |        0.00 |               |
| hlo_mux_consolidation       |       0 |       0 |        0.01 |               |
| hlo_mux_cascade_opt         |       0 |       0 |        0.00 |               |
| hlo_reduce_operator_chain   |       0 |       0 |        0.00 |               |
| hlo_identity_transform      |       0 |       0 |        0.01 |               |
| hlo_restructure             |       0 |       0 |        0.01 |               |
| hlo_reconv_opt              |       0 |       0 |        0.00 |               |
| hlo_inequality_transform    |       0 |       0 |        0.18 |               |
| hlo_constant_mux_opt        |       0 |       0 |        0.00 |               |
| hlo_mux_consolidation       |       0 |       0 |        0.01 |               |
| hlo_mux_cascade_opt         |       0 |       0 |        0.00 |               |
| hlo_chop_mux                |       0 |       0 |        0.00 |               |
| hlo_mux_decode              |       0 |       0 |        0.00 |               |
| hlo_decode_mux_sandwich     |       0 |       0 |        0.00 |               |
| hlo_infer_macro             |       0 |       0 |        0.17 |               |
| hlo_recase_casebox          |       0 |       0 |        0.18 |               |
| hlo_cleanup                 |       0 |       0 |        0.00 | pbs_genopt_15 | 
| hlo_clip                    |       0 |       0 |        0.00 |               |
| hlo_clip_mux_input          |      62 |       0 |        0.04 |               |
| hlo_redundancy_removal_word |      98 |      38 |        7.38 |               |
| hlo_datapath_recast         |       0 |       0 |        0.00 |               |
| hlo_optimize_datapath       |       0 |       0 |        0.00 |               |
| hlo_mux_consolidation       |       0 |       0 |        0.00 |               |
| hlo_mux_cascade_opt         |       0 |       0 |        0.00 |               |
| hlo_reduce_operator_chain   |       0 |       0 |        0.00 |               |
| hlo_identity_transform      |       0 |       0 |        0.01 |               |
| hlo_restructure             |       0 |       0 |        0.01 |               |
| hlo_reconv_opt              |       0 |       0 |        0.00 |               |
| hlo_inequality_transform    |       0 |       0 |        0.11 |               |
| hlo_constant_mux_opt        |       0 |       0 |        0.00 |               |
| hlo_mux_consolidation       |       0 |       0 |        0.00 |               |
| hlo_mux_cascade_opt         |       0 |       0 |        0.00 |               |
| hlo_chop_mux                |       0 |       0 |        0.00 |               |
| hlo_mux_decode              |       0 |       0 |        0.00 |               |
| hlo_decode_mux_sandwich     |       0 |       0 |        0.00 |               |
| hlo_infer_macro             |       0 |      44 |        0.11 |               |
| hlo_recase_casebox          |       0 |       0 |        0.13 |               |
| hlo_cleanup                 |       0 |       0 |        0.00 | pbs_genopt_14 | 
| hlo_clip                    |       0 |       0 |        0.00 |               |
| hlo_clip_mux_input          |      93 |       0 |        0.07 |               |
| hlo_redundancy_removal_word |     143 |      57 |        7.34 |               |
| hlo_datapath_recast         |       0 |       0 |        0.00 |               |
| hlo_optimize_datapath       |       0 |       0 |        0.00 |               |
| hlo_mux_consolidation       |       0 |       0 |        0.01 |               |
| hlo_mux_cascade_opt         |       0 |       0 |        0.00 |               |
| hlo_reduce_operator_chain   |       0 |       0 |        0.00 |               |
| hlo_identity_transform      |       0 |       0 |        0.01 |               |
| hlo_restructure             |       0 |       0 |        0.01 |               |
| hlo_reconv_opt              |       0 |       0 |        0.00 |               |
| hlo_inequality_transform    |       0 |       0 |        0.16 |               |
| hlo_constant_mux_opt        |       0 |       0 |        0.00 |               |
| hlo_mux_consolidation       |       0 |       0 |        0.01 |               |
| hlo_mux_cascade_opt         |       0 |       0 |        0.00 |               |
| hlo_chop_mux                |       0 |       0 |        0.00 |               |
| hlo_mux_decode              |       0 |       0 |        0.00 |               |
| hlo_decode_mux_sandwich     |       0 |       0 |        0.00 |               |
| hlo_infer_macro             |       0 |      63 |        0.15 |               |
| hlo_recase_casebox          |       0 |       0 |        0.16 |               |
| hlo_cleanup                 |       0 |       0 |        0.00 | pbs_genopt_13 | 
| hlo_clip                    |       0 |       0 |        0.00 |               |
| hlo_clip_mux_input          |      93 |       0 |        0.06 |               |
| hlo_redundancy_removal_word |     143 |      57 |        6.94 |               |
| hlo_datapath_recast         |       0 |       0 |        0.00 |               |
| hlo_optimize_datapath       |       0 |       0 |        0.00 |               |
| hlo_mux_consolidation       |       0 |       0 |        0.00 |               |
| hlo_mux_cascade_opt         |       0 |       0 |        0.00 |               |
| hlo_reduce_operator_chain   |       0 |       0 |        0.00 |               |
| hlo_identity_transform      |       0 |       0 |        0.01 |               |
| hlo_restructure             |       0 |       0 |        0.01 |               |
| hlo_reconv_opt              |       0 |       0 |        0.00 |               |
| hlo_inequality_transform    |       0 |       0 |        0.17 |               |
| hlo_constant_mux_opt        |       0 |       0 |        0.00 |               |
| hlo_mux_consolidation       |       0 |       0 |        0.01 |               |
| hlo_mux_cascade_opt         |       0 |       0 |        0.00 |               |
| hlo_chop_mux                |       0 |       0 |        0.00 |               |
| hlo_mux_decode              |       0 |       0 |        0.00 |               |
| hlo_decode_mux_sandwich     |       0 |       0 |        0.00 |               |
| hlo_infer_macro             |       0 |      63 |        0.15 |               |
| hlo_recase_casebox          |       0 |       0 |        0.21 |               |
| hlo_cleanup                 |       0 |       0 |        0.00 | pbs_genopt_12 | 
| hlo_clip                    |       0 |       0 |        0.00 |               |
| hlo_clip_mux_input          |      62 |       0 |        0.05 |               |
| hlo_redundancy_removal_word |      96 |      38 |        5.54 |               |
| hlo_datapath_recast         |       0 |       0 |        0.00 |               |
| hlo_optimize_datapath       |       0 |       0 |        0.00 |               |
| hlo_mux_consolidation       |       0 |       0 |        0.00 |               |
| hlo_mux_cascade_opt         |       0 |       0 |        0.00 |               |
| hlo_reduce_operator_chain   |       0 |       0 |        0.00 |               |
| hlo_identity_transform      |       0 |       0 |        0.01 |               |
| hlo_restructure             |       0 |       0 |        0.01 |               |
| hlo_reconv_opt              |       0 |       0 |        0.00 |               |
| hlo_inequality_transform    |       0 |       0 |        0.13 |               |
| hlo_constant_mux_opt        |       0 |       0 |        0.00 |               |
| hlo_mux_consolidation       |       0 |       0 |        0.01 |               |
| hlo_mux_cascade_opt         |       0 |       0 |        0.00 |               |
| hlo_chop_mux                |       0 |       0 |        0.00 |               |
| hlo_mux_decode              |       0 |       0 |        0.00 |               |
| hlo_decode_mux_sandwich     |       0 |       0 |        0.00 |               |
| hlo_infer_macro             |       0 |      42 |        0.12 |               |
| hlo_recase_casebox          |       0 |       0 |        0.15 |               |
| hlo_cleanup                 |       0 |       0 |        0.00 | pbs_genopt_11 | 
| hlo_clip                    |       0 |       0 |        0.00 |               |
| hlo_clip_mux_input          |      93 |       0 |        0.07 |               |
| hlo_redundancy_removal_word |     143 |      57 |        7.06 |               |
| hlo_datapath_recast         |       0 |       0 |        0.00 |               |
| hlo_optimize_datapath       |       0 |       0 |        0.00 |               |
| hlo_mux_consolidation       |       0 |       0 |        0.01 |               |
| hlo_mux_cascade_opt         |       0 |       0 |        0.00 |               |
| hlo_reduce_operator_chain   |       0 |       0 |        0.00 |               |
| hlo_identity_transform      |       0 |       0 |        0.01 |               |
| hlo_restructure             |       0 |       0 |        0.01 |               |
| hlo_reconv_opt              |       0 |       0 |        0.00 |               |
| hlo_inequality_transform    |       0 |       0 |        0.16 |               |
| hlo_constant_mux_opt        |       0 |       0 |        0.00 |               |
| hlo_mux_consolidation       |       0 |       0 |        0.01 |               |
| hlo_mux_cascade_opt         |       0 |       0 |        0.00 |               |
| hlo_chop_mux                |       0 |       0 |        0.00 |               |
| hlo_mux_decode              |       0 |       0 |        0.00 |               |
| hlo_decode_mux_sandwich     |       0 |       0 |        0.00 |               |
| hlo_infer_macro             |       0 |      63 |        0.15 |               |
| hlo_recase_casebox          |       0 |       0 |        0.17 |               |
| hlo_cleanup                 |       0 |       0 |        0.00 | pbs_genopt_10 | 
| hlo_clip                    |       0 |       0 |        0.00 |               |
| hlo_clip_mux_input          |      93 |       0 |        0.07 |               |
| hlo_redundancy_removal_word |     145 |      57 |        8.04 |               |
| hlo_datapath_recast         |       0 |       0 |        0.00 |               |
| hlo_optimize_datapath       |       0 |       0 |        0.00 |               |
| hlo_mux_consolidation       |       0 |       0 |        0.01 |               |
| hlo_mux_cascade_opt         |       0 |       0 |        0.00 |               |
| hlo_reduce_operator_chain   |       0 |       0 |        0.00 |               |
| hlo_identity_transform      |       0 |       0 |        0.01 |               |
| hlo_restructure             |       0 |       0 |        0.01 |               |
| hlo_reconv_opt              |       0 |       0 |        0.00 |               |
| hlo_inequality_transform    |       0 |       0 |        0.17 |               |
| hlo_constant_mux_opt        |       0 |       0 |        0.00 |               |
| hlo_mux_consolidation       |       0 |       0 |        0.01 |               |
| hlo_mux_cascade_opt         |       0 |       0 |        0.00 |               |
| hlo_chop_mux                |       0 |       0 |        0.00 |               |
| hlo_mux_decode              |       0 |       0 |        0.00 |               |
| hlo_decode_mux_sandwich     |       0 |       0 |        0.00 |               |
| hlo_infer_macro             |       0 |      63 |        0.16 |               |
| hlo_recase_casebox          |       0 |       0 |        0.19 |               |
| hlo_cleanup                 |       0 |       0 |        0.00 | pbs_genopt_1  | 
| hlo_clip                    |       0 |       0 |        0.01 |               |
| hlo_clip_mux_input          |       0 |       0 |        0.02 |               |
| hlo_redundancy_removal_word |       0 |       0 |        1.44 |               |
| hlo_datapath_recast         |       0 |       0 |        0.00 |               |
| hlo_optimize_datapath       |       0 |       0 |        0.00 |               |
| hlo_mux_consolidation       |       0 |       0 |        0.09 |               |
| hlo_mux_cascade_opt         |       0 |       0 |        0.02 |               |
| hlo_reduce_operator_chain   |       0 |       0 |        0.02 |               |
| hlo_identity_transform      |       0 |       0 |        0.20 |               |
| hlo_restructure             |       0 |       0 |        0.46 |               |
| hlo_reconv_opt              |       0 |       0 |        0.02 |               |
| hlo_inequality_transform    |       0 |       0 |        0.74 |               |
| hlo_constant_mux_opt        |       0 |       0 |        0.02 |               |
| hlo_mux_consolidation       |       0 |       0 |        0.09 |               |
| hlo_mux_cascade_opt         |       0 |       0 |        0.02 |               |
| hlo_chop_mux                |       0 |       0 |        0.04 |               |
| hlo_mux_decode              |       0 |       0 |        0.00 |               |
| hlo_decode_mux_sandwich     |       0 |       0 |        0.01 |               |
| hlo_infer_macro             |       0 |       0 |        0.56 |               |
| hlo_recase_casebox          |       0 |       0 |        1.43 |               |
| hlo_cleanup                 |       0 |       0 |        0.00 | pbs_genopt_0  | 
| hlo_clip                    |       0 |       0 |        0.00 |               |
| hlo_clip_mux_input          |       0 |       0 |        0.00 |               |
| hlo_redundancy_removal_word |       0 |       0 |        0.15 |               |
| hlo_datapath_recast         |       0 |       0 |        0.00 |               |
| hlo_optimize_datapath       |       0 |       0 |        0.00 |               |
| hlo_mux_consolidation       |       0 |       0 |        0.01 |               |
| hlo_mux_cascade_opt         |       0 |       0 |        0.00 |               |
| hlo_reduce_operator_chain   |       0 |       0 |        0.00 |               |
| hlo_identity_transform      |       0 |       0 |        0.00 |               |
| hlo_restructure             |       0 |       0 |        0.04 |               |
| hlo_reconv_opt              |       0 |       0 |        0.00 |               |
| hlo_inequality_transform    |       0 |       0 |        0.05 |               |
| hlo_constant_mux_opt        |       0 |       0 |        0.00 |               |
| hlo_mux_consolidation       |       0 |       0 |        0.01 |               |
| hlo_mux_cascade_opt         |       0 |       0 |        0.00 |               |
| hlo_chop_mux                |       0 |       0 |        0.00 |               |
| hlo_mux_decode              |       0 |       0 |        0.00 |               |
| hlo_decode_mux_sandwich     |       0 |       0 |        0.00 |               |
| hlo_infer_macro             |       0 |       0 |        0.05 |               |
| hlo_recase_casebox          |       0 |       0 |        0.17 |               |
---------------------------------------------------------------------------------
 
Background Table : UME::post_hlo_rtlopt 
-----------------------------------------------------------------
| Trick       | Accepts | Rejects | Runtime (s) | Netlist ID    | 
-----------------------------------------------------------------
| ume_runtime |       0 |       0 |        0.00 | pbs_genopt_9  | 
| ume_runtime |       0 |       0 |        0.00 | pbs_genopt_8  | 
| ume_runtime |       0 |       0 |        0.00 | pbs_genopt_7  | 
| ume_runtime |       0 |       0 |        0.00 | pbs_genopt_6  | 
| ume_runtime |       0 |       0 |        0.00 | pbs_genopt_5  | 
| ume_runtime |       0 |       0 |        0.00 | pbs_genopt_4  | 
| ume_runtime |       0 |       0 |        0.00 | pbs_genopt_3  | 
| ume_runtime |       0 |       0 |        0.00 | pbs_genopt_2  | 
| ume_runtime |       0 |       0 |        0.00 | pbs_genopt_15 | 
| ume_runtime |       0 |       0 |        0.00 | pbs_genopt_14 | 
| ume_runtime |       0 |       0 |        0.00 | pbs_genopt_13 | 
| ume_runtime |       0 |       0 |        0.00 | pbs_genopt_12 | 
| ume_runtime |       0 |       0 |        0.00 | pbs_genopt_11 | 
| ume_runtime |       0 |       0 |        0.00 | pbs_genopt_10 | 
| ume_runtime |       2 |       0 |        0.00 | pbs_genopt_1  | 
| ume_runtime |       2 |       0 |        0.00 |               |
| ume_runtime |       7 |       0 |        0.00 | pbs_genopt_0  | 
| ume_runtime |       7 |       0 |        0.00 |               |
-----------------------------------------------------------------
 
Background Table : HLO::post_rtlopt 
--------------------------------------------------------------------------------
| Transform                  | Accepts | Rejects | Runtime (s) | Netlist ID    | 
--------------------------------------------------------------------------------
| hlo_mux_reorder            |       0 |       0 |        0.00 | pbs_genopt_9  | 
| hlo_logic_reduction        |       0 |       0 |        0.01 |               |
| hlo_redundancy_removal_bit |       0 |       0 |        3.70 |               |
| hlo_mux_reorder            |       0 |       0 |        0.00 | pbs_genopt_8  | 
| hlo_logic_reduction        |       0 |       0 |        0.00 |               |
| hlo_redundancy_removal_bit |       0 |       0 |        3.78 |               |
| hlo_mux_reorder            |       0 |       0 |        0.00 | pbs_genopt_7  | 
| hlo_logic_reduction        |       0 |       0 |        0.01 |               |
| hlo_redundancy_removal_bit |       0 |       0 |        3.97 |               |
| hlo_mux_reorder            |       0 |       0 |        0.00 | pbs_genopt_6  | 
| hlo_logic_reduction        |       0 |       0 |        0.00 |               |
| hlo_redundancy_removal_bit |       0 |       0 |        3.85 |               |
| hlo_mux_reorder            |       0 |       0 |        0.00 | pbs_genopt_5  | 
| hlo_logic_reduction        |       0 |       0 |        0.01 |               |
| hlo_redundancy_removal_bit |       0 |       0 |        3.64 |               |
| hlo_mux_reorder            |       0 |       0 |        0.00 | pbs_genopt_4  | 
| hlo_logic_reduction        |       0 |       0 |        0.01 |               |
| hlo_redundancy_removal_bit |       0 |       0 |        3.56 |               |
| hlo_mux_reorder            |       0 |       0 |        0.00 | pbs_genopt_3  | 
| hlo_logic_reduction        |       0 |       0 |        0.00 |               |
| hlo_redundancy_removal_bit |       0 |       0 |        3.95 |               |
| hlo_mux_reorder            |       0 |       0 |        0.00 | pbs_genopt_2  | 
| hlo_logic_reduction        |       0 |       0 |        0.00 |               |
| hlo_redundancy_removal_bit |       0 |       0 |        3.45 |               |
| hlo_mux_reorder            |       0 |       0 |        0.00 | pbs_genopt_15 | 
| hlo_logic_reduction        |       0 |       0 |        0.00 |               |
| hlo_redundancy_removal_bit |       2 |       8 |        2.81 |               |
| hlo_mux_reorder            |       0 |       0 |        0.00 | pbs_genopt_14 | 
| hlo_logic_reduction        |       0 |       0 |        0.00 |               |
| hlo_redundancy_removal_bit |       3 |      12 |        2.32 |               |
| hlo_mux_reorder            |       0 |       0 |        0.00 | pbs_genopt_13 | 
| hlo_logic_reduction        |       0 |       0 |        0.00 |               |
| hlo_redundancy_removal_bit |       3 |      12 |        2.17 |               |
| hlo_mux_reorder            |       0 |       0 |        0.00 | pbs_genopt_12 | 
| hlo_logic_reduction        |       0 |       0 |        0.00 |               |
| hlo_redundancy_removal_bit |       2 |       8 |        1.47 |               |
| hlo_mux_reorder            |       0 |       0 |        0.00 | pbs_genopt_11 | 
| hlo_logic_reduction        |       0 |       0 |        0.00 |               |
| hlo_redundancy_removal_bit |       3 |      12 |        2.26 |               |
| hlo_mux_reorder            |       0 |       0 |        0.00 | pbs_genopt_10 | 
| hlo_logic_reduction        |       0 |       0 |        0.00 |               |
| hlo_redundancy_removal_bit |       3 |      12 |        2.44 |               |
| hlo_mux_reorder            |       0 |       0 |        0.00 | pbs_genopt_1  | 
| hlo_logic_reduction        |       0 |       0 |        0.01 |               |
| hlo_redundancy_removal_bit |       0 |       0 |        2.84 |               |
| hlo_mux_reorder            |       0 |       0 |        0.00 | pbs_genopt_0  | 
| hlo_logic_reduction        |       0 |       0 |        0.00 |               |
| hlo_redundancy_removal_bit |       0 |       0 |        0.12 |               |
--------------------------------------------------------------------------------
 
Background Table : HLO::post_muxopt 
---------------------------------------------------------------------
| Transform       | Accepts | Rejects | Runtime (s) | Netlist ID    | 
---------------------------------------------------------------------
| hlo_speculation |       0 |       0 |        1.64 | pbs_genopt_9  | 
| hlo_speculation |       0 |       0 |        1.72 | pbs_genopt_8  | 
| hlo_speculation |       0 |       0 |        1.76 | pbs_genopt_7  | 
| hlo_speculation |       0 |       0 |        1.59 | pbs_genopt_6  | 
| hlo_speculation |       0 |       0 |        1.53 | pbs_genopt_5  | 
| hlo_speculation |       0 |       0 |        1.65 | pbs_genopt_4  | 
| hlo_speculation |       0 |       0 |        1.64 | pbs_genopt_3  | 
| hlo_speculation |       0 |       0 |        1.53 | pbs_genopt_2  | 
| hlo_speculation |       0 |       0 |        0.65 | pbs_genopt_15 | 
| hlo_speculation |       0 |       0 |        1.06 | pbs_genopt_14 | 
| hlo_speculation |       0 |       0 |        0.84 | pbs_genopt_13 | 
| hlo_speculation |       0 |       0 |        0.58 | pbs_genopt_12 | 
| hlo_speculation |       0 |       0 |        0.89 | pbs_genopt_11 | 
| hlo_speculation |       0 |       0 |        1.03 | pbs_genopt_10 | 
| hlo_speculation |       0 |       0 |       16.21 | pbs_genopt_1  | 
| hlo_speculation |       0 |       0 |        0.93 | pbs_genopt_0  | 
---------------------------------------------------------------------
 

+-----------+----------------+-----+----------------------+---------------------------+
|   Host    |    Machine     | CPU | Physical Memory (MB) | Peak Physical Memory (MB) |
+-----------+----------------+-----+----------------------+---------------------------+
| localhost | mo.ece.pdx.edu |  8  |       13677.4        |          13847.2          |
+-----------+----------------+-----+----------------------+---------------------------+

+---------------+----------------------+---------------------------+
|    Server     | Physical Memory (MB) | Peak Physical Memory (MB) |
+---------------+----------------------+---------------------------+
| localhost_1_1 |      1138.6 [1]      |          [1] [2]          |
| localhost_1_5 |      815.6 [1]       |          [1] [2]          |
| localhost_1_2 |      871.2 [1]       |          [1] [2]          |
| localhost_1_0 |      8894.0 [3]      |        9113.7 [3]         |
| localhost_1_6 |      1285.9 [1]      |          [1] [2]          |
| localhost_1_3 |      1288.8 [1]      |          [1] [2]          |
| localhost_1_7 |      837.6 [1]       |          [1] [2]          |
| localhost_1_4 |      1345.1 [1]      |          [1] [2]          |
+---------------+----------------------+---------------------------+
[1] Memory is included in parent localhost_1_0.
[2] Peak physical memory is not available for forked background servers.
[3] Memory of child processes is included.

PBS_Generic-Post_Genopt - Elapsed_Time 2812, CPU_Time 2876.300908
stamp 'PBS_Generic-Post_Genopt' being created for table 'pbs_debug'

  Total Time (Wall) |  Stage Time (Wall)  |   % (Wall)   |    Date - Time     |  Memory   | Stage
--------------------+---------------------+--------------+--------------------+-----------+----------------------
 00:03:37(00:03:36) |  00:00:00(00:00:00) |   0.0(  0.0) |   12:04:09 (May16) |   3.20 GB | PBS_Generic-Start
--------------------+---------------------+--------------+--------------------+-----------+----------------------
 00:51:33(00:50:29) |  00:47:56(00:46:53) | 100.0(100.0) |   12:51:02 (May16) |   6.41 GB | PBS_Generic-Post_Genopt
--------------------+---------------------+--------------+--------------------+-----------+----------------------
Number of threads: 8 * 1   (id: pbs_debug, time_info v1.57)
Info: (*N*) indicates data that was populated from previously saved time_info database
Info: CPU time includes time of parent + longest thread
Updating ST server settings
     Generating lib_script file: /home/iwyse/common/Documents/ECE510/project/510Project/project/cadence/systolic_16x16/.pbs_mo.ece.pdx.edu_24438/lib_script
Start partitioning.  Summary: MEM {curr: 5.6G, peak: 8.3G, phys curr: 6.3G, phys peak: 13.5G}
Start partitioning design sys_top for generic optimization.
Total generic instances for partitioning: 1596365
	Generic partition 0: size 21730
	Generic partition 1: size 0
	Generic partition 2: size 109349
	Generic partition 3: size 93908
	Generic partition 4: size 90607
	Generic partition 5: size 102349
	Generic partition 6: size 100829
	Generic partition 7: size 0
	Generic partition 8: size 95904
	Generic partition 9: size 95904
	Generic partition 10: size 95904
	Generic partition 11: size 95904
	Generic partition 12: size 95904
	Generic partition 13: size 95904
	Generic partition 14: size 95904
	Generic partition 15: size 95904
	Generic partition 16: size 75936
	Generic partition 17: size 78512
	Generic partition 18: size 74648
	Generic partition 19: size 81265
Done partitioning.  Summary: RT {elapsed: 6s, ST: 5s}, MEM {curr: 5.6G, peak: 8.3G, phys curr: 6.3G, phys peak: 13.5G}
Start creating partition netlists.  Summary: MEM {curr: 5.6G, peak: 8.3G, phys curr: 6.3G, phys peak: 13.5G}
Done creating partition netlists.  Summary: RT {elapsed: 13s, ST: 13s}, MEM {curr: 5.6G, peak: 8.3G, phys curr: 6.3G, phys peak: 13.5G}
Start budgeting timing for partitions.  Summary: MEM {curr: 5.6G, peak: 8.3G, phys curr: 6.3G, phys peak: 13.5G}
Done budgeting timing for partitions.  Summary: RT {elapsed: 110s, ST: 133s}, MEM {curr: 7.8G, peak: 8.3G, phys curr: 8.5G, phys peak: 13.5G}
Start deriving partition netlists.  Summary: MEM {curr: 7.8G, peak: 8.3G, phys curr: 8.5G, phys peak: 13.5G}
The inst 'pbs_fcopt_0' is selected as pbs candidate. The instance cnt is: '21730'.
The inst 'pbs_fcopt_2' is selected as pbs candidate. The instance cnt is: '109349'.
The inst 'pbs_fcopt_3' is selected as pbs candidate. The instance cnt is: '93908'.
The inst 'pbs_fcopt_4' is selected as pbs candidate. The instance cnt is: '90607'.
The inst 'pbs_fcopt_5' is selected as pbs candidate. The instance cnt is: '102349'.
The inst 'pbs_fcopt_6' is selected as pbs candidate. The instance cnt is: '100829'.
The inst 'pbs_fcopt_8' is selected as pbs candidate. The instance cnt is: '95904'.
The inst 'pbs_fcopt_9' is selected as pbs candidate. The instance cnt is: '95904'.
The inst 'pbs_fcopt_10' is selected as pbs candidate. The instance cnt is: '95904'.
The inst 'pbs_fcopt_11' is selected as pbs candidate. The instance cnt is: '95904'.
The inst 'pbs_fcopt_12' is selected as pbs candidate. The instance cnt is: '95904'.
The inst 'pbs_fcopt_13' is selected as pbs candidate. The instance cnt is: '95904'.
The inst 'pbs_fcopt_14' is selected as pbs candidate. The instance cnt is: '95904'.
The inst 'pbs_fcopt_15' is selected as pbs candidate. The instance cnt is: '95904'.
The inst 'pbs_fcopt_16' is selected as pbs candidate. The instance cnt is: '75936'.
The inst 'pbs_fcopt_17' is selected as pbs candidate. The instance cnt is: '78512'.
The inst 'pbs_fcopt_18' is selected as pbs candidate. The instance cnt is: '74648'.
The inst 'pbs_fcopt_19' is selected as pbs candidate. The instance cnt is: '81265'.
Done deriving partition netlists.  Summary: RT {elapsed: 19s, ST: 19s}, MEM {curr: 7.8G, peak: 8.3G, phys curr: 8.5G, phys peak: 13.5G}
Wait for super-thread servers to finish loading libraries.
Start super thread servers forking.  Summary: MEM {curr: 6.2G, peak: 8.3G, phys curr: 8.5G, phys peak: 13.5G}
Info    : Connection established with super-threading server. [ST-110]
        : The server 'localhost_1_8' is forked process '10130' on this host.
Info    : Connection established with super-threading server. [ST-110]
        : The server 'localhost_1_9' is forked process '10134' on this host.
Info    : Connection established with super-threading server. [ST-110]
        : The server 'localhost_1_10' is forked process '10136' on this host.
Info    : Connection established with super-threading server. [ST-110]
        : The server 'localhost_1_11' is forked process '10138' on this host.
Info    : Connection established with super-threading server. [ST-110]
        : The server 'localhost_1_12' is forked process '10140' on this host.
Info    : Connection established with super-threading server. [ST-110]
        : The server 'localhost_1_13' is forked process '10143' on this host.
Info    : Connection established with super-threading server. [ST-110]
        : The server 'localhost_1_14' is forked process '10145' on this host.
Done super thread servers forking.  Summary: RT {elapsed: 1s, ST: 0s}, MEM {curr: 6.2G, peak: 8.3G, phys curr: 8.5G, phys peak: 13.5G}
        Distributing super-thread jobs: {pbs_fcopt_2 ./.pbs_mo.ece.pdx.edu_24438/pbs_fcopt_2.etf} {pbs_fcopt_5 ./.pbs_mo.ece.pdx.edu_24438/pbs_fcopt_5.etf} {pbs_fcopt_6 ./.pbs_mo.ece.pdx.edu_24438/pbs_fcopt_6.etf} {pbs_fcopt_14 ./.pbs_mo.ece.pdx.edu_24438/pbs_fcopt_14.etf} {pbs_fcopt_11 ./.pbs_mo.ece.pdx.edu_24438/pbs_fcopt_11.etf} {pbs_fcopt_15 ./.pbs_mo.ece.pdx.edu_24438/pbs_fcopt_15.etf} {pbs_fcopt_8 ./.pbs_mo.ece.pdx.edu_24438/pbs_fcopt_8.etf} {pbs_fcopt_9 ./.pbs_mo.ece.pdx.edu_24438/pbs_fcopt_9.etf} {pbs_fcopt_10 ./.pbs_mo.ece.pdx.edu_24438/pbs_fcopt_10.etf} {pbs_fcopt_13 ./.pbs_mo.ece.pdx.edu_24438/pbs_fcopt_13.etf} {pbs_fcopt_12 ./.pbs_mo.ece.pdx.edu_24438/pbs_fcopt_12.etf} {pbs_fcopt_3 ./.pbs_mo.ece.pdx.edu_24438/pbs_fcopt_3.etf} {pbs_fcopt_4 ./.pbs_mo.ece.pdx.edu_24438/pbs_fcopt_4.etf} {pbs_fcopt_19 ./.pbs_mo.ece.pdx.edu_24438/pbs_fcopt_19.etf} {pbs_fcopt_17 ./.pbs_mo.ece.pdx.edu_24438/pbs_fcopt_17.etf} {pbs_fcopt_16 ./.pbs_mo.ece.pdx.edu_24438/pbs_fcopt_16.etf} {pbs_fcopt_18 ./.pbs_mo.ece.pdx.edu_24438/pbs_fcopt_18.etf} {pbs_fcopt_0 ./.pbs_mo.ece.pdx.edu_24438/pbs_fcopt_0.etf}
          Sending 'pbs_fcopt_2 ./.pbs_mo.ece.pdx.edu_24438/pbs_fcopt_2.etf' to server 'localhost_1_9'...
            Sent 'pbs_fcopt_2 ./.pbs_mo.ece.pdx.edu_24438/pbs_fcopt_2.etf' to server 'localhost_1_9'.
          Sending 'pbs_fcopt_5 ./.pbs_mo.ece.pdx.edu_24438/pbs_fcopt_5.etf' to server 'localhost_1_14'...
            Sent 'pbs_fcopt_5 ./.pbs_mo.ece.pdx.edu_24438/pbs_fcopt_5.etf' to server 'localhost_1_14'.
          Sending 'pbs_fcopt_6 ./.pbs_mo.ece.pdx.edu_24438/pbs_fcopt_6.etf' to server 'localhost_1_13'...
            Sent 'pbs_fcopt_6 ./.pbs_mo.ece.pdx.edu_24438/pbs_fcopt_6.etf' to server 'localhost_1_13'.
          Sending 'pbs_fcopt_14 ./.pbs_mo.ece.pdx.edu_24438/pbs_fcopt_14.etf' to server 'localhost_1_10'...
            Sent 'pbs_fcopt_14 ./.pbs_mo.ece.pdx.edu_24438/pbs_fcopt_14.etf' to server 'localhost_1_10'.
          Sending 'pbs_fcopt_11 ./.pbs_mo.ece.pdx.edu_24438/pbs_fcopt_11.etf' to server 'localhost_1_8'...
            Sent 'pbs_fcopt_11 ./.pbs_mo.ece.pdx.edu_24438/pbs_fcopt_11.etf' to server 'localhost_1_8'.
          Sending 'pbs_fcopt_15 ./.pbs_mo.ece.pdx.edu_24438/pbs_fcopt_15.etf' to server 'localhost_1_0'...
            Sent 'pbs_fcopt_15 ./.pbs_mo.ece.pdx.edu_24438/pbs_fcopt_15.etf' to server 'localhost_1_0'.
          Sending 'pbs_fcopt_8 ./.pbs_mo.ece.pdx.edu_24438/pbs_fcopt_8.etf' to server 'localhost_1_12'...
            Sent 'pbs_fcopt_8 ./.pbs_mo.ece.pdx.edu_24438/pbs_fcopt_8.etf' to server 'localhost_1_12'.
          Sending 'pbs_fcopt_9 ./.pbs_mo.ece.pdx.edu_24438/pbs_fcopt_9.etf' to server 'localhost_1_11'...
            Sent 'pbs_fcopt_9 ./.pbs_mo.ece.pdx.edu_24438/pbs_fcopt_9.etf' to server 'localhost_1_11'.
          Received 'pbs_fcopt_6 ./.pbs_mo.ece.pdx.edu_24438/pbs_fcopt_6.etf' from server 'localhost_1_13'. (176649 ms elapsed)
          Sending 'pbs_fcopt_10 ./.pbs_mo.ece.pdx.edu_24438/pbs_fcopt_10.etf' to server 'localhost_1_13'...
            Sent 'pbs_fcopt_10 ./.pbs_mo.ece.pdx.edu_24438/pbs_fcopt_10.etf' to server 'localhost_1_13'.
          Received 'pbs_fcopt_5 ./.pbs_mo.ece.pdx.edu_24438/pbs_fcopt_5.etf' from server 'localhost_1_14'. (177159 ms elapsed)
          Sending 'pbs_fcopt_13 ./.pbs_mo.ece.pdx.edu_24438/pbs_fcopt_13.etf' to server 'localhost_1_14'...
            Sent 'pbs_fcopt_13 ./.pbs_mo.ece.pdx.edu_24438/pbs_fcopt_13.etf' to server 'localhost_1_14'.
          Received 'pbs_fcopt_2 ./.pbs_mo.ece.pdx.edu_24438/pbs_fcopt_2.etf' from server 'localhost_1_9'. (183897 ms elapsed)
          Sending 'pbs_fcopt_12 ./.pbs_mo.ece.pdx.edu_24438/pbs_fcopt_12.etf' to server 'localhost_1_9'...
            Sent 'pbs_fcopt_12 ./.pbs_mo.ece.pdx.edu_24438/pbs_fcopt_12.etf' to server 'localhost_1_9'.
          Received 'pbs_fcopt_11 ./.pbs_mo.ece.pdx.edu_24438/pbs_fcopt_11.etf' from server 'localhost_1_8'. (286696 ms elapsed)
          Sending 'pbs_fcopt_3 ./.pbs_mo.ece.pdx.edu_24438/pbs_fcopt_3.etf' to server 'localhost_1_8'...
            Sent 'pbs_fcopt_3 ./.pbs_mo.ece.pdx.edu_24438/pbs_fcopt_3.etf' to server 'localhost_1_8'.
          Received 'pbs_fcopt_14 ./.pbs_mo.ece.pdx.edu_24438/pbs_fcopt_14.etf' from server 'localhost_1_10'. (297823 ms elapsed)
          Sending 'pbs_fcopt_4 ./.pbs_mo.ece.pdx.edu_24438/pbs_fcopt_4.etf' to server 'localhost_1_10'...
            Sent 'pbs_fcopt_4 ./.pbs_mo.ece.pdx.edu_24438/pbs_fcopt_4.etf' to server 'localhost_1_10'.
          Received 'pbs_fcopt_8 ./.pbs_mo.ece.pdx.edu_24438/pbs_fcopt_8.etf' from server 'localhost_1_12'. (298355 ms elapsed)
          Sending 'pbs_fcopt_19 ./.pbs_mo.ece.pdx.edu_24438/pbs_fcopt_19.etf' to server 'localhost_1_12'...
            Sent 'pbs_fcopt_19 ./.pbs_mo.ece.pdx.edu_24438/pbs_fcopt_19.etf' to server 'localhost_1_12'.
          Received 'pbs_fcopt_9 ./.pbs_mo.ece.pdx.edu_24438/pbs_fcopt_9.etf' from server 'localhost_1_11'. (303444 ms elapsed)
       Partition:  pbs_fcopt_9 - PBS_Generic_Opt-Distributed_Read_DB - Elapsed_Time 3.00, CPU_Time 3.00
       Partition:  pbs_fcopt_9 - PBS_Generic_Opt-Distributed_Generic - Elapsed_Time 4.00, CPU_Time 4.00
       Partition:  pbs_fcopt_9 - PBS_Generic_Opt-First_Cond - Elapsed_Time 274.00, CPU_Time 232.85
       Partition:  pbs_fcopt_9 - PBS_Generic_Opt-Distributed_Prop_Const - Elapsed_Time 17.00, CPU_Time 16.00
       Partition:  pbs_fcopt_9 - PBS_Generic_Opt-Distributed_Gobble - Elapsed_Time 0.00, CPU_Time 0.00
       Partition:  pbs_fcopt_9 - PBS_Generic_Opt-Distributed_Report - Elapsed_Time 0.00, CPU_Time 0.00
       Start - Partition: pbs_fcopt_9 Slack: -167.2 TNS: 152131.2 Cell-Count: 95904 Cell-Area: 8572 
Init-Memory: 2411.24
       Done  - Partition: pbs_fcopt_9 Slack: -184.0 TNS: 168182.8 Cell-Count: 46468 Cell-Area: 5744 
Peak-Memory: 2496.04 Elapsed: 298
       Partition:  pbs_fcopt_9 - PBS_Generic_Opt-Distributed_Write_DB - Elapsed_Time 5.00, CPU_Time 6.00
       pbs_fcopt_9 - PBS_Generic_Opt-Assembly - Elapsed_Time 4, CPU_Time 4.0
       Partition:  pbs_fcopt_9 - Runtime taken by the partition - Elapsed_Time 303.00, CPU_Time 261.85
       Partition:  pbs_fcopt_8 - PBS_Generic_Opt-Distributed_Read_DB - Elapsed_Time 3.00, CPU_Time 3.00
       Partition:  pbs_fcopt_8 - PBS_Generic_Opt-Distributed_Generic - Elapsed_Time 4.00, CPU_Time 4.00
       Partition:  pbs_fcopt_8 - PBS_Generic_Opt-First_Cond - Elapsed_Time 269.00, CPU_Time 226.75
       Partition:  pbs_fcopt_8 - PBS_Generic_Opt-Distributed_Prop_Const - Elapsed_Time 17.00, CPU_Time 16.00
       Partition:  pbs_fcopt_8 - PBS_Generic_Opt-Distributed_Gobble - Elapsed_Time 0.00, CPU_Time 0.00
       Partition:  pbs_fcopt_8 - PBS_Generic_Opt-Distributed_Report - Elapsed_Time 0.00, CPU_Time 0.00
       Start - Partition: pbs_fcopt_8 Slack: -167.2 TNS: 152131.2 Cell-Count: 95904 Cell-Area: 8572 
Init-Memory: 2411.24
       Done  - Partition: pbs_fcopt_8 Slack: -184.0 TNS: 168182.8 Cell-Count: 46468 Cell-Area: 5744 
Peak-Memory: 2500.23 Elapsed: 293
       Partition:  pbs_fcopt_8 - PBS_Generic_Opt-Distributed_Write_DB - Elapsed_Time 5.00, CPU_Time 6.00
       pbs_fcopt_8 - PBS_Generic_Opt-Assembly - Elapsed_Time 3, CPU_Time 3.0
       Partition:  pbs_fcopt_8 - Runtime taken by the partition - Elapsed_Time 298.00, CPU_Time 255.75
          Sending 'pbs_fcopt_17 ./.pbs_mo.ece.pdx.edu_24438/pbs_fcopt_17.etf' to server 'localhost_1_11'...
            Sent 'pbs_fcopt_17 ./.pbs_mo.ece.pdx.edu_24438/pbs_fcopt_17.etf' to server 'localhost_1_11'.
          Received 'pbs_fcopt_15 ./.pbs_mo.ece.pdx.edu_24438/pbs_fcopt_15.etf' from server 'localhost_1_0'. (319108 ms elapsed)
       Partition:  pbs_fcopt_15 - PBS_Generic_Opt-Distributed_Read_DB - Elapsed_Time 3.00, CPU_Time 3.00
       Partition:  pbs_fcopt_15 - PBS_Generic_Opt-Distributed_Generic - Elapsed_Time 4.00, CPU_Time 4.00
       Partition:  pbs_fcopt_15 - PBS_Generic_Opt-First_Cond - Elapsed_Time 291.00, CPU_Time 227.45
       Partition:  pbs_fcopt_15 - PBS_Generic_Opt-Distributed_Prop_Const - Elapsed_Time 15.00, CPU_Time 16.00
       Partition:  pbs_fcopt_15 - PBS_Generic_Opt-Distributed_Gobble - Elapsed_Time 0.00, CPU_Time 0.00
       Partition:  pbs_fcopt_15 - PBS_Generic_Opt-Distributed_Report - Elapsed_Time 0.00, CPU_Time 0.00
       Start - Partition: pbs_fcopt_15 Slack: -167.2 TNS: 152131.2 Cell-Count: 95904 Cell-Area: 8572 
Init-Memory: 2475.27
       Done  - Partition: pbs_fcopt_15 Slack: -184.0 TNS: 168182.8 Cell-Count: 46468 Cell-Area: 5744 
Peak-Memory: 2561.29 Elapsed: 313
       Partition:  pbs_fcopt_15 - PBS_Generic_Opt-Distributed_Write_DB - Elapsed_Time 6.00, CPU_Time 5.00
       pbs_fcopt_15 - PBS_Generic_Opt-Assembly - Elapsed_Time 3, CPU_Time 3.0
       Partition:  pbs_fcopt_15 - Runtime taken by the partition - Elapsed_Time 319.00, CPU_Time 255.45
       Partition:  pbs_fcopt_11 - PBS_Generic_Opt-Distributed_Read_DB - Elapsed_Time 3.00, CPU_Time 3.00
       Partition:  pbs_fcopt_11 - PBS_Generic_Opt-Distributed_Generic - Elapsed_Time 5.00, CPU_Time 5.00
       Partition:  pbs_fcopt_11 - PBS_Generic_Opt-First_Cond - Elapsed_Time 257.00, CPU_Time 219.55
       Partition:  pbs_fcopt_11 - PBS_Generic_Opt-Distributed_Prop_Const - Elapsed_Time 16.00, CPU_Time 16.00
       Partition:  pbs_fcopt_11 - PBS_Generic_Opt-Distributed_Gobble - Elapsed_Time 0.00, CPU_Time 0.00
       Partition:  pbs_fcopt_11 - PBS_Generic_Opt-Distributed_Report - Elapsed_Time 0.00, CPU_Time 0.00
       Start - Partition: pbs_fcopt_11 Slack: -167.2 TNS: 152131.2 Cell-Count: 95904 Cell-Area: 8572 
Init-Memory: 2411.24
       Done  - Partition: pbs_fcopt_11 Slack: -184.0 TNS: 168182.8 Cell-Count: 46468 Cell-Area: 5744 
Peak-Memory: 2496.23 Elapsed: 281
       Partition:  pbs_fcopt_11 - PBS_Generic_Opt-Distributed_Write_DB - Elapsed_Time 5.00, CPU_Time 6.00
       pbs_fcopt_11 - PBS_Generic_Opt-Assembly - Elapsed_Time 3, CPU_Time 2.0
       Partition:  pbs_fcopt_11 - Runtime taken by the partition - Elapsed_Time 286.00, CPU_Time 249.55
       Partition:  pbs_fcopt_14 - PBS_Generic_Opt-Distributed_Read_DB - Elapsed_Time 3.00, CPU_Time 3.00
       Partition:  pbs_fcopt_14 - PBS_Generic_Opt-Distributed_Generic - Elapsed_Time 4.00, CPU_Time 4.00
       Partition:  pbs_fcopt_14 - PBS_Generic_Opt-First_Cond - Elapsed_Time 270.00, CPU_Time 232.19
       Partition:  pbs_fcopt_14 - PBS_Generic_Opt-Distributed_Prop_Const - Elapsed_Time 15.00, CPU_Time 15.00
       Partition:  pbs_fcopt_14 - PBS_Generic_Opt-Distributed_Gobble - Elapsed_Time 0.00, CPU_Time 0.00
       Partition:  pbs_fcopt_14 - PBS_Generic_Opt-Distributed_Report - Elapsed_Time 0.00, CPU_Time 0.00
       Start - Partition: pbs_fcopt_14 Slack: -167.2 TNS: 152131.2 Cell-Count: 95904 Cell-Area: 8572 
Init-Memory: 2411.24
       Done  - Partition: pbs_fcopt_14 Slack: -184.0 TNS: 168182.8 Cell-Count: 46468 Cell-Area: 5744 
Peak-Memory: 2503.05 Elapsed: 292
       Partition:  pbs_fcopt_14 - PBS_Generic_Opt-Distributed_Write_DB - Elapsed_Time 5.00, CPU_Time 5.00
       pbs_fcopt_14 - PBS_Generic_Opt-Assembly - Elapsed_Time 2, CPU_Time 2.0
       Partition:  pbs_fcopt_14 - Runtime taken by the partition - Elapsed_Time 297.00, CPU_Time 259.19
       Partition:  pbs_fcopt_6 - PBS_Generic_Opt-Distributed_Read_DB - Elapsed_Time 4.00, CPU_Time 3.00
       Partition:  pbs_fcopt_6 - PBS_Generic_Opt-Distributed_Generic - Elapsed_Time 6.00, CPU_Time 7.00
       Partition:  pbs_fcopt_6 - PBS_Generic_Opt-First_Cond - Elapsed_Time 151.00, CPU_Time 151.43
       Partition:  pbs_fcopt_6 - PBS_Generic_Opt-Distributed_Prop_Const - Elapsed_Time 2.00, CPU_Time 2.00
       Partition:  pbs_fcopt_6 - PBS_Generic_Opt-Distributed_Gobble - Elapsed_Time 0.00, CPU_Time 0.00
       Partition:  pbs_fcopt_6 - PBS_Generic_Opt-Distributed_Report - Elapsed_Time 0.00, CPU_Time 0.00
       Start - Partition: pbs_fcopt_6 Slack: 5.0 TNS: 0.0 Cell-Count: 100829 Cell-Area: 15185 
Init-Memory: 2416.24
       Done  - Partition: pbs_fcopt_6 Slack: 5.0 TNS: 0.0 Cell-Count: 100847 Cell-Area: 15180 
Peak-Memory: 2721.67 Elapsed: 163
       Partition:  pbs_fcopt_6 - PBS_Generic_Opt-Distributed_Write_DB - Elapsed_Time 13.00, CPU_Time 14.00
       pbs_fcopt_6 - PBS_Generic_Opt-Assembly - Elapsed_Time 7, CPU_Time 7.0
       Partition:  pbs_fcopt_6 - Runtime taken by the partition - Elapsed_Time 176.00, CPU_Time 177.43
       Partition:  pbs_fcopt_5 - PBS_Generic_Opt-Distributed_Read_DB - Elapsed_Time 3.00, CPU_Time 2.00
       Partition:  pbs_fcopt_5 - PBS_Generic_Opt-Distributed_Generic - Elapsed_Time 6.00, CPU_Time 7.00
       Partition:  pbs_fcopt_5 - PBS_Generic_Opt-First_Cond - Elapsed_Time 153.00, CPU_Time 152.48
       Partition:  pbs_fcopt_5 - PBS_Generic_Opt-Distributed_Prop_Const - Elapsed_Time 2.00, CPU_Time 2.00
       Partition:  pbs_fcopt_5 - PBS_Generic_Opt-Distributed_Gobble - Elapsed_Time 0.00, CPU_Time 0.00
       Partition:  pbs_fcopt_5 - PBS_Generic_Opt-Distributed_Report - Elapsed_Time 0.00, CPU_Time 0.00
       Start - Partition: pbs_fcopt_5 Slack: 3.7 TNS: 0.0 Cell-Count: 102349 Cell-Area: 15637 
Init-Memory: 2416.24
       Done  - Partition: pbs_fcopt_5 Slack: 3.7 TNS: 0.0 Cell-Count: 102348 Cell-Area: 15636 
Peak-Memory: 2889.37 Elapsed: 164
       Partition:  pbs_fcopt_5 - PBS_Generic_Opt-Distributed_Write_DB - Elapsed_Time 12.00, CPU_Time 12.00
       pbs_fcopt_5 - PBS_Generic_Opt-Assembly - Elapsed_Time 7, CPU_Time 7.0
       Partition:  pbs_fcopt_5 - Runtime taken by the partition - Elapsed_Time 176.00, CPU_Time 175.48
       Partition:  pbs_fcopt_2 - PBS_Generic_Opt-Distributed_Read_DB - Elapsed_Time 4.00, CPU_Time 4.00
       Partition:  pbs_fcopt_2 - PBS_Generic_Opt-Distributed_Generic - Elapsed_Time 7.00, CPU_Time 7.00
       Partition:  pbs_fcopt_2 - PBS_Generic_Opt-First_Cond - Elapsed_Time 156.00, CPU_Time 152.98
       Partition:  pbs_fcopt_2 - PBS_Generic_Opt-Distributed_Prop_Const - Elapsed_Time 2.00, CPU_Time 2.00
       Partition:  pbs_fcopt_2 - PBS_Generic_Opt-Distributed_Gobble - Elapsed_Time 1.00, CPU_Time 0.00
       Partition:  pbs_fcopt_2 - PBS_Generic_Opt-Distributed_Report - Elapsed_Time 0.00, CPU_Time 0.00
       Start - Partition: pbs_fcopt_2 Slack: 11.6 TNS: 0.0 Cell-Count: 109349 Cell-Area: 15660 
Init-Memory: 2416.24
       Done  - Partition: pbs_fcopt_2 Slack: 11.6 TNS: 0.0 Cell-Count: 109349 Cell-Area: 15660 
Peak-Memory: 2823.96 Elapsed: 170
       Partition:  pbs_fcopt_2 - PBS_Generic_Opt-Distributed_Write_DB - Elapsed_Time 13.00, CPU_Time 14.00
       pbs_fcopt_2 - PBS_Generic_Opt-Assembly - Elapsed_Time 7, CPU_Time 7.0
       Partition:  pbs_fcopt_2 - Runtime taken by the partition - Elapsed_Time 183.00, CPU_Time 179.98
          Sending 'pbs_fcopt_16 ./.pbs_mo.ece.pdx.edu_24438/pbs_fcopt_16.etf' to server 'localhost_1_0'...
            Sent 'pbs_fcopt_16 ./.pbs_mo.ece.pdx.edu_24438/pbs_fcopt_16.etf' to server 'localhost_1_0'.
          Received 'pbs_fcopt_13 ./.pbs_mo.ece.pdx.edu_24438/pbs_fcopt_13.etf' from server 'localhost_1_14'. (265339 ms elapsed)
          Sending 'pbs_fcopt_18 ./.pbs_mo.ece.pdx.edu_24438/pbs_fcopt_18.etf' to server 'localhost_1_14'...
            Sent 'pbs_fcopt_18 ./.pbs_mo.ece.pdx.edu_24438/pbs_fcopt_18.etf' to server 'localhost_1_14'.
          Received 'pbs_fcopt_12 ./.pbs_mo.ece.pdx.edu_24438/pbs_fcopt_12.etf' from server 'localhost_1_9'. (269616 ms elapsed)
          Sending 'pbs_fcopt_0 ./.pbs_mo.ece.pdx.edu_24438/pbs_fcopt_0.etf' to server 'localhost_1_9'...
            Sent 'pbs_fcopt_0 ./.pbs_mo.ece.pdx.edu_24438/pbs_fcopt_0.etf' to server 'localhost_1_9'.
          Received 'pbs_fcopt_3 ./.pbs_mo.ece.pdx.edu_24438/pbs_fcopt_3.etf' from server 'localhost_1_8'. (172706 ms elapsed)
          Received 'pbs_fcopt_10 ./.pbs_mo.ece.pdx.edu_24438/pbs_fcopt_10.etf' from server 'localhost_1_13'. (282754 ms elapsed)
       Partition:  pbs_fcopt_10 - PBS_Generic_Opt-Distributed_Read_DB - Elapsed_Time 2.00, CPU_Time 2.00
       Partition:  pbs_fcopt_10 - PBS_Generic_Opt-Distributed_Generic - Elapsed_Time 4.00, CPU_Time 4.00
       Partition:  pbs_fcopt_10 - PBS_Generic_Opt-First_Cond - Elapsed_Time 251.00, CPU_Time 228.14
       Partition:  pbs_fcopt_10 - PBS_Generic_Opt-Distributed_Prop_Const - Elapsed_Time 17.00, CPU_Time 17.00
       Partition:  pbs_fcopt_10 - PBS_Generic_Opt-Distributed_Gobble - Elapsed_Time 1.00, CPU_Time 0.00
       Partition:  pbs_fcopt_10 - PBS_Generic_Opt-Distributed_Report - Elapsed_Time 0.00, CPU_Time 0.00
       Start - Partition: pbs_fcopt_10 Slack: -167.2 TNS: 152131.2 Cell-Count: 95904 Cell-Area: 8572 
Init-Memory: 2715.62
       Done  - Partition: pbs_fcopt_10 Slack: -184.0 TNS: 168182.8 Cell-Count: 46468 Cell-Area: 5744 
Peak-Memory: 2777.70 Elapsed: 275
       Partition:  pbs_fcopt_10 - PBS_Generic_Opt-Distributed_Write_DB - Elapsed_Time 4.00, CPU_Time 6.00
       pbs_fcopt_10 - PBS_Generic_Opt-Assembly - Elapsed_Time 4, CPU_Time 3.0
       Partition:  pbs_fcopt_10 - Runtime taken by the partition - Elapsed_Time 279.00, CPU_Time 257.14
       Partition:  pbs_fcopt_13 - PBS_Generic_Opt-Distributed_Read_DB - Elapsed_Time 1.00, CPU_Time 2.00
       Partition:  pbs_fcopt_13 - PBS_Generic_Opt-Distributed_Generic - Elapsed_Time 4.00, CPU_Time 4.00
       Partition:  pbs_fcopt_13 - PBS_Generic_Opt-First_Cond - Elapsed_Time 236.00, CPU_Time 217.35
       Partition:  pbs_fcopt_13 - PBS_Generic_Opt-Distributed_Prop_Const - Elapsed_Time 15.00, CPU_Time 16.00
       Partition:  pbs_fcopt_13 - PBS_Generic_Opt-Distributed_Gobble - Elapsed_Time 0.00, CPU_Time 0.00
       Partition:  pbs_fcopt_13 - PBS_Generic_Opt-Distributed_Report - Elapsed_Time 0.00, CPU_Time 0.00
       Start - Partition: pbs_fcopt_13 Slack: -167.2 TNS: 152131.2 Cell-Count: 95904 Cell-Area: 8572 
Init-Memory: 2737.32
       Done  - Partition: pbs_fcopt_13 Slack: -184.0 TNS: 168182.8 Cell-Count: 46468 Cell-Area: 5744 
Peak-Memory: 2889.37 Elapsed: 256
       Partition:  pbs_fcopt_13 - PBS_Generic_Opt-Distributed_Write_DB - Elapsed_Time 5.00, CPU_Time 5.00
       pbs_fcopt_13 - PBS_Generic_Opt-Assembly - Elapsed_Time 2, CPU_Time 3.0
       Partition:  pbs_fcopt_13 - Runtime taken by the partition - Elapsed_Time 261.00, CPU_Time 244.35
       Partition:  pbs_fcopt_12 - PBS_Generic_Opt-Distributed_Read_DB - Elapsed_Time 2.00, CPU_Time 2.00
       Partition:  pbs_fcopt_12 - PBS_Generic_Opt-Distributed_Generic - Elapsed_Time 3.00, CPU_Time 4.00
       Partition:  pbs_fcopt_12 - PBS_Generic_Opt-First_Cond - Elapsed_Time 240.00, CPU_Time 215.18
       Partition:  pbs_fcopt_12 - PBS_Generic_Opt-Distributed_Prop_Const - Elapsed_Time 19.00, CPU_Time 18.00
       Partition:  pbs_fcopt_12 - PBS_Generic_Opt-Distributed_Gobble - Elapsed_Time 0.00, CPU_Time 0.00
       Partition:  pbs_fcopt_12 - PBS_Generic_Opt-Distributed_Report - Elapsed_Time 0.00, CPU_Time 0.00
       Start - Partition: pbs_fcopt_12 Slack: -167.2 TNS: 152131.2 Cell-Count: 95904 Cell-Area: 8572 
Init-Memory: 2817.93
       Done  - Partition: pbs_fcopt_12 Slack: -184.0 TNS: 168182.8 Cell-Count: 46468 Cell-Area: 5744 
Peak-Memory: 2871.99 Elapsed: 264
       Partition:  pbs_fcopt_12 - PBS_Generic_Opt-Distributed_Write_DB - Elapsed_Time 5.00, CPU_Time 6.00
       pbs_fcopt_12 - PBS_Generic_Opt-Assembly - Elapsed_Time 3, CPU_Time 3.0
       Partition:  pbs_fcopt_12 - Runtime taken by the partition - Elapsed_Time 269.00, CPU_Time 245.18
       Partition:  pbs_fcopt_3 - PBS_Generic_Opt-Distributed_Read_DB - Elapsed_Time 3.00, CPU_Time 3.00
       Partition:  pbs_fcopt_3 - PBS_Generic_Opt-Distributed_Generic - Elapsed_Time 6.00, CPU_Time 6.00
       Partition:  pbs_fcopt_3 - PBS_Generic_Opt-First_Cond - Elapsed_Time 147.00, CPU_Time 148.51
       Partition:  pbs_fcopt_3 - PBS_Generic_Opt-Distributed_Prop_Const - Elapsed_Time 2.00, CPU_Time 2.00
       Partition:  pbs_fcopt_3 - PBS_Generic_Opt-Distributed_Gobble - Elapsed_Time 0.00, CPU_Time 0.00
       Partition:  pbs_fcopt_3 - PBS_Generic_Opt-Distributed_Report - Elapsed_Time 0.00, CPU_Time 0.00
       Start - Partition: pbs_fcopt_3 Slack: 5.3 TNS: 0.0 Cell-Count: 93908 Cell-Area: 15196 
Init-Memory: 2510.23
       Done  - Partition: pbs_fcopt_3 Slack: 4.8 TNS: 0.0 Cell-Count: 93903 Cell-Area: 15195 
Peak-Memory: 2909.78 Elapsed: 158
       Partition:  pbs_fcopt_3 - PBS_Generic_Opt-Distributed_Write_DB - Elapsed_Time 12.00, CPU_Time 12.00
       pbs_fcopt_3 - PBS_Generic_Opt-Assembly - Elapsed_Time 6, CPU_Time 6.0
       Partition:  pbs_fcopt_3 - Runtime taken by the partition - Elapsed_Time 170.00, CPU_Time 171.51
          Received 'pbs_fcopt_4 ./.pbs_mo.ece.pdx.edu_24438/pbs_fcopt_4.etf' from server 'localhost_1_10'. (176143 ms elapsed)
       Partition:  pbs_fcopt_4 - PBS_Generic_Opt-Distributed_Read_DB - Elapsed_Time 2.00, CPU_Time 2.00
       Partition:  pbs_fcopt_4 - PBS_Generic_Opt-Distributed_Generic - Elapsed_Time 5.00, CPU_Time 6.00
       Partition:  pbs_fcopt_4 - PBS_Generic_Opt-First_Cond - Elapsed_Time 155.00, CPU_Time 140.68
       Partition:  pbs_fcopt_4 - PBS_Generic_Opt-Distributed_Prop_Const - Elapsed_Time 1.00, CPU_Time 2.00
       Partition:  pbs_fcopt_4 - PBS_Generic_Opt-Distributed_Gobble - Elapsed_Time 1.00, CPU_Time 0.00
       Partition:  pbs_fcopt_4 - PBS_Generic_Opt-Distributed_Report - Elapsed_Time 0.00, CPU_Time 0.00
       Start - Partition: pbs_fcopt_4 Slack: 9.7 TNS: 0.0 Cell-Count: 90607 Cell-Area: 14229 
Init-Memory: 2509.05
       Done  - Partition: pbs_fcopt_4 Slack: 9.7 TNS: 0.0 Cell-Count: 90633 Cell-Area: 14219 
Peak-Memory: 2660.79 Elapsed: 164
       Partition:  pbs_fcopt_4 - PBS_Generic_Opt-Distributed_Write_DB - Elapsed_Time 9.00, CPU_Time 10.00
       pbs_fcopt_4 - PBS_Generic_Opt-Assembly - Elapsed_Time 7, CPU_Time 6.0
       Partition:  pbs_fcopt_4 - Runtime taken by the partition - Elapsed_Time 173.00, CPU_Time 160.68
          Received 'pbs_fcopt_17 ./.pbs_mo.ece.pdx.edu_24438/pbs_fcopt_17.etf' from server 'localhost_1_11'. (275330 ms elapsed)
          Received 'pbs_fcopt_16 ./.pbs_mo.ece.pdx.edu_24438/pbs_fcopt_16.etf' from server 'localhost_1_0'. (259352 ms elapsed)
          Received 'pbs_fcopt_19 ./.pbs_mo.ece.pdx.edu_24438/pbs_fcopt_19.etf' from server 'localhost_1_12'. (311847 ms elapsed)
       Partition:  pbs_fcopt_19 - PBS_Generic_Opt-Distributed_Read_DB - Elapsed_Time 2.00, CPU_Time 2.00
       Partition:  pbs_fcopt_19 - PBS_Generic_Opt-Distributed_Generic - Elapsed_Time 4.00, CPU_Time 5.00
       Partition:  pbs_fcopt_19 - PBS_Generic_Opt-First_Cond - Elapsed_Time 290.00, CPU_Time 236.03
       Partition:  pbs_fcopt_19 - PBS_Generic_Opt-Distributed_Prop_Const - Elapsed_Time 10.00, CPU_Time 9.00
       Partition:  pbs_fcopt_19 - PBS_Generic_Opt-Distributed_Gobble - Elapsed_Time 0.00, CPU_Time 0.00
       Partition:  pbs_fcopt_19 - PBS_Generic_Opt-Distributed_Report - Elapsed_Time 0.00, CPU_Time 0.00
       Start - Partition: pbs_fcopt_19 Slack: -754.9 TNS: 112342.5 Cell-Count: 81265 Cell-Area: 7668 
Init-Memory: 2506.23
       Done  - Partition: pbs_fcopt_19 Slack: -308.5 TNS: 49877.1 Cell-Count: 42224 Cell-Area: 5139 
Peak-Memory: 2540.25 Elapsed: 306
       Partition:  pbs_fcopt_19 - PBS_Generic_Opt-Distributed_Write_DB - Elapsed_Time 5.00, CPU_Time 5.00
       pbs_fcopt_19 - PBS_Generic_Opt-Assembly - Elapsed_Time 3, CPU_Time 4.0
       Partition:  pbs_fcopt_19 - Runtime taken by the partition - Elapsed_Time 311.00, CPU_Time 257.03
       Partition:  pbs_fcopt_17 - PBS_Generic_Opt-Distributed_Read_DB - Elapsed_Time 1.00, CPU_Time 2.00
       Partition:  pbs_fcopt_17 - PBS_Generic_Opt-Distributed_Generic - Elapsed_Time 3.00, CPU_Time 3.00
       Partition:  pbs_fcopt_17 - PBS_Generic_Opt-First_Cond - Elapsed_Time 260.00, CPU_Time 221.36
       Partition:  pbs_fcopt_17 - PBS_Generic_Opt-Distributed_Prop_Const - Elapsed_Time 5.00, CPU_Time 4.00
       Partition:  pbs_fcopt_17 - PBS_Generic_Opt-Distributed_Gobble - Elapsed_Time 0.00, CPU_Time 0.00
       Partition:  pbs_fcopt_17 - PBS_Generic_Opt-Distributed_Report - Elapsed_Time 0.00, CPU_Time 0.00
       Start - Partition: pbs_fcopt_17 Slack: -754.9 TNS: 115249.6 Cell-Count: 78512 Cell-Area: 7198 
Init-Memory: 2510.05
       Done  - Partition: pbs_fcopt_17 Slack: -308.5 TNS: 48233.6 Cell-Count: 39627 Cell-Area: 4720 
Peak-Memory: 2544.07 Elapsed: 269
       Partition:  pbs_fcopt_17 - PBS_Generic_Opt-Distributed_Write_DB - Elapsed_Time 3.00, CPU_Time 4.00
       pbs_fcopt_17 - PBS_Generic_Opt-Assembly - Elapsed_Time 3, CPU_Time 2.0
       Partition:  pbs_fcopt_17 - Runtime taken by the partition - Elapsed_Time 272.00, CPU_Time 234.36
       Partition:  pbs_fcopt_16 - PBS_Generic_Opt-Distributed_Read_DB - Elapsed_Time 1.00, CPU_Time 1.00
       Partition:  pbs_fcopt_16 - PBS_Generic_Opt-Distributed_Generic - Elapsed_Time 3.00, CPU_Time 3.00
       Partition:  pbs_fcopt_16 - PBS_Generic_Opt-First_Cond - Elapsed_Time 246.00, CPU_Time 208.09
       Partition:  pbs_fcopt_16 - PBS_Generic_Opt-Distributed_Prop_Const - Elapsed_Time 5.00, CPU_Time 5.00
       Partition:  pbs_fcopt_16 - PBS_Generic_Opt-Distributed_Gobble - Elapsed_Time 0.00, CPU_Time 0.00
       Partition:  pbs_fcopt_16 - PBS_Generic_Opt-Distributed_Report - Elapsed_Time 0.00, CPU_Time 0.00
       Start - Partition: pbs_fcopt_16 Slack: -754.9 TNS: 115249.6 Cell-Count: 75936 Cell-Area: 6923 
Init-Memory: 2512.05
       Done  - Partition: pbs_fcopt_16 Slack: -308.5 TNS: 48233.6 Cell-Count: 37973 Cell-Area: 4517 
Peak-Memory: 2561.29 Elapsed: 255
       Partition:  pbs_fcopt_16 - PBS_Generic_Opt-Distributed_Write_DB - Elapsed_Time 4.00, CPU_Time 5.00
       pbs_fcopt_16 - PBS_Generic_Opt-Assembly - Elapsed_Time 2, CPU_Time 3.0
       Partition:  pbs_fcopt_16 - Runtime taken by the partition - Elapsed_Time 259.00, CPU_Time 222.09
          Received 'pbs_fcopt_18 ./.pbs_mo.ece.pdx.edu_24438/pbs_fcopt_18.etf' from server 'localhost_1_14'. (255895 ms elapsed)
       Partition:  pbs_fcopt_18 - PBS_Generic_Opt-Distributed_Read_DB - Elapsed_Time 2.00, CPU_Time 2.00
       Partition:  pbs_fcopt_18 - PBS_Generic_Opt-Distributed_Generic - Elapsed_Time 3.00, CPU_Time 4.00
       Partition:  pbs_fcopt_18 - PBS_Generic_Opt-First_Cond - Elapsed_Time 241.00, CPU_Time 235.34
       Partition:  pbs_fcopt_18 - PBS_Generic_Opt-Distributed_Prop_Const - Elapsed_Time 4.00, CPU_Time 4.00
       Partition:  pbs_fcopt_18 - PBS_Generic_Opt-Distributed_Gobble - Elapsed_Time 0.00, CPU_Time 0.00
       Partition:  pbs_fcopt_18 - PBS_Generic_Opt-Distributed_Report - Elapsed_Time 0.00, CPU_Time 0.00
       Start - Partition: pbs_fcopt_18 Slack: -754.9 TNS: 115249.6 Cell-Count: 74648 Cell-Area: 6786 
Init-Memory: 2602.45
       Done  - Partition: pbs_fcopt_18 Slack: -308.5 TNS: 48233.6 Cell-Count: 37146 Cell-Area: 4415 
Peak-Memory: 2889.37 Elapsed: 250
       Partition:  pbs_fcopt_18 - PBS_Generic_Opt-Distributed_Write_DB - Elapsed_Time 3.00, CPU_Time 3.00
       pbs_fcopt_18 - PBS_Generic_Opt-Assembly - Elapsed_Time 3, CPU_Time 3.0
       Partition:  pbs_fcopt_18 - Runtime taken by the partition - Elapsed_Time 253.00, CPU_Time 249.34
          Received 'pbs_fcopt_0 ./.pbs_mo.ece.pdx.edu_24438/pbs_fcopt_0.etf' from server 'localhost_1_9'. (450771 ms elapsed)
       Partition:  pbs_fcopt_0 - PBS_Generic_Opt-Distributed_Read_DB - Elapsed_Time 0.00, CPU_Time 1.00
       Partition:  pbs_fcopt_0 - PBS_Generic_Opt-Distributed_Generic - Elapsed_Time 2.00, CPU_Time 1.00
       Partition:  pbs_fcopt_0 - PBS_Generic_Opt-First_Cond - Elapsed_Time 442.00, CPU_Time 446.13
       Partition:  pbs_fcopt_0 - PBS_Generic_Opt-Distributed_Prop_Const - Elapsed_Time 1.00, CPU_Time 1.00
       Partition:  pbs_fcopt_0 - PBS_Generic_Opt-Distributed_Gobble - Elapsed_Time 0.00, CPU_Time 0.00
       Partition:  pbs_fcopt_0 - PBS_Generic_Opt-Distributed_Report - Elapsed_Time 0.00, CPU_Time 0.00
       Start - Partition: pbs_fcopt_0 Slack: -10.5 TNS: 1120.0 Cell-Count: 21730 Cell-Area: 7122 
Init-Memory: 2608.05
       Done  - Partition: pbs_fcopt_0 Slack: -11.3 TNS: 1131.7 Cell-Count: 36032 Cell-Area: 7733 
Peak-Memory: 2871.99 Elapsed: 445
       Partition:  pbs_fcopt_0 - PBS_Generic_Opt-Distributed_Write_DB - Elapsed_Time 5.00, CPU_Time 5.00
       pbs_fcopt_0 - PBS_Generic_Opt-Assembly - Elapsed_Time 4, CPU_Time 4.0
       Partition:  pbs_fcopt_0 - Runtime taken by the partition - Elapsed_Time 450.00, CPU_Time 454.13
Assembled design in-time

+-----------+----------------+-----+----------------------+---------------------------+
|   Host    |    Machine     | CPU | Physical Memory (MB) | Peak Physical Memory (MB) |
+-----------+----------------+-----+----------------------+---------------------------+
| localhost | mo.ece.pdx.edu |  8  |       11260.3        |          13847.2          |
+-----------+----------------+-----+----------------------+---------------------------+

+----------------+----------------------+---------------------------+
|     Server     | Physical Memory (MB) | Peak Physical Memory (MB) |
+----------------+----------------------+---------------------------+
| localhost_1_12 |      667.1 [1]       |          [1] [2]          |
| localhost_1_0  |      6713.0 [3]      |        9113.7 [3]         |
| localhost_1_8  |      967.7 [1]       |          [1] [2]          |
| localhost_1_13 |      936.1 [1]       |          [1] [2]          |
| localhost_1_10 |      924.2 [1]       |          [1] [2]          |
| localhost_1_9  |      928.8 [1]       |          [1] [2]          |
| localhost_1_11 |      664.7 [1]       |          [1] [2]          |
| localhost_1_14 |      931.7 [1]       |          [1] [2]          |
+----------------+----------------------+---------------------------+
[1] Memory is included in parent localhost_1_0.
[2] Peak physical memory is not available for forked background servers.
[3] Memory of child processes is included.

PBS_Generic_Opt-Post - Elapsed_Time 3996, CPU_Time 4125.695855
stamp 'PBS_Generic_Opt-Post' being created for table 'pbs_debug'

  Total Time (Wall) |  Stage Time (Wall)  |   % (Wall)   |    Date - Time     |  Memory   | Stage
--------------------+---------------------+--------------+--------------------+-----------+----------------------
 00:03:37(00:03:36) |  00:00:00(00:00:00) |   0.0(  0.0) |   12:04:09 (May16) |   3.20 GB | PBS_Generic-Start
--------------------+---------------------+--------------+--------------------+-----------+----------------------
 00:51:33(00:50:29) |  00:47:56(00:46:53) |  69.7( 70.4) |   12:51:02 (May16) |   6.41 GB | PBS_Generic-Post_Genopt
--------------------+---------------------+--------------+--------------------+-----------+----------------------
 01:12:22(01:10:13) |  00:20:49(00:19:44) |  30.3( 29.6) |   13:10:46 (May16) |   6.16 GB | PBS_Generic_Opt-Post
--------------------+---------------------+--------------+--------------------+-----------+----------------------
Number of threads: 8 * 1   (id: pbs_debug, time_info v1.57)
Info: (*N*) indicates data that was populated from previously saved time_info database
Info: CPU time includes time of parent + longest thread
PBS_Generic-Postgen HBO Optimizations - Elapsed_Time 27, CPU_Time 28.0
stamp 'PBS_Generic-Postgen HBO Optimizations' being created for table 'pbs_debug'

  Total Time (Wall) |  Stage Time (Wall)  |   % (Wall)   |    Date - Time     |  Memory   | Stage
--------------------+---------------------+--------------+--------------------+-----------+----------------------
 00:03:37(00:03:36) |  00:00:00(00:00:00) |   0.0(  0.0) |   12:04:09 (May16) |   3.20 GB | PBS_Generic-Start
--------------------+---------------------+--------------+--------------------+-----------+----------------------
 00:51:33(00:50:29) |  00:47:56(00:46:53) |  69.2( 69.9) |   12:51:02 (May16) |   6.41 GB | PBS_Generic-Post_Genopt
--------------------+---------------------+--------------+--------------------+-----------+----------------------
 01:12:22(01:10:13) |  00:20:49(00:19:44) |  30.1( 29.4) |   13:10:46 (May16) |   6.16 GB | PBS_Generic_Opt-Post
--------------------+---------------------+--------------+--------------------+-----------+----------------------
 01:12:50(01:10:41) |  00:00:28(00:00:28) |   0.7(  0.7) |   13:11:14 (May16) |   5.74 GB | PBS_Generic-Postgen HBO Optimizations
--------------------+---------------------+--------------+--------------------+-----------+----------------------
Number of threads: 8 * 1   (id: pbs_debug, time_info v1.57)
Info: (*N*) indicates data that was populated from previously saved time_info database
Info: CPU time includes time of parent + longest thread
Starting post syn_generic ultra-effort Boolean optimization
Redundancy removal succeeded.
Done post syn_generic ultra-effort Boolean optimization (236.00 cpu seconds) (56.00 elapsed cpu seconds)
##>====================================== Cadence Confidential (Generic-Logical) ======================================
##>ST Summary (16 partitions in total):
##>--------------------------------------------------------------------------------------------------------------------
##>PARTITION                7         9         2         5         6         3         4        10         8        14
##>--------------------------------------------------------------------------------------------------------------------
##>PRE_WNS               -396      -396      -396      -396      -396      -396      -396     -1677      -396     -1677
##>PRE_TNS             405440    405440    405440    405440    405440    405440    405440    380600    405440    379121
##>PRE_CNT              90656     90656     90656     90656     90656     90656     90656    105503     90656    101821
##>PRE_PORT_CNT           419       419       419       419       419       419       419       554       419       362
##>PRE_AREA              9728      9728      9728      9728      9728      9728      9728     10755      9728     10339
##>PRE_LEAK_PWR          5079      5079      5079      5079      5079      5079      5079      5858      5079      5667
##>PRE_EX_DEL_CNT         419       419       419       419       419       419       419       554       419       362
##>--------------------------------------------------------------------------------------------------------------------
##>POST_WNS              -167      -167      -167      -167      -167      -167      -167      -754      -167      -754
##>POST_TNS            152131    152131    152131    152131    152131    152131    152131     86934    152131     86934
##>POST_CNT             95904     95904     95904     95904     95904     95904     95904     59206     95904     56630
##>POST_PORT_CNT          419       419       419       419       419       419       419       554       419       362
##>POST_AREA             8572      8572      8572      8572      8572      8572      8572      5433      8572      5158
##>POST_LEAK_PWR         4297      4297      4297      4297      4297      4297      4297      3370      4297      3249
##>POST_EX_DEL_CNT        419       419       419       419       419       419       419       554       419       362
##>--------------------------------------------------------------------------------------------------------------------
##>R:Read DB                2         3         2         1         2         2         1         3         2         3
##>R:Mux Opto              17        17        16        16        16        17        16        11        17        11
##>R:Generic             1271      1265      1264      1261      1260      1248      1242      1239      1225      1220
##>R:Retime                 0         0         0         0         0         0         0         0         0         0
##>R:Clk Gate               0         0         0         0         0         0         0         0         0         0
##>R:Const Prop             2         3         3         3         3         2         2         2         3         2
##>R:Gobble                 0         1         0         0         0         0         0         0         0         0
##>R:Set Targets            0         0         0         0         0         0         0         0         0         0
##>R:Write DB               8         9         8         8         8         9         8         5        11         5
##>R:Misc                   0         0         0         0         0         0         0         0         0         0
##>Total Elapsed         1301      1299      1294      1290      1290      1279      1270      1261      1259      1242
##>====================================================================================================================
##>====================================== Cadence Confidential (Generic-Logical) ======================================
##>ST Summary (18 partitions in total):
##>--------------------------------------------------------------------------------------------------------------------
##>PARTITION                0        15        19         9         8        14        11        10        17        12
##>--------------------------------------------------------------------------------------------------------------------
##>PRE_WNS                -10      -167      -754      -167      -167      -167      -167      -167      -754      -167
##>PRE_TNS               1120    152131    112342    152131    152131    152131    152131    152131    115249    152131
##>PRE_CNT              21730     95904     81265     95904     95904     95904     95904     95904     78512     95904
##>PRE_PORT_CNT          2345       419      1979       419       419       419       419       419       706       419
##>PRE_AREA              7122      8572      7668      8572      8572      8572      8572      8572      7198      8572
##>PRE_LEAK_PWR          5174      4297      4757      4297      4297      4297      4297      4297      4473      4297
##>PRE_EX_DEL_CNT        2345       419      1979       419       419       419       419       419       706       419
##>--------------------------------------------------------------------------------------------------------------------
##>POST_WNS               -11      -184      -308      -184      -184      -184      -184      -184      -308      -184
##>POST_TNS              1131    168182     49877    168182    168182    168182    168182    168182     48233    168182
##>POST_CNT             36032     46468     42224     46468     46468     46468     46468     46468     39627     46468
##>POST_PORT_CNT         2345       419      1979       419       419       419       419       419       706       419
##>POST_AREA             7733      5744      5139      5744      5744      5744      5744      5744      4720      5744
##>POST_LEAK_PWR         4546      1927      2057      1927      1927      1927      1927      1927      1897      1927
##>POST_EX_DEL_CNT       2345       419      1979       419       419       419       419       419       706       419
##>--------------------------------------------------------------------------------------------------------------------
##>F:Read DB                0         3         2         3         3         3         3         2         1         2
##>F:Mux Opto               0         0         0         0         0         0         0         0         0         0
##>F:Generic                2         4         4         4         4         4         5         4         3         3
##>F:Retime                 0         0         0         0         0         0         0         0         0         0
##>F:Clk Gate               0         0         0         0         0         0         0         0         0         0
##>F:Const Prop             1        15        10        17        17        15        16        17         5        19
##>F:Gobble                 0         0         0         0         0         0         0         1         0         0
##>F:Set Targets          442       291       290       274       269       270       257       251       260       240
##>F:Write DB               5         6         5         5         5         5         5         4         3         5
##>F:Misc                   0         0         0         0         0         0         0         0         0         0
##>Total Elapsed          450       319       311       303       298       297       286       279       272       269
##>====================================================================================================================
##>Main Thread Summary:
##>----------------------------------------------------------------------------------------
##>STEP                           Elapsed       WNS       TNS     Insts      Area    Memory
##>----------------------------------------------------------------------------------------
##>G:Initial                          180         -         -   1435704    201793      3204
##>G:Early Clock Gating                 0         -         -         -         -         -
##>G:Setup                             13         -         -         -         -      8505
##>G:Launch ST                         27         -         -         -         -      8505
##>G:Design Partition                   7         -         -         -         -      8505
##>G:Create Partition Netlists         29         -         -         -         -      8505
##>G:Init Power                         0         -         -         -         -      8505
##>G:Budgeting                        116         -         -         -         -      8505
##>G:Derenv-DB                         40         -         -         -         -      8505
##>G:Debug Outputs                      0         -         -         -         -         -
##>G:ST loading                         2         -         -         -         -      8505
##>G:Distributed                     3458         -         -         -         -      8505
##>G:Timer                            110         -         -         -         -      8505
##>G:Assembly                          16         -         -         -         -      8505
##>G:DFT                               16         -         -         -         -      8505
##>G:Const Prop                        27         -         -   1061826    148377      5741
##>G:Early Clock Gating Cleanup         0         -         -         -         -         -
##>G:PostGen Opt                       67      -308   1644335   1061826    148377      6156
##>G:Misc                             147
##>----------------------------------------------------------------------------------------
##>Total Elapsed                     4255
##>========================================================================================
Info    : Done synthesizing. [SYNTH-2]
        : Done synthesizing 'sys_top' to generic gates.
      flow.cputime  flow.realtime  timing.setup.tns  timing.setup.wns  snapshot
UM:*                                                                   syn_gen
@file(genus.tcl) 101: syn_map
#------------------------------------------------------------------------------------
# Root attributes for category: opt
#------------------------------------------------------------------------------------
# Feature                           | Attribute                | Value            
#------------------------------------------------------------------------------------
# Power optimization effort         | design_power_effort      | none (default)   
# Do not use qbar sequential pins   | dont_use_qbar_seq_pins   | false (default)  
#------------------------------------------------------------------------------------

##Generic Timing Info for library domain: _default_ typical gate delay: 20.9 ps std_slew: 4.2 ps std_load: 0.8 fF
Mapping ChipWare ICG instances in sys_top
Found 0 unmapped ChipWare ICG instances
Mapped 0 of 0 ChipWare ICG instances
Info    : Mapping. [SYNTH-4]
        : Mapping 'sys_top' using 'medium' effort.
Mapper: Libraries have:
	domain _default_: 167 combo usable cells and 23 sequential usable cells
PBS_TechMap-Start - Elapsed_Time 0, CPU_Time 0.0
stamp 'PBS_TechMap-Start' being created for table 'pbs_debug'

  Total Time (Wall) |  Stage Time (Wall)  |   % (Wall)   |    Date - Time     |  Memory   | Stage
--------------------+---------------------+--------------+--------------------+-----------+----------------------
 00:03:37(00:03:36) |  00:00:00(00:00:00) |   0.0(  0.0) |   12:04:09 (May16) |   3.20 GB | PBS_Generic-Start
--------------------+---------------------+--------------+--------------------+-----------+----------------------
 00:51:33(00:50:29) |  00:47:56(00:46:53) |  64.8( 68.1) |   12:51:02 (May16) |   6.41 GB | PBS_Generic-Post_Genopt
--------------------+---------------------+--------------+--------------------+-----------+----------------------
 01:12:22(01:10:13) |  00:20:49(00:19:44) |  28.2( 28.7) |   13:10:46 (May16) |   6.16 GB | PBS_Generic_Opt-Post
--------------------+---------------------+--------------+--------------------+-----------+----------------------
 01:12:50(01:10:41) |  00:00:28(00:00:28) |   0.6(  0.7) |   13:11:14 (May16) |   5.74 GB | PBS_Generic-Postgen HBO Optimizations
--------------------+---------------------+--------------+--------------------+-----------+----------------------
 01:17:33(01:12:24) |  00:04:43(00:01:43) |   6.4(  2.5) |   13:12:57 (May16) |   5.73 GB | PBS_TechMap-Start
--------------------+---------------------+--------------+--------------------+-----------+----------------------
Number of threads: 8 * 1   (id: pbs_debug, time_info v1.57)
Info: (*N*) indicates data that was populated from previously saved time_info database
Info: CPU time includes time of parent + longest thread
PBS_TechMap-Premap HBO Optimizations - Elapsed_Time 26, CPU_Time 26.0
stamp 'PBS_TechMap-Premap HBO Optimizations' being created for table 'pbs_debug'

  Total Time (Wall) |  Stage Time (Wall)  |   % (Wall)   |    Date - Time     |  Memory   | Stage
--------------------+---------------------+--------------+--------------------+-----------+----------------------
 00:03:37(00:03:36) |  00:00:00(00:00:00) |   0.0(  0.0) |   12:04:09 (May16) |   3.20 GB | PBS_Generic-Start
--------------------+---------------------+--------------+--------------------+-----------+----------------------
 00:51:33(00:50:29) |  00:47:56(00:46:53) |  64.5( 67.7) |   12:51:02 (May16) |   6.41 GB | PBS_Generic-Post_Genopt
--------------------+---------------------+--------------+--------------------+-----------+----------------------
 01:12:22(01:10:13) |  00:20:49(00:19:44) |  28.0( 28.5) |   13:10:46 (May16) |   6.16 GB | PBS_Generic_Opt-Post
--------------------+---------------------+--------------+--------------------+-----------+----------------------
 01:12:50(01:10:41) |  00:00:28(00:00:28) |   0.6(  0.7) |   13:11:14 (May16) |   5.74 GB | PBS_Generic-Postgen HBO Optimizations
--------------------+---------------------+--------------+--------------------+-----------+----------------------
 01:17:33(01:12:24) |  00:04:43(00:01:43) |   6.3(  2.5) |   13:12:57 (May16) |   5.73 GB | PBS_TechMap-Start
--------------------+---------------------+--------------+--------------------+-----------+----------------------
 01:17:59(01:12:50) |  00:00:26(00:00:26) |   0.6(  0.6) |   13:13:23 (May16) |   5.73 GB | PBS_TechMap-Premap HBO Optimizations
--------------------+---------------------+--------------+--------------------+-----------+----------------------
Number of threads: 8 * 1   (id: pbs_debug, time_info v1.57)
Info: (*N*) indicates data that was populated from previously saved time_info database
Info: CPU time includes time of parent + longest thread
Info    : The given (sub)design is already uniquified. [TUI-296]
        : design:sys_top.
        : Try running the 'edit_netlist uniquify' command on the parent hierarchy of this (sub)design, if there exists any.
Info    : Enabling Partition Based Synthesis. [PBS-1]
        : Starting distributed mapping.
Updating ST server settings
     Generating lib_script file: /home/iwyse/common/Documents/ECE510/project/510Project/project/cadence/systolic_16x16/.pbs_mo.ece.pdx.edu_24438/lib_script
Start partitioning.  Summary: MEM {curr: 5.4G, peak: 8.3G, phys curr: 5.6G, phys peak: 13.5G}
Design 'sys_top' is partitioned using gs_apart partitioner
Start timing analysis.  Summary: MEM {curr: 5.4G, peak: 8.3G, phys curr: 5.6G, phys peak: 13.5G}
Done timing analysis.  Summary: RT {elapsed: 37s, ST: 47s}, MEM {curr: 5.5G, peak: 8.3G, phys curr: 5.7G, phys peak: 13.5G}
Start partitioning design sys_top
Gathering design stats...
design has 1061407 leaf instances and 1286 data path operators
Partition size: 100000 and number of partitions 11
Partition Number 0, number of instances 17726, tns 41611
Partition Number 1, number of instances 17814, tns 41611
Partition Number 2, number of instances 17693, tns 41611
Partition Number 3, number of instances 351662, tns 41611
Partition Number 4, number of instances 8465, tns 13535
Partition Number 5, number of instances 229129, tns 34778
Partition Number 6, number of instances 92864, tns 449216
Partition Number 7, number of instances 92864, tns 449216
Partition Number 8, number of instances 70646, tns 121815
Partition Number 9, number of instances 69648, tns 336912
Partition Number 10, number of instances 92896, tns 440832
Partition measurements: total insts: 1061407, number of partitions: 11, max size: 351662, min size: 8465
Partition measurements take CPU time 0.44 secs
Done partitioning.  Summary: RT {elapsed: 100s, ST: 110s}, MEM {curr: 5.5G, peak: 8.3G, phys curr: 5.8G, phys peak: 13.5G}
Start creating partition netlists.  Summary: MEM {curr: 5.5G, peak: 8.3G, phys curr: 5.8G, phys peak: 13.5G}
Done creating partition netlists.  Summary: RT {elapsed: 15s, ST: 15s}, MEM {curr: 6.2G, peak: 8.3G, phys curr: 6.1G, phys peak: 13.5G}
Start budgeting timing for partitions.  Summary: MEM {curr: 6.2G, peak: 8.3G, phys curr: 6.9G, phys peak: 13.5G}
Done budgeting timing for partitions.  Summary: RT {elapsed: 93s, ST: 106s}, MEM {curr: 7.2G, peak: 8.3G, phys curr: 8.0G, phys peak: 13.5G}
Start deriving partition netlists.  Summary: MEM {curr: 7.2G, peak: 8.3G, phys curr: 8.0G, phys peak: 13.5G}
The inst 'pbs_map_4' is selected as pbs candidate. The instance cnt is: '364911'.
The inst 'pbs_map_5' is selected as pbs candidate. The instance cnt is: '9479'.
The inst 'pbs_map_6' is selected as pbs candidate. The instance cnt is: '214932'.
The inst 'pbs_map_3' is selected as pbs candidate. The instance cnt is: '14705'.
The inst 'pbs_map_2' is selected as pbs candidate. The instance cnt is: '14668'.
The inst 'pbs_map_1' is selected as pbs candidate. The instance cnt is: '14668'.
The inst 'pbs_map_11' is selected as pbs candidate. The instance cnt is: '92896'.
The inst 'pbs_map_8' is selected as pbs candidate. The instance cnt is: '92864'.
The inst 'pbs_map_7' is selected as pbs candidate. The instance cnt is: '92864'.
The inst 'pbs_map_10' is selected as pbs candidate. The instance cnt is: '69648'.
The inst 'pbs_map_9' is selected as pbs candidate. The instance cnt is: '79772'.
Done deriving partition netlists.  Summary: RT {elapsed: 40s, ST: 41s}, MEM {curr: 7.2G, peak: 8.3G, phys curr: 8.0G, phys peak: 13.5G}
Wait for super-thread servers to finish loading libraries.
Start super thread servers forking.  Summary: MEM {curr: 7.2G, peak: 8.3G, phys curr: 8.0G, phys peak: 13.5G}
Info    : Connection established with super-threading server. [ST-110]
        : The server 'localhost_1_15' is forked process '4629' on this host.
Info    : Connection established with super-threading server. [ST-110]
        : The server 'localhost_1_16' is forked process '4631' on this host.
Info    : Connection established with super-threading server. [ST-110]
        : The server 'localhost_1_17' is forked process '4634' on this host.
Info    : Connection established with super-threading server. [ST-110]
        : The server 'localhost_1_18' is forked process '4636' on this host.
Info    : Connection established with super-threading server. [ST-110]
        : The server 'localhost_1_19' is forked process '4638' on this host.
Warning : Maximum message print count reached. [MESG-11]
        : Maximum print count of '20' reached for message 'ST-110'.
Done super thread servers forking.  Summary: RT {elapsed: 1s, ST: 0s}, MEM {curr: 7.2G, peak: 8.3G, phys curr: 8.0G, phys peak: 13.5G}
        Distributing super-thread jobs: {pbs_map_4 ./.pbs_mo.ece.pdx.edu_24438/pbs_map_4.etf} {pbs_map_6 ./.pbs_mo.ece.pdx.edu_24438/pbs_map_6.etf} {pbs_map_11 ./.pbs_mo.ece.pdx.edu_24438/pbs_map_11.etf} {pbs_map_7 ./.pbs_mo.ece.pdx.edu_24438/pbs_map_7.etf} {pbs_map_8 ./.pbs_mo.ece.pdx.edu_24438/pbs_map_8.etf} {pbs_map_9 ./.pbs_mo.ece.pdx.edu_24438/pbs_map_9.etf} {pbs_map_10 ./.pbs_mo.ece.pdx.edu_24438/pbs_map_10.etf} {pbs_map_3 ./.pbs_mo.ece.pdx.edu_24438/pbs_map_3.etf} {pbs_map_2 ./.pbs_mo.ece.pdx.edu_24438/pbs_map_2.etf} {pbs_map_1 ./.pbs_mo.ece.pdx.edu_24438/pbs_map_1.etf} {pbs_map_5 ./.pbs_mo.ece.pdx.edu_24438/pbs_map_5.etf}
          Sending 'pbs_map_4 ./.pbs_mo.ece.pdx.edu_24438/pbs_map_4.etf' to server 'localhost_1_19'...
            Sent 'pbs_map_4 ./.pbs_mo.ece.pdx.edu_24438/pbs_map_4.etf' to server 'localhost_1_19'.
          Sending 'pbs_map_6 ./.pbs_mo.ece.pdx.edu_24438/pbs_map_6.etf' to server 'localhost_1_15'...
            Sent 'pbs_map_6 ./.pbs_mo.ece.pdx.edu_24438/pbs_map_6.etf' to server 'localhost_1_15'.
          Sending 'pbs_map_11 ./.pbs_mo.ece.pdx.edu_24438/pbs_map_11.etf' to server 'localhost_1_20'...
            Sent 'pbs_map_11 ./.pbs_mo.ece.pdx.edu_24438/pbs_map_11.etf' to server 'localhost_1_20'.
          Sending 'pbs_map_7 ./.pbs_mo.ece.pdx.edu_24438/pbs_map_7.etf' to server 'localhost_1_16'...
            Sent 'pbs_map_7 ./.pbs_mo.ece.pdx.edu_24438/pbs_map_7.etf' to server 'localhost_1_16'.
          Sending 'pbs_map_8 ./.pbs_mo.ece.pdx.edu_24438/pbs_map_8.etf' to server 'localhost_1_0'...
            Sent 'pbs_map_8 ./.pbs_mo.ece.pdx.edu_24438/pbs_map_8.etf' to server 'localhost_1_0'.
          Sending 'pbs_map_9 ./.pbs_mo.ece.pdx.edu_24438/pbs_map_9.etf' to server 'localhost_1_18'...
            Sent 'pbs_map_9 ./.pbs_mo.ece.pdx.edu_24438/pbs_map_9.etf' to server 'localhost_1_18'.
          Sending 'pbs_map_10 ./.pbs_mo.ece.pdx.edu_24438/pbs_map_10.etf' to server 'localhost_1_17'...
            Sent 'pbs_map_10 ./.pbs_mo.ece.pdx.edu_24438/pbs_map_10.etf' to server 'localhost_1_17'.
          Sending 'pbs_map_3 ./.pbs_mo.ece.pdx.edu_24438/pbs_map_3.etf' to server 'localhost_1_21'...
            Sent 'pbs_map_3 ./.pbs_mo.ece.pdx.edu_24438/pbs_map_3.etf' to server 'localhost_1_21'.
          Received 'pbs_map_3 ./.pbs_mo.ece.pdx.edu_24438/pbs_map_3.etf' from server 'localhost_1_21'. (263420 ms elapsed)
       Partition:  pbs_map_3 - PBS_Map-Distributed_Read_DB - Elapsed_Time 1.00, CPU_Time 1.00
       Partition:  pbs_map_3 - PBS_Map-Distributed_Map - Elapsed_Time 258.00, CPU_Time 220.84
       Partition:  pbs_map_3 - PBS_Map-Distributed_TNS - Elapsed_Time 0.00, CPU_Time 0.00
       Partition: pbs_map_3:  Partitioning - Elapsed_Time 0.65, CPU_Time 0.65 
       Partition: pbs_map_3:  Constant-Propagation - Elapsed_Time 2.28, CPU_Time 2.25 
       Partition: pbs_map_3:  Logic Structuring - Elapsed_Time 98.59, CPU_Time 97.56 
       Partition: pbs_map_3:  Virtual Mapping - Elapsed_Time 29.82, CPU_Time 34.80 
       Partition: pbs_map_3:  Technology Mapping - Elapsed_Time 47.59, CPU_Time 54.75 
       Partition: pbs_map_3:  Core Map - Elapsed_Time 32.49, CPU_Time 16.44 
       Partition: pbs_map_3:  Global Incremental - Elapsed_Time 40.20, CPU_Time 19.68 
       Partition: pbs_map_3:  Mapper - Elapsed_Time 5.72, CPU_Time 5.71 
       Start - Partition: pbs_map_3 Slack: -308.5 TNS: 32973.2 Cell-Count: 14705 Cell-Area: 1773  
Init-Memory: 2412.99
       Done  - Partition: pbs_map_3 Slack: -164.3 TNS: 11038.0 Cell-Count: 20894 Cell-Area: 1723  
Peak-Memory: 2477.03 Elapsed: 259
       Partition:  pbs_map_3 - PBS_Map-Distributed_Report - Elapsed_Time 3.00, CPU_Time 3.00
       Partition:  pbs_map_3 - PBS_Map-Distributed_Write_DB - Elapsed_Time 1.00, CPU_Time 2.00
       pbs_map_3 - PBS_Map-Assembly - Elapsed_Time 1, CPU_Time 2.0
       Partition:  pbs_map_3 - Runtime taken by the partition - Elapsed_Time 263.00, CPU_Time 226.84
          Sending 'pbs_map_2 ./.pbs_mo.ece.pdx.edu_24438/pbs_map_2.etf' to server 'localhost_1_21'...
            Sent 'pbs_map_2 ./.pbs_mo.ece.pdx.edu_24438/pbs_map_2.etf' to server 'localhost_1_21'.
          Received 'pbs_map_2 ./.pbs_mo.ece.pdx.edu_24438/pbs_map_2.etf' from server 'localhost_1_21'. (292828 ms elapsed)
          Sending 'pbs_map_1 ./.pbs_mo.ece.pdx.edu_24438/pbs_map_1.etf' to server 'localhost_1_21'...
            Sent 'pbs_map_1 ./.pbs_mo.ece.pdx.edu_24438/pbs_map_1.etf' to server 'localhost_1_21'.
          Received 'pbs_map_10 ./.pbs_mo.ece.pdx.edu_24438/pbs_map_10.etf' from server 'localhost_1_17'. (735128 ms elapsed)
       Partition:  pbs_map_10 - PBS_Map-Distributed_Read_DB - Elapsed_Time 3.00, CPU_Time 2.00
       Partition:  pbs_map_10 - PBS_Map-Distributed_Map - Elapsed_Time 714.00, CPU_Time 574.01
       Partition:  pbs_map_10 - PBS_Map-Distributed_TNS - Elapsed_Time 0.00, CPU_Time 0.00
       Partition: pbs_map_10:  Partitioning - Elapsed_Time 2.81, CPU_Time 2.81 
       Partition: pbs_map_10:  Constant-Propagation - Elapsed_Time 11.75, CPU_Time 11.71 
       Partition: pbs_map_10:  Logic Structuring - Elapsed_Time 250.59, CPU_Time 250.50 
       Partition: pbs_map_10:  Virtual Mapping - Elapsed_Time 64.28, CPU_Time 82.22 
       Partition: pbs_map_10:  Technology Mapping - Elapsed_Time 92.63, CPU_Time 128.48 
       Partition: pbs_map_10:  Core Map - Elapsed_Time 170.82, CPU_Time 49.35 
       Partition: pbs_map_10:  Global Incremental - Elapsed_Time 87.15, CPU_Time 70.44 
       Partition: pbs_map_10:  Mapper - Elapsed_Time 28.76, CPU_Time 28.74 
       Start - Partition: pbs_map_10 Slack: -184.0 TNS: 255254.4 Cell-Count: 69648 Cell-Area: 8607  
Init-Memory: 2412.99
       Done  - Partition: pbs_map_10 Slack: -16.3 TNS: 14915.2 Cell-Count: 109311 Cell-Area: 8713  
Peak-Memory: 2477.03 Elapsed: 717
       Partition:  pbs_map_10 - PBS_Map-Distributed_Report - Elapsed_Time 12.00, CPU_Time 18.00
       Partition:  pbs_map_10 - PBS_Map-Distributed_Write_DB - Elapsed_Time 5.00, CPU_Time 4.00
       pbs_map_10 - PBS_Map-Assembly - Elapsed_Time 6, CPU_Time 7.0
       Partition:  pbs_map_10 - Runtime taken by the partition - Elapsed_Time 734.00, CPU_Time 598.01
          Sending 'pbs_map_5 ./.pbs_mo.ece.pdx.edu_24438/pbs_map_5.etf' to server 'localhost_1_17'...
            Sent 'pbs_map_5 ./.pbs_mo.ece.pdx.edu_24438/pbs_map_5.etf' to server 'localhost_1_17'.
          Received 'pbs_map_9 ./.pbs_mo.ece.pdx.edu_24438/pbs_map_9.etf' from server 'localhost_1_18'. (809316 ms elapsed)
       Partition:  pbs_map_9 - PBS_Map-Distributed_Read_DB - Elapsed_Time 3.00, CPU_Time 3.00
       Partition:  pbs_map_9 - PBS_Map-Distributed_Map - Elapsed_Time 789.00, CPU_Time 646.41
       Partition:  pbs_map_9 - PBS_Map-Distributed_TNS - Elapsed_Time 0.00, CPU_Time 0.00
       Partition: pbs_map_9:  Partitioning - Elapsed_Time 2.66, CPU_Time 2.66 
       Partition: pbs_map_9:  Constant-Propagation - Elapsed_Time 3.94, CPU_Time 3.92 
       Partition: pbs_map_9:  Logic Structuring - Elapsed_Time 289.94, CPU_Time 289.96 
       Partition: pbs_map_9:  Virtual Mapping - Elapsed_Time 76.42, CPU_Time 95.19 
       Partition: pbs_map_9:  Technology Mapping - Elapsed_Time 110.72, CPU_Time 137.76 
       Partition: pbs_map_9:  Core Map - Elapsed_Time 194.82, CPU_Time 58.37 
       Partition: pbs_map_9:  Global Incremental - Elapsed_Time 70.40, CPU_Time 66.97 
       Partition: pbs_map_9:  Mapper - Elapsed_Time 34.29, CPU_Time 34.24 
       Start - Partition: pbs_map_9 Slack: -308.5 TNS: 105388.2 Cell-Count: 79772 Cell-Area: 9456  
Init-Memory: 2412.99
       Done  - Partition: pbs_map_9 Slack: -171.3 TNS: 54343.8 Cell-Count: 116438 Cell-Area: 9481  
Peak-Memory: 2478.19 Elapsed: 792
       Partition:  pbs_map_9 - PBS_Map-Distributed_Report - Elapsed_Time 11.00, CPU_Time 15.00
       Partition:  pbs_map_9 - PBS_Map-Distributed_Write_DB - Elapsed_Time 5.00, CPU_Time 5.00
       pbs_map_9 - PBS_Map-Assembly - Elapsed_Time 5, CPU_Time 5.0
       Partition:  pbs_map_9 - Runtime taken by the partition - Elapsed_Time 808.00, CPU_Time 669.41
          Received 'pbs_map_1 ./.pbs_mo.ece.pdx.edu_24438/pbs_map_1.etf' from server 'localhost_1_21'. (280961 ms elapsed)
          Received 'pbs_map_11 ./.pbs_mo.ece.pdx.edu_24438/pbs_map_11.etf' from server 'localhost_1_20'. (894609 ms elapsed)
          Received 'pbs_map_7 ./.pbs_mo.ece.pdx.edu_24438/pbs_map_7.etf' from server 'localhost_1_16'. (926092 ms elapsed)
          Received 'pbs_map_5 ./.pbs_mo.ece.pdx.edu_24438/pbs_map_5.etf' from server 'localhost_1_17'. (193599 ms elapsed)
          Received 'pbs_map_8 ./.pbs_mo.ece.pdx.edu_24438/pbs_map_8.etf' from server 'localhost_1_0'. (992428 ms elapsed)
       Partition:  pbs_map_8 - PBS_Map-Distributed_Read_DB - Elapsed_Time 3.00, CPU_Time 3.00
       Partition:  pbs_map_8 - PBS_Map-Distributed_Map - Elapsed_Time 967.00, CPU_Time 790.91
       Partition:  pbs_map_8 - PBS_Map-Distributed_TNS - Elapsed_Time 0.00, CPU_Time 0.00
       Partition: pbs_map_8:  Partitioning - Elapsed_Time 3.95, CPU_Time 3.94 
       Partition: pbs_map_8:  Constant-Propagation - Elapsed_Time 14.86, CPU_Time 14.85 
       Partition: pbs_map_8:  Logic Structuring - Elapsed_Time 348.42, CPU_Time 346.90 
       Partition: pbs_map_8:  Virtual Mapping - Elapsed_Time 89.76, CPU_Time 115.07 
       Partition: pbs_map_8:  Technology Mapping - Elapsed_Time 121.30, CPU_Time 163.66 
       Partition: pbs_map_8:  Core Map - Elapsed_Time 249.13, CPU_Time 73.48 
       Partition: pbs_map_8:  Global Incremental - Elapsed_Time 90.90, CPU_Time 93.17 
       Partition: pbs_map_8:  Mapper - Elapsed_Time 41.00, CPU_Time 41.08 
       Start - Partition: pbs_map_8 Slack: -184.0 TNS: 340339.2 Cell-Count: 92864 Cell-Area: 11476  
Init-Memory: 2477.02
       Done  - Partition: pbs_map_8 Slack: -16.3 TNS: 28073.6 Cell-Count: 145477 Cell-Area: 11609  
Peak-Memory: 2561.29 Elapsed: 971
       Partition:  pbs_map_8 - PBS_Map-Distributed_Report - Elapsed_Time 15.00, CPU_Time 23.00
       Partition:  pbs_map_8 - PBS_Map-Distributed_Write_DB - Elapsed_Time 6.00, CPU_Time 5.00
       pbs_map_8 - PBS_Map-Assembly - Elapsed_Time 7, CPU_Time 8.0
       Partition:  pbs_map_8 - Runtime taken by the partition - Elapsed_Time 991.00, CPU_Time 821.91
       Partition:  pbs_map_7 - PBS_Map-Distributed_Read_DB - Elapsed_Time 3.00, CPU_Time 3.00
       Partition:  pbs_map_7 - PBS_Map-Distributed_Map - Elapsed_Time 898.00, CPU_Time 783.87
       Partition:  pbs_map_7 - PBS_Map-Distributed_TNS - Elapsed_Time 0.00, CPU_Time 0.00
       Partition: pbs_map_7:  Partitioning - Elapsed_Time 3.65, CPU_Time 3.64 
       Partition: pbs_map_7:  Constant-Propagation - Elapsed_Time 15.53, CPU_Time 15.49 
       Partition: pbs_map_7:  Logic Structuring - Elapsed_Time 340.39, CPU_Time 340.50 
       Partition: pbs_map_7:  Virtual Mapping - Elapsed_Time 91.08, CPU_Time 117.51 
       Partition: pbs_map_7:  Technology Mapping - Elapsed_Time 122.25, CPU_Time 164.63 
       Partition: pbs_map_7:  Core Map - Elapsed_Time 173.89, CPU_Time 69.05 
       Partition: pbs_map_7:  Global Incremental - Elapsed_Time 106.92, CPU_Time 101.34 
       Partition: pbs_map_7:  Mapper - Elapsed_Time 37.01, CPU_Time 36.98 
       Start - Partition: pbs_map_7 Slack: -184.0 TNS: 340339.2 Cell-Count: 92864 Cell-Area: 11476  
Init-Memory: 2412.99
       Done  - Partition: pbs_map_7 Slack: -16.3 TNS: 28073.6 Cell-Count: 145477 Cell-Area: 11609  
Peak-Memory: 2495.80 Elapsed: 902
       Partition:  pbs_map_7 - PBS_Map-Distributed_Report - Elapsed_Time 17.00, CPU_Time 26.00
       Partition:  pbs_map_7 - PBS_Map-Distributed_Write_DB - Elapsed_Time 7.00, CPU_Time 6.00
       pbs_map_7 - PBS_Map-Assembly - Elapsed_Time 6, CPU_Time 6.0
       Partition:  pbs_map_7 - Runtime taken by the partition - Elapsed_Time 925.00, CPU_Time 818.87
       Partition:  pbs_map_11 - PBS_Map-Distributed_Read_DB - Elapsed_Time 3.00, CPU_Time 3.00
       Partition:  pbs_map_11 - PBS_Map-Distributed_Map - Elapsed_Time 869.00, CPU_Time 691.81
       Partition:  pbs_map_11 - PBS_Map-Distributed_TNS - Elapsed_Time 0.00, CPU_Time 0.00
       Partition: pbs_map_11:  Partitioning - Elapsed_Time 4.18, CPU_Time 4.17 
       Partition: pbs_map_11:  Constant-Propagation - Elapsed_Time 15.42, CPU_Time 15.37 
       Partition: pbs_map_11:  Logic Structuring - Elapsed_Time 267.70, CPU_Time 265.52 
       Partition: pbs_map_11:  Virtual Mapping - Elapsed_Time 85.87, CPU_Time 108.69 
       Partition: pbs_map_11:  Technology Mapping - Elapsed_Time 110.40, CPU_Time 140.44 
       Partition: pbs_map_11:  Core Map - Elapsed_Time 211.51, CPU_Time 64.81 
       Partition: pbs_map_11:  Global Incremental - Elapsed_Time 128.39, CPU_Time 101.16 
       Partition: pbs_map_11:  Mapper - Elapsed_Time 38.44, CPU_Time 38.40 
       Start - Partition: pbs_map_11 Slack: -184.0 TNS: 325238.4 Cell-Count: 92896 Cell-Area: 11476  
Init-Memory: 2412.99
       Done  - Partition: pbs_map_11 Slack: -28.5 TNS: 42578.9 Cell-Count: 140969 Cell-Area: 11393  
Peak-Memory: 2487.43 Elapsed: 872
       Partition:  pbs_map_11 - PBS_Map-Distributed_Report - Elapsed_Time 14.00, CPU_Time 23.00
       Partition:  pbs_map_11 - PBS_Map-Distributed_Write_DB - Elapsed_Time 7.00, CPU_Time 6.00
       pbs_map_11 - PBS_Map-Assembly - Elapsed_Time 6, CPU_Time 6.0
       Partition:  pbs_map_11 - Runtime taken by the partition - Elapsed_Time 893.00, CPU_Time 723.81
          Received 'pbs_map_6 ./.pbs_mo.ece.pdx.edu_24438/pbs_map_6.etf' from server 'localhost_1_15'. (1157270 ms elapsed)
       Partition:  pbs_map_6 - PBS_Map-Distributed_Read_DB - Elapsed_Time 10.00, CPU_Time 9.00
       Partition:  pbs_map_6 - PBS_Map-Distributed_Map - Elapsed_Time 1105.00, CPU_Time 1044.80
       Partition:  pbs_map_6 - PBS_Map-Distributed_TNS - Elapsed_Time 0.00, CPU_Time 0.00
       Partition: pbs_map_6:  Partitioning - Elapsed_Time 7.82, CPU_Time 7.81 
       Partition: pbs_map_6:  Constant-Propagation - Elapsed_Time 4.96, CPU_Time 4.96 
       Partition: pbs_map_6:  Logic Structuring - Elapsed_Time 190.23, CPU_Time 188.52 
       Partition: pbs_map_6:  Virtual Mapping - Elapsed_Time 155.56, CPU_Time 214.76 
       Partition: pbs_map_6:  Technology Mapping - Elapsed_Time 166.41, CPU_Time 192.26 
       Partition: pbs_map_6:  Core Map - Elapsed_Time 264.12, CPU_Time 205.19 
       Partition: pbs_map_6:  Global Incremental - Elapsed_Time 238.27, CPU_Time 238.00 
       Partition: pbs_map_6:  Mapper - Elapsed_Time 59.30, CPU_Time 59.26 
       Start - Partition: pbs_map_6 Slack: -308.5 TNS: 23860.1 Cell-Count: 214932 Cell-Area: 22716  
Init-Memory: 2817.94
       Done  - Partition: pbs_map_6 Slack: -163.6 TNS: 66582.5 Cell-Count: 174434 Cell-Area: 13562  
Peak-Memory: 3663.49 Elapsed: 1116
       Partition:  pbs_map_6 - PBS_Map-Distributed_Report - Elapsed_Time 26.00, CPU_Time 37.00
       Partition:  pbs_map_6 - PBS_Map-Distributed_Write_DB - Elapsed_Time 14.00, CPU_Time 14.00
       pbs_map_6 - PBS_Map-Assembly - Elapsed_Time 16, CPU_Time 16.0
       Partition:  pbs_map_6 - Runtime taken by the partition - Elapsed_Time 1155.00, CPU_Time 1104.80
          Received 'pbs_map_4 ./.pbs_mo.ece.pdx.edu_24438/pbs_map_4.etf' from server 'localhost_1_19'. (2418154 ms elapsed)
       Partition:  pbs_map_4 - PBS_Map-Distributed_Read_DB - Elapsed_Time 16.00, CPU_Time 14.00
       Partition:  pbs_map_4 - PBS_Map-Distributed_Map - Elapsed_Time 2298.00, CPU_Time 2409.52
       Partition:  pbs_map_4 - PBS_Map-Distributed_TNS - Elapsed_Time 0.00, CPU_Time 0.00
       Partition: pbs_map_4:  Partitioning - Elapsed_Time 24.35, CPU_Time 24.35 
       Partition: pbs_map_4:  Constant-Propagation - Elapsed_Time 15.14, CPU_Time 15.13 
       Partition: pbs_map_4:  Logic Structuring - Elapsed_Time 409.00, CPU_Time 408.45 
       Partition: pbs_map_4:  Virtual Mapping - Elapsed_Time 331.88, CPU_Time 928.46 
       Partition: pbs_map_4:  Technology Mapping - Elapsed_Time 191.63, CPU_Time 803.93 
       Partition: pbs_map_4:  Core Map - Elapsed_Time 545.01, CPU_Time 629.65 
       Partition: pbs_map_4:  Global Incremental - Elapsed_Time 597.70, CPU_Time 627.69 
       Partition: pbs_map_4:  Mapper - Elapsed_Time 142.81, CPU_Time 142.31 
       Start - Partition: pbs_map_4 Slack: -308.5 TNS: 36382.6 Cell-Count: 364911 Cell-Area: 66547  
Init-Memory: 3950.59
       Done  - Partition: pbs_map_4 Slack: -164.3 TNS: 33493.2 Cell-Count: 447414 Cell-Area: 69577  
Peak-Memory: 10599.16 Elapsed: 2316
       Partition:  pbs_map_4 - PBS_Map-Distributed_Report - Elapsed_Time 68.00, CPU_Time 103.00
       Partition:  pbs_map_4 - PBS_Map-Distributed_Write_DB - Elapsed_Time 29.00, CPU_Time 29.00
       pbs_map_4 - PBS_Map-Assembly - Elapsed_Time 39, CPU_Time 39.0
       Partition:  pbs_map_4 - Runtime taken by the partition - Elapsed_Time 2411.00, CPU_Time 2555.52
       Partition:  pbs_map_2 - PBS_Map-Distributed_Read_DB - Elapsed_Time 1.00, CPU_Time 1.00
       Partition:  pbs_map_2 - PBS_Map-Distributed_Map - Elapsed_Time 280.00, CPU_Time 229.96
       Partition:  pbs_map_2 - PBS_Map-Distributed_TNS - Elapsed_Time 0.00, CPU_Time 0.00
       Partition: pbs_map_2:  Partitioning - Elapsed_Time 1.35, CPU_Time 1.35 
       Partition: pbs_map_2:  Constant-Propagation - Elapsed_Time 5.55, CPU_Time 5.47 
       Partition: pbs_map_2:  Logic Structuring - Elapsed_Time 203.47, CPU_Time 201.58 
       Partition: pbs_map_2:  Virtual Mapping - Elapsed_Time 60.70, CPU_Time 75.97 
       Partition: pbs_map_2:  Technology Mapping - Elapsed_Time 96.47, CPU_Time 116.22 
       Partition: pbs_map_2:  Core Map - Elapsed_Time 99.46, CPU_Time 34.65 
       Partition: pbs_map_2:  Global Incremental - Elapsed_Time 55.89, CPU_Time 35.28 
       Partition: pbs_map_2:  Mapper - Elapsed_Time 13.07, CPU_Time 13.04 
       Start - Partition: pbs_map_2 Slack: -308.5 TNS: 32774.4 Cell-Count: 14668 Cell-Area: 1768  
Init-Memory: 2486.12
       Done  - Partition: pbs_map_2 Slack: -164.3 TNS: 11107.2 Cell-Count: 20839 Cell-Area: 1717  
Peak-Memory: 2521.95 Elapsed: 281
       Partition:  pbs_map_2 - PBS_Map-Distributed_Report - Elapsed_Time 2.00, CPU_Time 3.00
       Partition:  pbs_map_2 - PBS_Map-Distributed_Write_DB - Elapsed_Time 1.00, CPU_Time 2.00
       pbs_map_2 - PBS_Map-Assembly - Elapsed_Time 1, CPU_Time 1.0
       Partition:  pbs_map_2 - Runtime taken by the partition - Elapsed_Time 284.00, CPU_Time 235.96
       Partition:  pbs_map_1 - PBS_Map-Distributed_Read_DB - Elapsed_Time 0.00, CPU_Time 0.00
       Partition:  pbs_map_1 - PBS_Map-Distributed_Map - Elapsed_Time 278.00, CPU_Time 224.56
       Partition:  pbs_map_1 - PBS_Map-Distributed_TNS - Elapsed_Time 0.00, CPU_Time 0.00
       Partition: pbs_map_1:  Partitioning - Elapsed_Time 1.90, CPU_Time 1.90 
       Partition: pbs_map_1:  Constant-Propagation - Elapsed_Time 7.99, CPU_Time 7.88 
       Partition: pbs_map_1:  Logic Structuring - Elapsed_Time 304.93, CPU_Time 302.04 
       Partition: pbs_map_1:  Virtual Mapping - Elapsed_Time 90.25, CPU_Time 111.75 
       Partition: pbs_map_1:  Technology Mapping - Elapsed_Time 143.47, CPU_Time 170.38 
       Partition: pbs_map_1:  Core Map - Elapsed_Time 166.93, CPU_Time 52.59 
       Partition: pbs_map_1:  Global Incremental - Elapsed_Time 78.57, CPU_Time 54.66 
       Partition: pbs_map_1:  Mapper - Elapsed_Time 18.59, CPU_Time 18.55 
       Start - Partition: pbs_map_1 Slack: -308.5 TNS: 32973.2 Cell-Count: 14668 Cell-Area: 1768  
Init-Memory: 2487.21
       Done  - Partition: pbs_map_1 Slack: -164.3 TNS: 11038.0 Cell-Count: 20847 Cell-Area: 1717  
Peak-Memory: 2523.05 Elapsed: 278
       Partition:  pbs_map_1 - PBS_Map-Distributed_Report - Elapsed_Time 2.00, CPU_Time 3.00
       Partition:  pbs_map_1 - PBS_Map-Distributed_Write_DB - Elapsed_Time 1.00, CPU_Time 0.00
       pbs_map_1 - PBS_Map-Assembly - Elapsed_Time 1, CPU_Time 1.0
       Partition:  pbs_map_1 - Runtime taken by the partition - Elapsed_Time 281.00, CPU_Time 227.56
       Partition:  pbs_map_5 - PBS_Map-Distributed_Read_DB - Elapsed_Time 1.00, CPU_Time 0.00
       Partition:  pbs_map_5 - PBS_Map-Distributed_Map - Elapsed_Time 177.00, CPU_Time 163.33
       Partition:  pbs_map_5 - PBS_Map-Distributed_TNS - Elapsed_Time 0.00, CPU_Time 0.00
       Partition: pbs_map_5:  Partitioning - Elapsed_Time 3.19, CPU_Time 3.19 
       Partition: pbs_map_5:  Constant-Propagation - Elapsed_Time 12.67, CPU_Time 12.60 
       Partition: pbs_map_5:  Logic Structuring - Elapsed_Time 336.11, CPU_Time 336.59 
       Partition: pbs_map_5:  Virtual Mapping - Elapsed_Time 81.60, CPU_Time 107.12 
       Partition: pbs_map_5:  Technology Mapping - Elapsed_Time 124.31, CPU_Time 171.86 
       Partition: pbs_map_5:  Core Map - Elapsed_Time 196.64, CPU_Time 61.73 
       Partition: pbs_map_5:  Global Incremental - Elapsed_Time 98.66, CPU_Time 81.70 
       Partition: pbs_map_5:  Mapper - Elapsed_Time 32.17, CPU_Time 32.14 
       Start - Partition: pbs_map_5 Slack: -308.5 TNS: 11702.0 Cell-Count: 9479 Cell-Area: 1213  
Init-Memory: 2489.25
       Done  - Partition: pbs_map_5 Slack: -164.3 TNS: 8513.2 Cell-Count: 14143 Cell-Area: 1294  
Peak-Memory: 2525.09 Elapsed: 178
       Partition:  pbs_map_5 - PBS_Map-Distributed_Report - Elapsed_Time 1.00, CPU_Time 1.00
       Partition:  pbs_map_5 - PBS_Map-Distributed_Write_DB - Elapsed_Time 1.00, CPU_Time 1.00
       pbs_map_5 - PBS_Map-Assembly - Elapsed_Time 0, CPU_Time 1.0
       Partition:  pbs_map_5 - Runtime taken by the partition - Elapsed_Time 180.00, CPU_Time 165.33
Assembled design in-time

State Retention Synthesis Status
================================

Category                         Flops   Percentage
---------------------------------------------------
Total instances                 170007        100.0
Excluded from State Retention   170007        100.0
    - Will not convert          170007        100.0
      - Preserved                    0          0.0
      - Power intent excluded   170007        100.0
    - Could not convert              0          0.0
      - Scan type                    0          0.0
      - No suitable cell             0          0.0
State Retention instances            0          0.0
---------------------------------------------------


+-----------+----------------+-----+----------------------+---------------------------+
|   Host    |    Machine     | CPU | Physical Memory (MB) | Peak Physical Memory (MB) |
+-----------+----------------+-----+----------------------+---------------------------+
| localhost | mo.ece.pdx.edu |  8  |       13678.8        |          20172.7          |
+-----------+----------------+-----+----------------------+---------------------------+

+----------------+----------------------+---------------------------+
|     Server     | Physical Memory (MB) | Peak Physical Memory (MB) |
+----------------+----------------------+---------------------------+
| localhost_1_18 |      699.1 [1]       |          [1] [2]          |
| localhost_1_15 |      1297.1 [1]      |          [1] [2]          |
| localhost_1_19 |      2520.2 [1]      |          [1] [2]          |
| localhost_1_17 |      695.9 [1]       |          [1] [2]          |
| localhost_1_0  |      8345.2 [3]      |        14884.1 [3]        |
| localhost_1_20 |      796.6 [1]       |          [1] [2]          |
| localhost_1_21 |      694.9 [1]       |          [1] [2]          |
| localhost_1_16 |      801.2 [1]       |          [1] [2]          |
+----------------+----------------------+---------------------------+
[1] Memory is included in parent localhost_1_0.
[2] Peak physical memory is not available for forked background servers.
[3] Memory of child processes is included.

INFO: skipping constant propagation
PBS_Techmap-Global Mapping - Elapsed_Time 2746, CPU_Time 2957.6490519999998
stamp 'PBS_Techmap-Global Mapping' being created for table 'pbs_debug'

  Total Time (Wall) |  Stage Time (Wall)  |   % (Wall)   |    Date - Time     |  Memory   | Stage
--------------------+---------------------+--------------+--------------------+-----------+----------------------
 00:03:37(00:03:36) |  00:00:00(00:00:00) |   0.0(  0.0) |   12:04:09 (May16) |   3.20 GB | PBS_Generic-Start
--------------------+---------------------+--------------+--------------------+-----------+----------------------
 00:51:33(00:50:29) |  00:47:56(00:46:53) |  38.8( 40.8) |   12:51:02 (May16) |   6.41 GB | PBS_Generic-Post_Genopt
--------------------+---------------------+--------------+--------------------+-----------+----------------------
 01:12:22(01:10:13) |  00:20:49(00:19:44) |  16.8( 17.2) |   13:10:46 (May16) |   6.16 GB | PBS_Generic_Opt-Post
--------------------+---------------------+--------------+--------------------+-----------+----------------------
 01:12:50(01:10:41) |  00:00:28(00:00:28) |   0.4(  0.4) |   13:11:14 (May16) |   5.74 GB | PBS_Generic-Postgen HBO Optimizations
--------------------+---------------------+--------------+--------------------+-----------+----------------------
 01:17:33(01:12:24) |  00:04:43(00:01:43) |   3.8(  1.5) |   13:12:57 (May16) |   5.73 GB | PBS_TechMap-Start
--------------------+---------------------+--------------+--------------------+-----------+----------------------
 01:17:59(01:12:50) |  00:00:26(00:00:26) |   0.4(  0.4) |   13:13:23 (May16) |   5.73 GB | PBS_TechMap-Premap HBO Optimizations
--------------------+---------------------+--------------+--------------------+-----------+----------------------
 02:07:17(01:58:36) |  00:49:17(00:45:46) |  39.9( 39.8) |   13:59:09 (May16) |   7.66 GB | PBS_Techmap-Global Mapping
--------------------+---------------------+--------------+--------------------+-----------+----------------------
Number of threads: 8 * 1   (id: pbs_debug, time_info v1.57)
Info: (*N*) indicates data that was populated from previously saved time_info database
Info: CPU time includes time of parent + longest thread
Info    : Wrote formal verification information. [CFM-5]
        : Wrote 'fv/sys_top/fv_map.fv.json' for netlist 'fv/sys_top/fv_map.v.gz'.
Info    : Existing dofile found. Copied as fv/sys_top/rtl_to_fv_map.do~.
Info    : Wrote dofile. [CFM-1]
        : Dofile is 'fv/sys_top/rtl_to_fv_map.do'.
        : RTL names flow is enabled.
PBS_TechMap-Datapath Postmap Operations - Elapsed_Time 315, CPU_Time 333.78420499999993
stamp 'PBS_TechMap-Datapath Postmap Operations' being created for table 'pbs_debug'

  Total Time (Wall) |  Stage Time (Wall)  |   % (Wall)   |    Date - Time     |  Memory   | Stage
--------------------+---------------------+--------------+--------------------+-----------+----------------------
 00:03:37(00:03:36) |  00:00:00(00:00:00) |   0.0(  0.0) |   12:04:09 (May16) |   3.20 GB | PBS_Generic-Start
--------------------+---------------------+--------------+--------------------+-----------+----------------------
 00:51:33(00:50:29) |  00:47:56(00:46:53) |  37.1( 39.0) |   12:51:02 (May16) |   6.41 GB | PBS_Generic-Post_Genopt
--------------------+---------------------+--------------+--------------------+-----------+----------------------
 01:12:22(01:10:13) |  00:20:49(00:19:44) |  16.1( 16.4) |   13:10:46 (May16) |   6.16 GB | PBS_Generic_Opt-Post
--------------------+---------------------+--------------+--------------------+-----------+----------------------
 01:12:50(01:10:41) |  00:00:28(00:00:28) |   0.4(  0.4) |   13:11:14 (May16) |   5.74 GB | PBS_Generic-Postgen HBO Optimizations
--------------------+---------------------+--------------+--------------------+-----------+----------------------
 01:17:33(01:12:24) |  00:04:43(00:01:43) |   3.6(  1.4) |   13:12:57 (May16) |   5.73 GB | PBS_TechMap-Start
--------------------+---------------------+--------------+--------------------+-----------+----------------------
 01:17:59(01:12:50) |  00:00:26(00:00:26) |   0.3(  0.4) |   13:13:23 (May16) |   5.73 GB | PBS_TechMap-Premap HBO Optimizations
--------------------+---------------------+--------------+--------------------+-----------+----------------------
 02:07:17(01:58:36) |  00:49:17(00:45:46) |  38.1( 38.1) |   13:59:09 (May16) |   7.66 GB | PBS_Techmap-Global Mapping
--------------------+---------------------+--------------+--------------------+-----------+----------------------
 02:12:51(02:03:51) |  00:05:33(00:05:15) |   4.3(  4.4) |   14:04:24 (May16) |   6.25 GB | PBS_TechMap-Datapath Postmap Operations
--------------------+---------------------+--------------+--------------------+-----------+----------------------
Number of threads: 8 * 1   (id: pbs_debug, time_info v1.57)
Info: (*N*) indicates data that was populated from previously saved time_info database
Info: CPU time includes time of parent + longest thread
PBS_TechMap-Postmap HBO Optimizations - Elapsed_Time 34, CPU_Time 43.20517699999982
stamp 'PBS_TechMap-Postmap HBO Optimizations' being created for table 'pbs_debug'

  Total Time (Wall) |  Stage Time (Wall)  |   % (Wall)   |    Date - Time     |  Memory   | Stage
--------------------+---------------------+--------------+--------------------+-----------+----------------------
 00:03:37(00:03:36) |  00:00:00(00:00:00) |   0.0(  0.0) |   12:04:09 (May16) |   3.20 GB | PBS_Generic-Start
--------------------+---------------------+--------------+--------------------+-----------+----------------------
 00:51:33(00:50:29) |  00:47:56(00:46:53) |  36.9( 38.8) |   12:51:02 (May16) |   6.41 GB | PBS_Generic-Post_Genopt
--------------------+---------------------+--------------+--------------------+-----------+----------------------
 01:12:22(01:10:13) |  00:20:49(00:19:44) |  16.0( 16.3) |   13:10:46 (May16) |   6.16 GB | PBS_Generic_Opt-Post
--------------------+---------------------+--------------+--------------------+-----------+----------------------
 01:12:50(01:10:41) |  00:00:28(00:00:28) |   0.4(  0.4) |   13:11:14 (May16) |   5.74 GB | PBS_Generic-Postgen HBO Optimizations
--------------------+---------------------+--------------+--------------------+-----------+----------------------
 01:17:33(01:12:24) |  00:04:43(00:01:43) |   3.6(  1.4) |   13:12:57 (May16) |   5.73 GB | PBS_TechMap-Start
--------------------+---------------------+--------------+--------------------+-----------+----------------------
 01:17:59(01:12:50) |  00:00:26(00:00:26) |   0.3(  0.4) |   13:13:23 (May16) |   5.73 GB | PBS_TechMap-Premap HBO Optimizations
--------------------+---------------------+--------------+--------------------+-----------+----------------------
 02:07:17(01:58:36) |  00:49:17(00:45:46) |  37.9( 37.9) |   13:59:09 (May16) |   7.66 GB | PBS_Techmap-Global Mapping
--------------------+---------------------+--------------+--------------------+-----------+----------------------
 02:12:51(02:03:51) |  00:05:33(00:05:15) |   4.3(  4.3) |   14:04:24 (May16) |   6.25 GB | PBS_TechMap-Datapath Postmap Operations
--------------------+---------------------+--------------+--------------------+-----------+----------------------
 02:13:34(02:04:25) |  00:00:43(00:00:34) |   0.6(  0.5) |   14:04:59 (May16) |   6.26 GB | PBS_TechMap-Postmap HBO Optimizations
--------------------+---------------------+--------------+--------------------+-----------+----------------------
Number of threads: 8 * 1   (id: pbs_debug, time_info v1.57)
Info: (*N*) indicates data that was populated from previously saved time_info database
Info: CPU time includes time of parent + longest thread
 Doing ConstProp on design:sys_top ... 

Time taken by ConstProp Step: 00:07:53
PBS_TechMap-Postmap Clock Gating - Elapsed_Time 485, CPU_Time 484.9999999999991
stamp 'PBS_TechMap-Postmap Clock Gating' being created for table 'pbs_debug'

  Total Time (Wall) |  Stage Time (Wall)  |   % (Wall)   |    Date - Time     |  Memory   | Stage
--------------------+---------------------+--------------+--------------------+-----------+----------------------
 00:03:37(00:03:36) |  00:00:00(00:00:00) |   0.0(  0.0) |   12:04:09 (May16) |   3.20 GB | PBS_Generic-Start
--------------------+---------------------+--------------+--------------------+-----------+----------------------
 00:51:33(00:50:29) |  00:47:56(00:46:53) |  34.7( 36.4) |   12:51:02 (May16) |   6.41 GB | PBS_Generic-Post_Genopt
--------------------+---------------------+--------------+--------------------+-----------+----------------------
 01:12:22(01:10:13) |  00:20:49(00:19:44) |  15.1( 15.3) |   13:10:46 (May16) |   6.16 GB | PBS_Generic_Opt-Post
--------------------+---------------------+--------------+--------------------+-----------+----------------------
 01:12:50(01:10:41) |  00:00:28(00:00:28) |   0.3(  0.4) |   13:11:14 (May16) |   5.74 GB | PBS_Generic-Postgen HBO Optimizations
--------------------+---------------------+--------------+--------------------+-----------+----------------------
 01:17:33(01:12:24) |  00:04:43(00:01:43) |   3.4(  1.3) |   13:12:57 (May16) |   5.73 GB | PBS_TechMap-Start
--------------------+---------------------+--------------+--------------------+-----------+----------------------
 01:17:59(01:12:50) |  00:00:26(00:00:26) |   0.3(  0.3) |   13:13:23 (May16) |   5.73 GB | PBS_TechMap-Premap HBO Optimizations
--------------------+---------------------+--------------+--------------------+-----------+----------------------
 02:07:17(01:58:36) |  00:49:17(00:45:46) |  35.7( 35.5) |   13:59:09 (May16) |   7.66 GB | PBS_Techmap-Global Mapping
--------------------+---------------------+--------------+--------------------+-----------+----------------------
 02:12:51(02:03:51) |  00:05:33(00:05:15) |   4.0(  4.1) |   14:04:24 (May16) |   6.25 GB | PBS_TechMap-Datapath Postmap Operations
--------------------+---------------------+--------------+--------------------+-----------+----------------------
 02:13:34(02:04:25) |  00:00:43(00:00:34) |   0.5(  0.4) |   14:04:59 (May16) |   6.26 GB | PBS_TechMap-Postmap HBO Optimizations
--------------------+---------------------+--------------+--------------------+-----------+----------------------
 02:21:39(02:12:31) |  00:08:04(00:08:06) |   5.9(  6.3) |   14:13:04 (May16) |   6.11 GB | PBS_TechMap-Postmap Clock Gating
--------------------+---------------------+--------------+--------------------+-----------+----------------------
Number of threads: 8 * 1   (id: pbs_debug, time_info v1.57)
Info: (*N*) indicates data that was populated from previously saved time_info database
Info: CPU time includes time of parent + longest thread
-------------------------------------------------------------------------------
 hi_fo_buf                143915     -166   -492964      2562       11
            Worst cost_group: clk, WNS: -166.7
            Path: u_rb/total_cnt_reg[3]/CLK --> m_axis_tdata[117]

           Trick     Calls     Accepts   Attempts    Time(secs) 
-----------------------------------------------------------
       hi_fo_buf      1527  (     1526 /     1526 )  95.94

 
Incremental optimization status
===============================
                                   Group   
                                  Tot Wrst     Total - - DRC Totals - -
                           Total  Weighted      Neg      Max       Max 
Operation                   Area   Slacks      Slack    Trans      Cap 
 init_delay               143915     -166   -492964      2562       11
            Worst cost_group: clk, WNS: -166.7
            Path: u_rb/total_cnt_reg[3]/CLK --> m_axis_tdata[117]
 incr_delay               144002     -115   -423026      2562       11
            Worst cost_group: clk, WNS: -115.8
            Path: u_rb/g_postproc[1].u_gelu/r2_den_reg[3]/CLK -->
                    u_rb/g_postproc[1].u_gelu/r3_y1_reg[26]/D
 incr_delay               144038     -106   -416095      2562       11
            Worst cost_group: clk, WNS: -106.4
            Path: u_rb/g_postproc[1].u_gelu/r2_den_reg[3]/CLK -->
                    u_rb/g_postproc[1].u_gelu/r3_y1_reg[16]/D
 incr_delay               144061     -101   -410368      2562       11
            Worst cost_group: clk, WNS: -101.8
            Path: u_rb/g_postproc[1].u_gelu/r2_den_reg[14]/CLK -->
                    u_rb/g_postproc[1].u_gelu/r3_y1_reg[30]/D
 incr_delay               144077      -98   -410062      2562       11
            Worst cost_group: clk, WNS: -98.8
            Path: u_rb/g_postproc[4].u_gelu/r2_den_reg[14]/CLK -->
                    u_rb/g_postproc[4].u_gelu/r3_y1_reg[30]/D
 incr_delay               144080      -98   -409710      2562       11
            Worst cost_group: clk, WNS: -98.1
            Path: u_rb/g_postproc[1].u_gelu/r2_den_reg[14]/CLK -->
                    u_rb/g_postproc[1].u_gelu/r3_y1_reg[30]/D
 incr_delay               144081      -97   -409458      2562       11
            Worst cost_group: clk, WNS: -97.7
            Path: u_rb/g_postproc[12].u_gelu/r2_den_reg[14]/CLK -->
                    u_rb/g_postproc[12].u_gelu/r3_y1_reg[30]/D
 incr_delay               144081      -97   -409386      2562       11
            Worst cost_group: clk, WNS: -97.4
            Path: u_rb/g_postproc[12].u_gelu/r2_den_reg[14]/CLK -->
                    u_rb/g_postproc[12].u_gelu/r3_y1_reg[30]/D

           Trick     Calls     Accepts   Attempts    Time(secs) 
-----------------------------------------------------------
       crit_upsz     14181  (     3252 /     3528 )  136.76
    plc_bal_star         0  (        0 /        0 )  0.00
     drc_buftimb         0  (        0 /        0 )  0.00
          plc_st       700  (        0 /        0 )  0.00
    plc_st_fence       700  (        0 /        0 )  0.00
        plc_star       700  (        0 /        0 )  0.00
      plc_laf_st       700  (        0 /        0 )  0.00
 plc_laf_st_fence       700  (        0 /        0 )  0.00
     drc_buftims         0  (        0 /        0 )  0.00
            fopt      6814  (      817 /      931 )  39.45
   plc_laf_lo_st       700  (        0 /        0 )  0.00
       plc_lo_st       700  (        0 /        0 )  0.00
        mb_split       700  (        0 /        0 )  0.00

 
Local TNS optimization status
=============================
                                   Group   
                                  Tot Wrst     Total - - DRC Totals - -
                           Total  Weighted      Neg      Max       Max 
Operation                   Area   Slacks      Slack    Trans      Cap 
 init_tns                 144081      -97   -409386      2562       11
            Worst cost_group: clk, WNS: -97.4
            Path: u_rb/g_postproc[12].u_gelu/r2_den_reg[14]/CLK -->
                    u_rb/g_postproc[12].u_gelu/r3_y1_reg[30]/D
 incr_tns                 144098      -97   -361934      2562       11
            Worst cost_group: clk, WNS: -97.4
            Path: u_rb/g_postproc[12].u_gelu/r2_den_reg[14]/CLK -->
                    u_rb/g_postproc[12].u_gelu/r3_y1_reg[30]/D
 incr_tns                 144105      -97   -313423      2562       11
            Worst cost_group: clk, WNS: -97.4
            Path: u_rb/g_postproc[12].u_gelu/r2_den_reg[14]/CLK -->
                    u_rb/g_postproc[12].u_gelu/r3_y1_reg[30]/D
 incr_tns                 144107      -97   -292980      2562       11
            Worst cost_group: clk, WNS: -97.4
            Path: u_rb/g_postproc[12].u_gelu/r2_den_reg[14]/CLK -->
                    u_rb/g_postproc[12].u_gelu/r3_y1_reg[30]/D
 incr_tns                 144111      -97   -282980      2562       11
            Worst cost_group: clk, WNS: -97.2
            Path: u_rb/g_postproc[2].u_gelu/r2_den_reg[12]/CLK -->
                    u_rb/g_postproc[2].u_gelu/r3_y1_reg[30]/D
 incr_tns                 144111      -97   -275385      2562       11
            Worst cost_group: clk, WNS: -97.0
            Path: u_rb/g_postproc[2].u_gelu/r3_y1_reg[19]/CLK -->
                    u_rb/g_postproc[2].u_gelu/r3b_y2_reg[29]/D
 incr_tns                 144111      -97   -275385      2562       11
            Worst cost_group: clk, WNS: -97.0
            Path: u_rb/g_postproc[2].u_gelu/r3_y1_reg[19]/CLK -->
                    u_rb/g_postproc[2].u_gelu/r3b_y2_reg[29]/D

           Trick     Calls     Accepts   Attempts    Time(secs) 
-----------------------------------------------------------
    plc_bal_star         0  (        0 /        0 )  0.00
     drc_buftimb         0  (        0 /        0 )  0.00
     drc_buftims         0  (        0 /        0 )  0.00
       crit_upsz      8000  (     1830 /     2726 )  113.18
   plc_laf_lo_st      6170  (        0 /        0 )  0.01
       plc_lo_st      6170  (        0 /        0 )  0.00
            fopt      6170  (        0 /        1 )  9.89
       crit_dnsz     35330  (     2883 /     6224 )  135.11
             dup      3287  (        6 /       84 )  4.92
        setup_dn      3281  (        0 /        0 )  0.01
        mb_split      3281  (        0 /        0 )  0.09

PBS_TechMap-Postmap Cleanup - Elapsed_Time 602, CPU_Time 714.9287590000113
stamp 'PBS_TechMap-Postmap Cleanup' being created for table 'pbs_debug'

  Total Time (Wall) |  Stage Time (Wall)  |   % (Wall)   |    Date - Time     |  Memory   | Stage
--------------------+---------------------+--------------+--------------------+-----------+----------------------
 00:03:37(00:03:36) |  00:00:00(00:00:00) |   0.0(  0.0) |   12:04:09 (May16) |   3.20 GB | PBS_Generic-Start
--------------------+---------------------+--------------+--------------------+-----------+----------------------
 00:51:33(00:50:29) |  00:47:56(00:46:53) |  32.0( 33.7) |   12:51:02 (May16) |   6.41 GB | PBS_Generic-Post_Genopt
--------------------+---------------------+--------------+--------------------+-----------+----------------------
 01:12:22(01:10:13) |  00:20:49(00:19:44) |  13.9( 14.2) |   13:10:46 (May16) |   6.16 GB | PBS_Generic_Opt-Post
--------------------+---------------------+--------------+--------------------+-----------+----------------------
 01:12:50(01:10:41) |  00:00:28(00:00:28) |   0.3(  0.3) |   13:11:14 (May16) |   5.74 GB | PBS_Generic-Postgen HBO Optimizations
--------------------+---------------------+--------------+--------------------+-----------+----------------------
 01:17:33(01:12:24) |  00:04:43(00:01:43) |   3.1(  1.2) |   13:12:57 (May16) |   5.73 GB | PBS_TechMap-Start
--------------------+---------------------+--------------+--------------------+-----------+----------------------
 01:17:59(01:12:50) |  00:00:26(00:00:26) |   0.3(  0.3) |   13:13:23 (May16) |   5.73 GB | PBS_TechMap-Premap HBO Optimizations
--------------------+---------------------+--------------+--------------------+-----------+----------------------
 02:07:17(01:58:36) |  00:49:17(00:45:46) |  32.9( 32.9) |   13:59:09 (May16) |   7.66 GB | PBS_Techmap-Global Mapping
--------------------+---------------------+--------------+--------------------+-----------+----------------------
 02:12:51(02:03:51) |  00:05:33(00:05:15) |   3.7(  3.8) |   14:04:24 (May16) |   6.25 GB | PBS_TechMap-Datapath Postmap Operations
--------------------+---------------------+--------------+--------------------+-----------+----------------------
 02:13:34(02:04:25) |  00:00:43(00:00:34) |   0.5(  0.4) |   14:04:59 (May16) |   6.26 GB | PBS_TechMap-Postmap HBO Optimizations
--------------------+---------------------+--------------+--------------------+-----------+----------------------
 02:21:39(02:12:31) |  00:08:04(00:08:06) |   5.4(  5.8) |   14:13:04 (May16) |   6.11 GB | PBS_TechMap-Postmap Clock Gating
--------------------+---------------------+--------------+--------------------+-----------+----------------------
 02:33:34(02:22:33) |  00:11:54(00:10:02) |   7.9(  7.2) |   14:23:06 (May16) |   6.19 GB | PBS_TechMap-Postmap Cleanup
--------------------+---------------------+--------------+--------------------+-----------+----------------------
Number of threads: 8 * 1   (id: pbs_debug, time_info v1.57)
Info: (*N*) indicates data that was populated from previously saved time_info database
Info: CPU time includes time of parent + longest thread
PBS_Techmap-Post_MBCI - Elapsed_Time 3, CPU_Time 4.0
stamp 'PBS_Techmap-Post_MBCI' being created for table 'pbs_debug'

  Total Time (Wall) |  Stage Time (Wall)  |   % (Wall)   |    Date - Time     |  Memory   | Stage
--------------------+---------------------+--------------+--------------------+-----------+----------------------
 00:03:37(00:03:36) |  00:00:00(00:00:00) |   0.0(  0.0) |   12:04:09 (May16) |   3.20 GB | PBS_Generic-Start
--------------------+---------------------+--------------+--------------------+-----------+----------------------
 00:51:33(00:50:29) |  00:47:56(00:46:53) |  32.0( 33.7) |   12:51:02 (May16) |   6.41 GB | PBS_Generic-Post_Genopt
--------------------+---------------------+--------------+--------------------+-----------+----------------------
 01:12:22(01:10:13) |  00:20:49(00:19:44) |  13.9( 14.2) |   13:10:46 (May16) |   6.16 GB | PBS_Generic_Opt-Post
--------------------+---------------------+--------------+--------------------+-----------+----------------------
 01:12:50(01:10:41) |  00:00:28(00:00:28) |   0.3(  0.3) |   13:11:14 (May16) |   5.74 GB | PBS_Generic-Postgen HBO Optimizations
--------------------+---------------------+--------------+--------------------+-----------+----------------------
 01:17:33(01:12:24) |  00:04:43(00:01:43) |   3.1(  1.2) |   13:12:57 (May16) |   5.73 GB | PBS_TechMap-Start
--------------------+---------------------+--------------+--------------------+-----------+----------------------
 01:17:59(01:12:50) |  00:00:26(00:00:26) |   0.3(  0.3) |   13:13:23 (May16) |   5.73 GB | PBS_TechMap-Premap HBO Optimizations
--------------------+---------------------+--------------+--------------------+-----------+----------------------
 02:07:17(01:58:36) |  00:49:17(00:45:46) |  32.9( 32.9) |   13:59:09 (May16) |   7.66 GB | PBS_Techmap-Global Mapping
--------------------+---------------------+--------------+--------------------+-----------+----------------------
 02:12:51(02:03:51) |  00:05:33(00:05:15) |   3.7(  3.8) |   14:04:24 (May16) |   6.25 GB | PBS_TechMap-Datapath Postmap Operations
--------------------+---------------------+--------------+--------------------+-----------+----------------------
 02:13:34(02:04:25) |  00:00:43(00:00:34) |   0.5(  0.4) |   14:04:59 (May16) |   6.26 GB | PBS_TechMap-Postmap HBO Optimizations
--------------------+---------------------+--------------+--------------------+-----------+----------------------
 02:21:39(02:12:31) |  00:08:04(00:08:06) |   5.4(  5.8) |   14:13:04 (May16) |   6.11 GB | PBS_TechMap-Postmap Clock Gating
--------------------+---------------------+--------------+--------------------+-----------+----------------------
 02:33:34(02:22:33) |  00:11:54(00:10:02) |   7.9(  7.2) |   14:23:06 (May16) |   6.19 GB | PBS_TechMap-Postmap Cleanup
--------------------+---------------------+--------------+--------------------+-----------+----------------------
 02:33:38(02:22:36) |  00:00:04(00:00:03) |   0.0(  0.0) |   14:23:09 (May16) |   6.19 GB | PBS_Techmap-Post_MBCI
--------------------+---------------------+--------------+--------------------+-----------+----------------------
Number of threads: 8 * 1   (id: pbs_debug, time_info v1.57)
Info: (*N*) indicates data that was populated from previously saved time_info database
Info: CPU time includes time of parent + longest thread
##>====================================== Cadence Confidential (Mapping-Logical) ======================================
##>ST Summary (11 partitions in total):
##>--------------------------------------------------------------------------------------------------------------------
##>PARTITION                4         6         8         7        11         9        10         2         1         3
##>--------------------------------------------------------------------------------------------------------------------
##>PRE_WNS               -308      -308      -184      -184      -184      -308      -184      -308      -308      -308
##>PRE_TNS              36382     23860    340339    340339    325238    105388    255254     32774     32973     32973
##>PRE_CNT             364911    214932     92864     92864     92896     79772     69648     14668     14668     14705
##>PRE_PORT_CNT        133465    132773      1603      1603      1347       506      1587       461       461       478
##>PRE_AREA             66547     22716     11476     11476     11476      9456      8607      1768      1768      1773
##>PRE_LEAK_PWR         41719      7607      3854      3854      3852      4050      2891       691       691       693
##>PRE_EX_DEL_CNT      133466    132773      1603      1603      1347       506      1587       461       461       478
##>--------------------------------------------------------------------------------------------------------------------
##>POST_WNS              -164      -163       -16       -16       -28      -171       -16      -164      -164      -164
##>POST_TNS             33493     66582     28073     28073     42578     54343     14915     11107     11038     11038
##>POST_CNT            447414    174434    145477    145477    140969    116438    109311     20839     20847     20894
##>POST_PORT_CNT       133465    132773      1603      1603      1347       506      1587       461       461       478
##>POST_AREA            69577     13562     11609     11609     11393      9481      8713      1717      1717      1723
##>POST_LEAK_PWR        60380     11578     11203     11203     10948      8942      8407      1631      1630      1635
##>POST_EX_DEL_CNT     133466    132773      1603      1603      1347       506      1587       461       461       478
##>--------------------------------------------------------------------------------------------------------------------
##>M:Read DB               16        10         3         3         3         3         3         1         0         1
##>M:Logic Reduce           0         0         0         0         0         0         0         0         0         0
##>M:Partition             24         7         3         3         4         2         2         0         0         0
##>M:Const Prop            15         4        14        15        15         3        11         3         2         2
##>M:Structuring          409       190       348       340       267       289       250       104       101        98
##>M:Virtual Map          331       155        89        91        85        76        64        30        29        29
##>M:Tech Map             191       166       121       122       110       110        92        48        47        47
##>M:Global Incr          606       242        93       109       130        71        89        15        23        40
##>M:Extreme Map            0         0         0         0         0         0         0         0         0         0
##>M:TNS(D)                 0         0         0         0         0         0         0         0         0         0
##>M:Const Prop(D)          0         0         0         0         0         0         0         0         0         0
##>M:Write DB              29        14         6         7         7         5         5         1         1         1
##>M:Misc                   0         0         0         0         0         0         0         0         0         0
##>Total Elapsed         2411      1155       991       925       893       808       734       284       281       263
##>====================================================================================================================
##>Main Thread Summary:
##>----------------------------------------------------------------------------------------
##>STEP                           Elapsed       WNS       TNS     Insts      Area    Memory
##>----------------------------------------------------------------------------------------
##>M:Initial                           13         -         -   1061407    148281      5726
##>M:Early Clock Gating                 0         -         -         -         -         -
##>M:Pre Cleanup                        3         -         -   1061407    148281      5726
##>M:Setup                              6         -         -         -         -      8505
##>M:Launch ST                          0         -         -         -         -      8505
##>M:Design Partition                 100      -344   2013021         -         -      8505
##>M:Create Partition Netlists         15         -         -         -         -      8505
##>M:Init Power                         0         -         -         -         -      8505
##>M:Budgeting                         53         -         -         -         -      8505
##>M:Derenv-DB                         40         -         -         -         -      8505
##>M:Debug Outputs                      0         -         -         -         -         -
##>M:ST loading                         1         -         -         -         -      8505
##>M:Distributed                     2418         -         -         -         -      8505
##>M:Timer                             77         -         -         -         -      8505
##>M:Assembly                          41         -         -         -         -      8505
##>M:DFT                                7         -         -         -         -      8505
##>M:DP Operations                    315         -         -   1356243    142401      6254
##>M:Const Prop                         0      -177    485372   1356243    142401      6254
##>M:Early Clock Gating Cleanup         0         -         -         -         -         -
##>M:Cleanup                          602       -97    275385   1366540    144110      6192
##>M:MBCI                               3         -         -   1366540    144110      6192
##>M:PostGen Opt                        0         -         -         -         -         -
##>M:Const Gate Removal                 0         -         -         -         -         -
##>M:Misc                             528
##>----------------------------------------------------------------------------------------
##>Total Elapsed                     4222
##>========================================================================================
##PBS-Mapping-Logical  Partitions:11  Stage Total:4222   Longest:2411   Average:874    PBS Index:0.36
##>============================================================================================
##> Mapper Target Info for Global Mapping (Cost Group with Worst Target info): 
---------------------------------------------------
|Cost Group|Target|Slack|Diff|Constraint|Partition|
---------------------------------------------------
|clk       |  -111| -150|-2% |      1650|pbs_map_3|
---------------------------------------------------


+-----------+----------------+-----+----------------------+---------------------------+
|   Host    |    Machine     | CPU | Physical Memory (MB) | Peak Physical Memory (MB) |
+-----------+----------------+-----+----------------------+---------------------------+
| localhost | mo.ece.pdx.edu |  1  |        6192.8        |          20172.7          |
+-----------+----------------+-----+----------------------+---------------------------+

+---------------+----------------------+---------------------------+
|    Server     | Physical Memory (MB) | Peak Physical Memory (MB) |
+---------------+----------------------+---------------------------+
| localhost_1_0 |        1626.8        |          14884.1          |
+---------------+----------------------+---------------------------+

Info    : Done mapping. [SYNTH-5]
        : Done mapping 'sys_top'.
      flow.cputime  flow.realtime  timing.setup.tns  timing.setup.wns  snapshot
UM:*                                                                   syn_map
@file(genus.tcl) 102: syn_opt
Warning : The selected flow setting will be removed in a future release. [SYNTH-33]
        : The use of 'syn_opt' for logical only optimization will be obsolete in a future release.
	Transition to 'syn_opt -logical' or 'syn_opt -spatial'.

        : Contact Cadence support to understand current flows.
Info    : Incrementally optimizing. [SYNTH-7]
        : Incrementally optimizing 'sys_top' using 'medium' effort.
PBS_Incr_Opt-Start - Elapsed_Time 0, CPU_Time 0.0
stamp 'PBS_Incr_Opt-Start' being created for table 'pbs_debug'

  Total Time (Wall) |  Stage Time (Wall)  |   % (Wall)   |    Date - Time     |  Memory   | Stage
--------------------+---------------------+--------------+--------------------+-----------+----------------------
 00:03:37(00:03:36) |  00:00:00(00:00:00) |   0.0(  0.0) |   12:04:09 (May16) |   3.20 GB | PBS_Generic-Start
--------------------+---------------------+--------------+--------------------+-----------+----------------------
 00:51:33(00:50:29) |  00:47:56(00:46:53) |  31.7( 33.4) |   12:51:02 (May16) |   6.41 GB | PBS_Generic-Post_Genopt
--------------------+---------------------+--------------+--------------------+-----------+----------------------
 01:12:22(01:10:13) |  00:20:49(00:19:44) |  13.8( 14.1) |   13:10:46 (May16) |   6.16 GB | PBS_Generic_Opt-Post
--------------------+---------------------+--------------+--------------------+-----------+----------------------
 01:12:50(01:10:41) |  00:00:28(00:00:28) |   0.3(  0.3) |   13:11:14 (May16) |   5.74 GB | PBS_Generic-Postgen HBO Optimizations
--------------------+---------------------+--------------+--------------------+-----------+----------------------
 01:17:33(01:12:24) |  00:04:43(00:01:43) |   3.1(  1.2) |   13:12:57 (May16) |   5.73 GB | PBS_TechMap-Start
--------------------+---------------------+--------------+--------------------+-----------+----------------------
 01:17:59(01:12:50) |  00:00:26(00:00:26) |   0.3(  0.3) |   13:13:23 (May16) |   5.73 GB | PBS_TechMap-Premap HBO Optimizations
--------------------+---------------------+--------------+--------------------+-----------+----------------------
 02:07:17(01:58:36) |  00:49:17(00:45:46) |  32.6( 32.6) |   13:59:09 (May16) |   7.66 GB | PBS_Techmap-Global Mapping
--------------------+---------------------+--------------+--------------------+-----------+----------------------
 02:12:51(02:03:51) |  00:05:33(00:05:15) |   3.7(  3.7) |   14:04:24 (May16) |   6.25 GB | PBS_TechMap-Datapath Postmap Operations
--------------------+---------------------+--------------+--------------------+-----------+----------------------
 02:13:34(02:04:25) |  00:00:43(00:00:34) |   0.5(  0.4) |   14:04:59 (May16) |   6.26 GB | PBS_TechMap-Postmap HBO Optimizations
--------------------+---------------------+--------------+--------------------+-----------+----------------------
 02:21:39(02:12:31) |  00:08:04(00:08:06) |   5.3(  5.8) |   14:13:04 (May16) |   6.11 GB | PBS_TechMap-Postmap Clock Gating
--------------------+---------------------+--------------+--------------------+-----------+----------------------
 02:33:34(02:22:33) |  00:11:54(00:10:02) |   7.9(  7.2) |   14:23:06 (May16) |   6.19 GB | PBS_TechMap-Postmap Cleanup
--------------------+---------------------+--------------+--------------------+-----------+----------------------
 02:33:38(02:22:36) |  00:00:04(00:00:03) |   0.0(  0.0) |   14:23:09 (May16) |   6.19 GB | PBS_Techmap-Post_MBCI
--------------------+---------------------+--------------+--------------------+-----------+----------------------
 02:34:52(02:23:47) |  00:01:14(00:01:11) |   0.8(  0.8) |   14:24:20 (May16) |   6.07 GB | PBS_Incr_Opt-Start
--------------------+---------------------+--------------+--------------------+-----------+----------------------
Number of threads: 8 * 1   (id: pbs_debug, time_info v1.57)
Info: (*N*) indicates data that was populated from previously saved time_info database
Info: CPU time includes time of parent + longest thread
Info    : The given (sub)design is already uniquified. [TUI-296]
        : design:sys_top.
PBS_Incr_Opt-Uniquify_Netlist - Elapsed_Time 5, CPU_Time 6.0
stamp 'PBS_Incr_Opt-Uniquify_Netlist' being created for table 'pbs_debug'

  Total Time (Wall) |  Stage Time (Wall)  |   % (Wall)   |    Date - Time     |  Memory   | Stage
--------------------+---------------------+--------------+--------------------+-----------+----------------------
 00:03:37(00:03:36) |  00:00:00(00:00:00) |   0.0(  0.0) |   12:04:09 (May16) |   3.20 GB | PBS_Generic-Start
--------------------+---------------------+--------------+--------------------+-----------+----------------------
 00:51:33(00:50:29) |  00:47:56(00:46:53) |  31.7( 33.4) |   12:51:02 (May16) |   6.41 GB | PBS_Generic-Post_Genopt
--------------------+---------------------+--------------+--------------------+-----------+----------------------
 01:12:22(01:10:13) |  00:20:49(00:19:44) |  13.8( 14.1) |   13:10:46 (May16) |   6.16 GB | PBS_Generic_Opt-Post
--------------------+---------------------+--------------+--------------------+-----------+----------------------
 01:12:50(01:10:41) |  00:00:28(00:00:28) |   0.3(  0.3) |   13:11:14 (May16) |   5.74 GB | PBS_Generic-Postgen HBO Optimizations
--------------------+---------------------+--------------+--------------------+-----------+----------------------
 01:17:33(01:12:24) |  00:04:43(00:01:43) |   3.1(  1.2) |   13:12:57 (May16) |   5.73 GB | PBS_TechMap-Start
--------------------+---------------------+--------------+--------------------+-----------+----------------------
 01:17:59(01:12:50) |  00:00:26(00:00:26) |   0.3(  0.3) |   13:13:23 (May16) |   5.73 GB | PBS_TechMap-Premap HBO Optimizations
--------------------+---------------------+--------------+--------------------+-----------+----------------------
 02:07:17(01:58:36) |  00:49:17(00:45:46) |  32.6( 32.6) |   13:59:09 (May16) |   7.66 GB | PBS_Techmap-Global Mapping
--------------------+---------------------+--------------+--------------------+-----------+----------------------
 02:12:51(02:03:51) |  00:05:33(00:05:15) |   3.7(  3.7) |   14:04:24 (May16) |   6.25 GB | PBS_TechMap-Datapath Postmap Operations
--------------------+---------------------+--------------+--------------------+-----------+----------------------
 02:13:34(02:04:25) |  00:00:43(00:00:34) |   0.5(  0.4) |   14:04:59 (May16) |   6.26 GB | PBS_TechMap-Postmap HBO Optimizations
--------------------+---------------------+--------------+--------------------+-----------+----------------------
 02:21:39(02:12:31) |  00:08:04(00:08:06) |   5.3(  5.8) |   14:13:04 (May16) |   6.11 GB | PBS_TechMap-Postmap Clock Gating
--------------------+---------------------+--------------+--------------------+-----------+----------------------
 02:33:34(02:22:33) |  00:11:54(00:10:02) |   7.9(  7.2) |   14:23:06 (May16) |   6.19 GB | PBS_TechMap-Postmap Cleanup
--------------------+---------------------+--------------+--------------------+-----------+----------------------
 02:33:38(02:22:36) |  00:00:04(00:00:03) |   0.0(  0.0) |   14:23:09 (May16) |   6.19 GB | PBS_Techmap-Post_MBCI
--------------------+---------------------+--------------+--------------------+-----------+----------------------
 02:34:52(02:23:47) |  00:01:14(00:01:11) |   0.8(  0.8) |   14:24:20 (May16) |   6.07 GB | PBS_Incr_Opt-Start
--------------------+---------------------+--------------+--------------------+-----------+----------------------
 02:34:58(02:23:53) |  00:00:06(00:00:06) |   0.1(  0.1) |   14:24:26 (May16) |   6.08 GB | PBS_Incr_Opt-Uniquify_Netlist
--------------------+---------------------+--------------+--------------------+-----------+----------------------
Number of threads: 8 * 1   (id: pbs_debug, time_info v1.57)
Info: (*N*) indicates data that was populated from previously saved time_info database
Info: CPU time includes time of parent + longest thread
 Uniquify netlist ...
 Swap or remap avoided cells ...
                                   Group   
                                  Tot Wrst     Total - - DRC Totals - -
                           Total  Weighted      Neg      Max       Max 
Operation                   Area   Slacks      Slack    Trans      Cap 
 init_iopt                144111      -97   -275385      2562       11
            Worst cost_group: clk, WNS: -97.0
            Path: u_rb/g_postproc[2].u_gelu/r3_y1_reg[19]/CLK -->
                    u_rb/g_postproc[2].u_gelu/r3b_y2_reg[29]/D
-------------------------------------------------------------------------------
 hi_fo_buf                144997      -97   -276051      2562       11
            Worst cost_group: clk, WNS: -97.0
            Path: u_rb/g_postproc[2].u_gelu/r3_y1_reg[19]/CLK -->
                    u_rb/g_postproc[2].u_gelu/r3b_y2_reg[29]/D

           Trick     Calls     Accepts   Attempts    Time(secs) 
-----------------------------------------------------------
       hi_fo_buf       782  (      668 /      668 )  31.77

 


                                   Group   
                                  Tot Wrst     Total - - DRC Totals - -
                           Total  Weighted      Neg      Max       Max 
Operation                   Area   Slacks      Slack    Trans      Cap 
 init_delay               144997      -97   -276051      2562       11
            Worst cost_group: clk, WNS: -97.0
            Path: u_rb/g_postproc[2].u_gelu/r3_y1_reg[19]/CLK -->
                    u_rb/g_postproc[2].u_gelu/r3b_y2_reg[29]/D
 incr_delay               144999      -95   -275677      2562       11
            Worst cost_group: clk, WNS: -95.4
            Path: u_rb/g_postproc[12].u_gelu/r2_den_reg[14]/CLK -->
                    u_rb/g_postproc[12].u_gelu/r3_y1_reg[16]/D

           Trick     Calls     Accepts   Attempts    Time(secs) 
-----------------------------------------------------------
       crit_upsz      1176  (      141 /      161 )  4.43
            fopt       202  (        1 /        2 )  0.14

 init_tns                 144999      -95   -275677      2562       11
            Worst cost_group: clk, WNS: -95.4
            Path: u_rb/g_postproc[12].u_gelu/r2_den_reg[14]/CLK -->
                    u_rb/g_postproc[12].u_gelu/r3_y1_reg[16]/D
 incr_tns                 145073      -95   -263383      2562       11
            Worst cost_group: clk, WNS: -95.1
            Path: u_rb/g_postproc[1].u_gelu/r2_den_reg[14]/CLK -->
                    u_rb/g_postproc[1].u_gelu/r3_y1_reg[30]/D
 incr_tns                 145102      -95   -256664      2562       11
            Worst cost_group: clk, WNS: -95.1
            Path: u_rb/g_postproc[1].u_gelu/r2_den_reg[14]/CLK -->
                    u_rb/g_postproc[1].u_gelu/r3_y1_reg[30]/D
 incr_tns                 145170      -94   -248961      2562       11
            Worst cost_group: clk, WNS: -94.8
            Path: u_rb/g_postproc[1].u_gelu/r2_den_reg[14]/CLK -->
                    u_rb/g_postproc[1].u_gelu/r3_y1_reg[30]/D
 incr_tns                 145170      -94   -248851      2562       11
            Worst cost_group: clk, WNS: -94.8
            Path: u_rb/g_postproc[1].u_gelu/r2_den_reg[14]/CLK -->
                    u_rb/g_postproc[1].u_gelu/r3_y1_reg[30]/D
 incr_tns                 145170      -94   -248851      2562       11
            Worst cost_group: clk, WNS: -94.8
            Path: u_rb/g_postproc[1].u_gelu/r2_den_reg[14]/CLK -->
                    u_rb/g_postproc[1].u_gelu/r3_y1_reg[30]/D

           Trick     Calls     Accepts   Attempts    Time(secs) 
-----------------------------------------------------------
       crit_upsz      8000  (     1823 /     3137 )  48.09
            fopt      6177  (        2 /        2 )  10.56
       crit_dnsz     20990  (     1222 /     3047 )  60.44
             dup      4953  (      202 /      514 )  26.06

INIT_CLEAN_UP - Elapsed_Time 231, CPU_Time 272.02423100000124
stamp 'INIT_CLEAN_UP' being created for table 'pbs_debug'

  Total Time (Wall) |  Stage Time (Wall)  |   % (Wall)   |    Date - Time     |  Memory   | Stage
--------------------+---------------------+--------------+--------------------+-----------+----------------------
 00:03:37(00:03:36) |  00:00:00(00:00:00) |   0.0(  0.0) |   12:04:09 (May16) |   3.20 GB | PBS_Generic-Start
--------------------+---------------------+--------------+--------------------+-----------+----------------------
 00:51:33(00:50:29) |  00:47:56(00:46:53) |  30.8( 32.5) |   12:51:02 (May16) |   6.41 GB | PBS_Generic-Post_Genopt
--------------------+---------------------+--------------+--------------------+-----------+----------------------
 01:12:22(01:10:13) |  00:20:49(00:19:44) |  13.4( 13.7) |   13:10:46 (May16) |   6.16 GB | PBS_Generic_Opt-Post
--------------------+---------------------+--------------+--------------------+-----------+----------------------
 01:12:50(01:10:41) |  00:00:28(00:00:28) |   0.3(  0.3) |   13:11:14 (May16) |   5.74 GB | PBS_Generic-Postgen HBO Optimizations
--------------------+---------------------+--------------+--------------------+-----------+----------------------
 01:17:33(01:12:24) |  00:04:43(00:01:43) |   3.0(  1.2) |   13:12:57 (May16) |   5.73 GB | PBS_TechMap-Start
--------------------+---------------------+--------------+--------------------+-----------+----------------------
 01:17:59(01:12:50) |  00:00:26(00:00:26) |   0.3(  0.3) |   13:13:23 (May16) |   5.73 GB | PBS_TechMap-Premap HBO Optimizations
--------------------+---------------------+--------------+--------------------+-----------+----------------------
 02:07:17(01:58:36) |  00:49:17(00:45:46) |  31.6( 31.8) |   13:59:09 (May16) |   7.66 GB | PBS_Techmap-Global Mapping
--------------------+---------------------+--------------+--------------------+-----------+----------------------
 02:12:51(02:03:51) |  00:05:33(00:05:15) |   3.6(  3.6) |   14:04:24 (May16) |   6.25 GB | PBS_TechMap-Datapath Postmap Operations
--------------------+---------------------+--------------+--------------------+-----------+----------------------
 02:13:34(02:04:25) |  00:00:43(00:00:34) |   0.5(  0.4) |   14:04:59 (May16) |   6.26 GB | PBS_TechMap-Postmap HBO Optimizations
--------------------+---------------------+--------------+--------------------+-----------+----------------------
 02:21:39(02:12:31) |  00:08:04(00:08:06) |   5.2(  5.6) |   14:13:04 (May16) |   6.11 GB | PBS_TechMap-Postmap Clock Gating
--------------------+---------------------+--------------+--------------------+-----------+----------------------
 02:33:34(02:22:33) |  00:11:54(00:10:02) |   7.6(  7.0) |   14:23:06 (May16) |   6.19 GB | PBS_TechMap-Postmap Cleanup
--------------------+---------------------+--------------+--------------------+-----------+----------------------
 02:33:38(02:22:36) |  00:00:04(00:00:03) |   0.0(  0.0) |   14:23:09 (May16) |   6.19 GB | PBS_Techmap-Post_MBCI
--------------------+---------------------+--------------+--------------------+-----------+----------------------
 02:34:52(02:23:47) |  00:01:14(00:01:11) |   0.8(  0.8) |   14:24:20 (May16) |   6.07 GB | PBS_Incr_Opt-Start
--------------------+---------------------+--------------+--------------------+-----------+----------------------
 02:34:58(02:23:53) |  00:00:06(00:00:06) |   0.1(  0.1) |   14:24:26 (May16) |   6.08 GB | PBS_Incr_Opt-Uniquify_Netlist
--------------------+---------------------+--------------+--------------------+-----------+----------------------
 02:39:30(02:27:44) |  00:04:32(00:03:51) |   2.9(  2.7) |   14:28:17 (May16) |   6.14 GB | INIT_CLEAN_UP
--------------------+---------------------+--------------+--------------------+-----------+----------------------
Number of threads: 8 * 1   (id: pbs_debug, time_info v1.57)
Info: (*N*) indicates data that was populated from previously saved time_info database
Info: CPU time includes time of parent + longest thread
Updating ST server settings
     Generating lib_script file: /home/iwyse/common/Documents/ECE510/project/510Project/project/cadence/systolic_16x16/.pbs_mo.ece.pdx.edu_24438/lib_script
Warning : This attribute will be obsolete in a next major release. [TUI-32]
        : attribute: 'lp_power_analysis_effort', object type: 'root'
Start partitioning.  Summary: MEM {curr: 6.2G, peak: 8.3G, phys curr: 6.0G, phys peak: 19.7G}
Start timing analysis.  Summary: MEM {curr: 6.2G, peak: 8.3G, phys curr: 6.0G, phys peak: 19.7G}
Done timing analysis.  Summary: RT {elapsed: 23s, ST: 32s}, MEM {curr: 6.2G, peak: 8.3G, phys curr: 6.0G, phys peak: 19.7G}
Design sys_top is partitioned using GPS apart partitioner
Done partitioning.  Summary: RT {elapsed: 44s, ST: 52s}, MEM {curr: 6.2G, peak: 8.3G, phys curr: 6.1G, phys peak: 19.7G}
Start creating partition netlists.  Summary: MEM {curr: 6.2G, peak: 8.3G, phys curr: 6.1G, phys peak: 19.7G}
Done creating partition netlists.  Summary: RT {elapsed: 24s, ST: 22s}, MEM {curr: 7.0G, peak: 8.3G, phys curr: 6.9G, phys peak: 19.7G}
Start budgeting timing for partitions.  Summary: MEM {curr: 7.0G, peak: 8.3G, phys curr: 6.9G, phys peak: 19.7G}
Done budgeting timing for partitions.  Summary: RT {elapsed: 99s, ST: 130s}, MEM {curr: 8.4G, peak: 8.4G, phys curr: 9.1G, phys peak: 19.7G}
Start deriving partition netlists.  Summary: MEM {curr: 8.4G, peak: 8.4G, phys curr: 9.1G, phys peak: 19.7G}
The inst 'pbs_iopt_0' is selected as pbs candidate. The instance cnt is: '83867'.
The inst 'pbs_iopt_2' is selected as pbs candidate. The instance cnt is: '83872'.
The inst 'pbs_iopt_5' is selected as pbs candidate. The instance cnt is: '83873'.
The inst 'pbs_iopt_6' is selected as pbs candidate. The instance cnt is: '83873'.
The inst 'pbs_iopt_1' is selected as pbs candidate. The instance cnt is: '83872'.
The inst 'pbs_iopt_4' is selected as pbs candidate. The instance cnt is: '83873'.
The inst 'pbs_iopt_3' is selected as pbs candidate. The instance cnt is: '30510'.
The inst 'pbs_iopt_8' is selected as pbs candidate. The instance cnt is: '79590'.
The inst 'pbs_iopt_7' is selected as pbs candidate. The instance cnt is: '69601'.
The inst 'pbs_iopt_9' is selected as pbs candidate. The instance cnt is: '69755'.
The inst 'pbs_iopt_10' is selected as pbs candidate. The instance cnt is: '58896'.
The inst 'pbs_iopt_12' is selected as pbs candidate. The instance cnt is: '74789'.
The inst 'pbs_iopt_11' is selected as pbs candidate. The instance cnt is: '66531'.
The inst 'pbs_iopt_16' is selected as pbs candidate. The instance cnt is: '70451'.
The inst 'pbs_iopt_15' is selected as pbs candidate. The instance cnt is: '70470'.
The inst 'pbs_iopt_13' is selected as pbs candidate. The instance cnt is: '72886'.
The inst 'pbs_iopt_14' is selected as pbs candidate. The instance cnt is: '72884'.
The inst 'pbs_iopt_17' is selected as pbs candidate. The instance cnt is: '72787'.
The inst 'pbs_iopt_18' is selected as pbs candidate. The instance cnt is: '72783'.
Done deriving partition netlists.  Summary: RT {elapsed: 20s, ST: 20s}, MEM {curr: 8.4G, peak: 8.4G, phys curr: 9.1G, phys peak: 19.7G}
Wait for super-thread servers to finish loading libraries.
Start super thread servers forking.  Summary: MEM {curr: 8.3G, peak: 8.4G, phys curr: 9.1G, phys peak: 19.7G}
Done super thread servers forking.  Summary: RT {elapsed: 1s, ST: 0s}, MEM {curr: 8.3G, peak: 8.4G, phys curr: 9.1G, phys peak: 19.7G}
        Distributing super-thread jobs: {pbs_iopt_6 ./.pbs_mo.ece.pdx.edu_24438/pbs_iopt_6.etf} {pbs_iopt_5 ./.pbs_mo.ece.pdx.edu_24438/pbs_iopt_5.etf} {pbs_iopt_4 ./.pbs_mo.ece.pdx.edu_24438/pbs_iopt_4.etf} {pbs_iopt_1 ./.pbs_mo.ece.pdx.edu_24438/pbs_iopt_1.etf} {pbs_iopt_2 ./.pbs_mo.ece.pdx.edu_24438/pbs_iopt_2.etf} {pbs_iopt_0 ./.pbs_mo.ece.pdx.edu_24438/pbs_iopt_0.etf} {pbs_iopt_8 ./.pbs_mo.ece.pdx.edu_24438/pbs_iopt_8.etf} {pbs_iopt_12 ./.pbs_mo.ece.pdx.edu_24438/pbs_iopt_12.etf} {pbs_iopt_13 ./.pbs_mo.ece.pdx.edu_24438/pbs_iopt_13.etf} {pbs_iopt_14 ./.pbs_mo.ece.pdx.edu_24438/pbs_iopt_14.etf} {pbs_iopt_17 ./.pbs_mo.ece.pdx.edu_24438/pbs_iopt_17.etf} {pbs_iopt_18 ./.pbs_mo.ece.pdx.edu_24438/pbs_iopt_18.etf} {pbs_iopt_15 ./.pbs_mo.ece.pdx.edu_24438/pbs_iopt_15.etf} {pbs_iopt_16 ./.pbs_mo.ece.pdx.edu_24438/pbs_iopt_16.etf} {pbs_iopt_9 ./.pbs_mo.ece.pdx.edu_24438/pbs_iopt_9.etf} {pbs_iopt_7 ./.pbs_mo.ece.pdx.edu_24438/pbs_iopt_7.etf} {pbs_iopt_11 ./.pbs_mo.ece.pdx.edu_24438/pbs_iopt_11.etf} {pbs_iopt_10 ./.pbs_mo.ece.pdx.edu_24438/pbs_iopt_10.etf} {pbs_iopt_3 ./.pbs_mo.ece.pdx.edu_24438/pbs_iopt_3.etf}
          Sending 'pbs_iopt_6 ./.pbs_mo.ece.pdx.edu_24438/pbs_iopt_6.etf' to server 'localhost_1_27'...
            Sent 'pbs_iopt_6 ./.pbs_mo.ece.pdx.edu_24438/pbs_iopt_6.etf' to server 'localhost_1_27'.
          Sending 'pbs_iopt_5 ./.pbs_mo.ece.pdx.edu_24438/pbs_iopt_5.etf' to server 'localhost_1_24'...
            Sent 'pbs_iopt_5 ./.pbs_mo.ece.pdx.edu_24438/pbs_iopt_5.etf' to server 'localhost_1_24'.
          Sending 'pbs_iopt_4 ./.pbs_mo.ece.pdx.edu_24438/pbs_iopt_4.etf' to server 'localhost_1_22'...
            Sent 'pbs_iopt_4 ./.pbs_mo.ece.pdx.edu_24438/pbs_iopt_4.etf' to server 'localhost_1_22'.
          Sending 'pbs_iopt_1 ./.pbs_mo.ece.pdx.edu_24438/pbs_iopt_1.etf' to server 'localhost_1_28'...
            Sent 'pbs_iopt_1 ./.pbs_mo.ece.pdx.edu_24438/pbs_iopt_1.etf' to server 'localhost_1_28'.
          Sending 'pbs_iopt_2 ./.pbs_mo.ece.pdx.edu_24438/pbs_iopt_2.etf' to server 'localhost_1_26'...
            Sent 'pbs_iopt_2 ./.pbs_mo.ece.pdx.edu_24438/pbs_iopt_2.etf' to server 'localhost_1_26'.
          Sending 'pbs_iopt_0 ./.pbs_mo.ece.pdx.edu_24438/pbs_iopt_0.etf' to server 'localhost_1_0'...
            Sent 'pbs_iopt_0 ./.pbs_mo.ece.pdx.edu_24438/pbs_iopt_0.etf' to server 'localhost_1_0'.
          Sending 'pbs_iopt_8 ./.pbs_mo.ece.pdx.edu_24438/pbs_iopt_8.etf' to server 'localhost_1_25'...
            Sent 'pbs_iopt_8 ./.pbs_mo.ece.pdx.edu_24438/pbs_iopt_8.etf' to server 'localhost_1_25'.
          Sending 'pbs_iopt_12 ./.pbs_mo.ece.pdx.edu_24438/pbs_iopt_12.etf' to server 'localhost_1_23'...
            Sent 'pbs_iopt_12 ./.pbs_mo.ece.pdx.edu_24438/pbs_iopt_12.etf' to server 'localhost_1_23'.
          Received 'pbs_iopt_5 ./.pbs_mo.ece.pdx.edu_24438/pbs_iopt_5.etf' from server 'localhost_1_24'. (75450 ms elapsed)
          Sending 'pbs_iopt_13 ./.pbs_mo.ece.pdx.edu_24438/pbs_iopt_13.etf' to server 'localhost_1_24'...
            Sent 'pbs_iopt_13 ./.pbs_mo.ece.pdx.edu_24438/pbs_iopt_13.etf' to server 'localhost_1_24'.
          Received 'pbs_iopt_1 ./.pbs_mo.ece.pdx.edu_24438/pbs_iopt_1.etf' from server 'localhost_1_28'. (78860 ms elapsed)
          Sending 'pbs_iopt_14 ./.pbs_mo.ece.pdx.edu_24438/pbs_iopt_14.etf' to server 'localhost_1_28'...
            Sent 'pbs_iopt_14 ./.pbs_mo.ece.pdx.edu_24438/pbs_iopt_14.etf' to server 'localhost_1_28'.
          Received 'pbs_iopt_4 ./.pbs_mo.ece.pdx.edu_24438/pbs_iopt_4.etf' from server 'localhost_1_22'. (78861 ms elapsed)
          Sending 'pbs_iopt_17 ./.pbs_mo.ece.pdx.edu_24438/pbs_iopt_17.etf' to server 'localhost_1_22'...
            Sent 'pbs_iopt_17 ./.pbs_mo.ece.pdx.edu_24438/pbs_iopt_17.etf' to server 'localhost_1_22'.
          Received 'pbs_iopt_6 ./.pbs_mo.ece.pdx.edu_24438/pbs_iopt_6.etf' from server 'localhost_1_27'. (81987 ms elapsed)
          Sending 'pbs_iopt_18 ./.pbs_mo.ece.pdx.edu_24438/pbs_iopt_18.etf' to server 'localhost_1_27'...
            Sent 'pbs_iopt_18 ./.pbs_mo.ece.pdx.edu_24438/pbs_iopt_18.etf' to server 'localhost_1_27'.
          Received 'pbs_iopt_0 ./.pbs_mo.ece.pdx.edu_24438/pbs_iopt_0.etf' from server 'localhost_1_0'. (81987 ms elapsed)
          Sending 'pbs_iopt_15 ./.pbs_mo.ece.pdx.edu_24438/pbs_iopt_15.etf' to server 'localhost_1_0'...
            Sent 'pbs_iopt_15 ./.pbs_mo.ece.pdx.edu_24438/pbs_iopt_15.etf' to server 'localhost_1_0'.
          Received 'pbs_iopt_2 ./.pbs_mo.ece.pdx.edu_24438/pbs_iopt_2.etf' from server 'localhost_1_26'. (118385 ms elapsed)
          Sending 'pbs_iopt_16 ./.pbs_mo.ece.pdx.edu_24438/pbs_iopt_16.etf' to server 'localhost_1_26'...
            Sent 'pbs_iopt_16 ./.pbs_mo.ece.pdx.edu_24438/pbs_iopt_16.etf' to server 'localhost_1_26'.
          Received 'pbs_iopt_12 ./.pbs_mo.ece.pdx.edu_24438/pbs_iopt_12.etf' from server 'localhost_1_23'. (162142 ms elapsed)
       Partition:  pbs_iopt_12 - PBS_Iopt-Distributed_Read_DB - Elapsed_Time 2.00, CPU_Time 2.00
       Partition:  pbs_iopt_12 - PBS_Iopt-Distributed_Iopt - Elapsed_Time 153.00, CPU_Time 153.00
       Start - Partition: pbs_iopt_12  Slack: -59.8 TNS: 27054.7 Cell-Count: 74789 Cell-Area: 6042  
Init-Memory: 2415.22
       Done  - Partition: pbs_iopt_12  Slack: -3.0 TNS: 12.5 Cell-Count: 69678 Cell-Area: 5827  
Peak-Memory: 2479.26 Elapsed: 157
       Partition:  pbs_iopt_12 - PBS_Iopt-Distributed_Report - Elapsed_Time 2.00, CPU_Time 2.00
       Partition:  pbs_iopt_12 - PBS_Iopt-Distributed_Write_DB - Elapsed_Time 4.00, CPU_Time 4.00
       pbs_iopt_12 - PBS_Iopt-Assembly - Elapsed_Time 6, CPU_Time 6.0
       Partition:  pbs_iopt_12 - Runtime taken by the partition - Elapsed_Time 161.00, CPU_Time 161.00
          Sending 'pbs_iopt_9 ./.pbs_mo.ece.pdx.edu_24438/pbs_iopt_9.etf' to server 'localhost_1_23'...
            Sent 'pbs_iopt_9 ./.pbs_mo.ece.pdx.edu_24438/pbs_iopt_9.etf' to server 'localhost_1_23'.
          Received 'pbs_iopt_15 ./.pbs_mo.ece.pdx.edu_24438/pbs_iopt_15.etf' from server 'localhost_1_0'. (125313 ms elapsed)
          Sending 'pbs_iopt_7 ./.pbs_mo.ece.pdx.edu_24438/pbs_iopt_7.etf' to server 'localhost_1_0'...
            Sent 'pbs_iopt_7 ./.pbs_mo.ece.pdx.edu_24438/pbs_iopt_7.etf' to server 'localhost_1_0'.
          Received 'pbs_iopt_13 ./.pbs_mo.ece.pdx.edu_24438/pbs_iopt_13.etf' from server 'localhost_1_24'. (138092 ms elapsed)
          Sending 'pbs_iopt_11 ./.pbs_mo.ece.pdx.edu_24438/pbs_iopt_11.etf' to server 'localhost_1_24'...
            Sent 'pbs_iopt_11 ./.pbs_mo.ece.pdx.edu_24438/pbs_iopt_11.etf' to server 'localhost_1_24'.
          Received 'pbs_iopt_18 ./.pbs_mo.ece.pdx.edu_24438/pbs_iopt_18.etf' from server 'localhost_1_27'. (136223 ms elapsed)
          Sending 'pbs_iopt_10 ./.pbs_mo.ece.pdx.edu_24438/pbs_iopt_10.etf' to server 'localhost_1_27'...
            Sent 'pbs_iopt_10 ./.pbs_mo.ece.pdx.edu_24438/pbs_iopt_10.etf' to server 'localhost_1_27'.
          Received 'pbs_iopt_17 ./.pbs_mo.ece.pdx.edu_24438/pbs_iopt_17.etf' from server 'localhost_1_22'. (140298 ms elapsed)
          Sending 'pbs_iopt_3 ./.pbs_mo.ece.pdx.edu_24438/pbs_iopt_3.etf' to server 'localhost_1_22'...
            Sent 'pbs_iopt_3 ./.pbs_mo.ece.pdx.edu_24438/pbs_iopt_3.etf' to server 'localhost_1_22'.
          Received 'pbs_iopt_14 ./.pbs_mo.ece.pdx.edu_24438/pbs_iopt_14.etf' from server 'localhost_1_28'. (145356 ms elapsed)
          Received 'pbs_iopt_16 ./.pbs_mo.ece.pdx.edu_24438/pbs_iopt_16.etf' from server 'localhost_1_26'. (112535 ms elapsed)
          Received 'pbs_iopt_3 ./.pbs_mo.ece.pdx.edu_24438/pbs_iopt_3.etf' from server 'localhost_1_22'. (27315 ms elapsed)
          Received 'pbs_iopt_10 ./.pbs_mo.ece.pdx.edu_24438/pbs_iopt_10.etf' from server 'localhost_1_27'. (69686 ms elapsed)
          Received 'pbs_iopt_11 ./.pbs_mo.ece.pdx.edu_24438/pbs_iopt_11.etf' from server 'localhost_1_24'. (133812 ms elapsed)
          Received 'pbs_iopt_8 ./.pbs_mo.ece.pdx.edu_24438/pbs_iopt_8.etf' from server 'localhost_1_25'. (628650 ms elapsed)
       Partition:  pbs_iopt_8 - PBS_Iopt-Distributed_Read_DB - Elapsed_Time 2.00, CPU_Time 2.00
       Partition:  pbs_iopt_8 - PBS_Iopt-Distributed_Iopt - Elapsed_Time 620.00, CPU_Time 617.00
       Start - Partition: pbs_iopt_8  Slack: -94.8 TNS: 18537.1 Cell-Count: 79590 Cell-Area: 6544  
Init-Memory: 2415.22
       Done  - Partition: pbs_iopt_8  Slack: -0.9 TNS: 3.6 Cell-Count: 73141 Cell-Area: 6226  
Peak-Memory: 2479.26 Elapsed: 624
       Partition:  pbs_iopt_8 - PBS_Iopt-Distributed_Report - Elapsed_Time 2.00, CPU_Time 2.00
       Partition:  pbs_iopt_8 - PBS_Iopt-Distributed_Write_DB - Elapsed_Time 4.00, CPU_Time 4.00
       pbs_iopt_8 - PBS_Iopt-Assembly - Elapsed_Time 6, CPU_Time 6.0
       Partition:  pbs_iopt_8 - Runtime taken by the partition - Elapsed_Time 628.00, CPU_Time 625.00
       Partition:  pbs_iopt_0 - PBS_Iopt-Distributed_Read_DB - Elapsed_Time 4.00, CPU_Time 4.00
       Partition:  pbs_iopt_0 - PBS_Iopt-Distributed_Iopt - Elapsed_Time 63.00, CPU_Time 63.00
       Start - Partition: pbs_iopt_0  Slack: -5.1 TNS: 385.5 Cell-Count: 83867 Cell-Area: 11353  
Init-Memory: 2483.93
       Done  - Partition: pbs_iopt_0  Slack: -1.8 TNS: 74.8 Cell-Count: 82032 Cell-Area: 11058  
Peak-Memory: 2561.29 Elapsed: 70
       Partition:  pbs_iopt_0 - PBS_Iopt-Distributed_Report - Elapsed_Time 3.00, CPU_Time 3.00
       Partition:  pbs_iopt_0 - PBS_Iopt-Distributed_Write_DB - Elapsed_Time 6.00, CPU_Time 6.00
       pbs_iopt_0 - PBS_Iopt-Assembly - Elapsed_Time 11, CPU_Time 10.0
       Partition:  pbs_iopt_0 - Runtime taken by the partition - Elapsed_Time 76.00, CPU_Time 76.00
       Partition:  pbs_iopt_2 - PBS_Iopt-Distributed_Read_DB - Elapsed_Time 4.00, CPU_Time 4.00
       Partition:  pbs_iopt_2 - PBS_Iopt-Distributed_Iopt - Elapsed_Time 104.00, CPU_Time 104.00
       Start - Partition: pbs_iopt_2  Slack: -10.7 TNS: 2466.3 Cell-Count: 83872 Cell-Area: 11336  
Init-Memory: 2417.45
       Done  - Partition: pbs_iopt_2  Slack: -2.2 TNS: 108.3 Cell-Count: 81376 Cell-Area: 11082  
Peak-Memory: 2481.48 Elapsed: 111
       Partition:  pbs_iopt_2 - PBS_Iopt-Distributed_Report - Elapsed_Time 3.00, CPU_Time 3.00
       Partition:  pbs_iopt_2 - PBS_Iopt-Distributed_Write_DB - Elapsed_Time 6.00, CPU_Time 5.00
       pbs_iopt_2 - PBS_Iopt-Assembly - Elapsed_Time 9, CPU_Time 10.0
       Partition:  pbs_iopt_2 - Runtime taken by the partition - Elapsed_Time 117.00, CPU_Time 116.00
       Partition:  pbs_iopt_1 - PBS_Iopt-Distributed_Read_DB - Elapsed_Time 4.00, CPU_Time 4.00
       Partition:  pbs_iopt_1 - PBS_Iopt-Distributed_Iopt - Elapsed_Time 65.00, CPU_Time 64.00
       Start - Partition: pbs_iopt_1  Slack: -3.5 TNS: 172.6 Cell-Count: 83872 Cell-Area: 11382  
Init-Memory: 2417.78
       Done  - Partition: pbs_iopt_1  Slack: -1.7 TNS: 60.0 Cell-Count: 81229 Cell-Area: 10980  
Peak-Memory: 2481.82 Elapsed: 71
       Partition:  pbs_iopt_1 - PBS_Iopt-Distributed_Report - Elapsed_Time 2.00, CPU_Time 3.00
       Partition:  pbs_iopt_1 - PBS_Iopt-Distributed_Write_DB - Elapsed_Time 6.00, CPU_Time 6.00
       pbs_iopt_1 - PBS_Iopt-Assembly - Elapsed_Time 10, CPU_Time 10.0
       Partition:  pbs_iopt_1 - Runtime taken by the partition - Elapsed_Time 77.00, CPU_Time 77.00
       Partition:  pbs_iopt_4 - PBS_Iopt-Distributed_Read_DB - Elapsed_Time 4.00, CPU_Time 4.00
       Partition:  pbs_iopt_4 - PBS_Iopt-Distributed_Iopt - Elapsed_Time 63.00, CPU_Time 63.00
       Start - Partition: pbs_iopt_4  Slack: -5.6 TNS: 226.7 Cell-Count: 83873 Cell-Area: 11186  
Init-Memory: 2417.74
       Done  - Partition: pbs_iopt_4  Slack: -2.1 TNS: 55.9 Cell-Count: 82329 Cell-Area: 10960  
Peak-Memory: 2481.78 Elapsed: 70
       Partition:  pbs_iopt_4 - PBS_Iopt-Distributed_Report - Elapsed_Time 3.00, CPU_Time 2.00
       Partition:  pbs_iopt_4 - PBS_Iopt-Distributed_Write_DB - Elapsed_Time 6.00, CPU_Time 6.00
       pbs_iopt_4 - PBS_Iopt-Assembly - Elapsed_Time 10, CPU_Time 9.0
       Partition:  pbs_iopt_4 - Runtime taken by the partition - Elapsed_Time 76.00, CPU_Time 75.00
       Partition:  pbs_iopt_5 - PBS_Iopt-Distributed_Read_DB - Elapsed_Time 4.00, CPU_Time 4.00
       Partition:  pbs_iopt_5 - PBS_Iopt-Distributed_Iopt - Elapsed_Time 60.00, CPU_Time 60.00
       Start - Partition: pbs_iopt_5  Slack: -5.2 TNS: 192.6 Cell-Count: 83873 Cell-Area: 11139  
Init-Memory: 2417.72
       Done  - Partition: pbs_iopt_5  Slack: -1.9 TNS: 51.3 Cell-Count: 82581 Cell-Area: 10942  
Peak-Memory: 2481.76 Elapsed: 68
       Partition:  pbs_iopt_5 - PBS_Iopt-Distributed_Report - Elapsed_Time 4.00, CPU_Time 3.00
       Partition:  pbs_iopt_5 - PBS_Iopt-Distributed_Write_DB - Elapsed_Time 6.00, CPU_Time 7.00
       pbs_iopt_5 - PBS_Iopt-Assembly - Elapsed_Time 9, CPU_Time 10.0
       Partition:  pbs_iopt_5 - Runtime taken by the partition - Elapsed_Time 74.00, CPU_Time 74.00
       Partition:  pbs_iopt_6 - PBS_Iopt-Distributed_Read_DB - Elapsed_Time 4.00, CPU_Time 4.00
       Partition:  pbs_iopt_6 - PBS_Iopt-Distributed_Iopt - Elapsed_Time 67.00, CPU_Time 67.00
       Start - Partition: pbs_iopt_6  Slack: -4.8 TNS: 197.8 Cell-Count: 83873 Cell-Area: 11185  
Init-Memory: 2417.64
       Done  - Partition: pbs_iopt_6  Slack: -1.5 TNS: 42.4 Cell-Count: 81861 Cell-Area: 10886  
Peak-Memory: 2481.68 Elapsed: 74
       Partition:  pbs_iopt_6 - PBS_Iopt-Distributed_Report - Elapsed_Time 3.00, CPU_Time 3.00
       Partition:  pbs_iopt_6 - PBS_Iopt-Distributed_Write_DB - Elapsed_Time 7.00, CPU_Time 6.00
       pbs_iopt_6 - PBS_Iopt-Assembly - Elapsed_Time 10, CPU_Time 10.0
       Partition:  pbs_iopt_6 - Runtime taken by the partition - Elapsed_Time 81.00, CPU_Time 80.00
       Partition:  pbs_iopt_13 - PBS_Iopt-Distributed_Read_DB - Elapsed_Time 2.00, CPU_Time 2.00
       Partition:  pbs_iopt_13 - PBS_Iopt-Distributed_Iopt - Elapsed_Time 130.00, CPU_Time 130.00
       Start - Partition: pbs_iopt_13  Slack: -28.6 TNS: 19743.6 Cell-Count: 72886 Cell-Area: 5822  
Init-Memory: 2417.72
       Done  - Partition: pbs_iopt_13  Slack: -0.4 TNS: 2.6 Cell-Count: 67464 Cell-Area: 5595  
Peak-Memory: 2481.76 Elapsed: 134
       Partition:  pbs_iopt_13 - PBS_Iopt-Distributed_Report - Elapsed_Time 2.00, CPU_Time 1.00
       Partition:  pbs_iopt_13 - PBS_Iopt-Distributed_Write_DB - Elapsed_Time 4.00, CPU_Time 4.00
       pbs_iopt_13 - PBS_Iopt-Assembly - Elapsed_Time 5, CPU_Time 5.0
       Partition:  pbs_iopt_13 - Runtime taken by the partition - Elapsed_Time 138.00, CPU_Time 137.00
       Partition:  pbs_iopt_14 - PBS_Iopt-Distributed_Read_DB - Elapsed_Time 1.00, CPU_Time 1.00
       Partition:  pbs_iopt_14 - PBS_Iopt-Distributed_Iopt - Elapsed_Time 138.00, CPU_Time 138.00
       Start - Partition: pbs_iopt_14  Slack: -28.6 TNS: 19859.2 Cell-Count: 72884 Cell-Area: 5822  
Init-Memory: 2417.78
       Done  - Partition: pbs_iopt_14  Slack: -0.3 TNS: 2.7 Cell-Count: 67420 Cell-Area: 5603  
Peak-Memory: 2481.82 Elapsed: 140
       Partition:  pbs_iopt_14 - PBS_Iopt-Distributed_Report - Elapsed_Time 1.00, CPU_Time 2.00
       Partition:  pbs_iopt_14 - PBS_Iopt-Distributed_Write_DB - Elapsed_Time 4.00, CPU_Time 4.00
       pbs_iopt_14 - PBS_Iopt-Assembly - Elapsed_Time 5, CPU_Time 4.0
       Partition:  pbs_iopt_14 - Runtime taken by the partition - Elapsed_Time 144.00, CPU_Time 145.00
       Partition:  pbs_iopt_17 - PBS_Iopt-Distributed_Read_DB - Elapsed_Time 1.00, CPU_Time 1.00
       Partition:  pbs_iopt_17 - PBS_Iopt-Distributed_Iopt - Elapsed_Time 133.00, CPU_Time 133.00
       Start - Partition: pbs_iopt_17  Slack: -27.9 TNS: 20520.8 Cell-Count: 72787 Cell-Area: 5815  
Init-Memory: 2417.74
       Done  - Partition: pbs_iopt_17  Slack: -0.4 TNS: 2.7 Cell-Count: 67474 Cell-Area: 5601  
Peak-Memory: 2481.78 Elapsed: 135
       Partition:  pbs_iopt_17 - PBS_Iopt-Distributed_Report - Elapsed_Time 1.00, CPU_Time 1.00
       Partition:  pbs_iopt_17 - PBS_Iopt-Distributed_Write_DB - Elapsed_Time 4.00, CPU_Time 4.00
       pbs_iopt_17 - PBS_Iopt-Assembly - Elapsed_Time 4, CPU_Time 5.0
       Partition:  pbs_iopt_17 - Runtime taken by the partition - Elapsed_Time 139.00, CPU_Time 139.00
       Partition:  pbs_iopt_18 - PBS_Iopt-Distributed_Read_DB - Elapsed_Time 1.00, CPU_Time 2.00
       Partition:  pbs_iopt_18 - PBS_Iopt-Distributed_Iopt - Elapsed_Time 129.00, CPU_Time 128.00
       Start - Partition: pbs_iopt_18  Slack: -28.1 TNS: 18936.2 Cell-Count: 72783 Cell-Area: 5815  
Init-Memory: 2417.64
       Done  - Partition: pbs_iopt_18  Slack: -0.4 TNS: 1.9 Cell-Count: 67501 Cell-Area: 5597  
Peak-Memory: 2481.68 Elapsed: 131
       Partition:  pbs_iopt_18 - PBS_Iopt-Distributed_Report - Elapsed_Time 1.00, CPU_Time 2.00
       Partition:  pbs_iopt_18 - PBS_Iopt-Distributed_Write_DB - Elapsed_Time 4.00, CPU_Time 4.00
       pbs_iopt_18 - PBS_Iopt-Assembly - Elapsed_Time 5, CPU_Time 4.0
       Partition:  pbs_iopt_18 - Runtime taken by the partition - Elapsed_Time 135.00, CPU_Time 136.00
       Partition:  pbs_iopt_15 - PBS_Iopt-Distributed_Read_DB - Elapsed_Time 1.00, CPU_Time 2.00
       Partition:  pbs_iopt_15 - PBS_Iopt-Distributed_Iopt - Elapsed_Time 118.00, CPU_Time 117.00
       Start - Partition: pbs_iopt_15  Slack: -37.2 TNS: 19855.4 Cell-Count: 70470 Cell-Area: 5699  
Init-Memory: 2483.93
       Done  - Partition: pbs_iopt_15  Slack: -0.5 TNS: 2.6 Cell-Count: 65079 Cell-Area: 5453  
Peak-Memory: 2561.29 Elapsed: 120
       Partition:  pbs_iopt_15 - PBS_Iopt-Distributed_Report - Elapsed_Time 1.00, CPU_Time 2.00
       Partition:  pbs_iopt_15 - PBS_Iopt-Distributed_Write_DB - Elapsed_Time 4.00, CPU_Time 4.00
       pbs_iopt_15 - PBS_Iopt-Assembly - Elapsed_Time 4, CPU_Time 5.0
       Partition:  pbs_iopt_15 - Runtime taken by the partition - Elapsed_Time 124.00, CPU_Time 125.00
       Partition:  pbs_iopt_16 - PBS_Iopt-Distributed_Read_DB - Elapsed_Time 1.00, CPU_Time 1.00
       Partition:  pbs_iopt_16 - PBS_Iopt-Distributed_Iopt - Elapsed_Time 106.00, CPU_Time 105.00
       Start - Partition: pbs_iopt_16  Slack: -34.7 TNS: 19853.8 Cell-Count: 70451 Cell-Area: 5697  
Init-Memory: 2417.45
       Done  - Partition: pbs_iopt_16  Slack: -0.5 TNS: 2.8 Cell-Count: 64957 Cell-Area: 5445  
Peak-Memory: 2481.48 Elapsed: 108
       Partition:  pbs_iopt_16 - PBS_Iopt-Distributed_Report - Elapsed_Time 1.00, CPU_Time 2.00
       Partition:  pbs_iopt_16 - PBS_Iopt-Distributed_Write_DB - Elapsed_Time 4.00, CPU_Time 3.00
       pbs_iopt_16 - PBS_Iopt-Assembly - Elapsed_Time 4, CPU_Time 4.0
       Partition:  pbs_iopt_16 - Runtime taken by the partition - Elapsed_Time 112.00, CPU_Time 111.00
          Received 'pbs_iopt_7 ./.pbs_mo.ece.pdx.edu_24438/pbs_iopt_7.etf' from server 'localhost_1_0'. (513412 ms elapsed)
          Received 'pbs_iopt_9 ./.pbs_mo.ece.pdx.edu_24438/pbs_iopt_9.etf' from server 'localhost_1_23'. (576503 ms elapsed)
       Partition:  pbs_iopt_9 - PBS_Iopt-Distributed_Read_DB - Elapsed_Time 2.00, CPU_Time 2.00
       Partition:  pbs_iopt_9 - PBS_Iopt-Distributed_Iopt - Elapsed_Time 569.00, CPU_Time 567.00
       Start - Partition: pbs_iopt_9  Slack: -94.7 TNS: 17694.3 Cell-Count: 69755 Cell-Area: 5749  
Init-Memory: 2415.22
       Done  - Partition: pbs_iopt_9  Slack: -2.9 TNS: 23.9 Cell-Count: 64349 Cell-Area: 5478  
Peak-Memory: 2479.26 Elapsed: 572
       Partition:  pbs_iopt_9 - PBS_Iopt-Distributed_Report - Elapsed_Time 1.00, CPU_Time 2.00
       Partition:  pbs_iopt_9 - PBS_Iopt-Distributed_Write_DB - Elapsed_Time 4.00, CPU_Time 3.00
       pbs_iopt_9 - PBS_Iopt-Assembly - Elapsed_Time 7, CPU_Time 6.0
       Partition:  pbs_iopt_9 - Runtime taken by the partition - Elapsed_Time 576.00, CPU_Time 574.00
       Partition:  pbs_iopt_7 - PBS_Iopt-Distributed_Read_DB - Elapsed_Time 1.00, CPU_Time 2.00
       Partition:  pbs_iopt_7 - PBS_Iopt-Distributed_Iopt - Elapsed_Time 495.00, CPU_Time 493.00
       Start - Partition: pbs_iopt_7  Slack: -94.6 TNS: 16236.3 Cell-Count: 69601 Cell-Area: 5732  
Init-Memory: 2483.93
       Done  - Partition: pbs_iopt_7  Slack: 0.0 TNS: 0.0 Cell-Count: 64033 Cell-Area: 5449  
Peak-Memory: 2561.29 Elapsed: 497
       Partition:  pbs_iopt_7 - PBS_Iopt-Distributed_Report - Elapsed_Time 1.00, CPU_Time 1.00
       Partition:  pbs_iopt_7 - PBS_Iopt-Distributed_Write_DB - Elapsed_Time 4.00, CPU_Time 4.00
       pbs_iopt_7 - PBS_Iopt-Assembly - Elapsed_Time 5, CPU_Time 6.0
       Partition:  pbs_iopt_7 - Runtime taken by the partition - Elapsed_Time 501.00, CPU_Time 500.00
       Partition:  pbs_iopt_11 - PBS_Iopt-Distributed_Read_DB - Elapsed_Time 1.00, CPU_Time 1.00
       Partition:  pbs_iopt_11 - PBS_Iopt-Distributed_Iopt - Elapsed_Time 128.00, CPU_Time 127.00
       Start - Partition: pbs_iopt_11  Slack: -57.4 TNS: 22783.3 Cell-Count: 66531 Cell-Area: 5358  
Init-Memory: 2417.72
       Done  - Partition: pbs_iopt_11  Slack: -0.9 TNS: 3.5 Cell-Count: 62102 Cell-Area: 5167  
Peak-Memory: 2481.76 Elapsed: 130
       Partition:  pbs_iopt_11 - PBS_Iopt-Distributed_Report - Elapsed_Time 1.00, CPU_Time 1.00
       Partition:  pbs_iopt_11 - PBS_Iopt-Distributed_Write_DB - Elapsed_Time 3.00, CPU_Time 3.00
       pbs_iopt_11 - PBS_Iopt-Assembly - Elapsed_Time 5, CPU_Time 5.0
       Partition:  pbs_iopt_11 - Runtime taken by the partition - Elapsed_Time 133.00, CPU_Time 132.00
       Partition:  pbs_iopt_10 - PBS_Iopt-Distributed_Read_DB - Elapsed_Time 1.00, CPU_Time 1.00
       Partition:  pbs_iopt_10 - PBS_Iopt-Distributed_Iopt - Elapsed_Time 63.00, CPU_Time 63.00
       Start - Partition: pbs_iopt_10  Slack: -2.3 TNS: 166.7 Cell-Count: 58896 Cell-Area: 9311  
Init-Memory: 2417.64
       Done  - Partition: pbs_iopt_10  Slack: -0.5 TNS: 11.5 Cell-Count: 55998 Cell-Area: 8979  
Peak-Memory: 2481.68 Elapsed: 65
       Partition:  pbs_iopt_10 - PBS_Iopt-Distributed_Report - Elapsed_Time 1.00, CPU_Time 1.00
       Partition:  pbs_iopt_10 - PBS_Iopt-Distributed_Write_DB - Elapsed_Time 4.00, CPU_Time 4.00
       pbs_iopt_10 - PBS_Iopt-Assembly - Elapsed_Time 5, CPU_Time 5.0
       Partition:  pbs_iopt_10 - Runtime taken by the partition - Elapsed_Time 69.00, CPU_Time 69.00
       Partition:  pbs_iopt_3 - PBS_Iopt-Distributed_Read_DB - Elapsed_Time 1.00, CPU_Time 1.00
       Partition:  pbs_iopt_3 - PBS_Iopt-Distributed_Iopt - Elapsed_Time 23.00, CPU_Time 22.00
       Start - Partition: pbs_iopt_3  Slack: -2.0 TNS: 42.6 Cell-Count: 30510 Cell-Area: 4174  
Init-Memory: 2417.74
       Done  - Partition: pbs_iopt_3  Slack: -1.6 TNS: 18.7 Cell-Count: 29620 Cell-Area: 4029  
Peak-Memory: 2481.78 Elapsed: 25
       Partition:  pbs_iopt_3 - PBS_Iopt-Distributed_Report - Elapsed_Time 1.00, CPU_Time 1.00
       Partition:  pbs_iopt_3 - PBS_Iopt-Distributed_Write_DB - Elapsed_Time 2.00, CPU_Time 2.00
       pbs_iopt_3 - PBS_Iopt-Assembly - Elapsed_Time 4, CPU_Time 4.0
       Partition:  pbs_iopt_3 - Runtime taken by the partition - Elapsed_Time 27.00, CPU_Time 26.00
Assembled design in-time

+-----------+----------------+-----+----------------------+---------------------------+
|   Host    |    Machine     | CPU | Physical Memory (MB) | Peak Physical Memory (MB) |
+-----------+----------------+-----+----------------------+---------------------------+
| localhost | mo.ece.pdx.edu |  8  |       10974.8        |          20172.7          |
+-----------+----------------+-----+----------------------+---------------------------+

+----------------+----------------------+---------------------------+
|     Server     | Physical Memory (MB) | Peak Physical Memory (MB) |
+----------------+----------------------+---------------------------+
| localhost_1_24 |      629.9 [1]       |          [1] [2]          |
| localhost_1_27 |      629.7 [1]       |          [1] [2]          |
| localhost_1_25 |      578.8 [1]       |          [1] [2]          |
| localhost_1_0  |      5005.0 [3]      |        14884.1 [3]        |
| localhost_1_28 |      633.7 [1]       |          [1] [2]          |
| localhost_1_23 |      576.8 [1]       |          [1] [2]          |
| localhost_1_22 |      632.6 [1]       |          [1] [2]          |
| localhost_1_26 |      646.6 [1]       |          [1] [2]          |
+----------------+----------------------+---------------------------+
[1] Memory is included in parent localhost_1_0.
[2] Peak physical memory is not available for forked background servers.
[3] Memory of child processes is included.

1ST_ST - Elapsed_Time 995, CPU_Time 1113.9657699999989
stamp '1ST_ST' being created for table 'pbs_debug'

  Total Time (Wall) |  Stage Time (Wall)  |   % (Wall)   |    Date - Time     |  Memory   | Stage
--------------------+---------------------+--------------+--------------------+-----------+----------------------
 00:03:37(00:03:36) |  00:00:00(00:00:00) |   0.0(  0.0) |   12:04:09 (May16) |   3.20 GB | PBS_Generic-Start
--------------------+---------------------+--------------+--------------------+-----------+----------------------
 00:51:33(00:50:29) |  00:47:56(00:46:53) |  27.5( 29.2) |   12:51:02 (May16) |   6.41 GB | PBS_Generic-Post_Genopt
--------------------+---------------------+--------------+--------------------+-----------+----------------------
 01:12:22(01:10:13) |  00:20:49(00:19:44) |  11.9( 12.3) |   13:10:46 (May16) |   6.16 GB | PBS_Generic_Opt-Post
--------------------+---------------------+--------------+--------------------+-----------+----------------------
 01:12:50(01:10:41) |  00:00:28(00:00:28) |   0.3(  0.3) |   13:11:14 (May16) |   5.74 GB | PBS_Generic-Postgen HBO Optimizations
--------------------+---------------------+--------------+--------------------+-----------+----------------------
 01:17:33(01:12:24) |  00:04:43(00:01:43) |   2.7(  1.1) |   13:12:57 (May16) |   5.73 GB | PBS_TechMap-Start
--------------------+---------------------+--------------+--------------------+-----------+----------------------
 01:17:59(01:12:50) |  00:00:26(00:00:26) |   0.2(  0.3) |   13:13:23 (May16) |   5.73 GB | PBS_TechMap-Premap HBO Optimizations
--------------------+---------------------+--------------+--------------------+-----------+----------------------
 02:07:17(01:58:36) |  00:49:17(00:45:46) |  28.3( 28.5) |   13:59:09 (May16) |   7.66 GB | PBS_Techmap-Global Mapping
--------------------+---------------------+--------------+--------------------+-----------+----------------------
 02:12:51(02:03:51) |  00:05:33(00:05:15) |   3.2(  3.3) |   14:04:24 (May16) |   6.25 GB | PBS_TechMap-Datapath Postmap Operations
--------------------+---------------------+--------------+--------------------+-----------+----------------------
 02:13:34(02:04:25) |  00:00:43(00:00:34) |   0.4(  0.4) |   14:04:59 (May16) |   6.26 GB | PBS_TechMap-Postmap HBO Optimizations
--------------------+---------------------+--------------+--------------------+-----------+----------------------
 02:21:39(02:12:31) |  00:08:04(00:08:06) |   4.6(  5.0) |   14:13:04 (May16) |   6.11 GB | PBS_TechMap-Postmap Clock Gating
--------------------+---------------------+--------------+--------------------+-----------+----------------------
 02:33:34(02:22:33) |  00:11:54(00:10:02) |   6.8(  6.2) |   14:23:06 (May16) |   6.19 GB | PBS_TechMap-Postmap Cleanup
--------------------+---------------------+--------------+--------------------+-----------+----------------------
 02:33:38(02:22:36) |  00:00:04(00:00:03) |   0.0(  0.0) |   14:23:09 (May16) |   6.19 GB | PBS_Techmap-Post_MBCI
--------------------+---------------------+--------------+--------------------+-----------+----------------------
 02:34:52(02:23:47) |  00:01:14(00:01:11) |   0.7(  0.7) |   14:24:20 (May16) |   6.07 GB | PBS_Incr_Opt-Start
--------------------+---------------------+--------------+--------------------+-----------+----------------------
 02:34:58(02:23:53) |  00:00:06(00:00:06) |   0.1(  0.1) |   14:24:26 (May16) |   6.08 GB | PBS_Incr_Opt-Uniquify_Netlist
--------------------+---------------------+--------------+--------------------+-----------+----------------------
 02:39:30(02:27:44) |  00:04:32(00:03:51) |   2.6(  2.4) |   14:28:17 (May16) |   6.14 GB | INIT_CLEAN_UP
--------------------+---------------------+--------------+--------------------+-----------+----------------------
 02:58:04(02:44:19) |  00:18:33(00:16:35) |  10.6( 10.3) |   14:44:52 (May16) |   7.60 GB | 1ST_ST
--------------------+---------------------+--------------+--------------------+-----------+----------------------
Number of threads: 8 * 1   (id: pbs_debug, time_info v1.57)
Info: (*N*) indicates data that was populated from previously saved time_info database
Info: CPU time includes time of parent + longest thread
-------------------------------------------------------------------------------
 hi_fo_buf                141871      -25    -51841       979        5
            Worst cost_group: clk, WNS: -25.4
            Path: u_rb/total_cnt_reg[1]/CLK --> m_axis_tdata[137]

           Trick     Calls     Accepts   Attempts    Time(secs) 
-----------------------------------------------------------
       hi_fo_buf      1098  (      997 /      997 )  91.10

 


                                   Group   
                                  Tot Wrst     Total - - DRC Totals - -
                           Total  Weighted      Neg      Max       Max 
Operation                   Area   Slacks      Slack    Trans      Cap 
 init_delay               141871      -25    -51841       979        5
            Worst cost_group: clk, WNS: -25.4
            Path: u_rb/total_cnt_reg[1]/CLK --> m_axis_tdata[137]
 incr_delay               142695        0       -99       979        5
            Worst cost_group: clk, WNS: 0.7
            Path: u_rb/g_postproc[14].u_gelu/r3_y1_reg[18]/CLK -->
                    u_rb/g_postproc[14].u_gelu/r3b_y2_reg[30]/D
 incr_delay               142699        0         0       979        5

           Trick     Calls     Accepts   Attempts    Time(secs) 
-----------------------------------------------------------
       crit_upsz      8257  (     2752 /     2962 )  203.16
            fopt     15732  (     2188 /     2278 )  190.06

 init_tns                 142699        0         0       979        5

           Trick     Calls     Accepts   Attempts    Time(secs) 
-----------------------------------------------------------

INTRMD_CLEAN_UP - Elapsed_Time 531, CPU_Time 576.7579680000017
stamp 'INTRMD_CLEAN_UP' being created for table 'pbs_debug'

  Total Time (Wall) |  Stage Time (Wall)  |   % (Wall)   |    Date - Time     |  Memory   | Stage
--------------------+---------------------+--------------+--------------------+-----------+----------------------
 00:03:37(00:03:36) |  00:00:00(00:00:00) |   0.0(  0.0) |   12:04:09 (May16) |   3.20 GB | PBS_Generic-Start
--------------------+---------------------+--------------+--------------------+-----------+----------------------
 00:51:33(00:50:29) |  00:47:56(00:46:53) |  26.0( 27.6) |   12:51:02 (May16) |   6.41 GB | PBS_Generic-Post_Genopt
--------------------+---------------------+--------------+--------------------+-----------+----------------------
 01:12:22(01:10:13) |  00:20:49(00:19:44) |  11.3( 11.6) |   13:10:46 (May16) |   6.16 GB | PBS_Generic_Opt-Post
--------------------+---------------------+--------------+--------------------+-----------+----------------------
 01:12:50(01:10:41) |  00:00:28(00:00:28) |   0.3(  0.3) |   13:11:14 (May16) |   5.74 GB | PBS_Generic-Postgen HBO Optimizations
--------------------+---------------------+--------------+--------------------+-----------+----------------------
 01:17:33(01:12:24) |  00:04:43(00:01:43) |   2.6(  1.0) |   13:12:57 (May16) |   5.73 GB | PBS_TechMap-Start
--------------------+---------------------+--------------+--------------------+-----------+----------------------
 01:17:59(01:12:50) |  00:00:26(00:00:26) |   0.2(  0.3) |   13:13:23 (May16) |   5.73 GB | PBS_TechMap-Premap HBO Optimizations
--------------------+---------------------+--------------+--------------------+-----------+----------------------
 02:07:17(01:58:36) |  00:49:17(00:45:46) |  26.8( 27.0) |   13:59:09 (May16) |   7.66 GB | PBS_Techmap-Global Mapping
--------------------+---------------------+--------------+--------------------+-----------+----------------------
 02:12:51(02:03:51) |  00:05:33(00:05:15) |   3.0(  3.1) |   14:04:24 (May16) |   6.25 GB | PBS_TechMap-Datapath Postmap Operations
--------------------+---------------------+--------------+--------------------+-----------+----------------------
 02:13:34(02:04:25) |  00:00:43(00:00:34) |   0.4(  0.3) |   14:04:59 (May16) |   6.26 GB | PBS_TechMap-Postmap HBO Optimizations
--------------------+---------------------+--------------+--------------------+-----------+----------------------
 02:21:39(02:12:31) |  00:08:04(00:08:06) |   4.4(  4.8) |   14:13:04 (May16) |   6.11 GB | PBS_TechMap-Postmap Clock Gating
--------------------+---------------------+--------------+--------------------+-----------+----------------------
 02:33:34(02:22:33) |  00:11:54(00:10:02) |   6.5(  5.9) |   14:23:06 (May16) |   6.19 GB | PBS_TechMap-Postmap Cleanup
--------------------+---------------------+--------------+--------------------+-----------+----------------------
 02:33:38(02:22:36) |  00:00:04(00:00:03) |   0.0(  0.0) |   14:23:09 (May16) |   6.19 GB | PBS_Techmap-Post_MBCI
--------------------+---------------------+--------------+--------------------+-----------+----------------------
 02:34:52(02:23:47) |  00:01:14(00:01:11) |   0.7(  0.7) |   14:24:20 (May16) |   6.07 GB | PBS_Incr_Opt-Start
--------------------+---------------------+--------------+--------------------+-----------+----------------------
 02:34:58(02:23:53) |  00:00:06(00:00:06) |   0.1(  0.1) |   14:24:26 (May16) |   6.08 GB | PBS_Incr_Opt-Uniquify_Netlist
--------------------+---------------------+--------------+--------------------+-----------+----------------------
 02:39:30(02:27:44) |  00:04:32(00:03:51) |   2.5(  2.3) |   14:28:17 (May16) |   6.14 GB | INIT_CLEAN_UP
--------------------+---------------------+--------------+--------------------+-----------+----------------------
 02:58:04(02:44:19) |  00:18:33(00:16:35) |  10.1(  9.8) |   14:44:52 (May16) |   7.60 GB | 1ST_ST
--------------------+---------------------+--------------+--------------------+-----------+----------------------
 03:07:41(02:53:10) |  00:09:36(00:08:51) |   5.2(  5.2) |   14:53:43 (May16) |   7.62 GB | INTRMD_CLEAN_UP
--------------------+---------------------+--------------+--------------------+-----------+----------------------
Number of threads: 8 * 1   (id: pbs_debug, time_info v1.57)
Info: (*N*) indicates data that was populated from previously saved time_info database
Info: CPU time includes time of parent + longest thread
CRB_ST - Elapsed_Time 0, CPU_Time 0.0
stamp 'CRB_ST' being created for table 'pbs_debug'

  Total Time (Wall) |  Stage Time (Wall)  |   % (Wall)   |    Date - Time     |  Memory   | Stage
--------------------+---------------------+--------------+--------------------+-----------+----------------------
 00:03:37(00:03:36) |  00:00:00(00:00:00) |   0.0(  0.0) |   12:04:09 (May16) |   3.20 GB | PBS_Generic-Start
--------------------+---------------------+--------------+--------------------+-----------+----------------------
 00:51:33(00:50:29) |  00:47:56(00:46:53) |  26.0( 27.6) |   12:51:02 (May16) |   6.41 GB | PBS_Generic-Post_Genopt
--------------------+---------------------+--------------+--------------------+-----------+----------------------
 01:12:22(01:10:13) |  00:20:49(00:19:44) |  11.3( 11.6) |   13:10:46 (May16) |   6.16 GB | PBS_Generic_Opt-Post
--------------------+---------------------+--------------+--------------------+-----------+----------------------
 01:12:50(01:10:41) |  00:00:28(00:00:28) |   0.3(  0.3) |   13:11:14 (May16) |   5.74 GB | PBS_Generic-Postgen HBO Optimizations
--------------------+---------------------+--------------+--------------------+-----------+----------------------
 01:17:33(01:12:24) |  00:04:43(00:01:43) |   2.6(  1.0) |   13:12:57 (May16) |   5.73 GB | PBS_TechMap-Start
--------------------+---------------------+--------------+--------------------+-----------+----------------------
 01:17:59(01:12:50) |  00:00:26(00:00:26) |   0.2(  0.3) |   13:13:23 (May16) |   5.73 GB | PBS_TechMap-Premap HBO Optimizations
--------------------+---------------------+--------------+--------------------+-----------+----------------------
 02:07:17(01:58:36) |  00:49:17(00:45:46) |  26.8( 27.0) |   13:59:09 (May16) |   7.66 GB | PBS_Techmap-Global Mapping
--------------------+---------------------+--------------+--------------------+-----------+----------------------
 02:12:51(02:03:51) |  00:05:33(00:05:15) |   3.0(  3.1) |   14:04:24 (May16) |   6.25 GB | PBS_TechMap-Datapath Postmap Operations
--------------------+---------------------+--------------+--------------------+-----------+----------------------
 02:13:34(02:04:25) |  00:00:43(00:00:34) |   0.4(  0.3) |   14:04:59 (May16) |   6.26 GB | PBS_TechMap-Postmap HBO Optimizations
--------------------+---------------------+--------------+--------------------+-----------+----------------------
 02:21:39(02:12:31) |  00:08:04(00:08:06) |   4.4(  4.8) |   14:13:04 (May16) |   6.11 GB | PBS_TechMap-Postmap Clock Gating
--------------------+---------------------+--------------+--------------------+-----------+----------------------
 02:33:34(02:22:33) |  00:11:54(00:10:02) |   6.5(  5.9) |   14:23:06 (May16) |   6.19 GB | PBS_TechMap-Postmap Cleanup
--------------------+---------------------+--------------+--------------------+-----------+----------------------
 02:33:38(02:22:36) |  00:00:04(00:00:03) |   0.0(  0.0) |   14:23:09 (May16) |   6.19 GB | PBS_Techmap-Post_MBCI
--------------------+---------------------+--------------+--------------------+-----------+----------------------
 02:34:52(02:23:47) |  00:01:14(00:01:11) |   0.7(  0.7) |   14:24:20 (May16) |   6.07 GB | PBS_Incr_Opt-Start
--------------------+---------------------+--------------+--------------------+-----------+----------------------
 02:34:58(02:23:53) |  00:00:06(00:00:06) |   0.1(  0.1) |   14:24:26 (May16) |   6.08 GB | PBS_Incr_Opt-Uniquify_Netlist
--------------------+---------------------+--------------+--------------------+-----------+----------------------
 02:39:30(02:27:44) |  00:04:32(00:03:51) |   2.5(  2.3) |   14:28:17 (May16) |   6.14 GB | INIT_CLEAN_UP
--------------------+---------------------+--------------+--------------------+-----------+----------------------
 02:58:04(02:44:19) |  00:18:33(00:16:35) |  10.1(  9.8) |   14:44:52 (May16) |   7.60 GB | 1ST_ST
--------------------+---------------------+--------------+--------------------+-----------+----------------------
 03:07:41(02:53:10) |  00:09:36(00:08:51) |   5.2(  5.2) |   14:53:43 (May16) |   7.62 GB | INTRMD_CLEAN_UP
--------------------+---------------------+--------------+--------------------+-----------+----------------------
 03:07:41(02:53:10) |  00:00:00(00:00:00) |   0.0(  0.0) |   14:53:43 (May16) |   7.62 GB | CRB_ST
--------------------+---------------------+--------------+--------------------+-----------+----------------------
Number of threads: 8 * 1   (id: pbs_debug, time_info v1.57)
Info: (*N*) indicates data that was populated from previously saved time_info database
Info: CPU time includes time of parent + longest thread
 


                                   Group   
                                  Tot Wrst     Total - - DRC Totals - -
                           Total  Weighted      Neg      Max       Max 
Operation                   Area   Slacks      Slack    Trans      Cap 
 init_delay               142699        0         0       979        5

           Trick     Calls     Accepts   Attempts    Time(secs) 
-----------------------------------------------------------

 init_tns                 142699        0         0       979        5

           Trick     Calls     Accepts   Attempts    Time(secs) 
-----------------------------------------------------------

 init_delay               142699        0         0       979        5

           Trick     Calls     Accepts   Attempts    Time(secs) 
-----------------------------------------------------------
 init_drc                 142699        0         0       979        5
 incr_max_trans           142699        0         0         0        0

           Trick     Calls     Accepts   Attempts    Time(secs) 
-----------------------------------------------------------
        drc_bufs         2  (        1 /        1 )  0.93


           Trick     Calls     Accepts   Attempts    Time(secs) 
-----------------------------------------------------------


           Trick     Calls     Accepts   Attempts    Time(secs) 
-----------------------------------------------------------


# Incremental Optimization Runtime Summary: 
                       Step    Elapsed Time(s)         Runtime(s)   WNS(ps)           TNS(ps)           CELL AREA         Leakage Power     Dynamic Power  
##***************************************************************************************************************************************************************
##                     INIT        22 (1.3  %)        49 (3.3  %)   -97.0             275385            144110            NA             NA             
##         HIGH_FANOUT_OPTO        33 (1.9  %)        40 (2.7  %)   -97.0             276051            144996            NA             NA             
##               SCORE_INIT         0 (0.0  %)         0 (0.0  %)   -97.0             276051            144996            NA             NA             
##                 WNS_OPTO         5 (0.3  %)         5 (0.3  %)   -95.4             275677            144999            NA             NA             
##                 TNS_OPTO       164 (9.3  %)       198 (13.2 %)   -94.8             248851            145169            NA             NA             
##                 FIRST_ST       987 (56.2 %)       567 (37.9 %)   NOT_TIMED         NOT_TIMED         140365            NA             NA             
##                     INIT        27 (1.5  %)        59 (3.9  %)   -26.5             51960             140365            NA             NA             
##         HIGH_FANOUT_OPTO        99 (5.6  %)       129 (8.6  %)   -25.4             51841             141871            NA             NA             
##               SCORE_INIT         0 (0.0  %)         0 (0.0  %)   -25.4             51841             141871            NA             NA             
##                 WNS_OPTO       399 (22.7 %)       428 (28.6 %)   0.0               0                 142699            NA             NA             
##                 TNS_OPTO         0 (0.0  %)         0 (0.0  %)   0.0               0                 142699            NA             NA             
##                     INIT         2 (0.1  %)         1 (0.1  %)   0.0               0                 142699            NA             NA             
##               LATCH_OPTO         0 (0.0  %)         0 (0.0  %)   0.0               0                 142699            NA             NA             
##               SCORE_INIT         0 (0.0  %)         0 (0.0  %)   0.0               0                 142699            NA             NA             
##                 WNS_OPTO         0 (0.0  %)         0 (0.0  %)   0.0               0                 142699            NA             NA             
##                 TNS_OPTO         0 (0.0  %)         0 (0.0  %)   0.0               0                 142699            NA             NA             
##             WNS_CRR_OPTO         0 (0.0  %)         0 (0.0  %)   0.0               0                 142699            NA             NA             
##                 DRC_OPTO         3 (0.2  %)         4 (0.3  %)   0.0               0                 142699            NA             NA             
##***************************************************************************************************************************************************************
                                 1755                 1497 

Done incrementally optimizing.
==================================
Stage : FINAL_CLEAN_UP 
==================================
  =================
   Message Summary
  =================
---------------------------------------------------------------------------
|    Id     |  Sev  |Count|                 Message Text                  |
---------------------------------------------------------------------------
|CDFG-250   |Info   |   25|Processing multi-dimensional arrays.           |
|CDFG-372   |Info   |    9|Bitwidth mismatch in assignment.               |
|           |       |     |Review and make sure the mismatch is           |
|           |       |     | intentional. Genus can possibly issue bitwidth|
|           |       |     | mismatch warning for explicit assignments     |
|           |       |     | present in RTL as-well-as for implicit        |
|           |       |     | assignments inferred by the tool. For example,|
|           |       |     | in case of enum declaration without value, the|
|           |       |     | tool will implicitly assign value to the enum |
|           |       |     | variables. It also issues the warning for any |
|           |       |     | bitwidth mismatch that appears in this        |
|           |       |     | implicit assignment.                          |
|CDFG-472   |Warning|    1|Unreachable statements for case item.          |
|CDFG-508   |Warning|  122|Removing unused register.                      |
|           |       |     |Genus removes the flip-flop or latch inferred  |
|           |       |     | for an unused signal or variable. To preserve |
|           |       |     | the flip-flop or latch, set the               |
|           |       |     | hdl_preserve_unused_registers attribute to    |
|           |       |     | true or use a pragma in the RTL.              |
|CDFG-567   |Info   |  328|Instantiating Subdesign.                       |
|CDFG-738   |Info   |   17|Common subexpression eliminated.               |
|CDFG-739   |Info   |   17|Common subexpression kept.                     |
|CDFG-769   |Info   |    1|Identified sum-of-products logic to be         |
|           |       |     | optimized during syn_generic.                 |
|CDFG-818   |Warning|    1|Using default parameter value for module       |
|           |       |     | elaboration.                                  |
|CFM-1      |Info   |    1|Wrote dofile.                                  |
|CFM-5      |Info   |    1|Wrote formal verification information.         |
|CWD-19     |Info   |   58|An implementation was inferred.                |
|ELAB-1     |Info   |    1|Elaborating Design.                            |
|ELAB-2     |Info   |   13|Elaborating Subdesign.                         |
|ELAB-3     |Info   |    1|Done Elaborating Design.                       |
|ELABUTL-132|Info   |  259|Unused instance port.                          |
|           |       |     |Please check the reported scenario of          |
|           |       |     | unconnected instance port to ensure that it   |
|           |       |     | matches the design intent.                    |
|GLO-12     |Info   |  624|Replacing a flip-flop with a logic constant 0. |
|           |       |     |To prevent this optimization, set the          |
|           |       |     | 'optimize_constant_0_flops' root attribute to |
|           |       |     | 'false' or 'optimize_constant_0_seq' instance |
|           |       |     | attribute to 'false'. You can also see the    |
|           |       |     | complete list of deleted sequential with      |
|           |       |     | command 'report sequential -deleted'          |
|           |       |     | (on Reason 'constant0').                      |
|GLO-34     |Info   |    3|Deleting instances not driving any primary     |
|           |       |     | outputs.                                      |
|           |       |     |Optimizations such as constant propagation or  |
|           |       |     | redundancy removal could change the           |
|           |       |     | connections so a hierarchical instance does   |
|           |       |     | not drive any primary outputs anymore. To see |
|           |       |     | the list of deleted hierarchical instances,   |
|           |       |     | set the 'information_level' attribute to 2 or |
|           |       |     | above. If the message is truncated set the    |
|           |       |     | message attribute 'truncate' to false to see  |
|           |       |     | the complete list. To prevent this            |
|           |       |     | optimization, set the 'delete_unloaded_insts' |
|           |       |     | root/subdesign attribute to 'false' or        |
|           |       |     | 'preserve' instance attribute to 'true'.      |
|GLO-40     |Info   |    1|Combinational hierarchical blocks with         |
|           |       |     | identical inputs have been merged.            |
|           |       |     |This optimization usually reduces design area. |
|           |       |     | To prevent merging of combinational           |
|           |       |     | hierarchical blocks, set the                  |
|           |       |     | 'merge_combinational_hier_instances' root     |
|           |       |     | attribute to 'false' or the                   |
|           |       |     | 'merge_combinational_hier_instance' instance  |
|           |       |     | attribute to 'false'.                         |
|LBR-155    |Info   |    2|Mismatch in unateness between 'timing_sense'   |
|           |       |     | attribute and the function.                   |
|           |       |     |The 'timing_sense' attribute will be respected.|
|LBR-162    |Info   |   17|Both 'pos_unate' and 'neg_unate' timing_sense  |
|           |       |     | arcs have been processed.                     |
|           |       |     |Setting the 'timing_sense' to non_unate.       |
|LBR-412    |Info   |    5|Created nominal operating condition.           |
|           |       |     |The nominal operating condition is represented,|
|           |       |     | either by the nominal PVT values specified in |
|           |       |     | the library source                            |
|           |       |     | (via nom_process,nom_voltage and nom_temperatu|
|           |       |     | re respectively)                              |
|           |       |     | , or by the default PVT values (1.0,1.0,1.0). |
|PA-7       |Info   |    4|Resetting power analysis results.              |
|           |       |     |All computed switching activities are removed. |
|PBS-1      |Info   |    2|Enabling Partition Based Synthesis.            |
|ST-110     |Info   |   29|Connection established with super-threading    |
|           |       |     | server.                                       |
|           |       |     |The tool is entering super-threading mode and  |
|           |       |     | has established a connection with a CPU server|
|           |       |     | process.  This is enabled by the root         |
|           |       |     | attributes 'super_thread_servers' or          |
|           |       |     | 'auto_super_thread'.                          |
|ST-112     |Info   |   28|A super-threading server has been shut down    |
|           |       |     | normally.                                     |
|           |       |     |A super-threaded optimization is complete and a|
|           |       |     | CPU server was successfully shut down.        |
|ST-120     |Info   |    1|Attempting to launch a super-threading server. |
|           |       |     |The tool is entering super-threading mode and  |
|           |       |     | is launching a CPU server process.  This is   |
|           |       |     | enabled by the root attribute                 |
|           |       |     | 'super_thread_servers' or 'auto_super_thread'.|
|ST-128     |Info   |    5|Super thread servers are launched successfully.|
|SYNTH-1    |Info   |    1|Synthesizing.                                  |
|SYNTH-2    |Info   |    1|Done synthesizing.                             |
|SYNTH-4    |Info   |    1|Mapping.                                       |
|SYNTH-5    |Info   |    1|Done mapping.                                  |
|SYNTH-7    |Info   |    1|Incrementally optimizing.                      |
|SYNTH-33   |Warning|    1|The selected flow setting will be removed in a |
|           |       |     | future release.                               |
|           |       |     |Contact Cadence support to understand current  |
|           |       |     | flows.                                        |
|TIM-1000   |Info   |    1|Multimode clock gating check is disabled.      |
|TUI-32     |Warning|    1|This attribute will be obsolete in a next major|
|           |       |     | release.                                      |
|TUI-296    |Info   |    2|The given (sub)design is already uniquified.   |
|           |       |     |Try running the 'edit_netlist uniquify' command|
|           |       |     | on the parent hierarchy of this (sub)         |
|           |       |     | design, if there exists any.                  |
---------------------------------------------------------------------------
FINAL_CLEAN_UP - Elapsed_Time 15, CPU_Time 16.477257000002282
stamp 'FINAL_CLEAN_UP' being created for table 'pbs_debug'

  Total Time (Wall) |  Stage Time (Wall)  |   % (Wall)   |    Date - Time     |  Memory   | Stage
--------------------+---------------------+--------------+--------------------+-----------+----------------------
 00:03:37(00:03:36) |  00:00:00(00:00:00) |   0.0(  0.0) |   12:04:09 (May16) |   3.20 GB | PBS_Generic-Start
--------------------+---------------------+--------------+--------------------+-----------+----------------------
 00:51:33(00:50:29) |  00:47:56(00:46:53) |  26.0( 27.6) |   12:51:02 (May16) |   6.41 GB | PBS_Generic-Post_Genopt
--------------------+---------------------+--------------+--------------------+-----------+----------------------
 01:12:22(01:10:13) |  00:20:49(00:19:44) |  11.3( 11.6) |   13:10:46 (May16) |   6.16 GB | PBS_Generic_Opt-Post
--------------------+---------------------+--------------+--------------------+-----------+----------------------
 01:12:50(01:10:41) |  00:00:28(00:00:28) |   0.3(  0.3) |   13:11:14 (May16) |   5.74 GB | PBS_Generic-Postgen HBO Optimizations
--------------------+---------------------+--------------+--------------------+-----------+----------------------
 01:17:33(01:12:24) |  00:04:43(00:01:43) |   2.6(  1.0) |   13:12:57 (May16) |   5.73 GB | PBS_TechMap-Start
--------------------+---------------------+--------------+--------------------+-----------+----------------------
 01:17:59(01:12:50) |  00:00:26(00:00:26) |   0.2(  0.3) |   13:13:23 (May16) |   5.73 GB | PBS_TechMap-Premap HBO Optimizations
--------------------+---------------------+--------------+--------------------+-----------+----------------------
 02:07:17(01:58:36) |  00:49:17(00:45:46) |  26.7( 27.0) |   13:59:09 (May16) |   7.66 GB | PBS_Techmap-Global Mapping
--------------------+---------------------+--------------+--------------------+-----------+----------------------
 02:12:51(02:03:51) |  00:05:33(00:05:15) |   3.0(  3.1) |   14:04:24 (May16) |   6.25 GB | PBS_TechMap-Datapath Postmap Operations
--------------------+---------------------+--------------+--------------------+-----------+----------------------
 02:13:34(02:04:25) |  00:00:43(00:00:34) |   0.4(  0.3) |   14:04:59 (May16) |   6.26 GB | PBS_TechMap-Postmap HBO Optimizations
--------------------+---------------------+--------------+--------------------+-----------+----------------------
 02:21:39(02:12:31) |  00:08:04(00:08:06) |   4.4(  4.8) |   14:13:04 (May16) |   6.11 GB | PBS_TechMap-Postmap Clock Gating
--------------------+---------------------+--------------+--------------------+-----------+----------------------
 02:33:34(02:22:33) |  00:11:54(00:10:02) |   6.5(  5.9) |   14:23:06 (May16) |   6.19 GB | PBS_TechMap-Postmap Cleanup
--------------------+---------------------+--------------+--------------------+-----------+----------------------
 02:33:38(02:22:36) |  00:00:04(00:00:03) |   0.0(  0.0) |   14:23:09 (May16) |   6.19 GB | PBS_Techmap-Post_MBCI
--------------------+---------------------+--------------+--------------------+-----------+----------------------
 02:34:52(02:23:47) |  00:01:14(00:01:11) |   0.7(  0.7) |   14:24:20 (May16) |   6.07 GB | PBS_Incr_Opt-Start
--------------------+---------------------+--------------+--------------------+-----------+----------------------
 02:34:58(02:23:53) |  00:00:06(00:00:06) |   0.1(  0.1) |   14:24:26 (May16) |   6.08 GB | PBS_Incr_Opt-Uniquify_Netlist
--------------------+---------------------+--------------+--------------------+-----------+----------------------
 02:39:30(02:27:44) |  00:04:32(00:03:51) |   2.5(  2.3) |   14:28:17 (May16) |   6.14 GB | INIT_CLEAN_UP
--------------------+---------------------+--------------+--------------------+-----------+----------------------
 02:58:04(02:44:19) |  00:18:33(00:16:35) |  10.1(  9.8) |   14:44:52 (May16) |   7.60 GB | 1ST_ST
--------------------+---------------------+--------------+--------------------+-----------+----------------------
 03:07:41(02:53:10) |  00:09:36(00:08:51) |   5.2(  5.2) |   14:53:43 (May16) |   7.62 GB | INTRMD_CLEAN_UP
--------------------+---------------------+--------------+--------------------+-----------+----------------------
 03:07:41(02:53:10) |  00:00:00(00:00:00) |   0.0(  0.0) |   14:53:43 (May16) |   7.62 GB | CRB_ST
--------------------+---------------------+--------------+--------------------+-----------+----------------------
 03:07:57(02:53:25) |  00:00:16(00:00:15) |   0.1(  0.1) |   14:53:58 (May16) |   7.62 GB | FINAL_CLEAN_UP
--------------------+---------------------+--------------+--------------------+-----------+----------------------
Number of threads: 8 * 1   (id: pbs_debug, time_info v1.57)
Info: (*N*) indicates data that was populated from previously saved time_info database
Info: CPU time includes time of parent + longest thread
Info    : Done incrementally optimizing. [SYNTH-8]
        : Done incrementally optimizing 'sys_top'.
      flow.cputime  flow.realtime  timing.setup.tns  timing.setup.wns  snapshot
UM:*                                                                   syn_opt
@file(genus.tcl) 105: file mkdir reports
@file(genus.tcl) 106: report_timing  -nworst 10        > reports/timing.rpt
@file(genus.tcl) 107: report_area                      > reports/area.rpt
@file(genus.tcl) 108: report_power                     > reports/power.rpt
Info    : Joules engine is used. [RPT-16]
        : Joules engine is being used for the command report_power.
Info   : ACTP-0001 [ACTPInfo] Activity propagation started for stim#0 netlist
       : sys_top
Info   : ACTP-0009 [ACTPInfo] Activity Propagation Progress Report :   0%   1%   2%   3%   4%   5%   6%   7%   8%   9%  10%  11%  12%  13%  14%  15%  16%  17%  18%  19%  20%  21%  22%  23%  24%  25%  26%  27%  28%  29%  30%  31%  32%  33%  34%  35%  36%  37%  38%  39%  40%  41%  42%  43%  44%  45%  46%  47%  48%  49%  50%  51%  52%  53%  54%  55%  56%  57%  58%  59%  60%  61%  62%  63%  64%  65%  66%  67%  68%  69%  70%  71%  72%  73%  74%  75%  76%  77%  78%  79%  80%  81%  82%  83%  84%  85%  86%  87%  88%  89%  90%  91%  92%  93%  94%  95%  96%  97%  98%  99% 100%
Info   : ACTP-0001 Activity propagation ended for stim#0
Info   : PWRA-0001 [PwrInfo] compute_power effective options 
       : -mode : vectorless
       : -skip_propagation : 1
       : -frequency_scaling_factor : 1.0
       : -use_clock_freq : stim
       : -stim :/stim#0
       : -fromGenus : 1
Info   : ACTP-0001 Timing initialization started
Info   : ACTP-0001 Timing initialization ended
Info   : PWRA-0002 [PwrInfo] Skipping activity propagation due to -skip_ap
       : option....
Warning: PWRA-0302 [PwrWarn] Frequency scaling is not applicable for vectorless
       : flow. Ignoring frequency scaling.
Warning: PWRA-0304 [PwrWarn] -stim option is not applicable with vectorless mode
       : of power analysis, ignored this option.
Info   : PWRA-0002 Started 'vectorless' power computation.
Info   : PWRA-0009 [PwrInfo] Power Computation Progress Report :   0%   1%   2%   3%   4%   5%   6%   7%   8%   9%  10%  11%  12%  13%  14%  15%  16%  17%  18%  19%  20%  21%  22%  23%  24%  25%  26%  27%  28%  29%  30%  31%  32%  33%  34%  35%  36%  37%  38%  39%  40%  41%  42%  43%  44%  45%  46%  47%  48%  49%  50%  51%  52%  53%  54%  55%  56%  57%  58%  59%  60%  61%  62%  63%  64%  65%  66%  67%  68%  69%  70%  71%  72%  73%  74%  75%  76%  77%  78%  79%  80%  81%  82%  83%  84%  85%  86%  87%  88%  89%  90%  91%  92%  93%  94%  95%  96%  97%  98%  99% 100%
Info   : PWRA-0002 Finished power computation.
Info   : PWRA-0007 [PwrInfo] Completed successfully.
       : Info=6, Warn=2, Error=0, Fatal=0
Output file: reports/power.rpt
@file(genus.tcl) 109: report_qor                       > reports/qor.rpt
@file(genus.tcl) 110: report_cells                     > reports/cells.rpt
Error: The command report_cells has not been licensed at startup time. Please launch genus using option -lic_startup_options Joules_RTL_Power.
@file(genus.tcl) 113: file mkdir outputs
@file(genus.tcl) 114: write_hdl      > outputs/sys_top_netlist.v
@file(genus.tcl) 115: write_sdc      > outputs/sys_top.sdc
Finished SDC export (command execution time mm:ss (real) = 00:57).
@file(genus.tcl) 116: write_do_lec   > outputs/lec.do
#@ End verbose source ./genus.tcl
[::write_do_lec]: The required '-revised_design <string>' is missing.
Encountered problems processing file: genus.tcl
WARNING: This version of the tool is 835 days old.
@genus:root: 2> 