============================================================
  Generated by:           Genus(TM) Synthesis Solution 23.10-p004_1
  Generated on:           May 16 2026  02:55:24 pm
  Module:                 sys_top
  Operating conditions:   PVT_0P7V_25C (balanced_tree)
  Wireload mode:          enclosed
  Area mode:              timing library
============================================================

          Instance                                                Module                                      Cell-Count  Cell-Area  Net-Area   Total-Area   Wireload  
-----------------------------------------------------------------------------------------------------------------------------------------------------------------------
sys_top                      NA                                                                                  1340077 142699.359     0.000   142699.359 <none> (D)  
  u_accum                    accum_sram_COLS16_PSUM_WIDTH32_M_MAX256_ADDR_WIDTH9                                  531420  71136.185     0.000    71136.185 <none> (D)  
  u_array                    systolic_16x16_ROWS16_COLS16_ACT_W16_WT_W16_PSUM_W32                                 548004  45083.226     0.000    45083.226 <none> (D)  
    g_row[0].g_col[0].u_pe   pe                                                                                     2011    168.253     0.000      168.253 <none> (D)  
      u_mac                  bf16_mac_unit                                                                          1891    144.211     0.000      144.211 <none> (D)  
        u_add                bf16_fp32_add                                                                          1430    106.507     0.000      106.507 <none> (D)  
        u_mul                bf16_mul                                                                                460     37.631     0.000       37.631 <none> (D)  
    g_row[0].g_col[10].u_pe  pe_10                                                                                  1987    168.982     0.000      168.982 <none> (D)  
      u_mac                  bf16_mac_unit_10                                                                       1890    146.500     0.000      146.500 <none> (D)  
        u_add                bf16_fp32_add_10                                                                       1395    106.726     0.000      106.726 <none> (D)  
        u_mul                bf16_mul_10                                                                             493     39.628     0.000       39.628 <none> (D)  
    g_row[0].g_col[11].u_pe  pe_11                                                                                  2054    170.601     0.000      170.601 <none> (D)  
      u_mac                  bf16_mac_unit_11                                                                       1956    148.045     0.000      148.045 <none> (D)  
        u_add                bf16_fp32_add_11                                                                       1463    108.650     0.000      108.650 <none> (D)  
        u_mul                bf16_mul_11                                                                             493     39.395     0.000       39.395 <none> (D)  
    g_row[0].g_col[12].u_pe  pe_12                                                                                  1963    167.597     0.000      167.597 <none> (D)  
      u_mac                  bf16_mac_unit_12                                                                       1866    145.115     0.000      145.115 <none> (D)  
        u_add                bf16_fp32_add_12                                                                       1378    105.690     0.000      105.690 <none> (D)  
        u_mul                bf16_mul_12                                                                             488     39.424     0.000       39.424 <none> (D)  
    g_row[0].g_col[13].u_pe  pe_13                                                                                  2049    170.003     0.000      170.003 <none> (D)  
      u_mac                  bf16_mac_unit_13                                                                       1928    145.844     0.000      145.844 <none> (D)  
        u_add                bf16_fp32_add_13                                                                       1469    108.271     0.000      108.271 <none> (D)  
        u_mul                bf16_mul_13                                                                             459     37.573     0.000       37.573 <none> (D)  
    g_row[0].g_col[14].u_pe  pe_14                                                                                  1908    164.739     0.000      164.739 <none> (D)  
      u_mac                  bf16_mac_unit_14                                                                       1811    142.257     0.000      142.257 <none> (D)  
        u_add                bf16_fp32_add_14                                                                       1316    102.774     0.000      102.774 <none> (D)  
        u_mul                bf16_mul_14                                                                             495     39.483     0.000       39.483 <none> (D)  
    g_row[0].g_col[15].u_pe  pe_15                                                                                  1969    168.166     0.000      168.166 <none> (D)  
      u_mac                  bf16_mac_unit_15                                                                       1872    145.683     0.000      145.683 <none> (D)  
        u_add                bf16_fp32_add_15                                                                       1379    105.865     0.000      105.865 <none> (D)  
        u_mul                bf16_mul_15                                                                             493     39.818     0.000       39.818 <none> (D)  
    g_row[0].g_col[1].u_pe   pe_1                                                                                   2022    169.478     0.000      169.478 <none> (D)  
      u_mac                  bf16_mac_unit_1                                                                        1925    147.010     0.000      147.010 <none> (D)  
        u_add                bf16_fp32_add_1                                                                        1433    107.557     0.000      107.557 <none> (D)  
        u_mul                bf16_mul_1                                                                              492     39.453     0.000       39.453 <none> (D)  
    g_row[0].g_col[2].u_pe   pe_2                                                                                   2049    170.003     0.000      170.003 <none> (D)  
      u_mac                  bf16_mac_unit_2                                                                        1928    145.844     0.000      145.844 <none> (D)  
        u_add                bf16_fp32_add_2                                                                        1469    108.271     0.000      108.271 <none> (D)  
        u_mul                bf16_mul_2                                                                              459     37.573     0.000       37.573 <none> (D)  
    g_row[0].g_col[3].u_pe   pe_3                                                                                   2015    169.536     0.000      169.536 <none> (D)  
      u_mac                  bf16_mac_unit_3                                                                        1918    147.054     0.000      147.054 <none> (D)  
        u_add                bf16_fp32_add_3                                                                        1425    107.411     0.000      107.411 <none> (D)  
        u_mul                bf16_mul_3                                                                              492     39.570     0.000       39.570 <none> (D)  
    g_row[0].g_col[4].u_pe   pe_4                                                                                   2015    168.355     0.000      168.355 <none> (D)  
      u_mac                  bf16_mac_unit_4                                                                        1895    144.269     0.000      144.269 <none> (D)  
        u_add                bf16_fp32_add_4                                                                        1434    106.565     0.000      106.565 <none> (D)  
        u_mul                bf16_mul_4                                                                              460     37.631     0.000       37.631 <none> (D)  
    g_row[0].g_col[5].u_pe   pe_5                                                                                   2044    170.644     0.000      170.644 <none> (D)  
      u_mac                  bf16_mac_unit_5                                                                        1942    147.797     0.000      147.797 <none> (D)  
        u_add                bf16_fp32_add_5                                                                        1446    108.067     0.000      108.067 <none> (D)  
        u_mul                bf16_mul_5                                                                              496     39.730     0.000       39.730 <none> (D)  
    g_row[0].g_col[6].u_pe   pe_6                                                                                   1944    166.781     0.000      166.781 <none> (D)  
      u_mac                  bf16_mac_unit_6                                                                        1847    144.298     0.000      144.298 <none> (D)  
        u_add                bf16_fp32_add_6                                                                        1351    104.539     0.000      104.539 <none> (D)  
        u_mul                bf16_mul_6                                                                              495     39.687     0.000       39.687 <none> (D)  
    g_row[0].g_col[7].u_pe   pe_7                                                                                   1904    165.439     0.000      165.439 <none> (D)  
      u_mac                  bf16_mac_unit_7                                                                        1807    142.971     0.000      142.971 <none> (D)  
        u_add                bf16_fp32_add_7                                                                        1314    103.270     0.000      103.270 <none> (D)  
        u_mul                bf16_mul_7                                                                              493     39.701     0.000       39.701 <none> (D)  
    g_row[0].g_col[8].u_pe   pe_8                                                                                   2083    171.723     0.000      171.723 <none> (D)  
      u_mac                  bf16_mac_unit_8                                                                        1984    149.095     0.000      149.095 <none> (D)  
        u_add                bf16_fp32_add_8                                                                        1490    109.598     0.000      109.598 <none> (D)  
        u_mul                bf16_mul_8                                                                              494     39.497     0.000       39.497 <none> (D)  
    g_row[0].g_col[9].u_pe   pe_9                                                                                   1996    168.355     0.000      168.355 <none> (D)  
      u_mac                  bf16_mac_unit_9                                                                        1898    145.800     0.000      145.800 <none> (D)  
        u_add                bf16_fp32_add_9                                                                        1404    106.128     0.000      106.128 <none> (D)  
        u_mul                bf16_mul_9                                                                              494     39.672     0.000       39.672 <none> (D)  
    g_row[10].g_col[0].u_pe  pe_160                                                                                 2142    176.345     0.000      176.345 <none> (D)  
      u_mac                  bf16_mac_unit_160                                                                      2042    153.659     0.000      153.659 <none> (D)  
        u_add                bf16_fp32_add_160                                                                      1464    109.146     0.000      109.146 <none> (D)  
        u_mul                bf16_mul_160                                                                            578     44.513     0.000       44.513 <none> (D)  
    g_row[10].g_col[10].u_pe pe_170                                                                                 2188    179.261     0.000      179.261 <none> (D)  
      u_mac                  bf16_mac_unit_170                                                                      2088    156.575     0.000      156.575 <none> (D)  
        u_add                bf16_fp32_add_170                                                                      1524    112.703     0.000      112.703 <none> (D)  
        u_mul                bf16_mul_170                                                                            564     43.871     0.000       43.871 <none> (D)  
    g_row[10].g_col[11].u_pe pe_171                                                                                 2201    179.247     0.000      179.247 <none> (D)  
      u_mac                  bf16_mac_unit_171                                                                      2101    156.560     0.000      156.560 <none> (D)  
        u_add                bf16_fp32_add_171                                                                      1520    112.135     0.000      112.135 <none> (D)  
        u_mul                bf16_mul_171                                                                            581     44.425     0.000       44.425 <none> (D)  
    g_row[10].g_col[12].u_pe pe_172                                                                                 2188    179.261     0.000      179.261 <none> (D)  
      u_mac                  bf16_mac_unit_172                                                                      2088    156.575     0.000      156.575 <none> (D)  
        u_add                bf16_fp32_add_172                                                                      1524    112.703     0.000      112.703 <none> (D)  
        u_mul                bf16_mul_172                                                                            564     43.871     0.000       43.871 <none> (D)  
    g_row[10].g_col[13].u_pe pe_173                                                                                 2201    179.247     0.000      179.247 <none> (D)  
      u_mac                  bf16_mac_unit_173                                                                      2101    156.560     0.000      156.560 <none> (D)  
        u_add                bf16_fp32_add_173                                                                      1520    112.135     0.000      112.135 <none> (D)  
        u_mul                bf16_mul_173                                                                            581     44.425     0.000       44.425 <none> (D)  
    g_row[10].g_col[14].u_pe pe_174                                                                                 2187    178.590     0.000      178.590 <none> (D)  
      u_mac                  bf16_mac_unit_174                                                                      2087    155.904     0.000      155.904 <none> (D)  
        u_add                bf16_fp32_add_174                                                                      1512    111.493     0.000      111.493 <none> (D)  
        u_mul                bf16_mul_174                                                                            575     44.411     0.000       44.411 <none> (D)  
    g_row[10].g_col[15].u_pe pe_175                                                                                 2132    177.060     0.000      177.060 <none> (D)  
      u_mac                  bf16_mac_unit_175                                                                      2032    154.373     0.000      154.373 <none> (D)  
        u_add                bf16_fp32_add_175                                                                      1467    110.283     0.000      110.283 <none> (D)  
        u_mul                bf16_mul_175                                                                            565     44.090     0.000       44.090 <none> (D)  
    g_row[10].g_col[1].u_pe  pe_161                                                                                 2186    178.882     0.000      178.882 <none> (D)  
      u_mac                  bf16_mac_unit_161                                                                      2086    156.196     0.000      156.196 <none> (D)  
        u_add                bf16_fp32_add_161                                                                      1516    112.120     0.000      112.120 <none> (D)  
        u_mul                bf16_mul_161                                                                            570     44.075     0.000       44.075 <none> (D)  
    g_row[10].g_col[2].u_pe  pe_162                                                                                 2121    175.966     0.000      175.966 <none> (D)  
      u_mac                  bf16_mac_unit_162                                                                      2021    153.280     0.000      153.280 <none> (D)  
        u_add                bf16_fp32_add_162                                                                      1452    109.350     0.000      109.350 <none> (D)  
        u_mul                bf16_mul_162                                                                            569     43.930     0.000       43.930 <none> (D)  
    g_row[10].g_col[3].u_pe  pe_163                                                                                 2194    178.809     0.000      178.809 <none> (D)  
      u_mac                  bf16_mac_unit_163                                                                      2094    156.123     0.000      156.123 <none> (D)  
        u_add                bf16_fp32_add_163                                                                      1525    112.339     0.000      112.339 <none> (D)  
        u_mul                bf16_mul_163                                                                            569     43.784     0.000       43.784 <none> (D)  
    g_row[10].g_col[4].u_pe  pe_164                                                                                 2114    175.689     0.000      175.689 <none> (D)  
      u_mac                  bf16_mac_unit_164                                                                      2014    153.003     0.000      153.003 <none> (D)  
        u_add                bf16_fp32_add_164                                                                      1450    109.263     0.000      109.263 <none> (D)  
        u_mul                bf16_mul_164                                                                            564     43.740     0.000       43.740 <none> (D)  
    g_row[10].g_col[5].u_pe  pe_165                                                                                 2193    179.042     0.000      179.042 <none> (D)  
      u_mac                  bf16_mac_unit_165                                                                      2093    156.356     0.000      156.356 <none> (D)  
        u_add                bf16_fp32_add_165                                                                      1524    112.572     0.000      112.572 <none> (D)  
        u_mul                bf16_mul_165                                                                            569     43.784     0.000       43.784 <none> (D)  
    g_row[10].g_col[6].u_pe  pe_166                                                                                 2193    179.042     0.000      179.042 <none> (D)  
      u_mac                  bf16_mac_unit_166                                                                      2093    156.356     0.000      156.356 <none> (D)  
        u_add                bf16_fp32_add_166                                                                      1524    112.572     0.000      112.572 <none> (D)  
        u_mul                bf16_mul_166                                                                            569     43.784     0.000       43.784 <none> (D)  
    g_row[10].g_col[7].u_pe  pe_167                                                                                 2132    177.060     0.000      177.060 <none> (D)  
      u_mac                  bf16_mac_unit_167                                                                      2032    154.373     0.000      154.373 <none> (D)  
        u_add                bf16_fp32_add_167                                                                      1467    110.283     0.000      110.283 <none> (D)  
        u_mul                bf16_mul_167                                                                            565     44.090     0.000       44.090 <none> (D)  
    g_row[10].g_col[8].u_pe  pe_168                                                                                 2201    179.247     0.000      179.247 <none> (D)  
      u_mac                  bf16_mac_unit_168                                                                      2101    156.560     0.000      156.560 <none> (D)  
        u_add                bf16_fp32_add_168                                                                      1520    112.135     0.000      112.135 <none> (D)  
        u_mul                bf16_mul_168                                                                            581     44.425     0.000       44.425 <none> (D)  
    g_row[10].g_col[9].u_pe  pe_169                                                                                 2121    176.039     0.000      176.039 <none> (D)  
      u_mac                  bf16_mac_unit_169                                                                      2021    153.352     0.000      153.352 <none> (D)  
        u_add                bf16_fp32_add_169                                                                      1452    109.452     0.000      109.452 <none> (D)  
        u_mul                bf16_mul_169                                                                            569     43.900     0.000       43.900 <none> (D)  
    g_row[11].g_col[0].u_pe  pe_176                                                                                 2175    178.532     0.000      178.532 <none> (D)  
      u_mac                  bf16_mac_unit_176                                                                      2075    155.846     0.000      155.846 <none> (D)  
        u_add                bf16_fp32_add_176                                                                      1505    111.858     0.000      111.858 <none> (D)  
        u_mul                bf16_mul_176                                                                            570     43.988     0.000       43.988 <none> (D)  
    g_row[11].g_col[10].u_pe pe_186                                                                                 2126    175.718     0.000      175.718 <none> (D)  
      u_mac                  bf16_mac_unit_186                                                                      2026    153.032     0.000      153.032 <none> (D)  
        u_add                bf16_fp32_add_186                                                                      1455    109.073     0.000      109.073 <none> (D)  
        u_mul                bf16_mul_186                                                                            571     43.959     0.000       43.959 <none> (D)  
    g_row[11].g_col[11].u_pe pe_187                                                                                 2117    175.572     0.000      175.572 <none> (D)  
      u_mac                  bf16_mac_unit_187                                                                      2017    152.886     0.000      152.886 <none> (D)  
        u_add                bf16_fp32_add_187                                                                      1448    109.015     0.000      109.015 <none> (D)  
        u_mul                bf16_mul_187                                                                            569     43.871     0.000       43.871 <none> (D)  
    g_row[11].g_col[12].u_pe pe_188                                                                                 2126    175.718     0.000      175.718 <none> (D)  
      u_mac                  bf16_mac_unit_188                                                                      2026    153.032     0.000      153.032 <none> (D)  
        u_add                bf16_fp32_add_188                                                                      1455    109.073     0.000      109.073 <none> (D)  
        u_mul                bf16_mul_188                                                                            571     43.959     0.000       43.959 <none> (D)  
    g_row[11].g_col[13].u_pe pe_189                                                                                 2117    175.572     0.000      175.572 <none> (D)  
      u_mac                  bf16_mac_unit_189                                                                      2017    152.886     0.000      152.886 <none> (D)  
        u_add                bf16_fp32_add_189                                                                      1448    109.015     0.000      109.015 <none> (D)  
        u_mul                bf16_mul_189                                                                            569     43.871     0.000       43.871 <none> (D)  
    g_row[11].g_col[14].u_pe pe_190                                                                                 2117    175.572     0.000      175.572 <none> (D)  
      u_mac                  bf16_mac_unit_190                                                                      2017    152.886     0.000      152.886 <none> (D)  
        u_add                bf16_fp32_add_190                                                                      1448    109.015     0.000      109.015 <none> (D)  
        u_mul                bf16_mul_190                                                                            569     43.871     0.000       43.871 <none> (D)  
    g_row[11].g_col[15].u_pe pe_191                                                                                 2126    175.718     0.000      175.718 <none> (D)  
      u_mac                  bf16_mac_unit_191                                                                      2026    153.032     0.000      153.032 <none> (D)  
        u_add                bf16_fp32_add_191                                                                      1455    109.073     0.000      109.073 <none> (D)  
        u_mul                bf16_mul_191                                                                            571     43.959     0.000       43.959 <none> (D)  
    g_row[11].g_col[1].u_pe  pe_177                                                                                 2127    175.762     0.000      175.762 <none> (D)  
      u_mac                  bf16_mac_unit_177                                                                      2027    153.075     0.000      153.075 <none> (D)  
        u_add                bf16_fp32_add_177                                                                      1456    109.117     0.000      109.117 <none> (D)  
        u_mul                bf16_mul_177                                                                            571     43.959     0.000       43.959 <none> (D)  
    g_row[11].g_col[2].u_pe  pe_178                                                                                 2127    175.762     0.000      175.762 <none> (D)  
      u_mac                  bf16_mac_unit_178                                                                      2027    153.075     0.000      153.075 <none> (D)  
        u_add                bf16_fp32_add_178                                                                      1456    109.117     0.000      109.117 <none> (D)  
        u_mul                bf16_mul_178                                                                            571     43.959     0.000       43.959 <none> (D)  
    g_row[11].g_col[3].u_pe  pe_179                                                                                 2229    180.617     0.000      180.617 <none> (D)  
      u_mac                  bf16_mac_unit_179                                                                      2129    157.931     0.000      157.931 <none> (D)  
        u_add                bf16_fp32_add_179                                                                      1559    113.943     0.000      113.943 <none> (D)  
        u_mul                bf16_mul_179                                                                            570     43.988     0.000       43.988 <none> (D)  
    g_row[11].g_col[4].u_pe  pe_180                                                                                 2126    175.718     0.000      175.718 <none> (D)  
      u_mac                  bf16_mac_unit_180                                                                      2026    153.032     0.000      153.032 <none> (D)  
        u_add                bf16_fp32_add_180                                                                      1455    109.073     0.000      109.073 <none> (D)  
        u_mul                bf16_mul_180                                                                            571     43.959     0.000       43.959 <none> (D)  
    g_row[11].g_col[5].u_pe  pe_181                                                                                 2229    180.617     0.000      180.617 <none> (D)  
      u_mac                  bf16_mac_unit_181                                                                      2129    157.931     0.000      157.931 <none> (D)  
        u_add                bf16_fp32_add_181                                                                      1559    113.943     0.000      113.943 <none> (D)  
        u_mul                bf16_mul_181                                                                            570     43.988     0.000       43.988 <none> (D)  
    g_row[11].g_col[6].u_pe  pe_182                                                                                 2195    179.290     0.000      179.290 <none> (D)  
      u_mac                  bf16_mac_unit_182                                                                      2095    156.604     0.000      156.604 <none> (D)  
        u_add                bf16_fp32_add_182                                                                      1523    112.397     0.000      112.397 <none> (D)  
        u_mul                bf16_mul_182                                                                            572     44.207     0.000       44.207 <none> (D)  
    g_row[11].g_col[7].u_pe  pe_183                                                                                 2126    175.718     0.000      175.718 <none> (D)  
      u_mac                  bf16_mac_unit_183                                                                      2026    153.032     0.000      153.032 <none> (D)  
        u_add                bf16_fp32_add_183                                                                      1455    109.073     0.000      109.073 <none> (D)  
        u_mul                bf16_mul_183                                                                            571     43.959     0.000       43.959 <none> (D)  
    g_row[11].g_col[8].u_pe  pe_184                                                                                 2155    177.789     0.000      177.789 <none> (D)  
      u_mac                  bf16_mac_unit_184                                                                      2054    155.044     0.000      155.044 <none> (D)  
        u_add                bf16_fp32_add_184                                                                      1477    110.691     0.000      110.691 <none> (D)  
        u_mul                bf16_mul_184                                                                            577     44.352     0.000       44.352 <none> (D)  
    g_row[11].g_col[9].u_pe  pe_185                                                                                 2126    175.718     0.000      175.718 <none> (D)  
      u_mac                  bf16_mac_unit_185                                                                      2026    153.032     0.000      153.032 <none> (D)  
        u_add                bf16_fp32_add_185                                                                      1455    109.073     0.000      109.073 <none> (D)  
        u_mul                bf16_mul_185                                                                            571     43.959     0.000       43.959 <none> (D)  
    g_row[12].g_col[0].u_pe  pe_192                                                                                 2132    175.558     0.000      175.558 <none> (D)  
      u_mac                  bf16_mac_unit_192                                                                      2035    153.090     0.000      153.090 <none> (D)  
        u_add                bf16_fp32_add_192                                                                      1531    112.018     0.000      112.018 <none> (D)  
        u_mul                bf16_mul_192                                                                            502     40.897     0.000       40.897 <none> (D)  
    g_row[12].g_col[10].u_pe pe_202                                                                                 2073    172.846     0.000      172.846 <none> (D)  
      u_mac                  bf16_mac_unit_202                                                                      1976    150.378     0.000      150.378 <none> (D)  
        u_add                bf16_fp32_add_202                                                                      1473    109.394     0.000      109.394 <none> (D)  
        u_mul                bf16_mul_202                                                                            501     40.839     0.000       40.839 <none> (D)  
    g_row[12].g_col[11].u_pe pe_203                                                                                 2119    175.047     0.000      175.047 <none> (D)  
      u_mac                  bf16_mac_unit_203                                                                      2022    152.580     0.000      152.580 <none> (D)  
        u_add                bf16_fp32_add_203                                                                      1509    111.231     0.000      111.231 <none> (D)  
        u_mul                bf16_mul_203                                                                            512     41.276     0.000       41.276 <none> (D)  
    g_row[12].g_col[12].u_pe pe_204                                                                                 2027    171.228     0.000      171.228 <none> (D)  
      u_mac                  bf16_mac_unit_204                                                                      1930    148.760     0.000      148.760 <none> (D)  
        u_add                bf16_fp32_add_204                                                                      1418    107.469     0.000      107.469 <none> (D)  
        u_mul                bf16_mul_204                                                                            511     41.218     0.000       41.218 <none> (D)  
    g_row[12].g_col[13].u_pe pe_205                                                                                 2095    174.056     0.000      174.056 <none> (D)  
      u_mac                  bf16_mac_unit_205                                                                      1998    151.588     0.000      151.588 <none> (D)  
        u_add                bf16_fp32_add_205                                                                      1482    110.094     0.000      110.094 <none> (D)  
        u_mul                bf16_mul_205                                                                            515     41.422     0.000       41.422 <none> (D)  
    g_row[12].g_col[14].u_pe pe_206                                                                                 2018    170.090     0.000      170.090 <none> (D)  
      u_mac                  bf16_mac_unit_206                                                                      1921    147.623     0.000      147.623 <none> (D)  
        u_add                bf16_fp32_add_206                                                                      1419    106.711     0.000      106.711 <none> (D)  
        u_mul                bf16_mul_206                                                                            500     40.766     0.000       40.766 <none> (D)  
    g_row[12].g_col[15].u_pe pe_207                                                                                 2034    170.951     0.000      170.951 <none> (D)  
      u_mac                  bf16_mac_unit_207                                                                      1937    148.483     0.000      148.483 <none> (D)  
        u_add                bf16_fp32_add_207                                                                      1435    107.571     0.000      107.571 <none> (D)  
        u_mul                bf16_mul_207                                                                            500     40.766     0.000       40.766 <none> (D)  
    g_row[12].g_col[1].u_pe  pe_193                                                                                 2150    176.374     0.000      176.374 <none> (D)  
      u_mac                  bf16_mac_unit_193                                                                      2053    153.906     0.000      153.906 <none> (D)  
        u_add                bf16_fp32_add_193                                                                      1549    112.864     0.000      112.864 <none> (D)  
        u_mul                bf16_mul_193                                                                            502     40.897     0.000       40.897 <none> (D)  
    g_row[12].g_col[2].u_pe  pe_194                                                                                 2171    177.584     0.000      177.584 <none> (D)  
      u_mac                  bf16_mac_unit_194                                                                      2074    155.117     0.000      155.117 <none> (D)  
        u_add                bf16_fp32_add_194                                                                      1559    113.855     0.000      113.855 <none> (D)  
        u_mul                bf16_mul_194                                                                            514     41.188     0.000       41.188 <none> (D)  
    g_row[12].g_col[3].u_pe  pe_195                                                                                 2126    175.222     0.000      175.222 <none> (D)  
      u_mac                  bf16_mac_unit_195                                                                      2029    152.755     0.000      152.755 <none> (D)  
        u_add                bf16_fp32_add_195                                                                      1525    111.683     0.000      111.683 <none> (D)  
        u_mul                bf16_mul_195                                                                            502     40.897     0.000       40.897 <none> (D)  
    g_row[12].g_col[4].u_pe  pe_196                                                                                 2121    175.485     0.000      175.485 <none> (D)  
      u_mac                  bf16_mac_unit_196                                                                      2024    153.017     0.000      153.017 <none> (D)  
        u_add                bf16_fp32_add_196                                                                      1508    111.581     0.000      111.581 <none> (D)  
        u_mul                bf16_mul_196                                                                            515     41.363     0.000       41.363 <none> (D)  
    g_row[12].g_col[5].u_pe  pe_197                                                                                 2210    179.319     0.000      179.319 <none> (D)  
      u_mac                  bf16_mac_unit_197                                                                      2113    156.852     0.000      156.852 <none> (D)  
        u_add                bf16_fp32_add_197                                                                      1602    115.751     0.000      115.751 <none> (D)  
        u_mul                bf16_mul_197                                                                            510     41.028     0.000       41.028 <none> (D)  
    g_row[12].g_col[6].u_pe  pe_198                                                                                 2129    175.864     0.000      175.864 <none> (D)  
      u_mac                  bf16_mac_unit_198                                                                      2032    153.396     0.000      153.396 <none> (D)  
        u_add                bf16_fp32_add_198                                                                      1518    112.135     0.000      112.135 <none> (D)  
        u_mul                bf16_mul_198                                                                            513     41.188     0.000       41.188 <none> (D)  
    g_row[12].g_col[7].u_pe  pe_199                                                                                 2124    175.120     0.000      175.120 <none> (D)  
      u_mac                  bf16_mac_unit_199                                                                      2027    152.653     0.000      152.653 <none> (D)  
        u_add                bf16_fp32_add_199                                                                      1512    111.202     0.000      111.202 <none> (D)  
        u_mul                bf16_mul_199                                                                            514     41.378     0.000       41.378 <none> (D)  
    g_row[12].g_col[8].u_pe  pe_200                                                                                 2034    170.951     0.000      170.951 <none> (D)  
      u_mac                  bf16_mac_unit_200                                                                      1937    148.483     0.000      148.483 <none> (D)  
        u_add                bf16_fp32_add_200                                                                      1435    107.571     0.000      107.571 <none> (D)  
        u_mul                bf16_mul_200                                                                            500     40.766     0.000       40.766 <none> (D)  
    g_row[12].g_col[9].u_pe  pe_201                                                                                 2125    175.368     0.000      175.368 <none> (D)  
      u_mac                  bf16_mac_unit_201                                                                      2028    152.900     0.000      152.900 <none> (D)  
        u_add                bf16_fp32_add_201                                                                      1525    111.829     0.000      111.829 <none> (D)  
        u_mul                bf16_mul_201                                                                            501     40.897     0.000       40.897 <none> (D)  
    g_row[13].g_col[0].u_pe  pe_208                                                                                 2126    173.867     0.000      173.867 <none> (D)  
      u_mac                  bf16_mac_unit_208                                                                      2028    151.326     0.000      151.326 <none> (D)  
        u_add                bf16_fp32_add_208                                                                      1492    109.758     0.000      109.758 <none> (D)  
        u_mul                bf16_mul_208                                                                            536     41.568     0.000       41.568 <none> (D)  
    g_row[13].g_col[10].u_pe pe_218                                                                                 2082    172.117     0.000      172.117 <none> (D)  
      u_mac                  bf16_mac_unit_218                                                                      1984    149.576     0.000      149.576 <none> (D)  
        u_add                bf16_fp32_add_218                                                                      1450    107.848     0.000      107.848 <none> (D)  
        u_mul                bf16_mul_218                                                                            534     41.728     0.000       41.728 <none> (D)  
    g_row[13].g_col[11].u_pe pe_219                                                                                 2077    171.854     0.000      171.854 <none> (D)  
      u_mac                  bf16_mac_unit_219                                                                      1979    149.314     0.000      149.314 <none> (D)  
        u_add                bf16_fp32_add_219                                                                      1445    107.702     0.000      107.702 <none> (D)  
        u_mul                bf16_mul_219                                                                            534     41.611     0.000       41.611 <none> (D)  
    g_row[13].g_col[12].u_pe pe_220                                                                                 2081    172.073     0.000      172.073 <none> (D)  
      u_mac                  bf16_mac_unit_220                                                                      1983    149.532     0.000      149.532 <none> (D)  
        u_add                bf16_fp32_add_220                                                                      1449    107.921     0.000      107.921 <none> (D)  
        u_mul                bf16_mul_220                                                                            534     41.611     0.000       41.611 <none> (D)  
    g_row[13].g_col[13].u_pe pe_221                                                                                 2078    171.942     0.000      171.942 <none> (D)  
      u_mac                  bf16_mac_unit_221                                                                      1980    149.401     0.000      149.401 <none> (D)  
        u_add                bf16_fp32_add_221                                                                      1449    107.921     0.000      107.921 <none> (D)  
        u_mul                bf16_mul_221                                                                            531     41.480     0.000       41.480 <none> (D)  
    g_row[13].g_col[14].u_pe pe_222                                                                                 2100    172.904     0.000      172.904 <none> (D)  
      u_mac                  bf16_mac_unit_222                                                                      2003    150.436     0.000      150.436 <none> (D)  
        u_add                bf16_fp32_add_222                                                                      1469    108.854     0.000      108.854 <none> (D)  
        u_mul                bf16_mul_222                                                                            534     41.582     0.000       41.582 <none> (D)  
    g_row[13].g_col[15].u_pe pe_223                                                                                 2100    172.904     0.000      172.904 <none> (D)  
      u_mac                  bf16_mac_unit_223                                                                      2003    150.436     0.000      150.436 <none> (D)  
        u_add                bf16_fp32_add_223                                                                      1469    108.854     0.000      108.854 <none> (D)  
        u_mul                bf16_mul_223                                                                            534     41.582     0.000       41.582 <none> (D)  
    g_row[13].g_col[1].u_pe  pe_209                                                                                 2126    173.867     0.000      173.867 <none> (D)  
      u_mac                  bf16_mac_unit_209                                                                      2028    151.326     0.000      151.326 <none> (D)  
        u_add                bf16_fp32_add_209                                                                      1492    109.758     0.000      109.758 <none> (D)  
        u_mul                bf16_mul_209                                                                            536     41.568     0.000       41.568 <none> (D)  
    g_row[13].g_col[2].u_pe  pe_210                                                                                 2105    172.831     0.000      172.831 <none> (D)  
      u_mac                  bf16_mac_unit_210                                                                      2007    150.291     0.000      150.291 <none> (D)  
        u_add                bf16_fp32_add_210                                                                      1476    108.811     0.000      108.811 <none> (D)  
        u_mul                bf16_mul_210                                                                            531     41.480     0.000       41.480 <none> (D)  
    g_row[13].g_col[3].u_pe  pe_211                                                                                 2126    173.867     0.000      173.867 <none> (D)  
      u_mac                  bf16_mac_unit_211                                                                      2028    151.326     0.000      151.326 <none> (D)  
        u_add                bf16_fp32_add_211                                                                      1492    109.758     0.000      109.758 <none> (D)  
        u_mul                bf16_mul_211                                                                            536     41.568     0.000       41.568 <none> (D)  
    g_row[13].g_col[4].u_pe  pe_212                                                                                 2057    170.528     0.000      170.528 <none> (D)  
      u_mac                  bf16_mac_unit_212                                                                      1959    147.987     0.000      147.987 <none> (D)  
        u_add                bf16_fp32_add_212                                                                      1430    106.551     0.000      106.551 <none> (D)  
        u_mul                bf16_mul_212                                                                            529     41.436     0.000       41.436 <none> (D)  
    g_row[13].g_col[5].u_pe  pe_213                                                                                 2057    170.528     0.000      170.528 <none> (D)  
      u_mac                  bf16_mac_unit_213                                                                      1959    147.987     0.000      147.987 <none> (D)  
        u_add                bf16_fp32_add_213                                                                      1430    106.551     0.000      106.551 <none> (D)  
        u_mul                bf16_mul_213                                                                            529     41.436     0.000       41.436 <none> (D)  
    g_row[13].g_col[6].u_pe  pe_214                                                                                 2066    171.009     0.000      171.009 <none> (D)  
      u_mac                  bf16_mac_unit_214                                                                      1968    148.468     0.000      148.468 <none> (D)  
        u_add                bf16_fp32_add_214                                                                      1439    107.032     0.000      107.032 <none> (D)  
        u_mul                bf16_mul_214                                                                            529     41.436     0.000       41.436 <none> (D)  
    g_row[13].g_col[7].u_pe  pe_215                                                                                 2079    171.650     0.000      171.650 <none> (D)  
      u_mac                  bf16_mac_unit_215                                                                      1981    149.110     0.000      149.110 <none> (D)  
        u_add                bf16_fp32_add_215                                                                      1451    107.659     0.000      107.659 <none> (D)  
        u_mul                bf16_mul_215                                                                            530     41.451     0.000       41.451 <none> (D)  
    g_row[13].g_col[8].u_pe  pe_216                                                                                 2079    171.709     0.000      171.709 <none> (D)  
      u_mac                  bf16_mac_unit_216                                                                      1982    149.241     0.000      149.241 <none> (D)  
        u_add                bf16_fp32_add_216                                                                      1448    107.702     0.000      107.702 <none> (D)  
        u_mul                bf16_mul_216                                                                            534     41.538     0.000       41.538 <none> (D)  
    g_row[13].g_col[9].u_pe  pe_217                                                                                 2121    173.604     0.000      173.604 <none> (D)  
      u_mac                  bf16_mac_unit_217                                                                      2024    151.136     0.000      151.136 <none> (D)  
        u_add                bf16_fp32_add_217                                                                      1488    109.554     0.000      109.554 <none> (D)  
        u_mul                bf16_mul_217                                                                            536     41.582     0.000       41.582 <none> (D)  
    g_row[14].g_col[0].u_pe  pe_224                                                                                 2069    171.242     0.000      171.242 <none> (D)  
      u_mac                  bf16_mac_unit_224                                                                      1971    148.701     0.000      148.701 <none> (D)  
        u_add                bf16_fp32_add_224                                                                      1440    107.250     0.000      107.250 <none> (D)  
        u_mul                bf16_mul_224                                                                            531     41.451     0.000       41.451 <none> (D)  
    g_row[14].g_col[10].u_pe pe_234                                                                                 2069    171.271     0.000      171.271 <none> (D)  
      u_mac                  bf16_mac_unit_234                                                                      1971    148.731     0.000      148.731 <none> (D)  
        u_add                bf16_fp32_add_234                                                                      1440    107.280     0.000      107.280 <none> (D)  
        u_mul                bf16_mul_234                                                                            531     41.451     0.000       41.451 <none> (D)  
    g_row[14].g_col[11].u_pe pe_235                                                                                 2041    170.324     0.000      170.324 <none> (D)  
      u_mac                  bf16_mac_unit_235                                                                      1944    147.856     0.000      147.856 <none> (D)  
        u_add                bf16_fp32_add_235                                                                      1404    105.851     0.000      105.851 <none> (D)  
        u_mul                bf16_mul_235                                                                            540     42.005     0.000       42.005 <none> (D)  
    g_row[14].g_col[12].u_pe pe_236                                                                                 2108    172.744     0.000      172.744 <none> (D)  
      u_mac                  bf16_mac_unit_236                                                                      2011    150.276     0.000      150.276 <none> (D)  
        u_add                bf16_fp32_add_236                                                                      1470    108.286     0.000      108.286 <none> (D)  
        u_mul                bf16_mul_236                                                                            541     41.990     0.000       41.990 <none> (D)  
    g_row[14].g_col[13].u_pe pe_237                                                                                 2107    172.802     0.000      172.802 <none> (D)  
      u_mac                  bf16_mac_unit_237                                                                      2010    150.334     0.000      150.334 <none> (D)  
        u_add                bf16_fp32_add_237                                                                      1471    108.475     0.000      108.475 <none> (D)  
        u_mul                bf16_mul_237                                                                            539     41.859     0.000       41.859 <none> (D)  
    g_row[14].g_col[14].u_pe pe_238                                                                                 2046    170.163     0.000      170.163 <none> (D)  
      u_mac                  bf16_mac_unit_238                                                                      1948    147.623     0.000      147.623 <none> (D)  
        u_add                bf16_fp32_add_238                                                                      1413    106.099     0.000      106.099 <none> (D)  
        u_mul                bf16_mul_238                                                                            535     41.524     0.000       41.524 <none> (D)  
    g_row[14].g_col[15].u_pe pe_239                                                                                 2046    170.163     0.000      170.163 <none> (D)  
      u_mac                  bf16_mac_unit_239                                                                      1948    147.623     0.000      147.623 <none> (D)  
        u_add                bf16_fp32_add_239                                                                      1413    106.099     0.000      106.099 <none> (D)  
        u_mul                bf16_mul_239                                                                            535     41.524     0.000       41.524 <none> (D)  
    g_row[14].g_col[1].u_pe  pe_225                                                                                 2069    171.242     0.000      171.242 <none> (D)  
      u_mac                  bf16_mac_unit_225                                                                      1971    148.701     0.000      148.701 <none> (D)  
        u_add                bf16_fp32_add_225                                                                      1440    107.250     0.000      107.250 <none> (D)  
        u_mul                bf16_mul_225                                                                            531     41.451     0.000       41.451 <none> (D)  
    g_row[14].g_col[2].u_pe  pe_226                                                                                 2049    170.251     0.000      170.251 <none> (D)  
      u_mac                  bf16_mac_unit_226                                                                      1952    147.783     0.000      147.783 <none> (D)  
        u_add                bf16_fp32_add_226                                                                      1411    105.851     0.000      105.851 <none> (D)  
        u_mul                bf16_mul_226                                                                            541     41.932     0.000       41.932 <none> (D)  
    g_row[14].g_col[3].u_pe  pe_227                                                                                 2069    171.242     0.000      171.242 <none> (D)  
      u_mac                  bf16_mac_unit_227                                                                      1971    148.701     0.000      148.701 <none> (D)  
        u_add                bf16_fp32_add_227                                                                      1440    107.250     0.000      107.250 <none> (D)  
        u_mul                bf16_mul_227                                                                            531     41.451     0.000       41.451 <none> (D)  
    g_row[14].g_col[4].u_pe  pe_228                                                                                 2132    173.881     0.000      173.881 <none> (D)  
      u_mac                  bf16_mac_unit_228                                                                      2035    151.413     0.000      151.413 <none> (D)  
        u_add                bf16_fp32_add_228                                                                      1493    109.481     0.000      109.481 <none> (D)  
        u_mul                bf16_mul_228                                                                            542     41.932     0.000       41.932 <none> (D)  
    g_row[14].g_col[5].u_pe  pe_229                                                                                 2067    170.805     0.000      170.805 <none> (D)  
      u_mac                  bf16_mac_unit_229                                                                      1970    148.337     0.000      148.337 <none> (D)  
        u_add                bf16_fp32_add_229                                                                      1429    106.434     0.000      106.434 <none> (D)  
        u_mul                bf16_mul_229                                                                            541     41.903     0.000       41.903 <none> (D)  
    g_row[14].g_col[6].u_pe  pe_230                                                                                 2033    169.726     0.000      169.726 <none> (D)  
      u_mac                  bf16_mac_unit_230                                                                      1936    147.258     0.000      147.258 <none> (D)  
        u_add                bf16_fp32_add_230                                                                      1395    105.341     0.000      105.341 <none> (D)  
        u_mul                bf16_mul_230                                                                            541     41.917     0.000       41.917 <none> (D)  
    g_row[14].g_col[7].u_pe  pe_231                                                                                 2033    169.638     0.000      169.638 <none> (D)  
      u_mac                  bf16_mac_unit_231                                                                      1936    147.171     0.000      147.171 <none> (D)  
        u_add                bf16_fp32_add_231                                                                      1395    105.282     0.000      105.282 <none> (D)  
        u_mul                bf16_mul_231                                                                            541     41.888     0.000       41.888 <none> (D)  
    g_row[14].g_col[8].u_pe  pe_232                                                                                 2069    171.242     0.000      171.242 <none> (D)  
      u_mac                  bf16_mac_unit_232                                                                      1971    148.701     0.000      148.701 <none> (D)  
        u_add                bf16_fp32_add_232                                                                      1440    107.250     0.000      107.250 <none> (D)  
        u_mul                bf16_mul_232                                                                            531     41.451     0.000       41.451 <none> (D)  
    g_row[14].g_col[9].u_pe  pe_233                                                                                 2069    171.271     0.000      171.271 <none> (D)  
      u_mac                  bf16_mac_unit_233                                                                      1971    148.731     0.000      148.731 <none> (D)  
        u_add                bf16_fp32_add_233                                                                      1440    107.280     0.000      107.280 <none> (D)  
        u_mul                bf16_mul_233                                                                            531     41.451     0.000       41.451 <none> (D)  
    g_row[15].g_col[0].u_pe  pe_240                                                                                 2084    172.627     0.000      172.627 <none> (D)  
      u_mac                  bf16_mac_unit_240                                                                      1987    150.145     0.000      150.145 <none> (D)  
        u_add                bf16_fp32_add_240                                                                      1445    107.528     0.000      107.528 <none> (D)  
        u_mul                bf16_mul_240                                                                            541     42.544     0.000       42.544 <none> (D)  
    g_row[15].g_col[10].u_pe pe_250                                                                                 2094    173.633     0.000      173.633 <none> (D)  
      u_mac                  bf16_mac_unit_250                                                                      1997    151.151     0.000      151.151 <none> (D)  
        u_add                bf16_fp32_add_250                                                                      1471    109.263     0.000      109.263 <none> (D)  
        u_mul                bf16_mul_250                                                                            526     41.888     0.000       41.888 <none> (D)  
    g_row[15].g_col[11].u_pe pe_251                                                                                 2132    175.368     0.000      175.368 <none> (D)  
      u_mac                  bf16_mac_unit_251                                                                      2035    152.886     0.000      152.886 <none> (D)  
        u_add                bf16_fp32_add_251                                                                      1500    110.895     0.000      110.895 <none> (D)  
        u_mul                bf16_mul_251                                                                            535     41.990     0.000       41.990 <none> (D)  
    g_row[15].g_col[12].u_pe pe_252                                                                                 2153    175.879     0.000      175.879 <none> (D)  
      u_mac                  bf16_mac_unit_252                                                                      2056    153.396     0.000      153.396 <none> (D)  
        u_add                bf16_fp32_add_252                                                                      1526    111.435     0.000      111.435 <none> (D)  
        u_mul                bf16_mul_252                                                                            530     41.961     0.000       41.961 <none> (D)  
    g_row[15].g_col[13].u_pe pe_253                                                                                 2124    174.989     0.000      174.989 <none> (D)  
      u_mac                  bf16_mac_unit_253                                                                      2027    152.507     0.000      152.507 <none> (D)  
        u_add                bf16_fp32_add_253                                                                      1496    110.371     0.000      110.371 <none> (D)  
        u_mul                bf16_mul_253                                                                            531     42.136     0.000       42.136 <none> (D)  
    g_row[15].g_col[14].u_pe pe_254                                                                                 2084    172.700     0.000      172.700 <none> (D)  
      u_mac                  bf16_mac_unit_254                                                                      1987    150.218     0.000      150.218 <none> (D)  
        u_add                bf16_fp32_add_254                                                                      1445    107.528     0.000      107.528 <none> (D)  
        u_mul                bf16_mul_254                                                                            541     42.617     0.000       42.617 <none> (D)  
    g_row[15].g_col[15].u_pe pe_255                                                                                 2078    173.065     0.000      173.065 <none> (D)  
      u_mac                  bf16_mac_unit_255                                                                      1981    150.582     0.000      150.582 <none> (D)  
        u_add                bf16_fp32_add_255                                                                      1455    108.694     0.000      108.694 <none> (D)  
        u_mul                bf16_mul_255                                                                            526     41.888     0.000       41.888 <none> (D)  
    g_row[15].g_col[1].u_pe  pe_241                                                                                 2108    174.187     0.000      174.187 <none> (D)  
      u_mac                  bf16_mac_unit_241                                                                      2011    151.705     0.000      151.705 <none> (D)  
        u_add                bf16_fp32_add_241                                                                      1485    109.875     0.000      109.875 <none> (D)  
        u_mul                bf16_mul_241                                                                            526     41.830     0.000       41.830 <none> (D)  
    g_row[15].g_col[2].u_pe  pe_242                                                                                 2162    176.418     0.000      176.418 <none> (D)  
      u_mac                  bf16_mac_unit_242                                                                      2065    153.936     0.000      153.936 <none> (D)  
        u_add                bf16_fp32_add_242                                                                      1534    111.829     0.000      111.829 <none> (D)  
        u_mul                bf16_mul_242                                                                            531     42.107     0.000       42.107 <none> (D)  
    g_row[15].g_col[3].u_pe  pe_243                                                                                 2084    172.656     0.000      172.656 <none> (D)  
      u_mac                  bf16_mac_unit_243                                                                      1987    150.174     0.000      150.174 <none> (D)  
        u_add                bf16_fp32_add_243                                                                      1445    107.528     0.000      107.528 <none> (D)  
        u_mul                bf16_mul_243                                                                            541     42.574     0.000       42.574 <none> (D)  
    g_row[15].g_col[4].u_pe  pe_244                                                                                 2090    173.619     0.000      173.619 <none> (D)  
      u_mac                  bf16_mac_unit_244                                                                      1993    151.136     0.000      151.136 <none> (D)  
        u_add                bf16_fp32_add_244                                                                      1462    108.927     0.000      108.927 <none> (D)  
        u_mul                bf16_mul_244                                                                            531     42.209     0.000       42.209 <none> (D)  
    g_row[15].g_col[5].u_pe  pe_245                                                                                 2136    175.252     0.000      175.252 <none> (D)  
      u_mac                  bf16_mac_unit_245                                                                      2039    152.784     0.000      152.784 <none> (D)  
        u_add                bf16_fp32_add_245                                                                      1509    110.750     0.000      110.750 <none> (D)  
        u_mul                bf16_mul_245                                                                            530     42.034     0.000       42.034 <none> (D)  
    g_row[15].g_col[6].u_pe  pe_246                                                                                 2107    174.421     0.000      174.421 <none> (D)  
      u_mac                  bf16_mac_unit_246                                                                      2010    151.938     0.000      151.938 <none> (D)  
        u_add                bf16_fp32_add_246                                                                      1481    109.919     0.000      109.919 <none> (D)  
        u_mul                bf16_mul_246                                                                            529     42.020     0.000       42.020 <none> (D)  
    g_row[15].g_col[7].u_pe  pe_247                                                                                 2115    174.683     0.000      174.683 <none> (D)  
      u_mac                  bf16_mac_unit_247                                                                      2018    152.201     0.000      152.201 <none> (D)  
        u_add                bf16_fp32_add_247                                                                      1489    110.298     0.000      110.298 <none> (D)  
        u_mul                bf16_mul_247                                                                            529     41.903     0.000       41.903 <none> (D)  
    g_row[15].g_col[8].u_pe  pe_248                                                                                 2084    172.656     0.000      172.656 <none> (D)  
      u_mac                  bf16_mac_unit_248                                                                      1987    150.174     0.000      150.174 <none> (D)  
        u_add                bf16_fp32_add_248                                                                      1445    107.528     0.000      107.528 <none> (D)  
        u_mul                bf16_mul_248                                                                            541     42.574     0.000       42.574 <none> (D)  
    g_row[15].g_col[9].u_pe  pe_249                                                                                 2057    172.015     0.000      172.015 <none> (D)  
      u_mac                  bf16_mac_unit_249                                                                      1960    149.532     0.000      149.532 <none> (D)  
        u_add                bf16_fp32_add_249                                                                      1434    107.528     0.000      107.528 <none> (D)  
        u_mul                bf16_mul_249                                                                            526     42.005     0.000       42.005 <none> (D)  
    g_row[1].g_col[0].u_pe   pe_16                                                                                  2239    179.086     0.000      179.086 <none> (D)  
      u_mac                  bf16_mac_unit_16                                                                       2142    156.618     0.000      156.618 <none> (D)  
        u_add                bf16_fp32_add_16                                                                       1564    113.010     0.000      113.010 <none> (D)  
        u_mul                bf16_mul_16                                                                             578     43.609     0.000       43.609 <none> (D)  
    g_row[1].g_col[10].u_pe  pe_26                                                                                  2152    175.485     0.000      175.485 <none> (D)  
      u_mac                  bf16_mac_unit_26                                                                       2055    153.017     0.000      153.017 <none> (D)  
        u_add                bf16_fp32_add_26                                                                       1478    109.423     0.000      109.423 <none> (D)  
        u_mul                bf16_mul_26                                                                             577     43.594     0.000       43.594 <none> (D)  
    g_row[1].g_col[11].u_pe  pe_27                                                                                  2150    175.383     0.000      175.383 <none> (D)  
      u_mac                  bf16_mac_unit_27                                                                       2053    152.915     0.000      152.915 <none> (D)  
        u_add                bf16_fp32_add_27                                                                       1478    109.423     0.000      109.423 <none> (D)  
        u_mul                bf16_mul_27                                                                             575     43.492     0.000       43.492 <none> (D)  
    g_row[1].g_col[12].u_pe  pe_28                                                                                  2172    176.418     0.000      176.418 <none> (D)  
      u_mac                  bf16_mac_unit_28                                                                       2075    153.950     0.000      153.950 <none> (D)  
        u_add                bf16_fp32_add_28                                                                       1503    110.589     0.000      110.589 <none> (D)  
        u_mul                bf16_mul_28                                                                             572     43.361     0.000       43.361 <none> (D)  
    g_row[1].g_col[13].u_pe  pe_29                                                                                  2163    175.951     0.000      175.951 <none> (D)  
      u_mac                  bf16_mac_unit_29                                                                       2066    153.484     0.000      153.484 <none> (D)  
        u_add                bf16_fp32_add_29                                                                       1491    109.992     0.000      109.992 <none> (D)  
        u_mul                bf16_mul_29                                                                             575     43.492     0.000       43.492 <none> (D)  
    g_row[1].g_col[14].u_pe  pe_30                                                                                  2172    176.418     0.000      176.418 <none> (D)  
      u_mac                  bf16_mac_unit_30                                                                       2075    153.950     0.000      153.950 <none> (D)  
        u_add                bf16_fp32_add_30                                                                       1503    110.589     0.000      110.589 <none> (D)  
        u_mul                bf16_mul_30                                                                             572     43.361     0.000       43.361 <none> (D)  
    g_row[1].g_col[15].u_pe  pe_31                                                                                  2172    176.418     0.000      176.418 <none> (D)  
      u_mac                  bf16_mac_unit_31                                                                       2075    153.950     0.000      153.950 <none> (D)  
        u_add                bf16_fp32_add_31                                                                       1503    110.589     0.000      110.589 <none> (D)  
        u_mul                bf16_mul_31                                                                             572     43.361     0.000       43.361 <none> (D)  
    g_row[1].g_col[1].u_pe   pe_17                                                                                  2159    175.543     0.000      175.543 <none> (D)  
      u_mac                  bf16_mac_unit_17                                                                       2062    153.075     0.000      153.075 <none> (D)  
        u_add                bf16_fp32_add_17                                                                       1487    109.612     0.000      109.612 <none> (D)  
        u_mul                bf16_mul_17                                                                             575     43.463     0.000       43.463 <none> (D)  
    g_row[1].g_col[2].u_pe   pe_18                                                                                  2155    175.616     0.000      175.616 <none> (D)  
      u_mac                  bf16_mac_unit_18                                                                       2058    153.148     0.000      153.148 <none> (D)  
        u_add                bf16_fp32_add_18                                                                       1483    109.656     0.000      109.656 <none> (D)  
        u_mul                bf16_mul_18                                                                             575     43.492     0.000       43.492 <none> (D)  
    g_row[1].g_col[3].u_pe   pe_19                                                                                  2153    175.222     0.000      175.222 <none> (D)  
      u_mac                  bf16_mac_unit_19                                                                       2056    152.755     0.000      152.755 <none> (D)  
        u_add                bf16_fp32_add_19                                                                       1479    109.160     0.000      109.160 <none> (D)  
        u_mul                bf16_mul_19                                                                             577     43.594     0.000       43.594 <none> (D)  
    g_row[1].g_col[4].u_pe   pe_20                                                                                  2155    175.616     0.000      175.616 <none> (D)  
      u_mac                  bf16_mac_unit_20                                                                       2058    153.148     0.000      153.148 <none> (D)  
        u_add                bf16_fp32_add_20                                                                       1483    109.656     0.000      109.656 <none> (D)  
        u_mul                bf16_mul_20                                                                             575     43.492     0.000       43.492 <none> (D)  
    g_row[1].g_col[5].u_pe   pe_21                                                                                  2151    175.120     0.000      175.120 <none> (D)  
      u_mac                  bf16_mac_unit_21                                                                       2054    152.653     0.000      152.653 <none> (D)  
        u_add                bf16_fp32_add_21                                                                       1479    109.160     0.000      109.160 <none> (D)  
        u_mul                bf16_mul_21                                                                             575     43.492     0.000       43.492 <none> (D)  
    g_row[1].g_col[6].u_pe   pe_22                                                                                  2164    175.689     0.000      175.689 <none> (D)  
      u_mac                  bf16_mac_unit_22                                                                       2067    153.221     0.000      153.221 <none> (D)  
        u_add                bf16_fp32_add_22                                                                       1492    109.729     0.000      109.729 <none> (D)  
        u_mul                bf16_mul_22                                                                             575     43.492     0.000       43.492 <none> (D)  
    g_row[1].g_col[7].u_pe   pe_23                                                                                  2131    174.770     0.000      174.770 <none> (D)  
      u_mac                  bf16_mac_unit_23                                                                       2034    152.303     0.000      152.303 <none> (D)  
        u_add                bf16_fp32_add_23                                                                       1460    108.854     0.000      108.854 <none> (D)  
        u_mul                bf16_mul_23                                                                             574     43.448     0.000       43.448 <none> (D)  
    g_row[1].g_col[8].u_pe   pe_24                                                                                  2153    175.222     0.000      175.222 <none> (D)  
      u_mac                  bf16_mac_unit_24                                                                       2056    152.755     0.000      152.755 <none> (D)  
        u_add                bf16_fp32_add_24                                                                       1479    109.160     0.000      109.160 <none> (D)  
        u_mul                bf16_mul_24                                                                             577     43.594     0.000       43.594 <none> (D)  
    g_row[1].g_col[9].u_pe   pe_25                                                                                  2150    175.383     0.000      175.383 <none> (D)  
      u_mac                  bf16_mac_unit_25                                                                       2053    152.915     0.000      152.915 <none> (D)  
        u_add                bf16_fp32_add_25                                                                       1478    109.423     0.000      109.423 <none> (D)  
        u_mul                bf16_mul_25                                                                             575     43.492     0.000       43.492 <none> (D)  
    g_row[2].g_col[0].u_pe   pe_32                                                                                  2118    175.135     0.000      175.135 <none> (D)  
      u_mac                  bf16_mac_unit_32                                                                       2018    152.448     0.000      152.448 <none> (D)  
        u_add                bf16_fp32_add_32                                                                       1442    108.315     0.000      108.315 <none> (D)  
        u_mul                bf16_mul_32                                                                             576     44.134     0.000       44.134 <none> (D)  
    g_row[2].g_col[10].u_pe  pe_42                                                                                  2143    176.331     0.000      176.331 <none> (D)  
      u_mac                  bf16_mac_unit_42                                                                       2041    153.498     0.000      153.498 <none> (D)  
        u_add                bf16_fp32_add_42                                                                       1467    109.044     0.000      109.044 <none> (D)  
        u_mul                bf16_mul_42                                                                             574     44.454     0.000       44.454 <none> (D)  
    g_row[2].g_col[11].u_pe  pe_43                                                                                  2200    179.115     0.000      179.115 <none> (D)  
      u_mac                  bf16_mac_unit_43                                                                       2098    156.283     0.000      156.283 <none> (D)  
        u_add                bf16_fp32_add_43                                                                       1524    111.770     0.000      111.770 <none> (D)  
        u_mul                bf16_mul_43                                                                             574     44.513     0.000       44.513 <none> (D)  
    g_row[2].g_col[12].u_pe  pe_44                                                                                  2107    174.041     0.000      174.041 <none> (D)  
      u_mac                  bf16_mac_unit_44                                                                       2007    151.355     0.000      151.355 <none> (D)  
        u_add                bf16_fp32_add_44                                                                       1433    107.586     0.000      107.586 <none> (D)  
        u_mul                bf16_mul_44                                                                             574     43.769     0.000       43.769 <none> (D)  
    g_row[2].g_col[13].u_pe  pe_45                                                                                  2200    179.115     0.000      179.115 <none> (D)  
      u_mac                  bf16_mac_unit_45                                                                       2098    156.283     0.000      156.283 <none> (D)  
        u_add                bf16_fp32_add_45                                                                       1524    111.770     0.000      111.770 <none> (D)  
        u_mul                bf16_mul_45                                                                             574     44.513     0.000       44.513 <none> (D)  
    g_row[2].g_col[14].u_pe  pe_46                                                                                  2107    174.041     0.000      174.041 <none> (D)  
      u_mac                  bf16_mac_unit_46                                                                       2007    151.355     0.000      151.355 <none> (D)  
        u_add                bf16_fp32_add_46                                                                       1433    107.586     0.000      107.586 <none> (D)  
        u_mul                bf16_mul_46                                                                             574     43.769     0.000       43.769 <none> (D)  
    g_row[2].g_col[15].u_pe  pe_47                                                                                  2124    174.916     0.000      174.916 <none> (D)  
      u_mac                  bf16_mac_unit_47                                                                       2024    152.230     0.000      152.230 <none> (D)  
        u_add                bf16_fp32_add_47                                                                       1456    108.708     0.000      108.708 <none> (D)  
        u_mul                bf16_mul_47                                                                             568     43.521     0.000       43.521 <none> (D)  
    g_row[2].g_col[1].u_pe   pe_33                                                                                  2107    174.756     0.000      174.756 <none> (D)  
      u_mac                  bf16_mac_unit_33                                                                       2007    152.069     0.000      152.069 <none> (D)  
        u_add                bf16_fp32_add_33                                                                       1433    107.979     0.000      107.979 <none> (D)  
        u_mul                bf16_mul_33                                                                             574     44.090     0.000       44.090 <none> (D)  
    g_row[2].g_col[2].u_pe   pe_34                                                                                  2106    174.668     0.000      174.668 <none> (D)  
      u_mac                  bf16_mac_unit_34                                                                       2006    151.982     0.000      151.982 <none> (D)  
        u_add                bf16_fp32_add_34                                                                       1433    107.979     0.000      107.979 <none> (D)  
        u_mul                bf16_mul_34                                                                             573     44.002     0.000       44.002 <none> (D)  
    g_row[2].g_col[3].u_pe   pe_35                                                                                  2157    176.855     0.000      176.855 <none> (D)  
      u_mac                  bf16_mac_unit_35                                                                       2057    154.169     0.000      154.169 <none> (D)  
        u_add                bf16_fp32_add_35                                                                       1488    110.152     0.000      110.152 <none> (D)  
        u_mul                bf16_mul_35                                                                             569     44.017     0.000       44.017 <none> (D)  
    g_row[2].g_col[4].u_pe   pe_36                                                                                  2106    174.581     0.000      174.581 <none> (D)  
      u_mac                  bf16_mac_unit_36                                                                       2006    151.894     0.000      151.894 <none> (D)  
        u_add                bf16_fp32_add_36                                                                       1434    108.082     0.000      108.082 <none> (D)  
        u_mul                bf16_mul_36                                                                             572     43.813     0.000       43.813 <none> (D)  
    g_row[2].g_col[5].u_pe   pe_37                                                                                  2168    177.803     0.000      177.803 <none> (D)  
      u_mac                  bf16_mac_unit_37                                                                       2066    154.971     0.000      154.971 <none> (D)  
        u_add                bf16_fp32_add_37                                                                       1494    110.881     0.000      110.881 <none> (D)  
        u_mul                bf16_mul_37                                                                             572     44.090     0.000       44.090 <none> (D)  
    g_row[2].g_col[6].u_pe   pe_38                                                                                  2174    178.197     0.000      178.197 <none> (D)  
      u_mac                  bf16_mac_unit_38                                                                       2072    155.364     0.000      155.364 <none> (D)  
        u_add                bf16_fp32_add_38                                                                       1494    110.881     0.000      110.881 <none> (D)  
        u_mul                bf16_mul_38                                                                             578     44.484     0.000       44.484 <none> (D)  
    g_row[2].g_col[7].u_pe   pe_39                                                                                  2110    174.756     0.000      174.756 <none> (D)  
      u_mac                  bf16_mac_unit_39                                                                       2010    152.069     0.000      152.069 <none> (D)  
        u_add                bf16_fp32_add_39                                                                       1439    108.169     0.000      108.169 <none> (D)  
        u_mul                bf16_mul_39                                                                             571     43.900     0.000       43.900 <none> (D)  
    g_row[2].g_col[8].u_pe   pe_40                                                                                  2182    178.109     0.000      178.109 <none> (D)  
      u_mac                  bf16_mac_unit_40                                                                       2080    155.277     0.000      155.277 <none> (D)  
        u_add                bf16_fp32_add_40                                                                       1506    111.085     0.000      111.085 <none> (D)  
        u_mul                bf16_mul_40                                                                             574     44.192     0.000       44.192 <none> (D)  
    g_row[2].g_col[9].u_pe   pe_41                                                                                  2140    176.185     0.000      176.185 <none> (D)  
      u_mac                  bf16_mac_unit_41                                                                       2038    153.352     0.000      153.352 <none> (D)  
        u_add                bf16_fp32_add_41                                                                       1457    108.927     0.000      108.927 <none> (D)  
        u_mul                bf16_mul_41                                                                             581     44.425     0.000       44.425 <none> (D)  
    g_row[3].g_col[0].u_pe   pe_48                                                                                  2123    175.543     0.000      175.543 <none> (D)  
      u_mac                  bf16_mac_unit_48                                                                       2022    152.798     0.000      152.798 <none> (D)  
        u_add                bf16_fp32_add_48                                                                       1444    108.621     0.000      108.621 <none> (D)  
        u_mul                bf16_mul_48                                                                             578     44.177     0.000       44.177 <none> (D)  
    g_row[3].g_col[10].u_pe  pe_58                                                                                  2144    176.097     0.000      176.097 <none> (D)  
      u_mac                  bf16_mac_unit_58                                                                       2043    153.338     0.000      153.338 <none> (D)  
        u_add                bf16_fp32_add_58                                                                       1469    109.204     0.000      109.204 <none> (D)  
        u_mul                bf16_mul_58                                                                             574     44.134     0.000       44.134 <none> (D)  
    g_row[3].g_col[11].u_pe  pe_59                                                                                  2189    178.313     0.000      178.313 <none> (D)  
      u_mac                  bf16_mac_unit_59                                                                       2088    155.554     0.000      155.554 <none> (D)  
        u_add                bf16_fp32_add_59                                                                       1511    111.260     0.000      111.260 <none> (D)  
        u_mul                bf16_mul_59                                                                             577     44.294     0.000       44.294 <none> (D)  
    g_row[3].g_col[12].u_pe  pe_60                                                                                  2126    175.062     0.000      175.062 <none> (D)  
      u_mac                  bf16_mac_unit_60                                                                       2026    152.376     0.000      152.376 <none> (D)  
        u_add                bf16_fp32_add_60                                                                       1453    108.563     0.000      108.563 <none> (D)  
        u_mul                bf16_mul_60                                                                             573     43.813     0.000       43.813 <none> (D)  
    g_row[3].g_col[13].u_pe  pe_61                                                                                  2229    180.457     0.000      180.457 <none> (D)  
      u_mac                  bf16_mac_unit_61                                                                       2128    157.697     0.000      157.697 <none> (D)  
        u_add                bf16_fp32_add_61                                                                       1552    113.432     0.000      113.432 <none> (D)  
        u_mul                bf16_mul_61                                                                             576     44.265     0.000       44.265 <none> (D)  
    g_row[3].g_col[14].u_pe  pe_62                                                                                  2126    175.062     0.000      175.062 <none> (D)  
      u_mac                  bf16_mac_unit_62                                                                       2026    152.376     0.000      152.376 <none> (D)  
        u_add                bf16_fp32_add_62                                                                       1453    108.563     0.000      108.563 <none> (D)  
        u_mul                bf16_mul_62                                                                             573     43.813     0.000       43.813 <none> (D)  
    g_row[3].g_col[15].u_pe  pe_63                                                                                  2126    175.062     0.000      175.062 <none> (D)  
      u_mac                  bf16_mac_unit_63                                                                       2026    152.376     0.000      152.376 <none> (D)  
        u_add                bf16_fp32_add_63                                                                       1453    108.563     0.000      108.563 <none> (D)  
        u_mul                bf16_mul_63                                                                             573     43.813     0.000       43.813 <none> (D)  
    g_row[3].g_col[1].u_pe   pe_49                                                                                  2121    175.456     0.000      175.456 <none> (D)  
      u_mac                  bf16_mac_unit_49                                                                       2020    152.711     0.000      152.711 <none> (D)  
        u_add                bf16_fp32_add_49                                                                       1442    108.534     0.000      108.534 <none> (D)  
        u_mul                bf16_mul_49                                                                             578     44.177     0.000       44.177 <none> (D)  
    g_row[3].g_col[2].u_pe   pe_50                                                                                  2121    175.456     0.000      175.456 <none> (D)  
      u_mac                  bf16_mac_unit_50                                                                       2020    152.711     0.000      152.711 <none> (D)  
        u_add                bf16_fp32_add_50                                                                       1442    108.534     0.000      108.534 <none> (D)  
        u_mul                bf16_mul_50                                                                             578     44.177     0.000       44.177 <none> (D)  
    g_row[3].g_col[3].u_pe   pe_51                                                                                  2172    177.789     0.000      177.789 <none> (D)  
      u_mac                  bf16_mac_unit_51                                                                       2071    155.044     0.000      155.044 <none> (D)  
        u_add                bf16_fp32_add_51                                                                       1488    110.837     0.000      110.837 <none> (D)  
        u_mul                bf16_mul_51                                                                             583     44.207     0.000       44.207 <none> (D)  
    g_row[3].g_col[4].u_pe   pe_52                                                                                  2121    175.456     0.000      175.456 <none> (D)  
      u_mac                  bf16_mac_unit_52                                                                       2020    152.711     0.000      152.711 <none> (D)  
        u_add                bf16_fp32_add_52                                                                       1442    108.534     0.000      108.534 <none> (D)  
        u_mul                bf16_mul_52                                                                             578     44.177     0.000       44.177 <none> (D)  
    g_row[3].g_col[5].u_pe   pe_53                                                                                  2191    178.051     0.000      178.051 <none> (D)  
      u_mac                  bf16_mac_unit_53                                                                       2090    155.292     0.000      155.292 <none> (D)  
        u_add                bf16_fp32_add_53                                                                       1511    111.158     0.000      111.158 <none> (D)  
        u_mul                bf16_mul_53                                                                             579     44.134     0.000       44.134 <none> (D)  
    g_row[3].g_col[6].u_pe   pe_54                                                                                  2191    178.095     0.000      178.095 <none> (D)  
      u_mac                  bf16_mac_unit_54                                                                       2090    155.335     0.000      155.335 <none> (D)  
        u_add                bf16_fp32_add_54                                                                       1511    111.172     0.000      111.172 <none> (D)  
        u_mul                bf16_mul_54                                                                             579     44.163     0.000       44.163 <none> (D)  
    g_row[3].g_col[7].u_pe   pe_55                                                                                  2115    175.193     0.000      175.193 <none> (D)  
      u_mac                  bf16_mac_unit_55                                                                       2014    152.448     0.000      152.448 <none> (D)  
        u_add                bf16_fp32_add_55                                                                       1438    108.373     0.000      108.373 <none> (D)  
        u_mul                bf16_mul_55                                                                             576     44.075     0.000       44.075 <none> (D)  
    g_row[3].g_col[8].u_pe   pe_56                                                                                  2159    177.234     0.000      177.234 <none> (D)  
      u_mac                  bf16_mac_unit_56                                                                       2058    154.475     0.000      154.475 <none> (D)  
        u_add                bf16_fp32_add_56                                                                       1481    110.239     0.000      110.239 <none> (D)  
        u_mul                bf16_mul_56                                                                             577     44.236     0.000       44.236 <none> (D)  
    g_row[3].g_col[9].u_pe   pe_57                                                                                  2194    178.138     0.000      178.138 <none> (D)  
      u_mac                  bf16_mac_unit_57                                                                       2093    155.379     0.000      155.379 <none> (D)  
        u_add                bf16_fp32_add_57                                                                       1516    111.347     0.000      111.347 <none> (D)  
        u_mul                bf16_mul_57                                                                             577     44.032     0.000       44.032 <none> (D)  
    g_row[4].g_col[0].u_pe   pe_64                                                                                  2157    175.747     0.000      175.747 <none> (D)  
      u_mac                  bf16_mac_unit_64                                                                       2060    153.280     0.000      153.280 <none> (D)  
        u_add                bf16_fp32_add_64                                                                       1484    109.671     0.000      109.671 <none> (D)  
        u_mul                bf16_mul_64                                                                             576     43.609     0.000       43.609 <none> (D)  
    g_row[4].g_col[10].u_pe  pe_74                                                                                  2151    175.485     0.000      175.485 <none> (D)  
      u_mac                  bf16_mac_unit_74                                                                       2054    153.017     0.000      153.017 <none> (D)  
        u_add                bf16_fp32_add_74                                                                       1485    109.773     0.000      109.773 <none> (D)  
        u_mul                bf16_mul_74                                                                             569     43.244     0.000       43.244 <none> (D)  
    g_row[4].g_col[11].u_pe  pe_75                                                                                  2198    178.182     0.000      178.182 <none> (D)  
      u_mac                  bf16_mac_unit_75                                                                       2101    155.714     0.000      155.714 <none> (D)  
        u_add                bf16_fp32_add_75                                                                       1530    112.383     0.000      112.383 <none> (D)  
        u_mul                bf16_mul_75                                                                             571     43.332     0.000       43.332 <none> (D)  
    g_row[4].g_col[12].u_pe  pe_76                                                                                  2188    177.745     0.000      177.745 <none> (D)  
      u_mac                  bf16_mac_unit_76                                                                       2091    155.277     0.000      155.277 <none> (D)  
        u_add                bf16_fp32_add_76                                                                       1520    111.858     0.000      111.858 <none> (D)  
        u_mul                bf16_mul_76                                                                             571     43.419     0.000       43.419 <none> (D)  
    g_row[4].g_col[13].u_pe  pe_77                                                                                  2150    175.397     0.000      175.397 <none> (D)  
      u_mac                  bf16_mac_unit_77                                                                       2053    152.930     0.000      152.930 <none> (D)  
        u_add                bf16_fp32_add_77                                                                       1485    109.773     0.000      109.773 <none> (D)  
        u_mul                bf16_mul_77                                                                             568     43.157     0.000       43.157 <none> (D)  
    g_row[4].g_col[14].u_pe  pe_78                                                                                  2228    179.553     0.000      179.553 <none> (D)  
      u_mac                  bf16_mac_unit_78                                                                       2131    157.085     0.000      157.085 <none> (D)  
        u_add                bf16_fp32_add_78                                                                       1559    113.637     0.000      113.637 <none> (D)  
        u_mul                bf16_mul_78                                                                             572     43.448     0.000       43.448 <none> (D)  
    g_row[4].g_col[15].u_pe  pe_79                                                                                  2145    175.441     0.000      175.441 <none> (D)  
      u_mac                  bf16_mac_unit_79                                                                       2048    152.973     0.000      152.973 <none> (D)  
        u_add                bf16_fp32_add_79                                                                       1477    109.656     0.000      109.656 <none> (D)  
        u_mul                bf16_mul_79                                                                             571     43.317     0.000       43.317 <none> (D)  
    g_row[4].g_col[1].u_pe   pe_65                                                                                  2163    176.316     0.000      176.316 <none> (D)  
      u_mac                  bf16_mac_unit_65                                                                       2066    153.848     0.000      153.848 <none> (D)  
        u_add                bf16_fp32_add_65                                                                       1489    110.094     0.000      110.094 <none> (D)  
        u_mul                bf16_mul_65                                                                             577     43.755     0.000       43.755 <none> (D)  
    g_row[4].g_col[2].u_pe   pe_66                                                                                  2150    175.339     0.000      175.339 <none> (D)  
      u_mac                  bf16_mac_unit_66                                                                       2053    152.871     0.000      152.871 <none> (D)  
        u_add                bf16_fp32_add_66                                                                       1472    109.058     0.000      109.058 <none> (D)  
        u_mul                bf16_mul_66                                                                             581     43.813     0.000       43.813 <none> (D)  
    g_row[4].g_col[3].u_pe   pe_67                                                                                  2164    176.199     0.000      176.199 <none> (D)  
      u_mac                  bf16_mac_unit_67                                                                       2067    153.732     0.000      153.732 <none> (D)  
        u_add                bf16_fp32_add_67                                                                       1490    110.035     0.000      110.035 <none> (D)  
        u_mul                bf16_mul_67                                                                             577     43.696     0.000       43.696 <none> (D)  
    g_row[4].g_col[4].u_pe   pe_68                                                                                  2149    175.602     0.000      175.602 <none> (D)  
      u_mac                  bf16_mac_unit_68                                                                       2052    153.134     0.000      153.134 <none> (D)  
        u_add                bf16_fp32_add_68                                                                       1480    109.656     0.000      109.656 <none> (D)  
        u_mul                bf16_mul_68                                                                             572     43.478     0.000       43.478 <none> (D)  
    g_row[4].g_col[5].u_pe   pe_69                                                                                  2146    175.368     0.000      175.368 <none> (D)  
      u_mac                  bf16_mac_unit_69                                                                       2049    152.900     0.000      152.900 <none> (D)  
        u_add                bf16_fp32_add_69                                                                       1473    109.306     0.000      109.306 <none> (D)  
        u_mul                bf16_mul_69                                                                             576     43.594     0.000       43.594 <none> (D)  
    g_row[4].g_col[6].u_pe   pe_70                                                                                  2162    176.505     0.000      176.505 <none> (D)  
      u_mac                  bf16_mac_unit_70                                                                       2065    154.038     0.000      154.038 <none> (D)  
        u_add                bf16_fp32_add_70                                                                       1490    110.473     0.000      110.473 <none> (D)  
        u_mul                bf16_mul_70                                                                             575     43.565     0.000       43.565 <none> (D)  
    g_row[4].g_col[7].u_pe   pe_71                                                                                  2135    174.756     0.000      174.756 <none> (D)  
      u_mac                  bf16_mac_unit_71                                                                       2038    152.288     0.000      152.288 <none> (D)  
        u_add                bf16_fp32_add_71                                                                       1466    108.942     0.000      108.942 <none> (D)  
        u_mul                bf16_mul_71                                                                             572     43.346     0.000       43.346 <none> (D)  
    g_row[4].g_col[8].u_pe   pe_72                                                                                  2214    179.013     0.000      179.013 <none> (D)  
      u_mac                  bf16_mac_unit_72                                                                       2117    156.545     0.000      156.545 <none> (D)  
        u_add                bf16_fp32_add_72                                                                       1541    112.908     0.000      112.908 <none> (D)  
        u_mul                bf16_mul_72                                                                             576     43.638     0.000       43.638 <none> (D)  
    g_row[4].g_col[9].u_pe   pe_73                                                                                  2200    178.401     0.000      178.401 <none> (D)  
      u_mac                  bf16_mac_unit_73                                                                       2103    155.933     0.000      155.933 <none> (D)  
        u_add                bf16_fp32_add_73                                                                       1529    112.295     0.000      112.295 <none> (D)  
        u_mul                bf16_mul_73                                                                             574     43.638     0.000       43.638 <none> (D)  
    g_row[5].g_col[0].u_pe   pe_80                                                                                  2170    177.861     0.000      177.861 <none> (D)  
      u_mac                  bf16_mac_unit_80                                                                       2070    155.175     0.000      155.175 <none> (D)  
        u_add                bf16_fp32_add_80                                                                       1495    110.983     0.000      110.983 <none> (D)  
        u_mul                bf16_mul_80                                                                             575     44.192     0.000       44.192 <none> (D)  
    g_row[5].g_col[10].u_pe  pe_90                                                                                  2131    175.776     0.000      175.776 <none> (D)  
      u_mac                  bf16_mac_unit_90                                                                       2031    153.090     0.000      153.090 <none> (D)  
        u_add                bf16_fp32_add_90                                                                       1454    108.708     0.000      108.708 <none> (D)  
        u_mul                bf16_mul_90                                                                             577     44.382     0.000       44.382 <none> (D)  
    g_row[5].g_col[11].u_pe  pe_91                                                                                  2108    175.499     0.000      175.499 <none> (D)  
      u_mac                  bf16_mac_unit_91                                                                       2008    152.813     0.000      152.813 <none> (D)  
        u_add                bf16_fp32_add_91                                                                       1441    108.723     0.000      108.723 <none> (D)  
        u_mul                bf16_mul_91                                                                             567     44.090     0.000       44.090 <none> (D)  
    g_row[5].g_col[12].u_pe  pe_92                                                                                  2201    179.815     0.000      179.815 <none> (D)  
      u_mac                  bf16_mac_unit_92                                                                       2101    157.129     0.000      157.129 <none> (D)  
        u_add                bf16_fp32_add_92                                                                       1531    112.791     0.000      112.791 <none> (D)  
        u_mul                bf16_mul_92                                                                             570     44.338     0.000       44.338 <none> (D)  
    g_row[5].g_col[13].u_pe  pe_93                                                                                  2243    180.836     0.000      180.836 <none> (D)  
      u_mac                  bf16_mac_unit_93                                                                       2143    158.149     0.000      158.149 <none> (D)  
        u_add                bf16_fp32_add_93                                                                       1573    114.088     0.000      114.088 <none> (D)  
        u_mul                bf16_mul_93                                                                             570     44.061     0.000       44.061 <none> (D)  
    g_row[5].g_col[14].u_pe  pe_94                                                                                  2207    179.669     0.000      179.669 <none> (D)  
      u_mac                  bf16_mac_unit_94                                                                       2107    156.983     0.000      156.983 <none> (D)  
        u_add                bf16_fp32_add_94                                                                       1542    113.068     0.000      113.068 <none> (D)  
        u_mul                bf16_mul_94                                                                             565     43.915     0.000       43.915 <none> (D)  
    g_row[5].g_col[15].u_pe  pe_95                                                                                  2132    175.835     0.000      175.835 <none> (D)  
      u_mac                  bf16_mac_unit_95                                                                       2032    153.148     0.000      153.148 <none> (D)  
        u_add                bf16_fp32_add_95                                                                       1454    108.708     0.000      108.708 <none> (D)  
        u_mul                bf16_mul_95                                                                             578     44.440     0.000       44.440 <none> (D)  
    g_row[5].g_col[1].u_pe   pe_81                                                                                  2221    180.150     0.000      180.150 <none> (D)  
      u_mac                  bf16_mac_unit_81                                                                       2121    157.464     0.000      157.464 <none> (D)  
        u_add                bf16_fp32_add_81                                                                       1552    113.476     0.000      113.476 <none> (D)  
        u_mul                bf16_mul_81                                                                             569     43.988     0.000       43.988 <none> (D)  
    g_row[5].g_col[2].u_pe   pe_82                                                                                  2191    179.655     0.000      179.655 <none> (D)  
      u_mac                  bf16_mac_unit_82                                                                       2091    156.968     0.000      156.968 <none> (D)  
        u_add                bf16_fp32_add_82                                                                       1523    112.966     0.000      112.966 <none> (D)  
        u_mul                bf16_mul_82                                                                             568     44.002     0.000       44.002 <none> (D)  
    g_row[5].g_col[3].u_pe   pe_83                                                                                  2194    179.844     0.000      179.844 <none> (D)  
      u_mac                  bf16_mac_unit_83                                                                       2094    157.158     0.000      157.158 <none> (D)  
        u_add                bf16_fp32_add_83                                                                       1526    113.155     0.000      113.155 <none> (D)  
        u_mul                bf16_mul_83                                                                             568     44.002     0.000       44.002 <none> (D)  
    g_row[5].g_col[4].u_pe   pe_84                                                                                  2198    179.436     0.000      179.436 <none> (D)  
      u_mac                  bf16_mac_unit_84                                                                       2098    156.750     0.000      156.750 <none> (D)  
        u_add                bf16_fp32_add_84                                                                       1528    112.587     0.000      112.587 <none> (D)  
        u_mul                bf16_mul_84                                                                             570     44.163     0.000       44.163 <none> (D)  
    g_row[5].g_col[5].u_pe   pe_85                                                                                  2175    178.605     0.000      178.605 <none> (D)  
      u_mac                  bf16_mac_unit_85                                                                       2075    155.919     0.000      155.919 <none> (D)  
        u_add                bf16_fp32_add_85                                                                       1500    111.639     0.000      111.639 <none> (D)  
        u_mul                bf16_mul_85                                                                             575     44.279     0.000       44.279 <none> (D)  
    g_row[5].g_col[6].u_pe   pe_86                                                                                  2205    179.057     0.000      179.057 <none> (D)  
      u_mac                  bf16_mac_unit_86                                                                       2105    156.370     0.000      156.370 <none> (D)  
        u_add                bf16_fp32_add_86                                                                       1542    112.528     0.000      112.528 <none> (D)  
        u_mul                bf16_mul_86                                                                             563     43.842     0.000       43.842 <none> (D)  
    g_row[5].g_col[7].u_pe   pe_87                                                                                  2134    175.908     0.000      175.908 <none> (D)  
      u_mac                  bf16_mac_unit_87                                                                       2034    153.221     0.000      153.221 <none> (D)  
        u_add                bf16_fp32_add_87                                                                       1454    108.708     0.000      108.708 <none> (D)  
        u_mul                bf16_mul_87                                                                             580     44.513     0.000       44.513 <none> (D)  
    g_row[5].g_col[8].u_pe   pe_88                                                                                  2201    179.815     0.000      179.815 <none> (D)  
      u_mac                  bf16_mac_unit_88                                                                       2101    157.129     0.000      157.129 <none> (D)  
        u_add                bf16_fp32_add_88                                                                       1531    112.791     0.000      112.791 <none> (D)  
        u_mul                bf16_mul_88                                                                             570     44.338     0.000       44.338 <none> (D)  
    g_row[5].g_col[9].u_pe   pe_89                                                                                  2202    178.999     0.000      178.999 <none> (D)  
      u_mac                  bf16_mac_unit_89                                                                       2102    156.312     0.000      156.312 <none> (D)  
        u_add                bf16_fp32_add_89                                                                       1522    111.639     0.000      111.639 <none> (D)  
        u_mul                bf16_mul_89                                                                             580     44.673     0.000       44.673 <none> (D)  
    g_row[6].g_col[0].u_pe   pe_96                                                                                  2166    177.818     0.000      177.818 <none> (D)  
      u_mac                  bf16_mac_unit_96                                                                       2066    155.131     0.000      155.131 <none> (D)  
        u_add                bf16_fp32_add_96                                                                       1493    110.837     0.000      110.837 <none> (D)  
        u_mul                bf16_mul_96                                                                             573     44.294     0.000       44.294 <none> (D)  
    g_row[6].g_col[10].u_pe  pe_106                                                                                 2110    175.587     0.000      175.587 <none> (D)  
      u_mac                  bf16_mac_unit_106                                                                      2010    152.900     0.000      152.900 <none> (D)  
        u_add                bf16_fp32_add_106                                                                      1452    109.219     0.000      109.219 <none> (D)  
        u_mul                bf16_mul_106                                                                            558     43.682     0.000       43.682 <none> (D)  
    g_row[6].g_col[11].u_pe  pe_107                                                                                 2182    178.532     0.000      178.532 <none> (D)  
      u_mac                  bf16_mac_unit_107                                                                      2082    155.846     0.000      155.846 <none> (D)  
        u_add                bf16_fp32_add_107                                                                      1500    111.158     0.000      111.158 <none> (D)  
        u_mul                bf16_mul_107                                                                            582     44.688     0.000       44.688 <none> (D)  
    g_row[6].g_col[12].u_pe  pe_108                                                                                 2172    178.328     0.000      178.328 <none> (D)  
      u_mac                  bf16_mac_unit_108                                                                      2072    155.642     0.000      155.642 <none> (D)  
        u_add                bf16_fp32_add_108                                                                      1496    111.085     0.000      111.085 <none> (D)  
        u_mul                bf16_mul_108                                                                            576     44.556     0.000       44.556 <none> (D)  
    g_row[6].g_col[13].u_pe  pe_109                                                                                 2259    182.527     0.000      182.527 <none> (D)  
      u_mac                  bf16_mac_unit_109                                                                      2159    159.841     0.000      159.841 <none> (D)  
        u_add                bf16_fp32_add_109                                                                      1591    115.809     0.000      115.809 <none> (D)  
        u_mul                bf16_mul_109                                                                            568     44.032     0.000       44.032 <none> (D)  
    g_row[6].g_col[14].u_pe  pe_110                                                                                 2178    178.255     0.000      178.255 <none> (D)  
      u_mac                  bf16_mac_unit_110                                                                      2078    155.569     0.000      155.569 <none> (D)  
        u_add                bf16_fp32_add_110                                                                      1500    110.954     0.000      110.954 <none> (D)  
        u_mul                bf16_mul_110                                                                            578     44.615     0.000       44.615 <none> (D)  
    g_row[6].g_col[15].u_pe  pe_111                                                                                 2275    182.877     0.000      182.877 <none> (D)  
      u_mac                  bf16_mac_unit_111                                                                      2175    160.190     0.000      160.190 <none> (D)  
        u_add                bf16_fp32_add_111                                                                      1606    116.057     0.000      116.057 <none> (D)  
        u_mul                bf16_mul_111                                                                            569     44.134     0.000       44.134 <none> (D)  
    g_row[6].g_col[1].u_pe   pe_97                                                                                  2124    175.966     0.000      175.966 <none> (D)  
      u_mac                  bf16_mac_unit_97                                                                       2024    153.280     0.000      153.280 <none> (D)  
        u_add                bf16_fp32_add_97                                                                       1453    109.117     0.000      109.117 <none> (D)  
        u_mul                bf16_mul_97                                                                             571     44.163     0.000       44.163 <none> (D)  
    g_row[6].g_col[2].u_pe   pe_98                                                                                  2166    177.818     0.000      177.818 <none> (D)  
      u_mac                  bf16_mac_unit_98                                                                       2066    155.131     0.000      155.131 <none> (D)  
        u_add                bf16_fp32_add_98                                                                       1493    110.837     0.000      110.837 <none> (D)  
        u_mul                bf16_mul_98                                                                             573     44.294     0.000       44.294 <none> (D)  
    g_row[6].g_col[3].u_pe   pe_99                                                                                  2128    176.491     0.000      176.491 <none> (D)  
      u_mac                  bf16_mac_unit_99                                                                       2028    153.804     0.000      153.804 <none> (D)  
        u_add                bf16_fp32_add_99                                                                       1462    109.656     0.000      109.656 <none> (D)  
        u_mul                bf16_mul_99                                                                             566     44.148     0.000       44.148 <none> (D)  
    g_row[6].g_col[4].u_pe   pe_100                                                                                 2192    179.363     0.000      179.363 <none> (D)  
      u_mac                  bf16_mac_unit_100                                                                      2092    156.677     0.000      156.677 <none> (D)  
        u_add                bf16_fp32_add_100                                                                      1514    112.222     0.000      112.222 <none> (D)  
        u_mul                bf16_mul_100                                                                            578     44.454     0.000       44.454 <none> (D)  
    g_row[6].g_col[5].u_pe   pe_101                                                                                 2191    178.853     0.000      178.853 <none> (D)  
      u_mac                  bf16_mac_unit_101                                                                      2091    156.166     0.000      156.166 <none> (D)  
        u_add                bf16_fp32_add_101                                                                      1512    111.858     0.000      111.858 <none> (D)  
        u_mul                bf16_mul_101                                                                            579     44.309     0.000       44.309 <none> (D)  
    g_row[6].g_col[6].u_pe   pe_102                                                                                 2173    178.386     0.000      178.386 <none> (D)  
      u_mac                  bf16_mac_unit_102                                                                      2073    155.700     0.000      155.700 <none> (D)  
        u_add                bf16_fp32_add_102                                                                      1494    111.260     0.000      111.260 <none> (D)  
        u_mul                bf16_mul_102                                                                            579     44.440     0.000       44.440 <none> (D)  
    g_row[6].g_col[7].u_pe   pe_103                                                                                 2162    177.686     0.000      177.686 <none> (D)  
      u_mac                  bf16_mac_unit_103                                                                      2062    155.000     0.000      155.000 <none> (D)  
        u_add                bf16_fp32_add_103                                                                      1494    111.172     0.000      111.172 <none> (D)  
        u_mul                bf16_mul_103                                                                            568     43.827     0.000       43.827 <none> (D)  
    g_row[6].g_col[8].u_pe   pe_104                                                                                 2178    178.255     0.000      178.255 <none> (D)  
      u_mac                  bf16_mac_unit_104                                                                      2078    155.569     0.000      155.569 <none> (D)  
        u_add                bf16_fp32_add_104                                                                      1500    110.954     0.000      110.954 <none> (D)  
        u_mul                bf16_mul_104                                                                            578     44.615     0.000       44.615 <none> (D)  
    g_row[6].g_col[9].u_pe   pe_105                                                                                 2280    182.775     0.000      182.775 <none> (D)  
      u_mac                  bf16_mac_unit_105                                                                      2180    160.088     0.000      160.088 <none> (D)  
        u_add                bf16_fp32_add_105                                                                      1614    116.290     0.000      116.290 <none> (D)  
        u_mul                bf16_mul_105                                                                            566     43.798     0.000       43.798 <none> (D)  
    g_row[7].g_col[0].u_pe   pe_112                                                                                 2108    175.806     0.000      175.806 <none> (D)  
      u_mac                  bf16_mac_unit_112                                                                      2008    153.119     0.000      153.119 <none> (D)  
        u_add                bf16_fp32_add_112                                                                      1444    109.452     0.000      109.452 <none> (D)  
        u_mul                bf16_mul_112                                                                            564     43.667     0.000       43.667 <none> (D)  
    g_row[7].g_col[10].u_pe  pe_122                                                                                 2129    176.054     0.000      176.054 <none> (D)  
      u_mac                  bf16_mac_unit_122                                                                      2028    153.309     0.000      153.309 <none> (D)  
        u_add                bf16_fp32_add_122                                                                      1452    108.898     0.000      108.898 <none> (D)  
        u_mul                bf16_mul_122                                                                            576     44.411     0.000       44.411 <none> (D)  
    g_row[7].g_col[11].u_pe  pe_123                                                                                 2153    177.001     0.000      177.001 <none> (D)  
      u_mac                  bf16_mac_unit_123                                                                      2053    154.315     0.000      154.315 <none> (D)  
        u_add                bf16_fp32_add_123                                                                      1484    110.371     0.000      110.371 <none> (D)  
        u_mul                bf16_mul_123                                                                            569     43.944     0.000       43.944 <none> (D)  
    g_row[7].g_col[12].u_pe  pe_124                                                                                 2153    176.987     0.000      176.987 <none> (D)  
      u_mac                  bf16_mac_unit_124                                                                      2053    154.300     0.000      154.300 <none> (D)  
        u_add                bf16_fp32_add_124                                                                      1484    110.371     0.000      110.371 <none> (D)  
        u_mul                bf16_mul_124                                                                            569     43.930     0.000       43.930 <none> (D)  
    g_row[7].g_col[13].u_pe  pe_125                                                                                 2129    176.054     0.000      176.054 <none> (D)  
      u_mac                  bf16_mac_unit_125                                                                      2028    153.309     0.000      153.309 <none> (D)  
        u_add                bf16_fp32_add_125                                                                      1452    108.898     0.000      108.898 <none> (D)  
        u_mul                bf16_mul_125                                                                            576     44.411     0.000       44.411 <none> (D)  
    g_row[7].g_col[14].u_pe  pe_126                                                                                 2153    176.987     0.000      176.987 <none> (D)  
      u_mac                  bf16_mac_unit_126                                                                      2053    154.300     0.000      154.300 <none> (D)  
        u_add                bf16_fp32_add_126                                                                      1484    110.371     0.000      110.371 <none> (D)  
        u_mul                bf16_mul_126                                                                            569     43.930     0.000       43.930 <none> (D)  
    g_row[7].g_col[15].u_pe  pe_127                                                                                 2136    176.389     0.000      176.389 <none> (D)  
      u_mac                  bf16_mac_unit_127                                                                      2036    153.702     0.000      153.702 <none> (D)  
        u_add                bf16_fp32_add_127                                                                      1460    109.248     0.000      109.248 <none> (D)  
        u_mul                bf16_mul_127                                                                            576     44.454     0.000       44.454 <none> (D)  
    g_row[7].g_col[1].u_pe   pe_113                                                                                 2132    176.024     0.000      176.024 <none> (D)  
      u_mac                  bf16_mac_unit_113                                                                      2032    153.338     0.000      153.338 <none> (D)  
        u_add                bf16_fp32_add_113                                                                      1456    108.883     0.000      108.883 <none> (D)  
        u_mul                bf16_mul_113                                                                            576     44.454     0.000       44.454 <none> (D)  
    g_row[7].g_col[2].u_pe   pe_114                                                                                 2111    176.156     0.000      176.156 <none> (D)  
      u_mac                  bf16_mac_unit_114                                                                      2011    153.469     0.000      153.469 <none> (D)  
        u_add                bf16_fp32_add_114                                                                      1444    109.671     0.000      109.671 <none> (D)  
        u_mul                bf16_mul_114                                                                            567     43.798     0.000       43.798 <none> (D)  
    g_row[7].g_col[3].u_pe   pe_115                                                                                 2164    178.663     0.000      178.663 <none> (D)  
      u_mac                  bf16_mac_unit_115                                                                      2064    155.977     0.000      155.977 <none> (D)  
        u_add                bf16_fp32_add_115                                                                      1495    112.120     0.000      112.120 <none> (D)  
        u_mul                bf16_mul_115                                                                            569     43.857     0.000       43.857 <none> (D)  
    g_row[7].g_col[4].u_pe   pe_116                                                                                 2108    175.222     0.000      175.222 <none> (D)  
      u_mac                  bf16_mac_unit_116                                                                      2008    152.536     0.000      152.536 <none> (D)  
        u_add                bf16_fp32_add_116                                                                      1438    108.650     0.000      108.650 <none> (D)  
        u_mul                bf16_mul_116                                                                            570     43.886     0.000       43.886 <none> (D)  
    g_row[7].g_col[5].u_pe   pe_117                                                                                 2143    177.205     0.000      177.205 <none> (D)  
      u_mac                  bf16_mac_unit_117                                                                      2042    154.461     0.000      154.461 <none> (D)  
        u_add                bf16_fp32_add_117                                                                      1470    110.312     0.000      110.312 <none> (D)  
        u_mul                bf16_mul_117                                                                            572     44.148     0.000       44.148 <none> (D)  
    g_row[7].g_col[6].u_pe   pe_118                                                                                 2154    177.132     0.000      177.132 <none> (D)  
      u_mac                  bf16_mac_unit_118                                                                      2054    154.446     0.000      154.446 <none> (D)  
        u_add                bf16_fp32_add_118                                                                      1487    110.662     0.000      110.662 <none> (D)  
        u_mul                bf16_mul_118                                                                            567     43.784     0.000       43.784 <none> (D)  
    g_row[7].g_col[7].u_pe   pe_119                                                                                 2108    175.412     0.000      175.412 <none> (D)  
      u_mac                  bf16_mac_unit_119                                                                      2008    152.726     0.000      152.726 <none> (D)  
        u_add                bf16_fp32_add_119                                                                      1438    108.840     0.000      108.840 <none> (D)  
        u_mul                bf16_mul_119                                                                            570     43.886     0.000       43.886 <none> (D)  
    g_row[7].g_col[8].u_pe   pe_120                                                                                 2121    176.214     0.000      176.214 <none> (D)  
      u_mac                  bf16_mac_unit_120                                                                      2021    153.527     0.000      153.527 <none> (D)  
        u_add                bf16_fp32_add_120                                                                      1454    109.627     0.000      109.627 <none> (D)  
        u_mul                bf16_mul_120                                                                            567     43.900     0.000       43.900 <none> (D)  
    g_row[7].g_col[9].u_pe   pe_121                                                                                 2171    178.080     0.000      178.080 <none> (D)  
      u_mac                  bf16_mac_unit_121                                                                      2071    155.394     0.000      155.394 <none> (D)  
        u_add                bf16_fp32_add_121                                                                      1504    111.610     0.000      111.610 <none> (D)  
        u_mul                bf16_mul_121                                                                            567     43.784     0.000       43.784 <none> (D)  
    g_row[8].g_col[0].u_pe   pe_128                                                                                 2196    178.124     0.000      178.124 <none> (D)  
      u_mac                  bf16_mac_unit_128                                                                      2099    155.656     0.000      155.656 <none> (D)  
        u_add                bf16_fp32_add_128                                                                      1525    112.383     0.000      112.383 <none> (D)  
        u_mul                bf16_mul_128                                                                            574     43.273     0.000       43.273 <none> (D)  
    g_row[8].g_col[10].u_pe  pe_138                                                                                 2162    175.908     0.000      175.908 <none> (D)  
      u_mac                  bf16_mac_unit_138                                                                      2065    153.440     0.000      153.440 <none> (D)  
        u_add                bf16_fp32_add_138                                                                      1493    110.239     0.000      110.239 <none> (D)  
        u_mul                bf16_mul_138                                                                            572     43.201     0.000       43.201 <none> (D)  
    g_row[8].g_col[11].u_pe  pe_139                                                                                 2211    178.605     0.000      178.605 <none> (D)  
      u_mac                  bf16_mac_unit_139                                                                      2114    156.137     0.000      156.137 <none> (D)  
        u_add                bf16_fp32_add_139                                                                      1542    112.703     0.000      112.703 <none> (D)  
        u_mul                bf16_mul_139                                                                            572     43.434     0.000       43.434 <none> (D)  
    g_row[8].g_col[12].u_pe  pe_140                                                                                 2169    176.564     0.000      176.564 <none> (D)  
      u_mac                  bf16_mac_unit_140                                                                      2072    154.096     0.000      154.096 <none> (D)  
        u_add                bf16_fp32_add_140                                                                      1497    110.589     0.000      110.589 <none> (D)  
        u_mul                bf16_mul_140                                                                            575     43.507     0.000       43.507 <none> (D)  
    g_row[8].g_col[13].u_pe  pe_141                                                                                 2204    178.547     0.000      178.547 <none> (D)  
      u_mac                  bf16_mac_unit_141                                                                      2107    156.079     0.000      156.079 <none> (D)  
        u_add                bf16_fp32_add_141                                                                      1535    112.558     0.000      112.558 <none> (D)  
        u_mul                bf16_mul_141                                                                            572     43.521     0.000       43.521 <none> (D)  
    g_row[8].g_col[14].u_pe  pe_142                                                                                 2163    176.549     0.000      176.549 <none> (D)  
      u_mac                  bf16_mac_unit_142                                                                      2066    154.081     0.000      154.081 <none> (D)  
        u_add                bf16_fp32_add_142                                                                      1496    110.866     0.000      110.866 <none> (D)  
        u_mul                bf16_mul_142                                                                            570     43.215     0.000       43.215 <none> (D)  
    g_row[8].g_col[15].u_pe  pe_143                                                                                 2180    177.118     0.000      177.118 <none> (D)  
      u_mac                  bf16_mac_unit_143                                                                      2083    154.650     0.000      154.650 <none> (D)  
        u_add                bf16_fp32_add_143                                                                      1508    111.143     0.000      111.143 <none> (D)  
        u_mul                bf16_mul_143                                                                            575     43.507     0.000       43.507 <none> (D)  
    g_row[8].g_col[1].u_pe   pe_129                                                                                 2217    178.663     0.000      178.663 <none> (D)  
      u_mac                  bf16_mac_unit_129                                                                      2120    156.196     0.000      156.196 <none> (D)  
        u_add                bf16_fp32_add_129                                                                      1545    112.762     0.000      112.762 <none> (D)  
        u_mul                bf16_mul_129                                                                            575     43.434     0.000       43.434 <none> (D)  
    g_row[8].g_col[2].u_pe   pe_130                                                                                 2193    177.672     0.000      177.672 <none> (D)  
      u_mac                  bf16_mac_unit_130                                                                      2096    155.204     0.000      155.204 <none> (D)  
        u_add                bf16_fp32_add_130                                                                      1522    111.770     0.000      111.770 <none> (D)  
        u_mul                bf16_mul_130                                                                            574     43.434     0.000       43.434 <none> (D)  
    g_row[8].g_col[3].u_pe   pe_131                                                                                 2142    175.529     0.000      175.529 <none> (D)  
      u_mac                  bf16_mac_unit_131                                                                      2045    153.061     0.000      153.061 <none> (D)  
        u_add                bf16_fp32_add_131                                                                      1472    109.729     0.000      109.729 <none> (D)  
        u_mul                bf16_mul_131                                                                            573     43.332     0.000       43.332 <none> (D)  
    g_row[8].g_col[4].u_pe   pe_132                                                                                 2153    175.135     0.000      175.135 <none> (D)  
      u_mac                  bf16_mac_unit_132                                                                      2056    152.667     0.000      152.667 <none> (D)  
        u_add                bf16_fp32_add_132                                                                      1483    109.365     0.000      109.365 <none> (D)  
        u_mul                bf16_mul_132                                                                            573     43.303     0.000       43.303 <none> (D)  
    g_row[8].g_col[5].u_pe   pe_133                                                                                 2185    177.118     0.000      177.118 <none> (D)  
      u_mac                  bf16_mac_unit_133                                                                      2088    154.650     0.000      154.650 <none> (D)  
        u_add                bf16_fp32_add_133                                                                      1518    111.406     0.000      111.406 <none> (D)  
        u_mul                bf16_mul_133                                                                            570     43.244     0.000       43.244 <none> (D)  
    g_row[8].g_col[6].u_pe   pe_134                                                                                 2179    177.030     0.000      177.030 <none> (D)  
      u_mac                  bf16_mac_unit_134                                                                      2082    154.563     0.000      154.563 <none> (D)  
        u_add                bf16_fp32_add_134                                                                      1512    111.216     0.000      111.216 <none> (D)  
        u_mul                bf16_mul_134                                                                            570     43.346     0.000       43.346 <none> (D)  
    g_row[8].g_col[7].u_pe   pe_135                                                                                 2150    174.989     0.000      174.989 <none> (D)  
      u_mac                  bf16_mac_unit_135                                                                      2053    152.521     0.000      152.521 <none> (D)  
        u_add                bf16_fp32_add_135                                                                      1482    109.306     0.000      109.306 <none> (D)  
        u_mul                bf16_mul_135                                                                            571     43.215     0.000       43.215 <none> (D)  
    g_row[8].g_col[8].u_pe   pe_136                                                                                 2162    176.462     0.000      176.462 <none> (D)  
      u_mac                  bf16_mac_unit_136                                                                      2065    153.994     0.000      153.994 <none> (D)  
        u_add                bf16_fp32_add_136                                                                      1496    110.852     0.000      110.852 <none> (D)  
        u_mul                bf16_mul_136                                                                            569     43.142     0.000       43.142 <none> (D)  
    g_row[8].g_col[9].u_pe   pe_137                                                                                 2179    176.695     0.000      176.695 <none> (D)  
      u_mac                  bf16_mac_unit_137                                                                      2082    154.227     0.000      154.227 <none> (D)  
        u_add                bf16_fp32_add_137                                                                      1510    111.027     0.000      111.027 <none> (D)  
        u_mul                bf16_mul_137                                                                            572     43.201     0.000       43.201 <none> (D)  
    g_row[9].g_col[0].u_pe   pe_144                                                                                 2162    177.351     0.000      177.351 <none> (D)  
      u_mac                  bf16_mac_unit_144                                                                      2062    154.665     0.000      154.665 <none> (D)  
        u_add                bf16_fp32_add_144                                                                      1489    110.298     0.000      110.298 <none> (D)  
        u_mul                bf16_mul_144                                                                            573     44.367     0.000       44.367 <none> (D)  
    g_row[9].g_col[10].u_pe  pe_154                                                                                 2225    179.932     0.000      179.932 <none> (D)  
      u_mac                  bf16_mac_unit_154                                                                      2125    157.245     0.000      157.245 <none> (D)  
        u_add                bf16_fp32_add_154                                                                      1562    113.622     0.000      113.622 <none> (D)  
        u_mul                bf16_mul_154                                                                            563     43.623     0.000       43.623 <none> (D)  
    g_row[9].g_col[11].u_pe  pe_155                                                                                 2176    178.503     0.000      178.503 <none> (D)  
      u_mac                  bf16_mac_unit_155                                                                      2076    155.816     0.000      155.816 <none> (D)  
        u_add                bf16_fp32_add_155                                                                      1500    111.158     0.000      111.158 <none> (D)  
        u_mul                bf16_mul_155                                                                            576     44.659     0.000       44.659 <none> (D)  
    g_row[9].g_col[12].u_pe  pe_156                                                                                 2245    181.244     0.000      181.244 <none> (D)  
      u_mac                  bf16_mac_unit_156                                                                      2145    158.558     0.000      158.558 <none> (D)  
        u_add                bf16_fp32_add_156                                                                      1576    114.701     0.000      114.701 <none> (D)  
        u_mul                bf16_mul_156                                                                            569     43.857     0.000       43.857 <none> (D)  
    g_row[9].g_col[13].u_pe  pe_157                                                                                 2139    176.928     0.000      176.928 <none> (D)  
      u_mac                  bf16_mac_unit_157                                                                      2039    154.242     0.000      154.242 <none> (D)  
        u_add                bf16_fp32_add_157                                                                      1468    109.948     0.000      109.948 <none> (D)  
        u_mul                bf16_mul_157                                                                            571     44.294     0.000       44.294 <none> (D)  
    g_row[9].g_col[14].u_pe  pe_158                                                                                 2204    179.451     0.000      179.451 <none> (D)  
      u_mac                  bf16_mac_unit_158                                                                      2104    156.764     0.000      156.764 <none> (D)  
        u_add                bf16_fp32_add_158                                                                      1531    112.470     0.000      112.470 <none> (D)  
        u_mul                bf16_mul_158                                                                            573     44.294     0.000       44.294 <none> (D)  
    g_row[9].g_col[15].u_pe  pe_159                                                                                 2143    177.657     0.000      177.657 <none> (D)  
      u_mac                  bf16_mac_unit_159                                                                      2043    154.971     0.000      154.971 <none> (D)  
        u_add                bf16_fp32_add_159                                                                      1474    110.764     0.000      110.764 <none> (D)  
        u_mul                bf16_mul_159                                                                            569     44.207     0.000       44.207 <none> (D)  
    g_row[9].g_col[1].u_pe   pe_145                                                                                 2182    178.634     0.000      178.634 <none> (D)  
      u_mac                  bf16_mac_unit_145                                                                      2082    155.948     0.000      155.948 <none> (D)  
        u_add                bf16_fp32_add_145                                                                      1515    112.033     0.000      112.033 <none> (D)  
        u_mul                bf16_mul_145                                                                            567     43.915     0.000       43.915 <none> (D)  
    g_row[9].g_col[2].u_pe   pe_146                                                                                 2096    174.829     0.000      174.829 <none> (D)  
      u_mac                  bf16_mac_unit_146                                                                      1996    152.142     0.000      152.142 <none> (D)  
        u_add                bf16_fp32_add_146                                                                      1440    108.767     0.000      108.767 <none> (D)  
        u_mul                bf16_mul_146                                                                            556     43.376     0.000       43.376 <none> (D)  
    g_row[9].g_col[3].u_pe   pe_147                                                                                 2129    176.097     0.000      176.097 <none> (D)  
      u_mac                  bf16_mac_unit_147                                                                      2029    153.411     0.000      153.411 <none> (D)  
        u_add                bf16_fp32_add_147                                                                      1456    109.102     0.000      109.102 <none> (D)  
        u_mul                bf16_mul_147                                                                            573     44.309     0.000       44.309 <none> (D)  
    g_row[9].g_col[4].u_pe   pe_148                                                                                 2120    175.922     0.000      175.922 <none> (D)  
      u_mac                  bf16_mac_unit_148                                                                      2020    153.236     0.000      153.236 <none> (D)  
        u_add                bf16_fp32_add_148                                                                      1455    109.510     0.000      109.510 <none> (D)  
        u_mul                bf16_mul_148                                                                            565     43.725     0.000       43.725 <none> (D)  
    g_row[9].g_col[5].u_pe   pe_149                                                                                 2197    179.509     0.000      179.509 <none> (D)  
      u_mac                  bf16_mac_unit_149                                                                      2097    156.822     0.000      156.822 <none> (D)  
        u_add                bf16_fp32_add_149                                                                      1528    112.543     0.000      112.543 <none> (D)  
        u_mul                bf16_mul_149                                                                            569     44.279     0.000       44.279 <none> (D)  
    g_row[9].g_col[6].u_pe   pe_150                                                                                 2197    179.509     0.000      179.509 <none> (D)  
      u_mac                  bf16_mac_unit_150                                                                      2097    156.822     0.000      156.822 <none> (D)  
        u_add                bf16_fp32_add_150                                                                      1528    112.543     0.000      112.543 <none> (D)  
        u_mul                bf16_mul_150                                                                            569     44.279     0.000       44.279 <none> (D)  
    g_row[9].g_col[7].u_pe   pe_151                                                                                 2143    177.657     0.000      177.657 <none> (D)  
      u_mac                  bf16_mac_unit_151                                                                      2043    154.971     0.000      154.971 <none> (D)  
        u_add                bf16_fp32_add_151                                                                      1474    110.764     0.000      110.764 <none> (D)  
        u_mul                bf16_mul_151                                                                            569     44.207     0.000       44.207 <none> (D)  
    g_row[9].g_col[8].u_pe   pe_152                                                                                 2134    176.491     0.000      176.491 <none> (D)  
      u_mac                  bf16_mac_unit_152                                                                      2034    153.804     0.000      153.804 <none> (D)  
        u_add                bf16_fp32_add_152                                                                      1456    109.365     0.000      109.365 <none> (D)  
        u_mul                bf16_mul_152                                                                            578     44.440     0.000       44.440 <none> (D)  
    g_row[9].g_col[9].u_pe   pe_153                                                                                 2101    175.106     0.000      175.106 <none> (D)  
      u_mac                  bf16_mac_unit_153                                                                      2001    152.419     0.000      152.419 <none> (D)  
        u_add                bf16_fp32_add_153                                                                      1445    109.073     0.000      109.073 <none> (D)  
        u_mul                bf16_mul_153                                                                            556     43.346     0.000       43.346 <none> (D)  
  u_axi                      axi_sys_AXI_WIDTH256_TUSER_W3_COLS16_ROWS16_ACT_WIDTH16_WT_WIDTH16_ADDR_WIDTH4           47      5.934     0.000        5.934 <none> (D)  
  u_bias                     bias_sram_COLS16_DATA_WIDTH32                                                          1064    199.032     0.000      199.032 <none> (D)  
  u_bwd_wt_0                 weight_sram_COLS16_WT_WIDTH16_DEPTH16                                                 12680   1965.224     0.000     1965.224 <none> (D)  
  u_bwd_wt_1                 weight_sram_COLS16_WT_WIDTH16_DEPTH16_2                                               12662   1965.442     0.000     1965.442 <none> (D)  
  u_ctrl                     controller_ROWS16_COLS16_WT_WIDTH16_PSUM_WIDTH32_M_MAX256_ADDR_WIDTH4_M_ADDR_W9        1637    135.681     0.000      135.681 <none> (D)  
  u_fwd_wt_0                 weight_sram_COLS16_WT_WIDTH16_DEPTH16_3                                               12677   1965.734     0.000     1965.734 <none> (D)  
  u_fwd_wt_1                 weight_sram_COLS16_WT_WIDTH16_DEPTH16_1                                               12625   1961.229     0.000     1961.229 <none> (D)  
  u_rb                       axi_readback_COLS16_PSUM_WIDTH32_AXI_WIDTH256_M_MAX256_M_ADDR_W9                     202098  17187.910     0.000    17187.910 <none> (D)  
    g_postproc[0].u_bias     bf16_fp32_add_391                                                                      1012     82.173     0.000       82.173 <none> (D)  
    g_postproc[0].u_gelu     gelu_unit                                                                             11565    977.924     0.000      977.924 <none> (D)  
      u_171                  bf16_mul_262                                                                            148     13.589     0.000       13.589 <none> (D)  
      u_1t                   bf16_fp32_add_263                                                                       910     65.683     0.000       65.683 <none> (D)  
      u_26                   bf16_mul_265                                                                            120      9.171     0.000        9.171 <none> (D)  
      u_2x                   bf16_mul_264                                                                             49      3.076     0.000        3.076 <none> (D)  
      u_666                  bf16_mul_263                                                                            124     10.964     0.000       10.964 <none> (D)  
      u_a0                   bf16_fp32_add_262                                                                      1277     89.915     0.000       89.915 <none> (D)  
      u_a1                   bf16_fp32_add_261                                                                      1232     86.445     0.000       86.445 <none> (D)  
      u_a2                   bf16_mul_274                                                                            130     11.285     0.000       11.285 <none> (D)  
      u_a4                   bf16_mul_261                                                                            130     11.285     0.000       11.285 <none> (D)  
      u_arg                  bf16_mul_259                                                                            152     10.716     0.000       10.716 <none> (D)  
      u_ct                   bf16_mul_276                                                                            169     13.370     0.000       13.370 <none> (D)  
      u_dn                   bf16_fp32_add_396                                                                       549     43.988     0.000       43.988 <none> (D)  
      u_hx                   bf16_mul_272                                                                             38      2.770     0.000        2.770 <none> (D)  
      u_in                   bf16_fp32_add_256                                                                       435     34.788     0.000       34.788 <none> (D)  
      u_m0                   bf16_mul_267                                                                            617     47.706     0.000       47.706 <none> (D)  
      u_m1                   bf16_mul_268                                                                            541     41.495     0.000       41.495 <none> (D)  
      u_m2                   bf16_mul_269                                                                            520     42.034     0.000       42.034 <none> (D)  
      u_m3                   bf16_mul_270                                                                            497     40.401     0.000       40.401 <none> (D)  
      u_ni                   bf16_fp32_add_258                                                                       490     34.700     0.000       34.700 <none> (D)  
      u_nm                   bf16_mul_266                                                                            420     33.811     0.000       33.811 <none> (D)  
      u_rs                   bf16_mul_273                                                                            426     34.992     0.000       34.992 <none> (D)  
      u_t1                   bf16_fp32_add_267                                                                       429     30.487     0.000       30.487 <none> (D)  
      u_t2                   bf16_fp32_add_259                                                                       389     27.935     0.000       27.935 <none> (D)  
      u_tr                   bf16_mul_271                                                                            312     29.189     0.000       29.189 <none> (D)  
      u_x2                   bf16_mul_256                                                                            135     11.737     0.000       11.737 <none> (D)  
      u_x3                   bf16_mul_275                                                                            292     27.133     0.000       27.133 <none> (D)  
    g_postproc[10].u_bias    bf16_fp32_add_346                                                                      1041     83.106     0.000       83.106 <none> (D)  
    g_postproc[10].u_gelu    gelu_unit_10                                                                          11503    972.471     0.000      972.471 <none> (D)  
      u_171                  bf16_mul_442                                                                            148     13.589     0.000       13.589 <none> (D)  
      u_1t                   bf16_fp32_add_354                                                                       872     63.933     0.000       63.933 <none> (D)  
      u_26                   bf16_mul_445                                                                            129      9.477     0.000        9.477 <none> (D)  
      u_2x                   bf16_mul_444                                                                             49      3.076     0.000        3.076 <none> (D)  
      u_666                  bf16_mul_443                                                                            124     10.964     0.000       10.964 <none> (D)  
      u_a0                   bf16_fp32_add_352                                                                      1303     91.431     0.000       91.431 <none> (D)  
      u_a1                   bf16_fp32_add_353                                                                      1231     86.430     0.000       86.430 <none> (D)  
      u_a2                   bf16_mul_440                                                                            130     11.285     0.000       11.285 <none> (D)  
      u_a4                   bf16_mul_441                                                                            130     11.285     0.000       11.285 <none> (D)  
      u_arg                  bf16_mul_439                                                                            151     10.498     0.000       10.498 <none> (D)  
      u_ct                   bf16_mul_438                                                                            169     13.326     0.000       13.326 <none> (D)  
      u_dn                   bf16_fp32_add_351                                                                       535     43.244     0.000       43.244 <none> (D)  
      u_hx                   bf16_mul_452                                                                             38      2.770     0.000        2.770 <none> (D)  
      u_in                   bf16_fp32_add_347                                                                       424     34.103     0.000       34.103 <none> (D)  
      u_m0                   bf16_mul_447                                                                            590     46.423     0.000       46.423 <none> (D)  
      u_m1                   bf16_mul_448                                                                            522     40.080     0.000       40.080 <none> (D)  
      u_m2                   bf16_mul_449                                                                            539     42.996     0.000       42.996 <none> (D)  
      u_m3                   bf16_mul_450                                                                            497     39.249     0.000       39.249 <none> (D)  
      u_ni                   bf16_fp32_add_349                                                                       489     34.555     0.000       34.555 <none> (D)  
      u_nm                   bf16_mul_446                                                                            427     34.292     0.000       34.292 <none> (D)  
      u_rs                   bf16_mul_453                                                                            437     35.342     0.000       35.342 <none> (D)  
      u_t1                   bf16_fp32_add_348                                                                       430     30.589     0.000       30.589 <none> (D)  
      u_t2                   bf16_fp32_add_350                                                                       379     27.717     0.000       27.717 <none> (D)  
      u_tr                   bf16_mul_451                                                                            312     29.189     0.000       29.189 <none> (D)  
      u_x2                   bf16_mul_436                                                                            135     11.737     0.000       11.737 <none> (D)  
      u_x3                   bf16_mul_437                                                                            292     27.133     0.000       27.133 <none> (D)  
    g_postproc[11].u_bias    bf16_fp32_add_355                                                                      1010     81.633     0.000       81.633 <none> (D)  
    g_postproc[11].u_gelu    gelu_unit_11                                                                          11493    974.352     0.000      974.352 <none> (D)  
      u_171                  bf16_mul_460                                                                            148     13.589     0.000       13.589 <none> (D)  
      u_1t                   bf16_fp32_add_363                                                                       879     64.079     0.000       64.079 <none> (D)  
      u_26                   bf16_mul_463                                                                            129      9.477     0.000        9.477 <none> (D)  
      u_2x                   bf16_mul_462                                                                             49      3.076     0.000        3.076 <none> (D)  
      u_666                  bf16_mul_461                                                                            124     10.964     0.000       10.964 <none> (D)  
      u_a0                   bf16_fp32_add_361                                                                      1295     91.694     0.000       91.694 <none> (D)  
      u_a1                   bf16_fp32_add_362                                                                      1210     85.031     0.000       85.031 <none> (D)  
      u_a2                   bf16_mul_458                                                                            130     11.285     0.000       11.285 <none> (D)  
      u_a4                   bf16_mul_459                                                                            130     11.285     0.000       11.285 <none> (D)  
      u_arg                  bf16_mul_457                                                                            148     10.439     0.000       10.439 <none> (D)  
      u_ct                   bf16_mul_456                                                                            173     13.486     0.000       13.486 <none> (D)  
      u_dn                   bf16_fp32_add_360                                                                       537     43.376     0.000       43.376 <none> (D)  
      u_hx                   bf16_mul_470                                                                             38      2.770     0.000        2.770 <none> (D)  
      u_in                   bf16_fp32_add_356                                                                       425     34.467     0.000       34.467 <none> (D)  
      u_m0                   bf16_mul_465                                                                            601     47.064     0.000       47.064 <none> (D)  
      u_m1                   bf16_mul_466                                                                            522     40.839     0.000       40.839 <none> (D)  
      u_m2                   bf16_mul_467                                                                            543     43.186     0.000       43.186 <none> (D)  
      u_m3                   bf16_mul_468                                                                            488     39.497     0.000       39.497 <none> (D)  
      u_ni                   bf16_fp32_add_358                                                                       489     34.555     0.000       34.555 <none> (D)  
      u_nm                   bf16_mul_464                                                                            428     34.248     0.000       34.248 <none> (D)  
      u_rs                   bf16_mul_471                                                                            435     35.473     0.000       35.473 <none> (D)  
      u_t1                   bf16_fp32_add_357                                                                       429     30.574     0.000       30.574 <none> (D)  
      u_t2                   bf16_fp32_add_359                                                                       379     27.702     0.000       27.702 <none> (D)  
      u_tr                   bf16_mul_469                                                                            312     29.189     0.000       29.189 <none> (D)  
      u_x2                   bf16_mul_454                                                                            135     11.737     0.000       11.737 <none> (D)  
      u_x3                   bf16_mul_455                                                                            292     27.133     0.000       27.133 <none> (D)  
    g_postproc[12].u_bias    bf16_fp32_add_364                                                                      1017     81.779     0.000       81.779 <none> (D)  
    g_postproc[12].u_gelu    gelu_unit_12                                                                          11195    951.666     0.000      951.666 <none> (D)  
      u_171                  bf16_mul_478                                                                            148     13.589     0.000       13.589 <none> (D)  
      u_1t                   bf16_fp32_add_372                                                                       585     42.544     0.000       42.544 <none> (D)  
      u_26                   bf16_mul_481                                                                            116      9.069     0.000        9.069 <none> (D)  
      u_2x                   bf16_mul_480                                                                             49      3.076     0.000        3.076 <none> (D)  
      u_666                  bf16_mul_479                                                                            124     10.964     0.000       10.964 <none> (D)  
      u_a0                   bf16_fp32_add_370                                                                      1252     88.224     0.000       88.224 <none> (D)  
      u_a1                   bf16_fp32_add_371                                                                      1293     88.573     0.000       88.573 <none> (D)  
      u_a2                   bf16_mul_476                                                                            130     11.285     0.000       11.285 <none> (D)  
      u_a4                   bf16_mul_477                                                                            131     11.343     0.000       11.343 <none> (D)  
      u_arg                  bf16_mul_475                                                                            150     10.454     0.000       10.454 <none> (D)  
      u_ct                   bf16_mul_474                                                                            165     13.224     0.000       13.224 <none> (D)  
      u_dn                   bf16_fp32_add_369                                                                       553     44.090     0.000       44.090 <none> (D)  
      u_hx                   bf16_mul_488                                                                             38      2.770     0.000        2.770 <none> (D)  
      u_in                   bf16_fp32_add_365                                                                       437     34.686     0.000       34.686 <none> (D)  
      u_m0                   bf16_mul_483                                                                            582     46.525     0.000       46.525 <none> (D)  
      u_m1                   bf16_mul_484                                                                            545     42.996     0.000       42.996 <none> (D)  
      u_m2                   bf16_mul_485                                                                            505     40.824     0.000       40.824 <none> (D)  
      u_m3                   bf16_mul_486                                                                            482     39.497     0.000       39.497 <none> (D)  
      u_ni                   bf16_fp32_add_367                                                                       488     35.007     0.000       35.007 <none> (D)  
      u_nm                   bf16_mul_482                                                                            413     32.805     0.000       32.805 <none> (D)  
      u_rs                   bf16_mul_489                                                                            410     33.869     0.000       33.869 <none> (D)  
      u_t1                   bf16_fp32_add_366                                                                       441     31.434     0.000       31.434 <none> (D)  
      u_t2                   bf16_fp32_add_368                                                                       394     28.562     0.000       28.562 <none> (D)  
      u_tr                   bf16_mul_487                                                                            312     29.189     0.000       29.189 <none> (D)  
      u_x2                   bf16_mul_472                                                                            135     11.795     0.000       11.795 <none> (D)  
      u_x3                   bf16_mul_473                                                                            294     27.308     0.000       27.308 <none> (D)  
    g_postproc[13].u_bias    bf16_fp32_add_373                                                                      1008     81.823     0.000       81.823 <none> (D)  
    g_postproc[13].u_gelu    gelu_unit_13                                                                          11570    978.857     0.000      978.857 <none> (D)  
      u_171                  bf16_mul_496                                                                            148     13.589     0.000       13.589 <none> (D)  
      u_1t                   bf16_fp32_add_381                                                                       882     64.429     0.000       64.429 <none> (D)  
      u_26                   bf16_mul_499                                                                            129      9.477     0.000        9.477 <none> (D)  
      u_2x                   bf16_mul_498                                                                             49      3.076     0.000        3.076 <none> (D)  
      u_666                  bf16_mul_497                                                                            124     10.964     0.000       10.964 <none> (D)  
      u_a0                   bf16_fp32_add_379                                                                      1285     90.673     0.000       90.673 <none> (D)  
      u_a1                   bf16_fp32_add_380                                                                      1200     84.899     0.000       84.899 <none> (D)  
      u_a2                   bf16_mul_494                                                                            130     11.285     0.000       11.285 <none> (D)  
      u_a4                   bf16_mul_495                                                                            130     11.285     0.000       11.285 <none> (D)  
      u_arg                  bf16_mul_493                                                                            148     10.439     0.000       10.439 <none> (D)  
      u_ct                   bf16_mul_492                                                                            173     13.486     0.000       13.486 <none> (D)  
      u_dn                   bf16_fp32_add_378                                                                       535     43.346     0.000       43.346 <none> (D)  
      u_hx                   bf16_mul_506                                                                             38      2.770     0.000        2.770 <none> (D)  
      u_in                   bf16_fp32_add_374                                                                       425     34.438     0.000       34.438 <none> (D)  
      u_m0                   bf16_mul_501                                                                            612     47.385     0.000       47.385 <none> (D)  
      u_m1                   bf16_mul_502                                                                            548     42.355     0.000       42.355 <none> (D)  
      u_m2                   bf16_mul_503                                                                            572     44.673     0.000       44.673 <none> (D)  
      u_m3                   bf16_mul_504                                                                            496     40.139     0.000       40.139 <none> (D)  
      u_ni                   bf16_fp32_add_376                                                                       489     34.584     0.000       34.584 <none> (D)  
      u_nm                   bf16_mul_500                                                                            427     34.321     0.000       34.321 <none> (D)  
      u_rs                   bf16_mul_507                                                                            458     36.917     0.000       36.917 <none> (D)  
      u_t1                   bf16_fp32_add_375                                                                       430     30.589     0.000       30.589 <none> (D)  
      u_t2                   bf16_fp32_add_377                                                                       379     27.760     0.000       27.760 <none> (D)  
      u_tr                   bf16_mul_505                                                                            312     29.189     0.000       29.189 <none> (D)  
      u_x2                   bf16_mul_490                                                                            135     11.737     0.000       11.737 <none> (D)  
      u_x3                   bf16_mul_491                                                                            293     27.279     0.000       27.279 <none> (D)  
    g_postproc[14].u_bias    bf16_fp32_add_382                                                                       965     79.913     0.000       79.913 <none> (D)  
    g_postproc[14].u_gelu    gelu_unit_14                                                                          11372    960.705     0.000      960.705 <none> (D)  
      u_171                  bf16_mul_514                                                                            148     13.589     0.000       13.589 <none> (D)  
      u_1t                   bf16_fp32_add_390                                                                       606     43.857     0.000       43.857 <none> (D)  
      u_26                   bf16_mul_517                                                                            116      9.069     0.000        9.069 <none> (D)  
      u_2x                   bf16_mul_516                                                                             49      3.076     0.000        3.076 <none> (D)  
      u_666                  bf16_mul_515                                                                            124     10.964     0.000       10.964 <none> (D)  
      u_a0                   bf16_fp32_add_388                                                                      1282     89.550     0.000       89.550 <none> (D)  
      u_a1                   bf16_fp32_add_389                                                                      1311     90.294     0.000       90.294 <none> (D)  
      u_a2                   bf16_mul_512                                                                            130     11.285     0.000       11.285 <none> (D)  
      u_a4                   bf16_mul_513                                                                            131     11.343     0.000       11.343 <none> (D)  
      u_arg                  bf16_mul_511                                                                            150     10.454     0.000       10.454 <none> (D)  
      u_ct                   bf16_mul_510                                                                            165     13.224     0.000       13.224 <none> (D)  
      u_dn                   bf16_fp32_add_387                                                                       561     44.498     0.000       44.498 <none> (D)  
      u_hx                   bf16_mul_524                                                                             38      2.770     0.000        2.770 <none> (D)  
      u_in                   bf16_fp32_add_383                                                                       437     34.671     0.000       34.671 <none> (D)  
      u_m0                   bf16_mul_519                                                                            621     48.916     0.000       48.916 <none> (D)  
      u_m1                   bf16_mul_520                                                                            565     43.492     0.000       43.492 <none> (D)  
      u_m2                   bf16_mul_521                                                                            530     42.501     0.000       42.501 <none> (D)  
      u_m3                   bf16_mul_522                                                                            491     39.920     0.000       39.920 <none> (D)  
      u_ni                   bf16_fp32_add_385                                                                       488     34.992     0.000       34.992 <none> (D)  
      u_nm                   bf16_mul_518                                                                            414     32.834     0.000       32.834 <none> (D)  
      u_rs                   bf16_mul_525                                                                            415     34.073     0.000       34.073 <none> (D)  
      u_t1                   bf16_fp32_add_384                                                                       442     31.464     0.000       31.464 <none> (D)  
      u_t2                   bf16_fp32_add_386                                                                       393     28.416     0.000       28.416 <none> (D)  
      u_tr                   bf16_mul_523                                                                            312     29.189     0.000       29.189 <none> (D)  
      u_x2                   bf16_mul_508                                                                            135     11.751     0.000       11.751 <none> (D)  
      u_x3                   bf16_mul_509                                                                            292     27.163     0.000       27.163 <none> (D)  
    g_postproc[15].u_bias    bf16_fp32_add_264                                                                       985     80.525     0.000       80.525 <none> (D)  
    g_postproc[15].u_gelu    gelu_unit_15                                                                          11498    973.157     0.000      973.157 <none> (D)  
      u_171                  bf16_mul_532                                                                            148     13.589     0.000       13.589 <none> (D)  
      u_1t                   bf16_fp32_add_399                                                                       876     63.729     0.000       63.729 <none> (D)  
      u_26                   bf16_mul_535                                                                            129      9.477     0.000        9.477 <none> (D)  
      u_2x                   bf16_mul_534                                                                             49      3.076     0.000        3.076 <none> (D)  
      u_666                  bf16_mul_533                                                                            124     10.964     0.000       10.964 <none> (D)  
      u_a0                   bf16_fp32_add_397                                                                      1266     89.594     0.000       89.594 <none> (D)  
      u_a1                   bf16_fp32_add_398                                                                      1213     85.220     0.000       85.220 <none> (D)  
      u_a2                   bf16_mul_530                                                                            130     11.285     0.000       11.285 <none> (D)  
      u_a4                   bf16_mul_531                                                                            130     11.285     0.000       11.285 <none> (D)  
      u_arg                  bf16_mul_529                                                                            148     10.439     0.000       10.439 <none> (D)  
      u_ct                   bf16_mul_528                                                                            173     13.486     0.000       13.486 <none> (D)  
      u_dn                   bf16_fp32_add_260                                                                       536     43.376     0.000       43.376 <none> (D)  
      u_hx                   bf16_mul_542                                                                             38      2.770     0.000        2.770 <none> (D)  
      u_in                   bf16_fp32_add_392                                                                       425     34.467     0.000       34.467 <none> (D)  
      u_m0                   bf16_mul_537                                                                            624     48.027     0.000       48.027 <none> (D)  
      u_m1                   bf16_mul_538                                                                            541     41.305     0.000       41.305 <none> (D)  
      u_m2                   bf16_mul_539                                                                            533     42.676     0.000       42.676 <none> (D)  
      u_m3                   bf16_mul_540                                                                            493     39.876     0.000       39.876 <none> (D)  
      u_ni                   bf16_fp32_add_394                                                                       489     34.613     0.000       34.613 <none> (D)  
      u_nm                   bf16_mul_536                                                                            428     34.336     0.000       34.336 <none> (D)  
      u_rs                   bf16_mul_543                                                                            428     34.817     0.000       34.817 <none> (D)  
      u_t1                   bf16_fp32_add_393                                                                       429     30.589     0.000       30.589 <none> (D)  
      u_t2                   bf16_fp32_add_395                                                                       379     27.760     0.000       27.760 <none> (D)  
      u_tr                   bf16_mul_541                                                                            312     29.189     0.000       29.189 <none> (D)  
      u_x2                   bf16_mul_526                                                                            135     11.737     0.000       11.737 <none> (D)  
      u_x3                   bf16_mul_527                                                                            292     27.133     0.000       27.133 <none> (D)  
    g_postproc[1].u_bias     bf16_fp32_add_265                                                                       992     80.555     0.000       80.555 <none> (D)  
    g_postproc[1].u_gelu     gelu_unit_1                                                                           11233    955.792     0.000      955.792 <none> (D)  
      u_171                  bf16_mul_280                                                                            148     13.589     0.000       13.589 <none> (D)  
      u_1t                   bf16_fp32_add_273                                                                       602     43.201     0.000       43.201 <none> (D)  
      u_26                   bf16_mul_283                                                                            116      9.069     0.000        9.069 <none> (D)  
      u_2x                   bf16_mul_282                                                                             49      3.076     0.000        3.076 <none> (D)  
      u_666                  bf16_mul_281                                                                            124     10.964     0.000       10.964 <none> (D)  
      u_a0                   bf16_fp32_add_271                                                                      1256     88.880     0.000       88.880 <none> (D)  
      u_a1                   bf16_fp32_add_272                                                                      1312     90.658     0.000       90.658 <none> (D)  
      u_a2                   bf16_mul_278                                                                            130     11.285     0.000       11.285 <none> (D)  
      u_a4                   bf16_mul_279                                                                            131     11.343     0.000       11.343 <none> (D)  
      u_arg                  bf16_mul_277                                                                            150     10.454     0.000       10.454 <none> (D)  
      u_ct                   bf16_mul_258                                                                            165     13.209     0.000       13.209 <none> (D)  
      u_dn                   bf16_fp32_add_270                                                                       553     44.090     0.000       44.090 <none> (D)  
      u_hx                   bf16_mul_290                                                                             38      2.770     0.000        2.770 <none> (D)  
      u_in                   bf16_fp32_add_266                                                                       437     34.686     0.000       34.686 <none> (D)  
      u_m0                   bf16_mul_285                                                                            590     46.816     0.000       46.816 <none> (D)  
      u_m1                   bf16_mul_286                                                                            525     42.369     0.000       42.369 <none> (D)  
      u_m2                   bf16_mul_287                                                                            507     41.713     0.000       41.713 <none> (D)  
      u_m3                   bf16_mul_288                                                                            481     39.176     0.000       39.176 <none> (D)  
      u_ni                   bf16_fp32_add_268                                                                       489     35.007     0.000       35.007 <none> (D)  
      u_nm                   bf16_mul_284                                                                            413     32.805     0.000       32.805 <none> (D)  
      u_rs                   bf16_mul_291                                                                            413     33.928     0.000       33.928 <none> (D)  
      u_t1                   bf16_fp32_add_257                                                                       441     31.478     0.000       31.478 <none> (D)  
      u_t2                   bf16_fp32_add_269                                                                       394     28.562     0.000       28.562 <none> (D)  
      u_tr                   bf16_mul_289                                                                            312     29.189     0.000       29.189 <none> (D)  
      u_x2                   bf16_mul_260                                                                            135     11.795     0.000       11.795 <none> (D)  
      u_x3                   bf16_mul_257                                                                            295     27.454     0.000       27.454 <none> (D)  
    g_postproc[2].u_bias     bf16_fp32_add_274                                                                      1011     82.158     0.000       82.158 <none> (D)  
    g_postproc[2].u_gelu     gelu_unit_2                                                                           11532    975.635     0.000      975.635 <none> (D)  
      u_171                  bf16_mul_298                                                                            148     13.589     0.000       13.589 <none> (D)  
      u_1t                   bf16_fp32_add_282                                                                       884     64.050     0.000       64.050 <none> (D)  
      u_26                   bf16_mul_301                                                                            129      9.477     0.000        9.477 <none> (D)  
      u_2x                   bf16_mul_300                                                                             49      3.076     0.000        3.076 <none> (D)  
      u_666                  bf16_mul_299                                                                            124     10.964     0.000       10.964 <none> (D)  
      u_a0                   bf16_fp32_add_280                                                                      1294     91.956     0.000       91.956 <none> (D)  
      u_a1                   bf16_fp32_add_281                                                                      1194     84.083     0.000       84.083 <none> (D)  
      u_a2                   bf16_mul_296                                                                            130     11.285     0.000       11.285 <none> (D)  
      u_a4                   bf16_mul_297                                                                            130     11.285     0.000       11.285 <none> (D)  
      u_arg                  bf16_mul_295                                                                            148     10.439     0.000       10.439 <none> (D)  
      u_ct                   bf16_mul_294                                                                            173     13.486     0.000       13.486 <none> (D)  
      u_dn                   bf16_fp32_add_279                                                                       535     43.244     0.000       43.244 <none> (D)  
      u_hx                   bf16_mul_308                                                                             38      2.770     0.000        2.770 <none> (D)  
      u_in                   bf16_fp32_add_275                                                                       425     34.482     0.000       34.482 <none> (D)  
      u_m0                   bf16_mul_303                                                                            628     48.916     0.000       48.916 <none> (D)  
      u_m1                   bf16_mul_304                                                                            513     39.847     0.000       39.847 <none> (D)  
      u_m2                   bf16_mul_305                                                                            540     43.011     0.000       43.011 <none> (D)  
      u_m3                   bf16_mul_306                                                                            525     41.276     0.000       41.276 <none> (D)  
      u_ni                   bf16_fp32_add_277                                                                       489     34.584     0.000       34.584 <none> (D)  
      u_nm                   bf16_mul_302                                                                            427     34.292     0.000       34.292 <none> (D)  
      u_rs                   bf16_mul_309                                                                            428     34.934     0.000       34.934 <none> (D)  
      u_t1                   bf16_fp32_add_276                                                                       430     30.589     0.000       30.589 <none> (D)  
      u_t2                   bf16_fp32_add_278                                                                       379     27.717     0.000       27.717 <none> (D)  
      u_tr                   bf16_mul_307                                                                            312     29.189     0.000       29.189 <none> (D)  
      u_x2                   bf16_mul_292                                                                            135     11.737     0.000       11.737 <none> (D)  
      u_x3                   bf16_mul_293                                                                            292     27.133     0.000       27.133 <none> (D)  
    g_postproc[3].u_bias     bf16_fp32_add_283                                                                      1002     81.050     0.000       81.050 <none> (D)  
    g_postproc[3].u_gelu     gelu_unit_3                                                                           11614    978.405     0.000      978.405 <none> (D)  
      u_171                  bf16_mul_316                                                                            148     13.589     0.000       13.589 <none> (D)  
      u_1t                   bf16_fp32_add_291                                                                       901     64.750     0.000       64.750 <none> (D)  
      u_26                   bf16_mul_319                                                                            129      9.477     0.000        9.477 <none> (D)  
      u_2x                   bf16_mul_318                                                                             49      3.076     0.000        3.076 <none> (D)  
      u_666                  bf16_mul_317                                                                            124     10.964     0.000       10.964 <none> (D)  
      u_a0                   bf16_fp32_add_289                                                                      1302     91.344     0.000       91.344 <none> (D)  
      u_a1                   bf16_fp32_add_290                                                                      1238     86.649     0.000       86.649 <none> (D)  
      u_a2                   bf16_mul_314                                                                            130     11.285     0.000       11.285 <none> (D)  
      u_a4                   bf16_mul_315                                                                            130     11.285     0.000       11.285 <none> (D)  
      u_arg                  bf16_mul_313                                                                            148     10.439     0.000       10.439 <none> (D)  
      u_ct                   bf16_mul_312                                                                            173     13.486     0.000       13.486 <none> (D)  
      u_dn                   bf16_fp32_add_288                                                                       536     43.376     0.000       43.376 <none> (D)  
      u_hx                   bf16_mul_326                                                                             38      2.770     0.000        2.770 <none> (D)  
      u_in                   bf16_fp32_add_284                                                                       425     34.467     0.000       34.467 <none> (D)  
      u_m0                   bf16_mul_321                                                                            637     48.683     0.000       48.683 <none> (D)  
      u_m1                   bf16_mul_322                                                                            524     40.226     0.000       40.226 <none> (D)  
      u_m2                   bf16_mul_323                                                                            551     43.303     0.000       43.303 <none> (D)  
      u_m3                   bf16_mul_324                                                                            504     40.299     0.000       40.299 <none> (D)  
      u_ni                   bf16_fp32_add_286                                                                       489     34.584     0.000       34.584 <none> (D)  
      u_nm                   bf16_mul_320                                                                            428     34.248     0.000       34.248 <none> (D)  
      u_rs                   bf16_mul_327                                                                            436     35.342     0.000       35.342 <none> (D)  
      u_t1                   bf16_fp32_add_285                                                                       428     30.545     0.000       30.545 <none> (D)  
      u_t2                   bf16_fp32_add_287                                                                       379     27.760     0.000       27.760 <none> (D)  
      u_tr                   bf16_mul_325                                                                            312     29.189     0.000       29.189 <none> (D)  
      u_x2                   bf16_mul_310                                                                            135     11.737     0.000       11.737 <none> (D)  
      u_x3                   bf16_mul_311                                                                            292     27.133     0.000       27.133 <none> (D)  
    g_postproc[4].u_bias     bf16_fp32_add_292                                                                      1048     83.208     0.000       83.208 <none> (D)  
    g_postproc[4].u_gelu     gelu_unit_4                                                                           11576    978.493     0.000      978.493 <none> (D)  
      u_171                  bf16_mul_334                                                                            148     13.589     0.000       13.589 <none> (D)  
      u_1t                   bf16_fp32_add_300                                                                       869     63.977     0.000       63.977 <none> (D)  
      u_26                   bf16_mul_337                                                                            116      9.069     0.000        9.069 <none> (D)  
      u_2x                   bf16_mul_336                                                                             49      3.076     0.000        3.076 <none> (D)  
      u_666                  bf16_mul_335                                                                            124     10.964     0.000       10.964 <none> (D)  
      u_a0                   bf16_fp32_add_298                                                                      1253     87.203     0.000       87.203 <none> (D)  
      u_a1                   bf16_fp32_add_299                                                                      1311     89.857     0.000       89.857 <none> (D)  
      u_a2                   bf16_mul_332                                                                            130     11.285     0.000       11.285 <none> (D)  
      u_a4                   bf16_mul_333                                                                            131     11.343     0.000       11.343 <none> (D)  
      u_arg                  bf16_mul_331                                                                            150     10.454     0.000       10.454 <none> (D)  
      u_ct                   bf16_mul_330                                                                            165     13.224     0.000       13.224 <none> (D)  
      u_dn                   bf16_fp32_add_297                                                                       549     43.959     0.000       43.959 <none> (D)  
      u_hx                   bf16_mul_344                                                                             38      2.770     0.000        2.770 <none> (D)  
      u_in                   bf16_fp32_add_293                                                                       437     34.671     0.000       34.671 <none> (D)  
      u_m0                   bf16_mul_339                                                                            616     48.858     0.000       48.858 <none> (D)  
      u_m1                   bf16_mul_340                                                                            516     41.655     0.000       41.655 <none> (D)  
      u_m2                   bf16_mul_341                                                                            533     42.515     0.000       42.515 <none> (D)  
      u_m3                   bf16_mul_342                                                                            515     40.941     0.000       40.941 <none> (D)  
      u_ni                   bf16_fp32_add_295                                                                       488     34.992     0.000       34.992 <none> (D)  
      u_nm                   bf16_mul_338                                                                            413     32.849     0.000       32.849 <none> (D)  
      u_rs                   bf16_mul_345                                                                            425     34.905     0.000       34.905 <none> (D)  
      u_t1                   bf16_fp32_add_294                                                                       442     31.639     0.000       31.639 <none> (D)  
      u_t2                   bf16_fp32_add_296                                                                       393     28.577     0.000       28.577 <none> (D)  
      u_tr                   bf16_mul_343                                                                            312     29.189     0.000       29.189 <none> (D)  
      u_x2                   bf16_mul_328                                                                            135     11.737     0.000       11.737 <none> (D)  
      u_x3                   bf16_mul_329                                                                            293     27.279     0.000       27.279 <none> (D)  
    g_postproc[5].u_bias     bf16_fp32_add_301                                                                      1020     81.735     0.000       81.735 <none> (D)  
    g_postproc[5].u_gelu     gelu_unit_5                                                                           11586    979.047     0.000      979.047 <none> (D)  
      u_171                  bf16_mul_352                                                                            148     13.589     0.000       13.589 <none> (D)  
      u_1t                   bf16_fp32_add_309                                                                       884     64.196     0.000       64.196 <none> (D)  
      u_26                   bf16_mul_355                                                                            129      9.477     0.000        9.477 <none> (D)  
      u_2x                   bf16_mul_354                                                                             49      3.076     0.000        3.076 <none> (D)  
      u_666                  bf16_mul_353                                                                            124     10.964     0.000       10.964 <none> (D)  
      u_a0                   bf16_fp32_add_307                                                                      1318     92.598     0.000       92.598 <none> (D)  
      u_a1                   bf16_fp32_add_308                                                                      1211     85.235     0.000       85.235 <none> (D)  
      u_a2                   bf16_mul_350                                                                            130     11.285     0.000       11.285 <none> (D)  
      u_a4                   bf16_mul_351                                                                            130     11.285     0.000       11.285 <none> (D)  
      u_arg                  bf16_mul_349                                                                            148     10.439     0.000       10.439 <none> (D)  
      u_ct                   bf16_mul_348                                                                            173     13.457     0.000       13.457 <none> (D)  
      u_dn                   bf16_fp32_add_306                                                                       535     43.361     0.000       43.361 <none> (D)  
      u_hx                   bf16_mul_362                                                                             38      2.770     0.000        2.770 <none> (D)  
      u_in                   bf16_fp32_add_302                                                                       425     34.438     0.000       34.438 <none> (D)  
      u_m0                   bf16_mul_357                                                                            615     48.085     0.000       48.085 <none> (D)  
      u_m1                   bf16_mul_358                                                                            544     42.136     0.000       42.136 <none> (D)  
      u_m2                   bf16_mul_359                                                                            528     42.078     0.000       42.078 <none> (D)  
      u_m3                   bf16_mul_360                                                                            510     40.737     0.000       40.737 <none> (D)  
      u_ni                   bf16_fp32_add_304                                                                       489     34.584     0.000       34.584 <none> (D)  
      u_nm                   bf16_mul_356                                                                            427     34.321     0.000       34.321 <none> (D)  
      u_rs                   bf16_mul_363                                                                            456     36.246     0.000       36.246 <none> (D)  
      u_t1                   bf16_fp32_add_303                                                                       430     30.589     0.000       30.589 <none> (D)  
      u_t2                   bf16_fp32_add_305                                                                       379     27.702     0.000       27.702 <none> (D)  
      u_tr                   bf16_mul_361                                                                            312     29.189     0.000       29.189 <none> (D)  
      u_x2                   bf16_mul_346                                                                            135     11.737     0.000       11.737 <none> (D)  
      u_x3                   bf16_mul_347                                                                            293     27.279     0.000       27.279 <none> (D)  
    g_postproc[6].u_bias     bf16_fp32_add_310                                                                       971     79.651     0.000       79.651 <none> (D)  
    g_postproc[6].u_gelu     gelu_unit_6                                                                           11609    979.689     0.000      979.689 <none> (D)  
      u_171                  bf16_mul_370                                                                            148     13.589     0.000       13.589 <none> (D)  
      u_1t                   bf16_fp32_add_318                                                                       906     64.968     0.000       64.968 <none> (D)  
      u_26                   bf16_mul_373                                                                            120      9.171     0.000        9.171 <none> (D)  
      u_2x                   bf16_mul_372                                                                             49      3.076     0.000        3.076 <none> (D)  
      u_666                  bf16_mul_371                                                                            124     10.964     0.000       10.964 <none> (D)  
      u_a0                   bf16_fp32_add_316                                                                      1334     93.020     0.000       93.020 <none> (D)  
      u_a1                   bf16_fp32_add_317                                                                      1222     85.628     0.000       85.628 <none> (D)  
      u_a2                   bf16_mul_368                                                                            130     11.285     0.000       11.285 <none> (D)  
      u_a4                   bf16_mul_369                                                                            130     11.285     0.000       11.285 <none> (D)  
      u_arg                  bf16_mul_367                                                                            152     10.585     0.000       10.585 <none> (D)  
      u_ct                   bf16_mul_366                                                                            170     13.312     0.000       13.312 <none> (D)  
      u_dn                   bf16_fp32_add_315                                                                       549     44.046     0.000       44.046 <none> (D)  
      u_hx                   bf16_mul_380                                                                             38      2.770     0.000        2.770 <none> (D)  
      u_in                   bf16_fp32_add_311                                                                       437     34.657     0.000       34.657 <none> (D)  
      u_m0                   bf16_mul_375                                                                            590     46.641     0.000       46.641 <none> (D)  
      u_m1                   bf16_mul_376                                                                            536     41.815     0.000       41.815 <none> (D)  
      u_m2                   bf16_mul_377                                                                            519     42.180     0.000       42.180 <none> (D)  
      u_m3                   bf16_mul_378                                                                            510     40.241     0.000       40.241 <none> (D)  
      u_ni                   bf16_fp32_add_313                                                                       490     34.759     0.000       34.759 <none> (D)  
      u_nm                   bf16_mul_374                                                                            421     33.782     0.000       33.782 <none> (D)  
      u_rs                   bf16_mul_381                                                                            435     35.604     0.000       35.604 <none> (D)  
      u_t1                   bf16_fp32_add_312                                                                       432     30.560     0.000       30.560 <none> (D)  
      u_t2                   bf16_fp32_add_314                                                                       389     28.110     0.000       28.110 <none> (D)  
      u_tr                   bf16_mul_379                                                                            312     29.189     0.000       29.189 <none> (D)  
      u_x2                   bf16_mul_364                                                                            135     11.737     0.000       11.737 <none> (D)  
      u_x3                   bf16_mul_365                                                                            292     27.192     0.000       27.192 <none> (D)  
    g_postproc[7].u_bias     bf16_fp32_add_319                                                                       979     79.869     0.000       79.869 <none> (D)  
    g_postproc[7].u_gelu     gelu_unit_7                                                                           11534    973.477     0.000      973.477 <none> (D)  
      u_171                  bf16_mul_388                                                                            148     13.589     0.000       13.589 <none> (D)  
      u_1t                   bf16_fp32_add_327                                                                       872     63.656     0.000       63.656 <none> (D)  
      u_26                   bf16_mul_391                                                                            129      9.477     0.000        9.477 <none> (D)  
      u_2x                   bf16_mul_390                                                                             49      3.076     0.000        3.076 <none> (D)  
      u_666                  bf16_mul_389                                                                            124     10.964     0.000       10.964 <none> (D)  
      u_a0                   bf16_fp32_add_325                                                                      1310     91.708     0.000       91.708 <none> (D)  
      u_a1                   bf16_fp32_add_326                                                                      1205     84.593     0.000       84.593 <none> (D)  
      u_a2                   bf16_mul_386                                                                            130     11.285     0.000       11.285 <none> (D)  
      u_a4                   bf16_mul_387                                                                            130     11.285     0.000       11.285 <none> (D)  
      u_arg                  bf16_mul_385                                                                            148     10.439     0.000       10.439 <none> (D)  
      u_ct                   bf16_mul_384                                                                            173     13.486     0.000       13.486 <none> (D)  
      u_dn                   bf16_fp32_add_324                                                                       537     43.376     0.000       43.376 <none> (D)  
      u_hx                   bf16_mul_398                                                                             38      2.770     0.000        2.770 <none> (D)  
      u_in                   bf16_fp32_add_320                                                                       425     34.467     0.000       34.467 <none> (D)  
      u_m0                   bf16_mul_393                                                                            609     46.481     0.000       46.481 <none> (D)  
      u_m1                   bf16_mul_394                                                                            563     42.180     0.000       42.180 <none> (D)  
      u_m2                   bf16_mul_395                                                                            538     43.069     0.000       43.069 <none> (D)  
      u_m3                   bf16_mul_396                                                                            486     39.235     0.000       39.235 <none> (D)  
      u_ni                   bf16_fp32_add_322                                                                       490     34.671     0.000       34.671 <none> (D)  
      u_nm                   bf16_mul_392                                                                            429     34.394     0.000       34.394 <none> (D)  
      u_rs                   bf16_mul_399                                                                            429     35.021     0.000       35.021 <none> (D)  
      u_t1                   bf16_fp32_add_321                                                                       429     30.560     0.000       30.560 <none> (D)  
      u_t2                   bf16_fp32_add_323                                                                       379     27.702     0.000       27.702 <none> (D)  
      u_tr                   bf16_mul_397                                                                            312     29.189     0.000       29.189 <none> (D)  
      u_x2                   bf16_mul_382                                                                            135     11.737     0.000       11.737 <none> (D)  
      u_x3                   bf16_mul_383                                                                            292     27.133     0.000       27.133 <none> (D)  
    g_postproc[8].u_bias     bf16_fp32_add_328                                                                      1026     82.392     0.000       82.392 <none> (D)  
    g_postproc[8].u_gelu     gelu_unit_8                                                                           11589    977.779     0.000      977.779 <none> (D)  
      u_171                  bf16_mul_406                                                                            148     13.589     0.000       13.589 <none> (D)  
      u_1t                   bf16_fp32_add_336                                                                       898     64.779     0.000       64.779 <none> (D)  
      u_26                   bf16_mul_409                                                                            129      9.477     0.000        9.477 <none> (D)  
      u_2x                   bf16_mul_408                                                                             49      3.076     0.000        3.076 <none> (D)  
      u_666                  bf16_mul_407                                                                            124     10.964     0.000       10.964 <none> (D)  
      u_a0                   bf16_fp32_add_334                                                                      1309     92.539     0.000       92.539 <none> (D)  
      u_a1                   bf16_fp32_add_335                                                                      1213     85.162     0.000       85.162 <none> (D)  
      u_a2                   bf16_mul_404                                                                            130     11.285     0.000       11.285 <none> (D)  
      u_a4                   bf16_mul_405                                                                            130     11.285     0.000       11.285 <none> (D)  
      u_arg                  bf16_mul_403                                                                            151     10.498     0.000       10.498 <none> (D)  
      u_ct                   bf16_mul_402                                                                            169     13.326     0.000       13.326 <none> (D)  
      u_dn                   bf16_fp32_add_333                                                                       535     43.317     0.000       43.317 <none> (D)  
      u_hx                   bf16_mul_416                                                                             38      2.770     0.000        2.770 <none> (D)  
      u_in                   bf16_fp32_add_329                                                                       424     34.103     0.000       34.103 <none> (D)  
      u_m0                   bf16_mul_411                                                                            612     47.516     0.000       47.516 <none> (D)  
      u_m1                   bf16_mul_412                                                                            539     41.378     0.000       41.378 <none> (D)  
      u_m2                   bf16_mul_413                                                                            566     44.338     0.000       44.338 <none> (D)  
      u_m3                   bf16_mul_414                                                                            507     40.343     0.000       40.343 <none> (D)  
      u_ni                   bf16_fp32_add_331                                                                       489     34.525     0.000       34.525 <none> (D)  
      u_nm                   bf16_mul_410                                                                            428     34.350     0.000       34.350 <none> (D)  
      u_rs                   bf16_mul_417                                                                            431     35.079     0.000       35.079 <none> (D)  
      u_t1                   bf16_fp32_add_330                                                                       430     30.589     0.000       30.589 <none> (D)  
      u_t2                   bf16_fp32_add_332                                                                       379     27.702     0.000       27.702 <none> (D)  
      u_tr                   bf16_mul_415                                                                            312     29.189     0.000       29.189 <none> (D)  
      u_x2                   bf16_mul_400                                                                            135     11.737     0.000       11.737 <none> (D)  
      u_x3                   bf16_mul_401                                                                            292     27.133     0.000       27.133 <none> (D)  
    g_postproc[9].u_bias     bf16_fp32_add_337                                                                       988     80.686     0.000       80.686 <none> (D)  
    g_postproc[9].u_gelu     gelu_unit_9                                                                           11269    956.958     0.000      956.958 <none> (D)  
      u_171                  bf16_mul_424                                                                            148     13.589     0.000       13.589 <none> (D)  
      u_1t                   bf16_fp32_add_345                                                                       605     43.609     0.000       43.609 <none> (D)  
      u_26                   bf16_mul_427                                                                            116      9.069     0.000        9.069 <none> (D)  
      u_2x                   bf16_mul_426                                                                             49      3.076     0.000        3.076 <none> (D)  
      u_666                  bf16_mul_425                                                                            124     10.964     0.000       10.964 <none> (D)  
      u_a0                   bf16_fp32_add_343                                                                      1268     88.559     0.000       88.559 <none> (D)  
      u_a1                   bf16_fp32_add_344                                                                      1310     90.760     0.000       90.760 <none> (D)  
      u_a2                   bf16_mul_422                                                                            130     11.285     0.000       11.285 <none> (D)  
      u_a4                   bf16_mul_423                                                                            131     11.343     0.000       11.343 <none> (D)  
      u_arg                  bf16_mul_421                                                                            150     10.454     0.000       10.454 <none> (D)  
      u_ct                   bf16_mul_420                                                                            165     13.209     0.000       13.209 <none> (D)  
      u_dn                   bf16_fp32_add_342                                                                       552     44.017     0.000       44.017 <none> (D)  
      u_hx                   bf16_mul_434                                                                             38      2.770     0.000        2.770 <none> (D)  
      u_in                   bf16_fp32_add_338                                                                       437     34.715     0.000       34.715 <none> (D)  
      u_m0                   bf16_mul_429                                                                            587     47.516     0.000       47.516 <none> (D)  
      u_m1                   bf16_mul_430                                                                            525     41.495     0.000       41.495 <none> (D)  
      u_m2                   bf16_mul_431                                                                            510     41.451     0.000       41.451 <none> (D)  
      u_m3                   bf16_mul_432                                                                            478     39.337     0.000       39.337 <none> (D)  
      u_ni                   bf16_fp32_add_340                                                                       490     35.167     0.000       35.167 <none> (D)  
      u_nm                   bf16_mul_428                                                                            413     32.805     0.000       32.805 <none> (D)  
      u_rs                   bf16_mul_435                                                                            445     35.517     0.000       35.517 <none> (D)  
      u_t1                   bf16_fp32_add_339                                                                       442     31.551     0.000       31.551 <none> (D)  
      u_t2                   bf16_fp32_add_341                                                                       394     28.489     0.000       28.489 <none> (D)  
      u_tr                   bf16_mul_433                                                                            312     29.189     0.000       29.189 <none> (D)  
      u_x2                   bf16_mul_418                                                                            135     11.737     0.000       11.737 <none> (D)  
      u_x3                   bf16_mul_419                                                                            292     27.192     0.000       27.192 <none> (D)  
  u_stagger                  act_stagger_ROWS16_ACT_WIDTH16                                                         4592   1046.523     0.000     1046.523 <none> (D)  
  (D) = wireload is default in technology library
