============================================================
  Generated by:           Genus(TM) Synthesis Solution 23.10-p004_1
  Generated on:           May 16 2026  02:55:19 pm
  Module:                 sys_top
  Operating conditions:   PVT_0P7V_25C (balanced_tree)
  Wireload mode:          enclosed
  Area mode:              timing library
============================================================


Path 1: MET (0 ps) Late External Delay Assertion at pin m_axis_tdata[9]
          Group: clk
     Startpoint: (R) u_rb/g_postproc[0].u_gelu/r4_sat_reg/CLK
          Clock: (R) clk
       Endpoint: (R) m_axis_tdata[9]
          Clock: (R) clk

                     Capture       Launch     
        Clock Edge:+    1650            0     
       Src Latency:+       0            0     
       Net Latency:+       0 (I)        0 (I) 
           Arrival:=    1650            0     
                                              
      Output Delay:-       0                  
       Uncertainty:-      50                  
     Required Time:=    1600                  
      Launch Clock:-       0                  
         Data Path:-    1600                  
             Slack:=       0                  

Exceptions/Constraints:
  output_delay              0              constraints.sdc_line_29_803_1 

#----------------------------------------------------------------------------------------------------------------------------------------------------
#                        Timing Point                          Flags    Arc   Edge          Cell            Fanout Load Trans Delay Arrival Instance 
#                                                                                                                  (fF)  (ps)  (ps)   (ps)  Location 
#----------------------------------------------------------------------------------------------------------------------------------------------------
  u_rb/g_postproc[0].u_gelu/r4_sat_reg/CLK                     -       -      R     (arrival)               170007    -    10     0       0    (-,-) 
  u_rb/g_postproc[0].u_gelu/r4_sat_reg/Q                       -       CLK->Q R     DFFHQx4_ASAP7_75t_R         18  7.2    22    77      77    (-,-) 
  u_rb/g_postproc[0].u_gelu/g2674/Y                            -       B->Y   F     NOR2xp33_ASAP7_75t_R         2  0.9    24    20      97    (-,-) 
  u_rb/g_postproc[0].u_gelu/u_1t/g11593/Y                      -       C->Y   R     NOR4xp25_ASAP7_75t_R         1  0.5    38    28     124    (-,-) 
  u_rb/g_postproc[0].u_gelu/u_1t/g11587/Y                      -       A->Y   F     NAND2xp5_ASAP7_75t_R         1  1.0    20    17     142    (-,-) 
  u_rb/g_postproc[0].u_gelu/u_1t/g11586/Y                      -       B->Y   R     NOR2x1_ASAP7_75t_R           1  1.0    18    14     155    (-,-) 
  u_rb/g_postproc[0].u_gelu/u_1t/g11584/Y                      -       A2->Y  F     OAI21x1_ASAP7_75t_R          3  1.4    16    13     168    (-,-) 
  u_rb/g_postproc[0].u_gelu/u_1t/g11570/Y                      -       B->Y   R     NAND2xp5_ASAP7_75t_R         3  1.4    26    18     186    (-,-) 
  u_rb/g_postproc[0].u_gelu/u_1t/g11541/Y                      -       A->Y   R     AND2x2_ASAP7_75t_R           4  3.3    20    29     215    (-,-) 
  u_rb/g_postproc[0].u_gelu/u_1t/g14089/Y                      -       B->Y   F     NAND2x1p5_ASAP7_75t_R        3  2.2    16    13     228    (-,-) 
  u_rb/g_postproc[0].u_gelu/u_1t/g11516/Y                      -       B->Y   R     NOR2x1_ASAP7_75t_R           2  0.9    15    12     240    (-,-) 
  u_rb/g_postproc[0].u_gelu/u_1t/g11489/Y                      -       B->Y   R     AND2x2_ASAP7_75t_R           2  2.4    16    25     265    (-,-) 
  u_rb/g_postproc[0].u_gelu/u_1t/g14127/Y                      -       A->Y   F     INVx2_ASAP7_75t_R            2  1.5     9     9     274    (-,-) 
  u_rb/g_postproc[0].u_gelu/u_1t/g11459/Y                      -       B1->Y  R     AOI22x1_ASAP7_75t_R          1  1.5    25    17     290    (-,-) 
  u_rb/g_postproc[0].u_gelu/u_1t/g11443/Y                      -       B->Y   F     NAND2x1p5_ASAP7_75t_R        4  3.2    21    17     307    (-,-) 
  u_rb/g_postproc[0].u_gelu/u_1t/g11424/Y                      -       B->Y   F     OR2x2_ASAP7_75t_R            7  4.2    20    34     341    (-,-) 
  u_rb/g_postproc[0].u_gelu/u_1t/g11399/Y                      -       A2->Y  R     OAI22xp5_ASAP7_75t_R         1  0.9    29    19     360    (-,-) 
  u_rb/g_postproc[0].u_gelu/u_1t/sub_75_43_Y_add_76_43_g1655/Y -       B->Y   F     XNOR2x2_ASAP7_75t_R          3  1.2    14    39     399    (-,-) 
  u_rb/g_postproc[0].u_gelu/u_1t/sub_75_43_Y_add_76_43_g1638/Y -       A->Y   R     INVx1_ASAP7_75t_R            1  0.5     9     9     408    (-,-) 
  u_rb/g_postproc[0].u_gelu/u_1t/sub_75_43_Y_add_76_43_g1606/Y -       B->Y   R     AND2x2_ASAP7_75t_R           3  1.5    13    21     429    (-,-) 
  u_rb/g_postproc[0].u_gelu/u_1t/sub_75_43_Y_add_76_43_g1526/Y -       B->Y   F     NAND2xp5_ASAP7_75t_R         1  0.9    17    13     441    (-,-) 
  u_rb/g_postproc[0].u_gelu/u_1t/sub_75_43_Y_add_76_43_g1459/Y -       B->Y   F     XOR2xp5_ASAP7_75t_R          1  1.2    24    24     465    (-,-) 
  u_rb/g_postproc[0].u_gelu/u_1t/g14059/Y                      -       A->Y   R     INVx2_ASAP7_75t_R            5  2.3    16    14     479    (-,-) 
  u_rb/g_postproc[0].u_gelu/u_1t/g13800/Y                      -       B->Y   F     OAI21xp33_ASAP7_75t_R        1  0.5    18    14     493    (-,-) 
  u_rb/g_postproc[0].u_gelu/u_1t/g13713/Y                      -       A1->Y  R     AOI21xp5_ASAP7_75t_R         1  0.6    20    15     508    (-,-) 
  u_rb/g_postproc[0].u_gelu/u_1t/g13642/Y                      -       A2->Y  F     OAI21xp5_ASAP7_75t_R         1  0.5    16    12     520    (-,-) 
  u_rb/g_postproc[0].u_gelu/u_1t/g13615/Y                      -       A->Y   R     NAND2xp5_ASAP7_75t_R         1  0.5    14    12     533    (-,-) 
  u_rb/g_postproc[0].u_gelu/u_1t/g13595/Y                      -       C->Y   F     NAND3xp33_ASAP7_75t_R        1  0.5    18    14     546    (-,-) 
  u_rb/g_postproc[0].u_gelu/u_1t/g13576/Y                      -       A->Y   R     NAND3xp33_ASAP7_75t_R        1  0.5    16    13     559    (-,-) 
  u_rb/g_postproc[0].u_gelu/u_1t/g13548/Y                      -       A1->Y  F     AOI211xp5_ASAP7_75t_R        1  0.5    21    14     574    (-,-) 
  u_rb/g_postproc[0].u_gelu/u_1t/g13534/Y                      -       A2->Y  R     OAI211xp5_ASAP7_75t_R        1  0.6    28    22     596    (-,-) 
  u_rb/g_postproc[0].u_gelu/u_1t/g13528/Y                      -       A2->Y  R     AO21x1_ASAP7_75t_R           2  0.9    13    24     619    (-,-) 
  u_rb/g_postproc[0].u_gelu/u_1t/g13525/Y                      -       B->Y   F     NAND2xp5_ASAP7_75t_R         2  0.9    17    12     632    (-,-) 
  u_rb/g_postproc[0].u_gelu/u_1t/g13520/Y                      -       A1->Y  R     AOI21xp5_ASAP7_75t_R         2  0.9    24    17     648    (-,-) 
  u_rb/g_postproc[0].u_gelu/u_1t/g13517/Y                      -       A2->Y  R     OA21x2_ASAP7_75t_R           2  2.1    15    28     676    (-,-) 
  u_rb/g_postproc[0].u_gelu/u_1t/g58/Y                         -       A1->Y  F     OAI21x1_ASAP7_75t_R          2  2.0    20    14     690    (-,-) 
  u_rb/g_postproc[0].u_gelu/u_1t/g14265/Y                      -       B->Y   R     NAND2x1_ASAP7_75t_R          3  1.4    25    17     707    (-,-) 
  u_rb/g_postproc[0].u_gelu/u_1t/g14131/Y                      -       A->Y   F     INVxp67_ASAP7_75t_R          1  0.5    12    11     718    (-,-) 
  u_rb/g_postproc[0].u_gelu/u_1t/g14130/Y                      -       A1->Y  R     OAI22xp5_ASAP7_75t_R         1  0.9    29    16     734    (-,-) 
  u_rb/g_postproc[0].u_gelu/u_1t/g14129/Y                      -       B->Y   R     XNOR2xp5_ASAP7_75t_R         2  0.8    27    23     757    (-,-) 
  u_rb/g_postproc[0].u_gelu/u_1t/g14359/Y                      -       B->Y   F     NAND3xp33_ASAP7_75t_R        3  1.4    34    24     781    (-,-) 
  u_rb/g_postproc[0].u_gelu/u_1t/g14363/Y                      -       B->Y   F     AND3x1_ASAP7_75t_R           3  1.3    13    26     807    (-,-) 
  u_rb/g_postproc[0].u_gelu/u_1t/g14362/Y                      -       B->Y   F     AND2x2_ASAP7_75t_R           4  2.4    13    24     831    (-,-) 
  u_rb/g_postproc[0].u_gelu/u_1t/g13477/Y                      -       A->Y   R     INVx1_ASAP7_75t_R            4  2.1    22    15     846    (-,-) 
  u_rb/g_postproc[0].u_gelu/u_1t/g13467/Y                      -       A1->Y  F     OAI222xp33_ASAP7_75t_R       3  1.6    46    30     876    (-,-) 
  u_rb/g_postproc[0].u_gelu/u_rs/mul_59_28_g2646/Y             -       A->Y   R     INVx1_ASAP7_75t_R            4  1.8    28    24     900    (-,-) 
  u_rb/g_postproc[0].u_gelu/u_rs/mul_59_28_g2676/Y             -       A1->Y  R     OA22x2_ASAP7_75t_R           9  5.5    30    39     939    (-,-) 
  u_rb/g_postproc[0].u_gelu/u_rs/mul_59_28_g2675/Y             -       B->Y   F     NAND2x1p5_ASAP7_75t_R        7  4.1    25    20     959    (-,-) 
  u_rb/g_postproc[0].u_gelu/u_rs/mul_59_28_g2203/Y             -       A->Y   R     INVx1_ASAP7_75t_R            3  2.8    30    23     981    (-,-) 
  u_rb/g_postproc[0].u_gelu/u_rs/mul_59_28_g2161/Y             -       A2->Y  F     AOI22x1_ASAP7_75t_R          2  2.1    26    19    1001    (-,-) 
  u_rb/g_postproc[0].u_gelu/u_rs/mul_59_28_g2292/Y             -       A->Y   F     XNOR2xp5_ASAP7_75t_R         1  1.0    23    29    1030    (-,-) 
  u_rb/g_postproc[0].u_gelu/u_rs/mul_59_28_g2043/Y             -       B->Y   F     XNOR2xp5_ASAP7_75t_R         2  1.6    30    31    1061    (-,-) 
  u_rb/g_postproc[0].u_gelu/u_rs/mul_59_28_g2001/Y             -       A->Y   R     XNOR2xp5_ASAP7_75t_R         3  1.4    36    26    1086    (-,-) 
  u_rb/g_postproc[0].u_gelu/u_rs/mul_59_28_g1975/Y             -       B->Y   F     NOR2xp33_ASAP7_75t_R         1  0.6    22    20    1107    (-,-) 
  u_rb/g_postproc[0].u_gelu/u_rs/mul_59_28_g1933/Y             -       B->Y   F     AO21x1_ASAP7_75t_R           3  1.8    17    29    1136    (-,-) 
  u_rb/g_postproc[0].u_gelu/u_rs/mul_59_28_g2908/Y             -       A2->Y  F     AO21x1_ASAP7_75t_R           2  1.3    14    25    1161    (-,-) 
  u_rb/g_postproc[0].u_gelu/u_rs/mul_59_28_g2911/Y             -       A2->Y  R     AOI21x1_ASAP7_75t_R          2  1.3    20    15    1176    (-,-) 
  u_rb/g_postproc[0].u_gelu/u_rs/mul_59_28_g2910/Y             -       A2->Y  F     OAI21x1_ASAP7_75t_R          2  2.0    21    15    1191    (-,-) 
  u_rb/g_postproc[0].u_gelu/u_rs/mul_59_28_g1920/Y             -       A1->Y  R     AOI21x1_ASAP7_75t_R          2  0.9    22    14    1206    (-,-) 
  u_rb/g_postproc[0].u_gelu/u_rs/mul_59_28_g1917/Y             -       A2->Y  F     OAI21xp5_ASAP7_75t_R         2  0.9    20    16    1221    (-,-) 
  u_rb/g_postproc[0].u_gelu/u_rs/mul_59_28_g1914/Y             -       A2->Y  F     AO21x1_ASAP7_75t_R           1  0.9    11    24    1245    (-,-) 
  u_rb/g_postproc[0].u_gelu/u_rs/mul_59_28_g1913/Y             -       A->Y   R     XOR2x2_ASAP7_75t_R           4  2.2    16    36    1282    (-,-) 
  u_rb/g_postproc[0].u_gelu/u_rs/g30/Y                         -       A2->Y  R     AO21x2_ASAP7_75t_R           2  1.3    12    23    1305    (-,-) 
  u_rb/g_postproc[0].u_gelu/u_rs/g2522/Y                       -       A2->Y  F     OAI21x1_ASAP7_75t_R          2  0.8    15    10    1315    (-,-) 
  u_rb/g_postproc[0].u_gelu/u_rs/g2514/Y                       -       A1->Y  R     AOI21xp5_ASAP7_75t_R         2  0.8    25    16    1330    (-,-) 
  u_rb/g_postproc[0].u_gelu/u_rs/g2506/Y                       -       A1->Y  F     OAI21xp5_ASAP7_75t_R         2  0.8    19    16    1347    (-,-) 
  u_rb/g_postproc[0].u_gelu/u_rs/g2498/Y                       -       A1->Y  F     AO21x2_ASAP7_75t_R           2  2.1    14    30    1377    (-,-) 
  u_rb/g_postproc[0].u_gelu/u_rs/g2493/Y                       -       A1->Y  R     AOI21x1_ASAP7_75t_R          2  1.9    26    17    1394    (-,-) 
  u_rb/g_postproc[0].u_gelu/u_rs/g2490/Y                       -       A2->Y  F     OAI21x1_ASAP7_75t_R          2  1.4    17    14    1408    (-,-) 
  u_rb/g_postproc[0].u_gelu/u_rs/g2487/Y                       -       A->Y   R     XOR2x2_ASAP7_75t_R           3  1.2    12    35    1444    (-,-) 
  u_rb/g_postproc[0].u_gelu/u_rs/g2486/Y                       -       A->Y   F     INVxp67_ASAP7_75t_R          1  0.5     9     8    1452    (-,-) 
  u_rb/g_postproc[0].u_gelu/u_rs/g2481/Y                       -       A1->Y  R     AOI21xp5_ASAP7_75t_R         1  0.3    15    10    1462    (-,-) 
  u_rb/g_postproc[0].u_gelu/u_rs/g40/Y                         -       A->Y   F     NAND2xp33_ASAP7_75t_R        1  0.5    16    12    1474    (-,-) 
  u_rb/g_postproc[0].u_gelu/u_rs/g37/Y                         -       A->Y   F     OR2x2_ASAP7_75t_R            4  2.0    13    27    1501    (-,-) 
  u_rb/g_postproc[0].u_gelu/u_rs/g2469/Y                       -       B->Y   F     OR2x2_ASAP7_75t_R           15  7.3    30    37    1538    (-,-) 
  u_rb/g_postproc[0].u_gelu/u_rs/g2450/Y                       -       B2->Y  R     OAI22xp5_ASAP7_75t_R         1  0.5    25    20    1558    (-,-) 
  u_rb/g17418/Y                                                -       B2->Y  R     AO221x2_ASAP7_75t_R          1  5.0    33    42    1600    (-,-) 
  m_axis_tdata[9]                                              -       -      R     (port)                       -    -     -     0    1600    (-,-) 
#----------------------------------------------------------------------------------------------------------------------------------------------------



Path 2: MET (0 ps) Late External Delay Assertion at pin m_axis_tdata[9]
          Group: clk
     Startpoint: (R) u_rb/g_postproc[0].u_gelu/r4_sat_reg/CLK
          Clock: (R) clk
       Endpoint: (R) m_axis_tdata[9]
          Clock: (R) clk

                     Capture       Launch     
        Clock Edge:+    1650            0     
       Src Latency:+       0            0     
       Net Latency:+       0 (I)        0 (I) 
           Arrival:=    1650            0     
                                              
      Output Delay:-       0                  
       Uncertainty:-      50                  
     Required Time:=    1600                  
      Launch Clock:-       0                  
         Data Path:-    1600                  
             Slack:=       0                  

Exceptions/Constraints:
  output_delay              0              constraints.sdc_line_29_803_1 

#----------------------------------------------------------------------------------------------------------------------------------------------------
#                        Timing Point                          Flags    Arc   Edge          Cell            Fanout Load Trans Delay Arrival Instance 
#                                                                                                                  (fF)  (ps)  (ps)   (ps)  Location 
#----------------------------------------------------------------------------------------------------------------------------------------------------
  u_rb/g_postproc[0].u_gelu/r4_sat_reg/CLK                     -       -      R     (arrival)               170007    -    10     0       0    (-,-) 
  u_rb/g_postproc[0].u_gelu/r4_sat_reg/Q                       -       CLK->Q R     DFFHQx4_ASAP7_75t_R         18  7.2    22    77      77    (-,-) 
  u_rb/g_postproc[0].u_gelu/g2674/Y                            -       B->Y   F     NOR2xp33_ASAP7_75t_R         2  0.9    24    20      97    (-,-) 
  u_rb/g_postproc[0].u_gelu/u_1t/g11593/Y                      -       C->Y   R     NOR4xp25_ASAP7_75t_R         1  0.5    38    28     124    (-,-) 
  u_rb/g_postproc[0].u_gelu/u_1t/g11587/Y                      -       A->Y   F     NAND2xp5_ASAP7_75t_R         1  1.0    20    17     142    (-,-) 
  u_rb/g_postproc[0].u_gelu/u_1t/g11586/Y                      -       B->Y   R     NOR2x1_ASAP7_75t_R           1  1.0    18    14     155    (-,-) 
  u_rb/g_postproc[0].u_gelu/u_1t/g11584/Y                      -       A2->Y  F     OAI21x1_ASAP7_75t_R          3  1.4    16    13     168    (-,-) 
  u_rb/g_postproc[0].u_gelu/u_1t/g11570/Y                      -       B->Y   R     NAND2xp5_ASAP7_75t_R         3  1.4    26    18     186    (-,-) 
  u_rb/g_postproc[0].u_gelu/u_1t/g11541/Y                      -       A->Y   R     AND2x2_ASAP7_75t_R           4  3.3    20    29     215    (-,-) 
  u_rb/g_postproc[0].u_gelu/u_1t/g14089/Y                      -       B->Y   F     NAND2x1p5_ASAP7_75t_R        3  2.2    16    13     228    (-,-) 
  u_rb/g_postproc[0].u_gelu/u_1t/g11516/Y                      -       B->Y   R     NOR2x1_ASAP7_75t_R           2  0.9    15    12     240    (-,-) 
  u_rb/g_postproc[0].u_gelu/u_1t/g11489/Y                      -       B->Y   R     AND2x2_ASAP7_75t_R           2  2.4    16    25     265    (-,-) 
  u_rb/g_postproc[0].u_gelu/u_1t/g14127/Y                      -       A->Y   F     INVx2_ASAP7_75t_R            2  1.5     9     9     274    (-,-) 
  u_rb/g_postproc[0].u_gelu/u_1t/g11459/Y                      -       B1->Y  R     AOI22x1_ASAP7_75t_R          1  1.5    25    17     290    (-,-) 
  u_rb/g_postproc[0].u_gelu/u_1t/g11443/Y                      -       B->Y   F     NAND2x1p5_ASAP7_75t_R        4  3.2    21    17     307    (-,-) 
  u_rb/g_postproc[0].u_gelu/u_1t/g11424/Y                      -       B->Y   F     OR2x2_ASAP7_75t_R            7  4.2    20    34     341    (-,-) 
  u_rb/g_postproc[0].u_gelu/u_1t/g11399/Y                      -       A2->Y  R     OAI22xp5_ASAP7_75t_R         1  0.9    29    19     360    (-,-) 
  u_rb/g_postproc[0].u_gelu/u_1t/sub_75_43_Y_add_76_43_g1655/Y -       B->Y   F     XNOR2x2_ASAP7_75t_R          3  1.2    14    39     399    (-,-) 
  u_rb/g_postproc[0].u_gelu/u_1t/sub_75_43_Y_add_76_43_g1638/Y -       A->Y   R     INVx1_ASAP7_75t_R            1  0.5     9     9     408    (-,-) 
  u_rb/g_postproc[0].u_gelu/u_1t/sub_75_43_Y_add_76_43_g1606/Y -       B->Y   R     AND2x2_ASAP7_75t_R           3  1.5    13    21     429    (-,-) 
  u_rb/g_postproc[0].u_gelu/u_1t/sub_75_43_Y_add_76_43_g1526/Y -       B->Y   F     NAND2xp5_ASAP7_75t_R         1  0.9    17    13     441    (-,-) 
  u_rb/g_postproc[0].u_gelu/u_1t/sub_75_43_Y_add_76_43_g1459/Y -       B->Y   F     XOR2xp5_ASAP7_75t_R          1  1.2    24    24     465    (-,-) 
  u_rb/g_postproc[0].u_gelu/u_1t/g14059/Y                      -       A->Y   R     INVx2_ASAP7_75t_R            5  2.3    16    14     479    (-,-) 
  u_rb/g_postproc[0].u_gelu/u_1t/g13800/Y                      -       B->Y   F     OAI21xp33_ASAP7_75t_R        1  0.5    18    14     493    (-,-) 
  u_rb/g_postproc[0].u_gelu/u_1t/g13713/Y                      -       A1->Y  R     AOI21xp5_ASAP7_75t_R         1  0.6    20    15     508    (-,-) 
  u_rb/g_postproc[0].u_gelu/u_1t/g13642/Y                      -       A2->Y  F     OAI21xp5_ASAP7_75t_R         1  0.5    16    12     520    (-,-) 
  u_rb/g_postproc[0].u_gelu/u_1t/g13615/Y                      -       A->Y   R     NAND2xp5_ASAP7_75t_R         1  0.5    14    12     533    (-,-) 
  u_rb/g_postproc[0].u_gelu/u_1t/g13595/Y                      -       C->Y   F     NAND3xp33_ASAP7_75t_R        1  0.5    18    14     546    (-,-) 
  u_rb/g_postproc[0].u_gelu/u_1t/g13576/Y                      -       A->Y   R     NAND3xp33_ASAP7_75t_R        1  0.5    16    13     559    (-,-) 
  u_rb/g_postproc[0].u_gelu/u_1t/g13548/Y                      -       A1->Y  F     AOI211xp5_ASAP7_75t_R        1  0.5    21    14     574    (-,-) 
  u_rb/g_postproc[0].u_gelu/u_1t/g13534/Y                      -       A2->Y  R     OAI211xp5_ASAP7_75t_R        1  0.6    28    22     596    (-,-) 
  u_rb/g_postproc[0].u_gelu/u_1t/g13528/Y                      -       A2->Y  R     AO21x1_ASAP7_75t_R           2  0.9    13    24     619    (-,-) 
  u_rb/g_postproc[0].u_gelu/u_1t/g13525/Y                      -       B->Y   F     NAND2xp5_ASAP7_75t_R         2  0.9    17    12     632    (-,-) 
  u_rb/g_postproc[0].u_gelu/u_1t/g13520/Y                      -       A1->Y  R     AOI21xp5_ASAP7_75t_R         2  0.9    24    17     648    (-,-) 
  u_rb/g_postproc[0].u_gelu/u_1t/g13517/Y                      -       A2->Y  R     OA21x2_ASAP7_75t_R           2  2.1    15    28     676    (-,-) 
  u_rb/g_postproc[0].u_gelu/u_1t/g58/Y                         -       A1->Y  F     OAI21x1_ASAP7_75t_R          2  2.0    20    14     690    (-,-) 
  u_rb/g_postproc[0].u_gelu/u_1t/g14265/Y                      -       B->Y   R     NAND2x1_ASAP7_75t_R          3  1.4    25    17     707    (-,-) 
  u_rb/g_postproc[0].u_gelu/u_1t/g14131/Y                      -       A->Y   F     INVxp67_ASAP7_75t_R          1  0.5    12    11     718    (-,-) 
  u_rb/g_postproc[0].u_gelu/u_1t/g14130/Y                      -       A1->Y  R     OAI22xp5_ASAP7_75t_R         1  0.9    29    16     734    (-,-) 
  u_rb/g_postproc[0].u_gelu/u_1t/g14129/Y                      -       B->Y   R     XNOR2xp5_ASAP7_75t_R         2  0.8    27    23     757    (-,-) 
  u_rb/g_postproc[0].u_gelu/u_1t/g14359/Y                      -       B->Y   F     NAND3xp33_ASAP7_75t_R        3  1.4    34    24     781    (-,-) 
  u_rb/g_postproc[0].u_gelu/u_1t/g14363/Y                      -       B->Y   F     AND3x1_ASAP7_75t_R           3  1.3    13    26     807    (-,-) 
  u_rb/g_postproc[0].u_gelu/u_1t/g14362/Y                      -       B->Y   F     AND2x2_ASAP7_75t_R           4  2.4    13    24     831    (-,-) 
  u_rb/g_postproc[0].u_gelu/u_1t/g13477/Y                      -       A->Y   R     INVx1_ASAP7_75t_R            4  2.1    22    15     846    (-,-) 
  u_rb/g_postproc[0].u_gelu/u_1t/g13467/Y                      -       A1->Y  F     OAI222xp33_ASAP7_75t_R       3  1.6    46    30     876    (-,-) 
  u_rb/g_postproc[0].u_gelu/u_rs/mul_59_28_g2646/Y             -       A->Y   R     INVx1_ASAP7_75t_R            4  1.8    28    24     900    (-,-) 
  u_rb/g_postproc[0].u_gelu/u_rs/mul_59_28_g2676/Y             -       A1->Y  R     OA22x2_ASAP7_75t_R           9  5.5    30    39     939    (-,-) 
  u_rb/g_postproc[0].u_gelu/u_rs/mul_59_28_g2675/Y             -       B->Y   F     NAND2x1p5_ASAP7_75t_R        7  4.1    25    20     959    (-,-) 
  u_rb/g_postproc[0].u_gelu/u_rs/mul_59_28_g2203/Y             -       A->Y   R     INVx1_ASAP7_75t_R            3  2.8    30    23     981    (-,-) 
  u_rb/g_postproc[0].u_gelu/u_rs/mul_59_28_g2161/Y             -       A2->Y  F     AOI22x1_ASAP7_75t_R          2  2.1    26    19    1001    (-,-) 
  u_rb/g_postproc[0].u_gelu/u_rs/mul_59_28_g2292/Y             -       A->Y   F     XNOR2xp5_ASAP7_75t_R         1  1.0    23    29    1030    (-,-) 
  u_rb/g_postproc[0].u_gelu/u_rs/mul_59_28_g2043/Y             -       B->Y   F     XNOR2xp5_ASAP7_75t_R         2  1.6    30    31    1061    (-,-) 
  u_rb/g_postproc[0].u_gelu/u_rs/mul_59_28_g2001/Y             -       A->Y   R     XNOR2xp5_ASAP7_75t_R         3  1.4    36    26    1086    (-,-) 
  u_rb/g_postproc[0].u_gelu/u_rs/mul_59_28_g1975/Y             -       B->Y   F     NOR2xp33_ASAP7_75t_R         1  0.6    22    20    1107    (-,-) 
  u_rb/g_postproc[0].u_gelu/u_rs/mul_59_28_g1933/Y             -       B->Y   F     AO21x1_ASAP7_75t_R           3  1.8    17    29    1136    (-,-) 
  u_rb/g_postproc[0].u_gelu/u_rs/mul_59_28_g2908/Y             -       A2->Y  F     AO21x1_ASAP7_75t_R           2  1.3    14    25    1161    (-,-) 
  u_rb/g_postproc[0].u_gelu/u_rs/mul_59_28_g2911/Y             -       A2->Y  R     AOI21x1_ASAP7_75t_R          2  1.3    20    15    1176    (-,-) 
  u_rb/g_postproc[0].u_gelu/u_rs/mul_59_28_g2910/Y             -       A2->Y  F     OAI21x1_ASAP7_75t_R          2  2.0    21    15    1191    (-,-) 
  u_rb/g_postproc[0].u_gelu/u_rs/mul_59_28_g1920/Y             -       A1->Y  R     AOI21x1_ASAP7_75t_R          2  0.9    22    14    1206    (-,-) 
  u_rb/g_postproc[0].u_gelu/u_rs/mul_59_28_g1917/Y             -       A2->Y  F     OAI21xp5_ASAP7_75t_R         2  0.9    20    16    1221    (-,-) 
  u_rb/g_postproc[0].u_gelu/u_rs/mul_59_28_g1914/Y             -       A2->Y  F     AO21x1_ASAP7_75t_R           1  0.9    11    24    1245    (-,-) 
  u_rb/g_postproc[0].u_gelu/u_rs/mul_59_28_g1913/Y             -       A->Y   R     XOR2x2_ASAP7_75t_R           4  2.2    16    36    1282    (-,-) 
  u_rb/g_postproc[0].u_gelu/u_rs/g30/Y                         -       A2->Y  R     AO21x2_ASAP7_75t_R           2  1.3    12    23    1305    (-,-) 
  u_rb/g_postproc[0].u_gelu/u_rs/g2522/Y                       -       A2->Y  F     OAI21x1_ASAP7_75t_R          2  0.8    15    10    1315    (-,-) 
  u_rb/g_postproc[0].u_gelu/u_rs/g2514/Y                       -       A1->Y  R     AOI21xp5_ASAP7_75t_R         2  0.8    25    16    1330    (-,-) 
  u_rb/g_postproc[0].u_gelu/u_rs/g2506/Y                       -       A1->Y  F     OAI21xp5_ASAP7_75t_R         2  0.8    19    16    1347    (-,-) 
  u_rb/g_postproc[0].u_gelu/u_rs/g2498/Y                       -       A1->Y  F     AO21x2_ASAP7_75t_R           2  2.1    14    30    1377    (-,-) 
  u_rb/g_postproc[0].u_gelu/u_rs/g2493/Y                       -       A1->Y  R     AOI21x1_ASAP7_75t_R          2  1.9    26    17    1394    (-,-) 
  u_rb/g_postproc[0].u_gelu/u_rs/g2490/Y                       -       A2->Y  F     OAI21x1_ASAP7_75t_R          2  1.4    17    14    1408    (-,-) 
  u_rb/g_postproc[0].u_gelu/u_rs/g2487/Y                       -       A->Y   R     XOR2x2_ASAP7_75t_R           3  1.2    12    35    1444    (-,-) 
  u_rb/g_postproc[0].u_gelu/u_rs/g2486/Y                       -       A->Y   F     INVxp67_ASAP7_75t_R          1  0.5     9     8    1452    (-,-) 
  u_rb/g_postproc[0].u_gelu/u_rs/g2481/Y                       -       A1->Y  R     AOI21xp5_ASAP7_75t_R         1  0.3    15    10    1462    (-,-) 
  u_rb/g_postproc[0].u_gelu/u_rs/g40/Y                         -       A->Y   F     NAND2xp33_ASAP7_75t_R        1  0.5    16    12    1474    (-,-) 
  u_rb/g_postproc[0].u_gelu/u_rs/g37/Y                         -       A->Y   F     OR2x2_ASAP7_75t_R            4  2.0    13    27    1501    (-,-) 
  u_rb/g_postproc[0].u_gelu/u_rs/g2468/Y                       -       B->Y   F     OR2x2_ASAP7_75t_R           14  8.3    34    39    1540    (-,-) 
  u_rb/g_postproc[0].u_gelu/u_rs/g2450/Y                       -       A2->Y  R     OAI22xp5_ASAP7_75t_R         1  0.5    25    18    1558    (-,-) 
  u_rb/g17418/Y                                                -       B2->Y  R     AO221x2_ASAP7_75t_R          1  5.0    33    42    1600    (-,-) 
  m_axis_tdata[9]                                              -       -      R     (port)                       -    -     -     0    1600    (-,-) 
#----------------------------------------------------------------------------------------------------------------------------------------------------



Path 3: MET (0 ps) Late External Delay Assertion at pin m_axis_tdata[10]
          Group: clk
     Startpoint: (R) u_rb/g_postproc[0].u_gelu/r4_sat_reg/CLK
          Clock: (R) clk
       Endpoint: (R) m_axis_tdata[10]
          Clock: (R) clk

                     Capture       Launch     
        Clock Edge:+    1650            0     
       Src Latency:+       0            0     
       Net Latency:+       0 (I)        0 (I) 
           Arrival:=    1650            0     
                                              
      Output Delay:-       0                  
       Uncertainty:-      50                  
     Required Time:=    1600                  
      Launch Clock:-       0                  
         Data Path:-    1600                  
             Slack:=       0                  

Exceptions/Constraints:
  output_delay              0              constraints.sdc_line_29_802_1 

#----------------------------------------------------------------------------------------------------------------------------------------------------
#                        Timing Point                          Flags    Arc   Edge          Cell            Fanout Load Trans Delay Arrival Instance 
#                                                                                                                  (fF)  (ps)  (ps)   (ps)  Location 
#----------------------------------------------------------------------------------------------------------------------------------------------------
  u_rb/g_postproc[0].u_gelu/r4_sat_reg/CLK                     -       -      R     (arrival)               170007    -    10     0       0    (-,-) 
  u_rb/g_postproc[0].u_gelu/r4_sat_reg/Q                       -       CLK->Q R     DFFHQx4_ASAP7_75t_R         18  7.2    22    77      77    (-,-) 
  u_rb/g_postproc[0].u_gelu/g2674/Y                            -       B->Y   F     NOR2xp33_ASAP7_75t_R         2  0.9    24    20      97    (-,-) 
  u_rb/g_postproc[0].u_gelu/u_1t/g11593/Y                      -       C->Y   R     NOR4xp25_ASAP7_75t_R         1  0.5    38    28     124    (-,-) 
  u_rb/g_postproc[0].u_gelu/u_1t/g11587/Y                      -       A->Y   F     NAND2xp5_ASAP7_75t_R         1  1.0    20    17     142    (-,-) 
  u_rb/g_postproc[0].u_gelu/u_1t/g11586/Y                      -       B->Y   R     NOR2x1_ASAP7_75t_R           1  1.0    18    14     155    (-,-) 
  u_rb/g_postproc[0].u_gelu/u_1t/g11584/Y                      -       A2->Y  F     OAI21x1_ASAP7_75t_R          3  1.4    16    13     168    (-,-) 
  u_rb/g_postproc[0].u_gelu/u_1t/g11570/Y                      -       B->Y   R     NAND2xp5_ASAP7_75t_R         3  1.4    26    18     186    (-,-) 
  u_rb/g_postproc[0].u_gelu/u_1t/g11541/Y                      -       A->Y   R     AND2x2_ASAP7_75t_R           4  3.3    20    29     215    (-,-) 
  u_rb/g_postproc[0].u_gelu/u_1t/g14089/Y                      -       B->Y   F     NAND2x1p5_ASAP7_75t_R        3  2.2    16    13     228    (-,-) 
  u_rb/g_postproc[0].u_gelu/u_1t/g11516/Y                      -       B->Y   R     NOR2x1_ASAP7_75t_R           2  0.9    15    12     240    (-,-) 
  u_rb/g_postproc[0].u_gelu/u_1t/g11489/Y                      -       B->Y   R     AND2x2_ASAP7_75t_R           2  2.4    16    25     265    (-,-) 
  u_rb/g_postproc[0].u_gelu/u_1t/g14127/Y                      -       A->Y   F     INVx2_ASAP7_75t_R            2  1.5     9     9     274    (-,-) 
  u_rb/g_postproc[0].u_gelu/u_1t/g11459/Y                      -       B1->Y  R     AOI22x1_ASAP7_75t_R          1  1.5    25    17     290    (-,-) 
  u_rb/g_postproc[0].u_gelu/u_1t/g11443/Y                      -       B->Y   F     NAND2x1p5_ASAP7_75t_R        4  3.2    21    17     307    (-,-) 
  u_rb/g_postproc[0].u_gelu/u_1t/g11424/Y                      -       B->Y   F     OR2x2_ASAP7_75t_R            7  4.2    20    34     341    (-,-) 
  u_rb/g_postproc[0].u_gelu/u_1t/g11399/Y                      -       A2->Y  R     OAI22xp5_ASAP7_75t_R         1  0.9    29    19     360    (-,-) 
  u_rb/g_postproc[0].u_gelu/u_1t/sub_75_43_Y_add_76_43_g1655/Y -       B->Y   F     XNOR2x2_ASAP7_75t_R          3  1.2    14    39     399    (-,-) 
  u_rb/g_postproc[0].u_gelu/u_1t/sub_75_43_Y_add_76_43_g1638/Y -       A->Y   R     INVx1_ASAP7_75t_R            1  0.5     9     9     408    (-,-) 
  u_rb/g_postproc[0].u_gelu/u_1t/sub_75_43_Y_add_76_43_g1606/Y -       B->Y   R     AND2x2_ASAP7_75t_R           3  1.5    13    21     429    (-,-) 
  u_rb/g_postproc[0].u_gelu/u_1t/sub_75_43_Y_add_76_43_g1526/Y -       B->Y   F     NAND2xp5_ASAP7_75t_R         1  0.9    17    13     441    (-,-) 
  u_rb/g_postproc[0].u_gelu/u_1t/sub_75_43_Y_add_76_43_g1459/Y -       B->Y   F     XOR2xp5_ASAP7_75t_R          1  1.2    24    24     465    (-,-) 
  u_rb/g_postproc[0].u_gelu/u_1t/g14059/Y                      -       A->Y   R     INVx2_ASAP7_75t_R            5  2.3    16    14     479    (-,-) 
  u_rb/g_postproc[0].u_gelu/u_1t/g13800/Y                      -       B->Y   F     OAI21xp33_ASAP7_75t_R        1  0.5    18    14     493    (-,-) 
  u_rb/g_postproc[0].u_gelu/u_1t/g13713/Y                      -       A1->Y  R     AOI21xp5_ASAP7_75t_R         1  0.6    20    15     508    (-,-) 
  u_rb/g_postproc[0].u_gelu/u_1t/g13642/Y                      -       A2->Y  F     OAI21xp5_ASAP7_75t_R         1  0.5    16    12     520    (-,-) 
  u_rb/g_postproc[0].u_gelu/u_1t/g13615/Y                      -       A->Y   R     NAND2xp5_ASAP7_75t_R         1  0.5    14    12     533    (-,-) 
  u_rb/g_postproc[0].u_gelu/u_1t/g13595/Y                      -       C->Y   F     NAND3xp33_ASAP7_75t_R        1  0.5    18    14     546    (-,-) 
  u_rb/g_postproc[0].u_gelu/u_1t/g13576/Y                      -       A->Y   R     NAND3xp33_ASAP7_75t_R        1  0.5    16    13     559    (-,-) 
  u_rb/g_postproc[0].u_gelu/u_1t/g13548/Y                      -       A1->Y  F     AOI211xp5_ASAP7_75t_R        1  0.5    21    14     574    (-,-) 
  u_rb/g_postproc[0].u_gelu/u_1t/g13534/Y                      -       A2->Y  R     OAI211xp5_ASAP7_75t_R        1  0.6    28    22     596    (-,-) 
  u_rb/g_postproc[0].u_gelu/u_1t/g13528/Y                      -       A2->Y  R     AO21x1_ASAP7_75t_R           2  0.9    13    24     619    (-,-) 
  u_rb/g_postproc[0].u_gelu/u_1t/g13525/Y                      -       B->Y   F     NAND2xp5_ASAP7_75t_R         2  0.9    17    12     632    (-,-) 
  u_rb/g_postproc[0].u_gelu/u_1t/g13520/Y                      -       A1->Y  R     AOI21xp5_ASAP7_75t_R         2  0.9    24    17     648    (-,-) 
  u_rb/g_postproc[0].u_gelu/u_1t/g13517/Y                      -       A2->Y  R     OA21x2_ASAP7_75t_R           2  2.1    15    28     676    (-,-) 
  u_rb/g_postproc[0].u_gelu/u_1t/g58/Y                         -       A1->Y  F     OAI21x1_ASAP7_75t_R          2  2.0    20    14     690    (-,-) 
  u_rb/g_postproc[0].u_gelu/u_1t/g14265/Y                      -       B->Y   R     NAND2x1_ASAP7_75t_R          3  1.4    25    17     707    (-,-) 
  u_rb/g_postproc[0].u_gelu/u_1t/g14131/Y                      -       A->Y   F     INVxp67_ASAP7_75t_R          1  0.5    12    11     718    (-,-) 
  u_rb/g_postproc[0].u_gelu/u_1t/g14130/Y                      -       A1->Y  R     OAI22xp5_ASAP7_75t_R         1  0.9    29    16     734    (-,-) 
  u_rb/g_postproc[0].u_gelu/u_1t/g14129/Y                      -       B->Y   R     XNOR2xp5_ASAP7_75t_R         2  0.8    27    23     757    (-,-) 
  u_rb/g_postproc[0].u_gelu/u_1t/g14359/Y                      -       B->Y   F     NAND3xp33_ASAP7_75t_R        3  1.4    34    24     781    (-,-) 
  u_rb/g_postproc[0].u_gelu/u_1t/g14363/Y                      -       B->Y   F     AND3x1_ASAP7_75t_R           3  1.3    13    26     807    (-,-) 
  u_rb/g_postproc[0].u_gelu/u_1t/g14362/Y                      -       B->Y   F     AND2x2_ASAP7_75t_R           4  2.4    13    24     831    (-,-) 
  u_rb/g_postproc[0].u_gelu/u_1t/g13477/Y                      -       A->Y   R     INVx1_ASAP7_75t_R            4  2.1    22    15     846    (-,-) 
  u_rb/g_postproc[0].u_gelu/u_1t/g13467/Y                      -       A1->Y  F     OAI222xp33_ASAP7_75t_R       3  1.6    46    30     876    (-,-) 
  u_rb/g_postproc[0].u_gelu/u_rs/mul_59_28_g2646/Y             -       A->Y   R     INVx1_ASAP7_75t_R            4  1.8    28    24     900    (-,-) 
  u_rb/g_postproc[0].u_gelu/u_rs/mul_59_28_g2676/Y             -       A1->Y  R     OA22x2_ASAP7_75t_R           9  5.5    30    39     939    (-,-) 
  u_rb/g_postproc[0].u_gelu/u_rs/mul_59_28_g2675/Y             -       B->Y   F     NAND2x1p5_ASAP7_75t_R        7  4.1    25    20     959    (-,-) 
  u_rb/g_postproc[0].u_gelu/u_rs/mul_59_28_g2203/Y             -       A->Y   R     INVx1_ASAP7_75t_R            3  2.8    30    23     981    (-,-) 
  u_rb/g_postproc[0].u_gelu/u_rs/mul_59_28_g2161/Y             -       A2->Y  F     AOI22x1_ASAP7_75t_R          2  2.1    26    19    1001    (-,-) 
  u_rb/g_postproc[0].u_gelu/u_rs/mul_59_28_g2292/Y             -       A->Y   F     XNOR2xp5_ASAP7_75t_R         1  1.0    23    29    1030    (-,-) 
  u_rb/g_postproc[0].u_gelu/u_rs/mul_59_28_g2043/Y             -       B->Y   F     XNOR2xp5_ASAP7_75t_R         2  1.6    30    31    1061    (-,-) 
  u_rb/g_postproc[0].u_gelu/u_rs/mul_59_28_g2001/Y             -       A->Y   R     XNOR2xp5_ASAP7_75t_R         3  1.4    36    26    1086    (-,-) 
  u_rb/g_postproc[0].u_gelu/u_rs/mul_59_28_g1975/Y             -       B->Y   F     NOR2xp33_ASAP7_75t_R         1  0.6    22    20    1107    (-,-) 
  u_rb/g_postproc[0].u_gelu/u_rs/mul_59_28_g1933/Y             -       B->Y   F     AO21x1_ASAP7_75t_R           3  1.8    17    29    1136    (-,-) 
  u_rb/g_postproc[0].u_gelu/u_rs/mul_59_28_g2908/Y             -       A2->Y  F     AO21x1_ASAP7_75t_R           2  1.3    14    25    1161    (-,-) 
  u_rb/g_postproc[0].u_gelu/u_rs/mul_59_28_g2911/Y             -       A2->Y  R     AOI21x1_ASAP7_75t_R          2  1.3    20    15    1176    (-,-) 
  u_rb/g_postproc[0].u_gelu/u_rs/mul_59_28_g2910/Y             -       A2->Y  F     OAI21x1_ASAP7_75t_R          2  2.0    21    15    1191    (-,-) 
  u_rb/g_postproc[0].u_gelu/u_rs/mul_59_28_g1920/Y             -       A1->Y  R     AOI21x1_ASAP7_75t_R          2  0.9    22    14    1206    (-,-) 
  u_rb/g_postproc[0].u_gelu/u_rs/mul_59_28_g1917/Y             -       A2->Y  F     OAI21xp5_ASAP7_75t_R         2  0.9    20    16    1221    (-,-) 
  u_rb/g_postproc[0].u_gelu/u_rs/mul_59_28_g1914/Y             -       A2->Y  F     AO21x1_ASAP7_75t_R           1  0.9    11    24    1245    (-,-) 
  u_rb/g_postproc[0].u_gelu/u_rs/mul_59_28_g1913/Y             -       A->Y   R     XOR2x2_ASAP7_75t_R           4  2.2    16    36    1282    (-,-) 
  u_rb/g_postproc[0].u_gelu/u_rs/g30/Y                         -       A2->Y  R     AO21x2_ASAP7_75t_R           2  1.3    12    23    1305    (-,-) 
  u_rb/g_postproc[0].u_gelu/u_rs/g2522/Y                       -       A2->Y  F     OAI21x1_ASAP7_75t_R          2  0.8    15    10    1315    (-,-) 
  u_rb/g_postproc[0].u_gelu/u_rs/g2514/Y                       -       A1->Y  R     AOI21xp5_ASAP7_75t_R         2  0.8    25    16    1330    (-,-) 
  u_rb/g_postproc[0].u_gelu/u_rs/g2506/Y                       -       A1->Y  F     OAI21xp5_ASAP7_75t_R         2  0.8    19    16    1347    (-,-) 
  u_rb/g_postproc[0].u_gelu/u_rs/g2498/Y                       -       A1->Y  F     AO21x2_ASAP7_75t_R           2  2.1    14    30    1377    (-,-) 
  u_rb/g_postproc[0].u_gelu/u_rs/g2493/Y                       -       A1->Y  R     AOI21x1_ASAP7_75t_R          2  1.9    26    17    1394    (-,-) 
  u_rb/g_postproc[0].u_gelu/u_rs/g2490/Y                       -       A2->Y  F     OAI21x1_ASAP7_75t_R          2  1.4    17    14    1408    (-,-) 
  u_rb/g_postproc[0].u_gelu/u_rs/g2487/Y                       -       A->Y   R     XOR2x2_ASAP7_75t_R           3  1.2    12    35    1444    (-,-) 
  u_rb/g_postproc[0].u_gelu/u_rs/g2486/Y                       -       A->Y   F     INVxp67_ASAP7_75t_R          1  0.5     9     8    1452    (-,-) 
  u_rb/g_postproc[0].u_gelu/u_rs/g2481/Y                       -       A1->Y  R     AOI21xp5_ASAP7_75t_R         1  0.3    15    10    1462    (-,-) 
  u_rb/g_postproc[0].u_gelu/u_rs/g40/Y                         -       A->Y   F     NAND2xp33_ASAP7_75t_R        1  0.5    16    12    1474    (-,-) 
  u_rb/g_postproc[0].u_gelu/u_rs/g37/Y                         -       A->Y   F     OR2x2_ASAP7_75t_R            4  2.0    13    27    1501    (-,-) 
  u_rb/g_postproc[0].u_gelu/u_rs/g2469/Y                       -       B->Y   F     OR2x2_ASAP7_75t_R           15  7.3    30    37    1538    (-,-) 
  u_rb/g_postproc[0].u_gelu/u_rs/g2455/Y                       -       B2->Y  R     OAI22xp5_ASAP7_75t_R         1  0.5    25    20    1558    (-,-) 
  u_rb/g17411/Y                                                -       B2->Y  R     AO221x2_ASAP7_75t_R          1  5.0    33    42    1600    (-,-) 
  m_axis_tdata[10]                                             -       -      R     (port)                       -    -     -     0    1600    (-,-) 
#----------------------------------------------------------------------------------------------------------------------------------------------------



Path 4: MET (0 ps) Late External Delay Assertion at pin m_axis_tdata[10]
          Group: clk
     Startpoint: (R) u_rb/g_postproc[0].u_gelu/r4_sat_reg/CLK
          Clock: (R) clk
       Endpoint: (R) m_axis_tdata[10]
          Clock: (R) clk

                     Capture       Launch     
        Clock Edge:+    1650            0     
       Src Latency:+       0            0     
       Net Latency:+       0 (I)        0 (I) 
           Arrival:=    1650            0     
                                              
      Output Delay:-       0                  
       Uncertainty:-      50                  
     Required Time:=    1600                  
      Launch Clock:-       0                  
         Data Path:-    1600                  
             Slack:=       0                  

Exceptions/Constraints:
  output_delay              0              constraints.sdc_line_29_802_1 

#----------------------------------------------------------------------------------------------------------------------------------------------------
#                        Timing Point                          Flags    Arc   Edge          Cell            Fanout Load Trans Delay Arrival Instance 
#                                                                                                                  (fF)  (ps)  (ps)   (ps)  Location 
#----------------------------------------------------------------------------------------------------------------------------------------------------
  u_rb/g_postproc[0].u_gelu/r4_sat_reg/CLK                     -       -      R     (arrival)               170007    -    10     0       0    (-,-) 
  u_rb/g_postproc[0].u_gelu/r4_sat_reg/Q                       -       CLK->Q R     DFFHQx4_ASAP7_75t_R         18  7.2    22    77      77    (-,-) 
  u_rb/g_postproc[0].u_gelu/g2674/Y                            -       B->Y   F     NOR2xp33_ASAP7_75t_R         2  0.9    24    20      97    (-,-) 
  u_rb/g_postproc[0].u_gelu/u_1t/g11593/Y                      -       C->Y   R     NOR4xp25_ASAP7_75t_R         1  0.5    38    28     124    (-,-) 
  u_rb/g_postproc[0].u_gelu/u_1t/g11587/Y                      -       A->Y   F     NAND2xp5_ASAP7_75t_R         1  1.0    20    17     142    (-,-) 
  u_rb/g_postproc[0].u_gelu/u_1t/g11586/Y                      -       B->Y   R     NOR2x1_ASAP7_75t_R           1  1.0    18    14     155    (-,-) 
  u_rb/g_postproc[0].u_gelu/u_1t/g11584/Y                      -       A2->Y  F     OAI21x1_ASAP7_75t_R          3  1.4    16    13     168    (-,-) 
  u_rb/g_postproc[0].u_gelu/u_1t/g11570/Y                      -       B->Y   R     NAND2xp5_ASAP7_75t_R         3  1.4    26    18     186    (-,-) 
  u_rb/g_postproc[0].u_gelu/u_1t/g11541/Y                      -       A->Y   R     AND2x2_ASAP7_75t_R           4  3.3    20    29     215    (-,-) 
  u_rb/g_postproc[0].u_gelu/u_1t/g14089/Y                      -       B->Y   F     NAND2x1p5_ASAP7_75t_R        3  2.2    16    13     228    (-,-) 
  u_rb/g_postproc[0].u_gelu/u_1t/g11516/Y                      -       B->Y   R     NOR2x1_ASAP7_75t_R           2  0.9    15    12     240    (-,-) 
  u_rb/g_postproc[0].u_gelu/u_1t/g11489/Y                      -       B->Y   R     AND2x2_ASAP7_75t_R           2  2.4    16    25     265    (-,-) 
  u_rb/g_postproc[0].u_gelu/u_1t/g14127/Y                      -       A->Y   F     INVx2_ASAP7_75t_R            2  1.5     9     9     274    (-,-) 
  u_rb/g_postproc[0].u_gelu/u_1t/g11459/Y                      -       B1->Y  R     AOI22x1_ASAP7_75t_R          1  1.5    25    17     290    (-,-) 
  u_rb/g_postproc[0].u_gelu/u_1t/g11443/Y                      -       B->Y   F     NAND2x1p5_ASAP7_75t_R        4  3.2    21    17     307    (-,-) 
  u_rb/g_postproc[0].u_gelu/u_1t/g11424/Y                      -       B->Y   F     OR2x2_ASAP7_75t_R            7  4.2    20    34     341    (-,-) 
  u_rb/g_postproc[0].u_gelu/u_1t/g11399/Y                      -       A2->Y  R     OAI22xp5_ASAP7_75t_R         1  0.9    29    19     360    (-,-) 
  u_rb/g_postproc[0].u_gelu/u_1t/sub_75_43_Y_add_76_43_g1655/Y -       B->Y   F     XNOR2x2_ASAP7_75t_R          3  1.2    14    39     399    (-,-) 
  u_rb/g_postproc[0].u_gelu/u_1t/sub_75_43_Y_add_76_43_g1638/Y -       A->Y   R     INVx1_ASAP7_75t_R            1  0.5     9     9     408    (-,-) 
  u_rb/g_postproc[0].u_gelu/u_1t/sub_75_43_Y_add_76_43_g1606/Y -       B->Y   R     AND2x2_ASAP7_75t_R           3  1.5    13    21     429    (-,-) 
  u_rb/g_postproc[0].u_gelu/u_1t/sub_75_43_Y_add_76_43_g1526/Y -       B->Y   F     NAND2xp5_ASAP7_75t_R         1  0.9    17    13     441    (-,-) 
  u_rb/g_postproc[0].u_gelu/u_1t/sub_75_43_Y_add_76_43_g1459/Y -       B->Y   F     XOR2xp5_ASAP7_75t_R          1  1.2    24    24     465    (-,-) 
  u_rb/g_postproc[0].u_gelu/u_1t/g14059/Y                      -       A->Y   R     INVx2_ASAP7_75t_R            5  2.3    16    14     479    (-,-) 
  u_rb/g_postproc[0].u_gelu/u_1t/g13800/Y                      -       B->Y   F     OAI21xp33_ASAP7_75t_R        1  0.5    18    14     493    (-,-) 
  u_rb/g_postproc[0].u_gelu/u_1t/g13713/Y                      -       A1->Y  R     AOI21xp5_ASAP7_75t_R         1  0.6    20    15     508    (-,-) 
  u_rb/g_postproc[0].u_gelu/u_1t/g13642/Y                      -       A2->Y  F     OAI21xp5_ASAP7_75t_R         1  0.5    16    12     520    (-,-) 
  u_rb/g_postproc[0].u_gelu/u_1t/g13615/Y                      -       A->Y   R     NAND2xp5_ASAP7_75t_R         1  0.5    14    12     533    (-,-) 
  u_rb/g_postproc[0].u_gelu/u_1t/g13595/Y                      -       C->Y   F     NAND3xp33_ASAP7_75t_R        1  0.5    18    14     546    (-,-) 
  u_rb/g_postproc[0].u_gelu/u_1t/g13576/Y                      -       A->Y   R     NAND3xp33_ASAP7_75t_R        1  0.5    16    13     559    (-,-) 
  u_rb/g_postproc[0].u_gelu/u_1t/g13548/Y                      -       A1->Y  F     AOI211xp5_ASAP7_75t_R        1  0.5    21    14     574    (-,-) 
  u_rb/g_postproc[0].u_gelu/u_1t/g13534/Y                      -       A2->Y  R     OAI211xp5_ASAP7_75t_R        1  0.6    28    22     596    (-,-) 
  u_rb/g_postproc[0].u_gelu/u_1t/g13528/Y                      -       A2->Y  R     AO21x1_ASAP7_75t_R           2  0.9    13    24     619    (-,-) 
  u_rb/g_postproc[0].u_gelu/u_1t/g13525/Y                      -       B->Y   F     NAND2xp5_ASAP7_75t_R         2  0.9    17    12     632    (-,-) 
  u_rb/g_postproc[0].u_gelu/u_1t/g13520/Y                      -       A1->Y  R     AOI21xp5_ASAP7_75t_R         2  0.9    24    17     648    (-,-) 
  u_rb/g_postproc[0].u_gelu/u_1t/g13517/Y                      -       A2->Y  R     OA21x2_ASAP7_75t_R           2  2.1    15    28     676    (-,-) 
  u_rb/g_postproc[0].u_gelu/u_1t/g58/Y                         -       A1->Y  F     OAI21x1_ASAP7_75t_R          2  2.0    20    14     690    (-,-) 
  u_rb/g_postproc[0].u_gelu/u_1t/g14265/Y                      -       B->Y   R     NAND2x1_ASAP7_75t_R          3  1.4    25    17     707    (-,-) 
  u_rb/g_postproc[0].u_gelu/u_1t/g14131/Y                      -       A->Y   F     INVxp67_ASAP7_75t_R          1  0.5    12    11     718    (-,-) 
  u_rb/g_postproc[0].u_gelu/u_1t/g14130/Y                      -       A1->Y  R     OAI22xp5_ASAP7_75t_R         1  0.9    29    16     734    (-,-) 
  u_rb/g_postproc[0].u_gelu/u_1t/g14129/Y                      -       B->Y   R     XNOR2xp5_ASAP7_75t_R         2  0.8    27    23     757    (-,-) 
  u_rb/g_postproc[0].u_gelu/u_1t/g14359/Y                      -       B->Y   F     NAND3xp33_ASAP7_75t_R        3  1.4    34    24     781    (-,-) 
  u_rb/g_postproc[0].u_gelu/u_1t/g14363/Y                      -       B->Y   F     AND3x1_ASAP7_75t_R           3  1.3    13    26     807    (-,-) 
  u_rb/g_postproc[0].u_gelu/u_1t/g14362/Y                      -       B->Y   F     AND2x2_ASAP7_75t_R           4  2.4    13    24     831    (-,-) 
  u_rb/g_postproc[0].u_gelu/u_1t/g13477/Y                      -       A->Y   R     INVx1_ASAP7_75t_R            4  2.1    22    15     846    (-,-) 
  u_rb/g_postproc[0].u_gelu/u_1t/g13467/Y                      -       A1->Y  F     OAI222xp33_ASAP7_75t_R       3  1.6    46    30     876    (-,-) 
  u_rb/g_postproc[0].u_gelu/u_rs/mul_59_28_g2646/Y             -       A->Y   R     INVx1_ASAP7_75t_R            4  1.8    28    24     900    (-,-) 
  u_rb/g_postproc[0].u_gelu/u_rs/mul_59_28_g2676/Y             -       A1->Y  R     OA22x2_ASAP7_75t_R           9  5.5    30    39     939    (-,-) 
  u_rb/g_postproc[0].u_gelu/u_rs/mul_59_28_g2675/Y             -       B->Y   F     NAND2x1p5_ASAP7_75t_R        7  4.1    25    20     959    (-,-) 
  u_rb/g_postproc[0].u_gelu/u_rs/mul_59_28_g2203/Y             -       A->Y   R     INVx1_ASAP7_75t_R            3  2.8    30    23     981    (-,-) 
  u_rb/g_postproc[0].u_gelu/u_rs/mul_59_28_g2161/Y             -       A2->Y  F     AOI22x1_ASAP7_75t_R          2  2.1    26    19    1001    (-,-) 
  u_rb/g_postproc[0].u_gelu/u_rs/mul_59_28_g2292/Y             -       A->Y   F     XNOR2xp5_ASAP7_75t_R         1  1.0    23    29    1030    (-,-) 
  u_rb/g_postproc[0].u_gelu/u_rs/mul_59_28_g2043/Y             -       B->Y   F     XNOR2xp5_ASAP7_75t_R         2  1.6    30    31    1061    (-,-) 
  u_rb/g_postproc[0].u_gelu/u_rs/mul_59_28_g2001/Y             -       A->Y   R     XNOR2xp5_ASAP7_75t_R         3  1.4    36    26    1086    (-,-) 
  u_rb/g_postproc[0].u_gelu/u_rs/mul_59_28_g1975/Y             -       B->Y   F     NOR2xp33_ASAP7_75t_R         1  0.6    22    20    1107    (-,-) 
  u_rb/g_postproc[0].u_gelu/u_rs/mul_59_28_g1933/Y             -       B->Y   F     AO21x1_ASAP7_75t_R           3  1.8    17    29    1136    (-,-) 
  u_rb/g_postproc[0].u_gelu/u_rs/mul_59_28_g2908/Y             -       A2->Y  F     AO21x1_ASAP7_75t_R           2  1.3    14    25    1161    (-,-) 
  u_rb/g_postproc[0].u_gelu/u_rs/mul_59_28_g2911/Y             -       A2->Y  R     AOI21x1_ASAP7_75t_R          2  1.3    20    15    1176    (-,-) 
  u_rb/g_postproc[0].u_gelu/u_rs/mul_59_28_g2910/Y             -       A2->Y  F     OAI21x1_ASAP7_75t_R          2  2.0    21    15    1191    (-,-) 
  u_rb/g_postproc[0].u_gelu/u_rs/mul_59_28_g1920/Y             -       A1->Y  R     AOI21x1_ASAP7_75t_R          2  0.9    22    14    1206    (-,-) 
  u_rb/g_postproc[0].u_gelu/u_rs/mul_59_28_g1917/Y             -       A2->Y  F     OAI21xp5_ASAP7_75t_R         2  0.9    20    16    1221    (-,-) 
  u_rb/g_postproc[0].u_gelu/u_rs/mul_59_28_g1914/Y             -       A2->Y  F     AO21x1_ASAP7_75t_R           1  0.9    11    24    1245    (-,-) 
  u_rb/g_postproc[0].u_gelu/u_rs/mul_59_28_g1913/Y             -       A->Y   R     XOR2x2_ASAP7_75t_R           4  2.2    16    36    1282    (-,-) 
  u_rb/g_postproc[0].u_gelu/u_rs/g30/Y                         -       A2->Y  R     AO21x2_ASAP7_75t_R           2  1.3    12    23    1305    (-,-) 
  u_rb/g_postproc[0].u_gelu/u_rs/g2522/Y                       -       A2->Y  F     OAI21x1_ASAP7_75t_R          2  0.8    15    10    1315    (-,-) 
  u_rb/g_postproc[0].u_gelu/u_rs/g2514/Y                       -       A1->Y  R     AOI21xp5_ASAP7_75t_R         2  0.8    25    16    1330    (-,-) 
  u_rb/g_postproc[0].u_gelu/u_rs/g2506/Y                       -       A1->Y  F     OAI21xp5_ASAP7_75t_R         2  0.8    19    16    1347    (-,-) 
  u_rb/g_postproc[0].u_gelu/u_rs/g2498/Y                       -       A1->Y  F     AO21x2_ASAP7_75t_R           2  2.1    14    30    1377    (-,-) 
  u_rb/g_postproc[0].u_gelu/u_rs/g2493/Y                       -       A1->Y  R     AOI21x1_ASAP7_75t_R          2  1.9    26    17    1394    (-,-) 
  u_rb/g_postproc[0].u_gelu/u_rs/g2490/Y                       -       A2->Y  F     OAI21x1_ASAP7_75t_R          2  1.4    17    14    1408    (-,-) 
  u_rb/g_postproc[0].u_gelu/u_rs/g2487/Y                       -       A->Y   R     XOR2x2_ASAP7_75t_R           3  1.2    12    35    1444    (-,-) 
  u_rb/g_postproc[0].u_gelu/u_rs/g2486/Y                       -       A->Y   F     INVxp67_ASAP7_75t_R          1  0.5     9     8    1452    (-,-) 
  u_rb/g_postproc[0].u_gelu/u_rs/g2481/Y                       -       A1->Y  R     AOI21xp5_ASAP7_75t_R         1  0.3    15    10    1462    (-,-) 
  u_rb/g_postproc[0].u_gelu/u_rs/g40/Y                         -       A->Y   F     NAND2xp33_ASAP7_75t_R        1  0.5    16    12    1474    (-,-) 
  u_rb/g_postproc[0].u_gelu/u_rs/g37/Y                         -       A->Y   F     OR2x2_ASAP7_75t_R            4  2.0    13    27    1501    (-,-) 
  u_rb/g_postproc[0].u_gelu/u_rs/g2468/Y                       -       B->Y   F     OR2x2_ASAP7_75t_R           14  8.3    34    39    1540    (-,-) 
  u_rb/g_postproc[0].u_gelu/u_rs/g2455/Y                       -       A2->Y  R     OAI22xp5_ASAP7_75t_R         1  0.5    25    18    1558    (-,-) 
  u_rb/g17411/Y                                                -       B2->Y  R     AO221x2_ASAP7_75t_R          1  5.0    33    42    1600    (-,-) 
  m_axis_tdata[10]                                             -       -      R     (port)                       -    -     -     0    1600    (-,-) 
#----------------------------------------------------------------------------------------------------------------------------------------------------



Path 5: MET (0 ps) Late External Delay Assertion at pin m_axis_tdata[13]
          Group: clk
     Startpoint: (R) u_rb/g_postproc[0].u_gelu/r4_sat_reg/CLK
          Clock: (R) clk
       Endpoint: (R) m_axis_tdata[13]
          Clock: (R) clk

                     Capture       Launch     
        Clock Edge:+    1650            0     
       Src Latency:+       0            0     
       Net Latency:+       0 (I)        0 (I) 
           Arrival:=    1650            0     
                                              
      Output Delay:-       0                  
       Uncertainty:-      50                  
     Required Time:=    1600                  
      Launch Clock:-       0                  
         Data Path:-    1600                  
             Slack:=       0                  

Exceptions/Constraints:
  output_delay              0              constraints.sdc_line_29_799_1 

#----------------------------------------------------------------------------------------------------------------------------------------------------
#                        Timing Point                          Flags    Arc   Edge          Cell            Fanout Load Trans Delay Arrival Instance 
#                                                                                                                  (fF)  (ps)  (ps)   (ps)  Location 
#----------------------------------------------------------------------------------------------------------------------------------------------------
  u_rb/g_postproc[0].u_gelu/r4_sat_reg/CLK                     -       -      R     (arrival)               170007    -    10     0       0    (-,-) 
  u_rb/g_postproc[0].u_gelu/r4_sat_reg/Q                       -       CLK->Q R     DFFHQx4_ASAP7_75t_R         18  7.2    22    77      77    (-,-) 
  u_rb/g_postproc[0].u_gelu/g2674/Y                            -       B->Y   F     NOR2xp33_ASAP7_75t_R         2  0.9    24    20      97    (-,-) 
  u_rb/g_postproc[0].u_gelu/u_1t/g11593/Y                      -       C->Y   R     NOR4xp25_ASAP7_75t_R         1  0.5    38    28     124    (-,-) 
  u_rb/g_postproc[0].u_gelu/u_1t/g11587/Y                      -       A->Y   F     NAND2xp5_ASAP7_75t_R         1  1.0    20    17     142    (-,-) 
  u_rb/g_postproc[0].u_gelu/u_1t/g11586/Y                      -       B->Y   R     NOR2x1_ASAP7_75t_R           1  1.0    18    14     155    (-,-) 
  u_rb/g_postproc[0].u_gelu/u_1t/g11584/Y                      -       A2->Y  F     OAI21x1_ASAP7_75t_R          3  1.4    16    13     168    (-,-) 
  u_rb/g_postproc[0].u_gelu/u_1t/g11570/Y                      -       B->Y   R     NAND2xp5_ASAP7_75t_R         3  1.4    26    18     186    (-,-) 
  u_rb/g_postproc[0].u_gelu/u_1t/g11541/Y                      -       A->Y   R     AND2x2_ASAP7_75t_R           4  3.3    20    29     215    (-,-) 
  u_rb/g_postproc[0].u_gelu/u_1t/g14089/Y                      -       B->Y   F     NAND2x1p5_ASAP7_75t_R        3  2.2    16    13     228    (-,-) 
  u_rb/g_postproc[0].u_gelu/u_1t/g11516/Y                      -       B->Y   R     NOR2x1_ASAP7_75t_R           2  0.9    15    12     240    (-,-) 
  u_rb/g_postproc[0].u_gelu/u_1t/g11489/Y                      -       B->Y   R     AND2x2_ASAP7_75t_R           2  2.4    16    25     265    (-,-) 
  u_rb/g_postproc[0].u_gelu/u_1t/g14127/Y                      -       A->Y   F     INVx2_ASAP7_75t_R            2  1.5     9     9     274    (-,-) 
  u_rb/g_postproc[0].u_gelu/u_1t/g11459/Y                      -       B1->Y  R     AOI22x1_ASAP7_75t_R          1  1.5    25    17     290    (-,-) 
  u_rb/g_postproc[0].u_gelu/u_1t/g11443/Y                      -       B->Y   F     NAND2x1p5_ASAP7_75t_R        4  3.2    21    17     307    (-,-) 
  u_rb/g_postproc[0].u_gelu/u_1t/g11424/Y                      -       B->Y   F     OR2x2_ASAP7_75t_R            7  4.2    20    34     341    (-,-) 
  u_rb/g_postproc[0].u_gelu/u_1t/g11399/Y                      -       A2->Y  R     OAI22xp5_ASAP7_75t_R         1  0.9    29    19     360    (-,-) 
  u_rb/g_postproc[0].u_gelu/u_1t/sub_75_43_Y_add_76_43_g1655/Y -       B->Y   F     XNOR2x2_ASAP7_75t_R          3  1.2    14    39     399    (-,-) 
  u_rb/g_postproc[0].u_gelu/u_1t/sub_75_43_Y_add_76_43_g1638/Y -       A->Y   R     INVx1_ASAP7_75t_R            1  0.5     9     9     408    (-,-) 
  u_rb/g_postproc[0].u_gelu/u_1t/sub_75_43_Y_add_76_43_g1606/Y -       B->Y   R     AND2x2_ASAP7_75t_R           3  1.5    13    21     429    (-,-) 
  u_rb/g_postproc[0].u_gelu/u_1t/sub_75_43_Y_add_76_43_g1526/Y -       B->Y   F     NAND2xp5_ASAP7_75t_R         1  0.9    17    13     441    (-,-) 
  u_rb/g_postproc[0].u_gelu/u_1t/sub_75_43_Y_add_76_43_g1459/Y -       B->Y   F     XOR2xp5_ASAP7_75t_R          1  1.2    24    24     465    (-,-) 
  u_rb/g_postproc[0].u_gelu/u_1t/g14059/Y                      -       A->Y   R     INVx2_ASAP7_75t_R            5  2.3    16    14     479    (-,-) 
  u_rb/g_postproc[0].u_gelu/u_1t/g13800/Y                      -       B->Y   F     OAI21xp33_ASAP7_75t_R        1  0.5    18    14     493    (-,-) 
  u_rb/g_postproc[0].u_gelu/u_1t/g13713/Y                      -       A1->Y  R     AOI21xp5_ASAP7_75t_R         1  0.6    20    15     508    (-,-) 
  u_rb/g_postproc[0].u_gelu/u_1t/g13642/Y                      -       A2->Y  F     OAI21xp5_ASAP7_75t_R         1  0.5    16    12     520    (-,-) 
  u_rb/g_postproc[0].u_gelu/u_1t/g13615/Y                      -       A->Y   R     NAND2xp5_ASAP7_75t_R         1  0.5    14    12     533    (-,-) 
  u_rb/g_postproc[0].u_gelu/u_1t/g13595/Y                      -       C->Y   F     NAND3xp33_ASAP7_75t_R        1  0.5    18    14     546    (-,-) 
  u_rb/g_postproc[0].u_gelu/u_1t/g13576/Y                      -       A->Y   R     NAND3xp33_ASAP7_75t_R        1  0.5    16    13     559    (-,-) 
  u_rb/g_postproc[0].u_gelu/u_1t/g13548/Y                      -       A1->Y  F     AOI211xp5_ASAP7_75t_R        1  0.5    21    14     574    (-,-) 
  u_rb/g_postproc[0].u_gelu/u_1t/g13534/Y                      -       A2->Y  R     OAI211xp5_ASAP7_75t_R        1  0.6    28    22     596    (-,-) 
  u_rb/g_postproc[0].u_gelu/u_1t/g13528/Y                      -       A2->Y  R     AO21x1_ASAP7_75t_R           2  0.9    13    24     619    (-,-) 
  u_rb/g_postproc[0].u_gelu/u_1t/g13525/Y                      -       B->Y   F     NAND2xp5_ASAP7_75t_R         2  0.9    17    12     632    (-,-) 
  u_rb/g_postproc[0].u_gelu/u_1t/g13520/Y                      -       A1->Y  R     AOI21xp5_ASAP7_75t_R         2  0.9    24    17     648    (-,-) 
  u_rb/g_postproc[0].u_gelu/u_1t/g13517/Y                      -       A2->Y  R     OA21x2_ASAP7_75t_R           2  2.1    15    28     676    (-,-) 
  u_rb/g_postproc[0].u_gelu/u_1t/g58/Y                         -       A1->Y  F     OAI21x1_ASAP7_75t_R          2  2.0    20    14     690    (-,-) 
  u_rb/g_postproc[0].u_gelu/u_1t/g14265/Y                      -       B->Y   R     NAND2x1_ASAP7_75t_R          3  1.4    25    17     707    (-,-) 
  u_rb/g_postproc[0].u_gelu/u_1t/g14131/Y                      -       A->Y   F     INVxp67_ASAP7_75t_R          1  0.5    12    11     718    (-,-) 
  u_rb/g_postproc[0].u_gelu/u_1t/g14130/Y                      -       A1->Y  R     OAI22xp5_ASAP7_75t_R         1  0.9    29    16     734    (-,-) 
  u_rb/g_postproc[0].u_gelu/u_1t/g14129/Y                      -       B->Y   R     XNOR2xp5_ASAP7_75t_R         2  0.8    27    23     757    (-,-) 
  u_rb/g_postproc[0].u_gelu/u_1t/g14359/Y                      -       B->Y   F     NAND3xp33_ASAP7_75t_R        3  1.4    34    24     781    (-,-) 
  u_rb/g_postproc[0].u_gelu/u_1t/g14363/Y                      -       B->Y   F     AND3x1_ASAP7_75t_R           3  1.3    13    26     807    (-,-) 
  u_rb/g_postproc[0].u_gelu/u_1t/g14362/Y                      -       B->Y   F     AND2x2_ASAP7_75t_R           4  2.4    13    24     831    (-,-) 
  u_rb/g_postproc[0].u_gelu/u_1t/g13477/Y                      -       A->Y   R     INVx1_ASAP7_75t_R            4  2.1    22    15     846    (-,-) 
  u_rb/g_postproc[0].u_gelu/u_1t/g13467/Y                      -       A1->Y  F     OAI222xp33_ASAP7_75t_R       3  1.6    46    30     876    (-,-) 
  u_rb/g_postproc[0].u_gelu/u_rs/mul_59_28_g2646/Y             -       A->Y   R     INVx1_ASAP7_75t_R            4  1.8    28    24     900    (-,-) 
  u_rb/g_postproc[0].u_gelu/u_rs/mul_59_28_g2676/Y             -       A1->Y  R     OA22x2_ASAP7_75t_R           9  5.5    30    39     939    (-,-) 
  u_rb/g_postproc[0].u_gelu/u_rs/mul_59_28_g2675/Y             -       B->Y   F     NAND2x1p5_ASAP7_75t_R        7  4.1    25    20     959    (-,-) 
  u_rb/g_postproc[0].u_gelu/u_rs/mul_59_28_g2203/Y             -       A->Y   R     INVx1_ASAP7_75t_R            3  2.8    30    23     981    (-,-) 
  u_rb/g_postproc[0].u_gelu/u_rs/mul_59_28_g2161/Y             -       A2->Y  F     AOI22x1_ASAP7_75t_R          2  2.1    26    19    1001    (-,-) 
  u_rb/g_postproc[0].u_gelu/u_rs/mul_59_28_g2292/Y             -       A->Y   F     XNOR2xp5_ASAP7_75t_R         1  1.0    23    29    1030    (-,-) 
  u_rb/g_postproc[0].u_gelu/u_rs/mul_59_28_g2043/Y             -       B->Y   F     XNOR2xp5_ASAP7_75t_R         2  1.6    30    31    1061    (-,-) 
  u_rb/g_postproc[0].u_gelu/u_rs/mul_59_28_g2001/Y             -       A->Y   R     XNOR2xp5_ASAP7_75t_R         3  1.4    36    26    1086    (-,-) 
  u_rb/g_postproc[0].u_gelu/u_rs/mul_59_28_g1975/Y             -       B->Y   F     NOR2xp33_ASAP7_75t_R         1  0.6    22    20    1107    (-,-) 
  u_rb/g_postproc[0].u_gelu/u_rs/mul_59_28_g1933/Y             -       B->Y   F     AO21x1_ASAP7_75t_R           3  1.8    17    29    1136    (-,-) 
  u_rb/g_postproc[0].u_gelu/u_rs/mul_59_28_g2908/Y             -       A2->Y  F     AO21x1_ASAP7_75t_R           2  1.3    14    25    1161    (-,-) 
  u_rb/g_postproc[0].u_gelu/u_rs/mul_59_28_g2911/Y             -       A2->Y  R     AOI21x1_ASAP7_75t_R          2  1.3    20    15    1176    (-,-) 
  u_rb/g_postproc[0].u_gelu/u_rs/mul_59_28_g2910/Y             -       A2->Y  F     OAI21x1_ASAP7_75t_R          2  2.0    21    15    1191    (-,-) 
  u_rb/g_postproc[0].u_gelu/u_rs/mul_59_28_g1920/Y             -       A1->Y  R     AOI21x1_ASAP7_75t_R          2  0.9    22    14    1206    (-,-) 
  u_rb/g_postproc[0].u_gelu/u_rs/mul_59_28_g1917/Y             -       A2->Y  F     OAI21xp5_ASAP7_75t_R         2  0.9    20    16    1221    (-,-) 
  u_rb/g_postproc[0].u_gelu/u_rs/mul_59_28_g1914/Y             -       A2->Y  F     AO21x1_ASAP7_75t_R           1  0.9    11    24    1245    (-,-) 
  u_rb/g_postproc[0].u_gelu/u_rs/mul_59_28_g1913/Y             -       A->Y   R     XOR2x2_ASAP7_75t_R           4  2.2    16    36    1282    (-,-) 
  u_rb/g_postproc[0].u_gelu/u_rs/g30/Y                         -       A2->Y  R     AO21x2_ASAP7_75t_R           2  1.3    12    23    1305    (-,-) 
  u_rb/g_postproc[0].u_gelu/u_rs/g2522/Y                       -       A2->Y  F     OAI21x1_ASAP7_75t_R          2  0.8    15    10    1315    (-,-) 
  u_rb/g_postproc[0].u_gelu/u_rs/g2514/Y                       -       A1->Y  R     AOI21xp5_ASAP7_75t_R         2  0.8    25    16    1330    (-,-) 
  u_rb/g_postproc[0].u_gelu/u_rs/g2506/Y                       -       A1->Y  F     OAI21xp5_ASAP7_75t_R         2  0.8    19    16    1347    (-,-) 
  u_rb/g_postproc[0].u_gelu/u_rs/g2498/Y                       -       A1->Y  F     AO21x2_ASAP7_75t_R           2  2.1    14    30    1377    (-,-) 
  u_rb/g_postproc[0].u_gelu/u_rs/g2493/Y                       -       A1->Y  R     AOI21x1_ASAP7_75t_R          2  1.9    26    17    1394    (-,-) 
  u_rb/g_postproc[0].u_gelu/u_rs/g2490/Y                       -       A2->Y  F     OAI21x1_ASAP7_75t_R          2  1.4    17    14    1408    (-,-) 
  u_rb/g_postproc[0].u_gelu/u_rs/g2487/Y                       -       A->Y   R     XOR2x2_ASAP7_75t_R           3  1.2    12    35    1444    (-,-) 
  u_rb/g_postproc[0].u_gelu/u_rs/g2486/Y                       -       A->Y   F     INVxp67_ASAP7_75t_R          1  0.5     9     8    1452    (-,-) 
  u_rb/g_postproc[0].u_gelu/u_rs/g2481/Y                       -       A1->Y  R     AOI21xp5_ASAP7_75t_R         1  0.3    15    10    1462    (-,-) 
  u_rb/g_postproc[0].u_gelu/u_rs/g40/Y                         -       A->Y   F     NAND2xp33_ASAP7_75t_R        1  0.5    16    12    1474    (-,-) 
  u_rb/g_postproc[0].u_gelu/u_rs/g37/Y                         -       A->Y   F     OR2x2_ASAP7_75t_R            4  2.0    13    27    1501    (-,-) 
  u_rb/g_postproc[0].u_gelu/u_rs/g2469/Y                       -       B->Y   F     OR2x2_ASAP7_75t_R           15  7.3    30    37    1538    (-,-) 
  u_rb/g_postproc[0].u_gelu/u_rs/g2452/Y                       -       B2->Y  R     OAI22xp5_ASAP7_75t_R         1  0.5    25    20    1558    (-,-) 
  u_rb/g17384/Y                                                -       B2->Y  R     AO221x2_ASAP7_75t_R          1  5.0    32    42    1600    (-,-) 
  m_axis_tdata[13]                                             -       -      R     (port)                       -    -     -     0    1600    (-,-) 
#----------------------------------------------------------------------------------------------------------------------------------------------------



Path 6: MET (0 ps) Late External Delay Assertion at pin m_axis_tdata[13]
          Group: clk
     Startpoint: (R) u_rb/g_postproc[0].u_gelu/r4_sat_reg/CLK
          Clock: (R) clk
       Endpoint: (R) m_axis_tdata[13]
          Clock: (R) clk

                     Capture       Launch     
        Clock Edge:+    1650            0     
       Src Latency:+       0            0     
       Net Latency:+       0 (I)        0 (I) 
           Arrival:=    1650            0     
                                              
      Output Delay:-       0                  
       Uncertainty:-      50                  
     Required Time:=    1600                  
      Launch Clock:-       0                  
         Data Path:-    1600                  
             Slack:=       0                  

Exceptions/Constraints:
  output_delay              0              constraints.sdc_line_29_799_1 

#----------------------------------------------------------------------------------------------------------------------------------------------------
#                        Timing Point                          Flags    Arc   Edge          Cell            Fanout Load Trans Delay Arrival Instance 
#                                                                                                                  (fF)  (ps)  (ps)   (ps)  Location 
#----------------------------------------------------------------------------------------------------------------------------------------------------
  u_rb/g_postproc[0].u_gelu/r4_sat_reg/CLK                     -       -      R     (arrival)               170007    -    10     0       0    (-,-) 
  u_rb/g_postproc[0].u_gelu/r4_sat_reg/Q                       -       CLK->Q R     DFFHQx4_ASAP7_75t_R         18  7.2    22    77      77    (-,-) 
  u_rb/g_postproc[0].u_gelu/g2674/Y                            -       B->Y   F     NOR2xp33_ASAP7_75t_R         2  0.9    24    20      97    (-,-) 
  u_rb/g_postproc[0].u_gelu/u_1t/g11593/Y                      -       C->Y   R     NOR4xp25_ASAP7_75t_R         1  0.5    38    28     124    (-,-) 
  u_rb/g_postproc[0].u_gelu/u_1t/g11587/Y                      -       A->Y   F     NAND2xp5_ASAP7_75t_R         1  1.0    20    17     142    (-,-) 
  u_rb/g_postproc[0].u_gelu/u_1t/g11586/Y                      -       B->Y   R     NOR2x1_ASAP7_75t_R           1  1.0    18    14     155    (-,-) 
  u_rb/g_postproc[0].u_gelu/u_1t/g11584/Y                      -       A2->Y  F     OAI21x1_ASAP7_75t_R          3  1.4    16    13     168    (-,-) 
  u_rb/g_postproc[0].u_gelu/u_1t/g11570/Y                      -       B->Y   R     NAND2xp5_ASAP7_75t_R         3  1.4    26    18     186    (-,-) 
  u_rb/g_postproc[0].u_gelu/u_1t/g11541/Y                      -       A->Y   R     AND2x2_ASAP7_75t_R           4  3.3    20    29     215    (-,-) 
  u_rb/g_postproc[0].u_gelu/u_1t/g14089/Y                      -       B->Y   F     NAND2x1p5_ASAP7_75t_R        3  2.2    16    13     228    (-,-) 
  u_rb/g_postproc[0].u_gelu/u_1t/g11516/Y                      -       B->Y   R     NOR2x1_ASAP7_75t_R           2  0.9    15    12     240    (-,-) 
  u_rb/g_postproc[0].u_gelu/u_1t/g11489/Y                      -       B->Y   R     AND2x2_ASAP7_75t_R           2  2.4    16    25     265    (-,-) 
  u_rb/g_postproc[0].u_gelu/u_1t/g14127/Y                      -       A->Y   F     INVx2_ASAP7_75t_R            2  1.5     9     9     274    (-,-) 
  u_rb/g_postproc[0].u_gelu/u_1t/g11459/Y                      -       B1->Y  R     AOI22x1_ASAP7_75t_R          1  1.5    25    17     290    (-,-) 
  u_rb/g_postproc[0].u_gelu/u_1t/g11443/Y                      -       B->Y   F     NAND2x1p5_ASAP7_75t_R        4  3.2    21    17     307    (-,-) 
  u_rb/g_postproc[0].u_gelu/u_1t/g11424/Y                      -       B->Y   F     OR2x2_ASAP7_75t_R            7  4.2    20    34     341    (-,-) 
  u_rb/g_postproc[0].u_gelu/u_1t/g11399/Y                      -       A2->Y  R     OAI22xp5_ASAP7_75t_R         1  0.9    29    19     360    (-,-) 
  u_rb/g_postproc[0].u_gelu/u_1t/sub_75_43_Y_add_76_43_g1655/Y -       B->Y   F     XNOR2x2_ASAP7_75t_R          3  1.2    14    39     399    (-,-) 
  u_rb/g_postproc[0].u_gelu/u_1t/sub_75_43_Y_add_76_43_g1638/Y -       A->Y   R     INVx1_ASAP7_75t_R            1  0.5     9     9     408    (-,-) 
  u_rb/g_postproc[0].u_gelu/u_1t/sub_75_43_Y_add_76_43_g1606/Y -       B->Y   R     AND2x2_ASAP7_75t_R           3  1.5    13    21     429    (-,-) 
  u_rb/g_postproc[0].u_gelu/u_1t/sub_75_43_Y_add_76_43_g1526/Y -       B->Y   F     NAND2xp5_ASAP7_75t_R         1  0.9    17    13     441    (-,-) 
  u_rb/g_postproc[0].u_gelu/u_1t/sub_75_43_Y_add_76_43_g1459/Y -       B->Y   F     XOR2xp5_ASAP7_75t_R          1  1.2    24    24     465    (-,-) 
  u_rb/g_postproc[0].u_gelu/u_1t/g14059/Y                      -       A->Y   R     INVx2_ASAP7_75t_R            5  2.3    16    14     479    (-,-) 
  u_rb/g_postproc[0].u_gelu/u_1t/g13800/Y                      -       B->Y   F     OAI21xp33_ASAP7_75t_R        1  0.5    18    14     493    (-,-) 
  u_rb/g_postproc[0].u_gelu/u_1t/g13713/Y                      -       A1->Y  R     AOI21xp5_ASAP7_75t_R         1  0.6    20    15     508    (-,-) 
  u_rb/g_postproc[0].u_gelu/u_1t/g13642/Y                      -       A2->Y  F     OAI21xp5_ASAP7_75t_R         1  0.5    16    12     520    (-,-) 
  u_rb/g_postproc[0].u_gelu/u_1t/g13615/Y                      -       A->Y   R     NAND2xp5_ASAP7_75t_R         1  0.5    14    12     533    (-,-) 
  u_rb/g_postproc[0].u_gelu/u_1t/g13595/Y                      -       C->Y   F     NAND3xp33_ASAP7_75t_R        1  0.5    18    14     546    (-,-) 
  u_rb/g_postproc[0].u_gelu/u_1t/g13576/Y                      -       A->Y   R     NAND3xp33_ASAP7_75t_R        1  0.5    16    13     559    (-,-) 
  u_rb/g_postproc[0].u_gelu/u_1t/g13548/Y                      -       A1->Y  F     AOI211xp5_ASAP7_75t_R        1  0.5    21    14     574    (-,-) 
  u_rb/g_postproc[0].u_gelu/u_1t/g13534/Y                      -       A2->Y  R     OAI211xp5_ASAP7_75t_R        1  0.6    28    22     596    (-,-) 
  u_rb/g_postproc[0].u_gelu/u_1t/g13528/Y                      -       A2->Y  R     AO21x1_ASAP7_75t_R           2  0.9    13    24     619    (-,-) 
  u_rb/g_postproc[0].u_gelu/u_1t/g13525/Y                      -       B->Y   F     NAND2xp5_ASAP7_75t_R         2  0.9    17    12     632    (-,-) 
  u_rb/g_postproc[0].u_gelu/u_1t/g13520/Y                      -       A1->Y  R     AOI21xp5_ASAP7_75t_R         2  0.9    24    17     648    (-,-) 
  u_rb/g_postproc[0].u_gelu/u_1t/g13517/Y                      -       A2->Y  R     OA21x2_ASAP7_75t_R           2  2.1    15    28     676    (-,-) 
  u_rb/g_postproc[0].u_gelu/u_1t/g58/Y                         -       A1->Y  F     OAI21x1_ASAP7_75t_R          2  2.0    20    14     690    (-,-) 
  u_rb/g_postproc[0].u_gelu/u_1t/g14265/Y                      -       B->Y   R     NAND2x1_ASAP7_75t_R          3  1.4    25    17     707    (-,-) 
  u_rb/g_postproc[0].u_gelu/u_1t/g14131/Y                      -       A->Y   F     INVxp67_ASAP7_75t_R          1  0.5    12    11     718    (-,-) 
  u_rb/g_postproc[0].u_gelu/u_1t/g14130/Y                      -       A1->Y  R     OAI22xp5_ASAP7_75t_R         1  0.9    29    16     734    (-,-) 
  u_rb/g_postproc[0].u_gelu/u_1t/g14129/Y                      -       B->Y   R     XNOR2xp5_ASAP7_75t_R         2  0.8    27    23     757    (-,-) 
  u_rb/g_postproc[0].u_gelu/u_1t/g14359/Y                      -       B->Y   F     NAND3xp33_ASAP7_75t_R        3  1.4    34    24     781    (-,-) 
  u_rb/g_postproc[0].u_gelu/u_1t/g14363/Y                      -       B->Y   F     AND3x1_ASAP7_75t_R           3  1.3    13    26     807    (-,-) 
  u_rb/g_postproc[0].u_gelu/u_1t/g14362/Y                      -       B->Y   F     AND2x2_ASAP7_75t_R           4  2.4    13    24     831    (-,-) 
  u_rb/g_postproc[0].u_gelu/u_1t/g13477/Y                      -       A->Y   R     INVx1_ASAP7_75t_R            4  2.1    22    15     846    (-,-) 
  u_rb/g_postproc[0].u_gelu/u_1t/g13467/Y                      -       A1->Y  F     OAI222xp33_ASAP7_75t_R       3  1.6    46    30     876    (-,-) 
  u_rb/g_postproc[0].u_gelu/u_rs/mul_59_28_g2646/Y             -       A->Y   R     INVx1_ASAP7_75t_R            4  1.8    28    24     900    (-,-) 
  u_rb/g_postproc[0].u_gelu/u_rs/mul_59_28_g2676/Y             -       A1->Y  R     OA22x2_ASAP7_75t_R           9  5.5    30    39     939    (-,-) 
  u_rb/g_postproc[0].u_gelu/u_rs/mul_59_28_g2675/Y             -       B->Y   F     NAND2x1p5_ASAP7_75t_R        7  4.1    25    20     959    (-,-) 
  u_rb/g_postproc[0].u_gelu/u_rs/mul_59_28_g2203/Y             -       A->Y   R     INVx1_ASAP7_75t_R            3  2.8    30    23     981    (-,-) 
  u_rb/g_postproc[0].u_gelu/u_rs/mul_59_28_g2161/Y             -       A2->Y  F     AOI22x1_ASAP7_75t_R          2  2.1    26    19    1001    (-,-) 
  u_rb/g_postproc[0].u_gelu/u_rs/mul_59_28_g2292/Y             -       A->Y   F     XNOR2xp5_ASAP7_75t_R         1  1.0    23    29    1030    (-,-) 
  u_rb/g_postproc[0].u_gelu/u_rs/mul_59_28_g2043/Y             -       B->Y   F     XNOR2xp5_ASAP7_75t_R         2  1.6    30    31    1061    (-,-) 
  u_rb/g_postproc[0].u_gelu/u_rs/mul_59_28_g2001/Y             -       A->Y   R     XNOR2xp5_ASAP7_75t_R         3  1.4    36    26    1086    (-,-) 
  u_rb/g_postproc[0].u_gelu/u_rs/mul_59_28_g1975/Y             -       B->Y   F     NOR2xp33_ASAP7_75t_R         1  0.6    22    20    1107    (-,-) 
  u_rb/g_postproc[0].u_gelu/u_rs/mul_59_28_g1933/Y             -       B->Y   F     AO21x1_ASAP7_75t_R           3  1.8    17    29    1136    (-,-) 
  u_rb/g_postproc[0].u_gelu/u_rs/mul_59_28_g2908/Y             -       A2->Y  F     AO21x1_ASAP7_75t_R           2  1.3    14    25    1161    (-,-) 
  u_rb/g_postproc[0].u_gelu/u_rs/mul_59_28_g2911/Y             -       A2->Y  R     AOI21x1_ASAP7_75t_R          2  1.3    20    15    1176    (-,-) 
  u_rb/g_postproc[0].u_gelu/u_rs/mul_59_28_g2910/Y             -       A2->Y  F     OAI21x1_ASAP7_75t_R          2  2.0    21    15    1191    (-,-) 
  u_rb/g_postproc[0].u_gelu/u_rs/mul_59_28_g1920/Y             -       A1->Y  R     AOI21x1_ASAP7_75t_R          2  0.9    22    14    1206    (-,-) 
  u_rb/g_postproc[0].u_gelu/u_rs/mul_59_28_g1917/Y             -       A2->Y  F     OAI21xp5_ASAP7_75t_R         2  0.9    20    16    1221    (-,-) 
  u_rb/g_postproc[0].u_gelu/u_rs/mul_59_28_g1914/Y             -       A2->Y  F     AO21x1_ASAP7_75t_R           1  0.9    11    24    1245    (-,-) 
  u_rb/g_postproc[0].u_gelu/u_rs/mul_59_28_g1913/Y             -       A->Y   R     XOR2x2_ASAP7_75t_R           4  2.2    16    36    1282    (-,-) 
  u_rb/g_postproc[0].u_gelu/u_rs/g30/Y                         -       A2->Y  R     AO21x2_ASAP7_75t_R           2  1.3    12    23    1305    (-,-) 
  u_rb/g_postproc[0].u_gelu/u_rs/g2522/Y                       -       A2->Y  F     OAI21x1_ASAP7_75t_R          2  0.8    15    10    1315    (-,-) 
  u_rb/g_postproc[0].u_gelu/u_rs/g2514/Y                       -       A1->Y  R     AOI21xp5_ASAP7_75t_R         2  0.8    25    16    1330    (-,-) 
  u_rb/g_postproc[0].u_gelu/u_rs/g2506/Y                       -       A1->Y  F     OAI21xp5_ASAP7_75t_R         2  0.8    19    16    1347    (-,-) 
  u_rb/g_postproc[0].u_gelu/u_rs/g2498/Y                       -       A1->Y  F     AO21x2_ASAP7_75t_R           2  2.1    14    30    1377    (-,-) 
  u_rb/g_postproc[0].u_gelu/u_rs/g2493/Y                       -       A1->Y  R     AOI21x1_ASAP7_75t_R          2  1.9    26    17    1394    (-,-) 
  u_rb/g_postproc[0].u_gelu/u_rs/g2490/Y                       -       A2->Y  F     OAI21x1_ASAP7_75t_R          2  1.4    17    14    1408    (-,-) 
  u_rb/g_postproc[0].u_gelu/u_rs/g2487/Y                       -       A->Y   R     XOR2x2_ASAP7_75t_R           3  1.2    12    35    1444    (-,-) 
  u_rb/g_postproc[0].u_gelu/u_rs/g2486/Y                       -       A->Y   F     INVxp67_ASAP7_75t_R          1  0.5     9     8    1452    (-,-) 
  u_rb/g_postproc[0].u_gelu/u_rs/g2481/Y                       -       A1->Y  R     AOI21xp5_ASAP7_75t_R         1  0.3    15    10    1462    (-,-) 
  u_rb/g_postproc[0].u_gelu/u_rs/g40/Y                         -       A->Y   F     NAND2xp33_ASAP7_75t_R        1  0.5    16    12    1474    (-,-) 
  u_rb/g_postproc[0].u_gelu/u_rs/g37/Y                         -       A->Y   F     OR2x2_ASAP7_75t_R            4  2.0    13    27    1501    (-,-) 
  u_rb/g_postproc[0].u_gelu/u_rs/g2468/Y                       -       B->Y   F     OR2x2_ASAP7_75t_R           14  8.3    34    39    1540    (-,-) 
  u_rb/g_postproc[0].u_gelu/u_rs/g2452/Y                       -       A2->Y  R     OAI22xp5_ASAP7_75t_R         1  0.5    25    18    1558    (-,-) 
  u_rb/g17384/Y                                                -       B2->Y  R     AO221x2_ASAP7_75t_R          1  5.0    32    42    1600    (-,-) 
  m_axis_tdata[13]                                             -       -      R     (port)                       -    -     -     0    1600    (-,-) 
#----------------------------------------------------------------------------------------------------------------------------------------------------



Path 7: MET (0 ps) Late External Delay Assertion at pin m_axis_tdata[14]
          Group: clk
     Startpoint: (R) u_rb/g_postproc[0].u_gelu/r4_sat_reg/CLK
          Clock: (R) clk
       Endpoint: (R) m_axis_tdata[14]
          Clock: (R) clk

                     Capture       Launch     
        Clock Edge:+    1650            0     
       Src Latency:+       0            0     
       Net Latency:+       0 (I)        0 (I) 
           Arrival:=    1650            0     
                                              
      Output Delay:-       0                  
       Uncertainty:-      50                  
     Required Time:=    1600                  
      Launch Clock:-       0                  
         Data Path:-    1600                  
             Slack:=       0                  

Exceptions/Constraints:
  output_delay              0              constraints.sdc_line_29_798_1 

#----------------------------------------------------------------------------------------------------------------------------------------------------
#                        Timing Point                          Flags    Arc   Edge          Cell            Fanout Load Trans Delay Arrival Instance 
#                                                                                                                  (fF)  (ps)  (ps)   (ps)  Location 
#----------------------------------------------------------------------------------------------------------------------------------------------------
  u_rb/g_postproc[0].u_gelu/r4_sat_reg/CLK                     -       -      R     (arrival)               170007    -    10     0       0    (-,-) 
  u_rb/g_postproc[0].u_gelu/r4_sat_reg/Q                       -       CLK->Q R     DFFHQx4_ASAP7_75t_R         18  7.2    22    77      77    (-,-) 
  u_rb/g_postproc[0].u_gelu/g2674/Y                            -       B->Y   F     NOR2xp33_ASAP7_75t_R         2  0.9    24    20      97    (-,-) 
  u_rb/g_postproc[0].u_gelu/u_1t/g11593/Y                      -       C->Y   R     NOR4xp25_ASAP7_75t_R         1  0.5    38    28     124    (-,-) 
  u_rb/g_postproc[0].u_gelu/u_1t/g11587/Y                      -       A->Y   F     NAND2xp5_ASAP7_75t_R         1  1.0    20    17     142    (-,-) 
  u_rb/g_postproc[0].u_gelu/u_1t/g11586/Y                      -       B->Y   R     NOR2x1_ASAP7_75t_R           1  1.0    18    14     155    (-,-) 
  u_rb/g_postproc[0].u_gelu/u_1t/g11584/Y                      -       A2->Y  F     OAI21x1_ASAP7_75t_R          3  1.4    16    13     168    (-,-) 
  u_rb/g_postproc[0].u_gelu/u_1t/g11570/Y                      -       B->Y   R     NAND2xp5_ASAP7_75t_R         3  1.4    26    18     186    (-,-) 
  u_rb/g_postproc[0].u_gelu/u_1t/g11541/Y                      -       A->Y   R     AND2x2_ASAP7_75t_R           4  3.3    20    29     215    (-,-) 
  u_rb/g_postproc[0].u_gelu/u_1t/g14089/Y                      -       B->Y   F     NAND2x1p5_ASAP7_75t_R        3  2.2    16    13     228    (-,-) 
  u_rb/g_postproc[0].u_gelu/u_1t/g11516/Y                      -       B->Y   R     NOR2x1_ASAP7_75t_R           2  0.9    15    12     240    (-,-) 
  u_rb/g_postproc[0].u_gelu/u_1t/g11489/Y                      -       B->Y   R     AND2x2_ASAP7_75t_R           2  2.4    16    25     265    (-,-) 
  u_rb/g_postproc[0].u_gelu/u_1t/g14127/Y                      -       A->Y   F     INVx2_ASAP7_75t_R            2  1.5     9     9     274    (-,-) 
  u_rb/g_postproc[0].u_gelu/u_1t/g11459/Y                      -       B1->Y  R     AOI22x1_ASAP7_75t_R          1  1.5    25    17     290    (-,-) 
  u_rb/g_postproc[0].u_gelu/u_1t/g11443/Y                      -       B->Y   F     NAND2x1p5_ASAP7_75t_R        4  3.2    21    17     307    (-,-) 
  u_rb/g_postproc[0].u_gelu/u_1t/g11424/Y                      -       B->Y   F     OR2x2_ASAP7_75t_R            7  4.2    20    34     341    (-,-) 
  u_rb/g_postproc[0].u_gelu/u_1t/g11399/Y                      -       A2->Y  R     OAI22xp5_ASAP7_75t_R         1  0.9    29    19     360    (-,-) 
  u_rb/g_postproc[0].u_gelu/u_1t/sub_75_43_Y_add_76_43_g1655/Y -       B->Y   F     XNOR2x2_ASAP7_75t_R          3  1.2    14    39     399    (-,-) 
  u_rb/g_postproc[0].u_gelu/u_1t/sub_75_43_Y_add_76_43_g1638/Y -       A->Y   R     INVx1_ASAP7_75t_R            1  0.5     9     9     408    (-,-) 
  u_rb/g_postproc[0].u_gelu/u_1t/sub_75_43_Y_add_76_43_g1606/Y -       B->Y   R     AND2x2_ASAP7_75t_R           3  1.5    13    21     429    (-,-) 
  u_rb/g_postproc[0].u_gelu/u_1t/sub_75_43_Y_add_76_43_g1526/Y -       B->Y   F     NAND2xp5_ASAP7_75t_R         1  0.9    17    13     441    (-,-) 
  u_rb/g_postproc[0].u_gelu/u_1t/sub_75_43_Y_add_76_43_g1459/Y -       B->Y   F     XOR2xp5_ASAP7_75t_R          1  1.2    24    24     465    (-,-) 
  u_rb/g_postproc[0].u_gelu/u_1t/g14059/Y                      -       A->Y   R     INVx2_ASAP7_75t_R            5  2.3    16    14     479    (-,-) 
  u_rb/g_postproc[0].u_gelu/u_1t/g13800/Y                      -       B->Y   F     OAI21xp33_ASAP7_75t_R        1  0.5    18    14     493    (-,-) 
  u_rb/g_postproc[0].u_gelu/u_1t/g13713/Y                      -       A1->Y  R     AOI21xp5_ASAP7_75t_R         1  0.6    20    15     508    (-,-) 
  u_rb/g_postproc[0].u_gelu/u_1t/g13642/Y                      -       A2->Y  F     OAI21xp5_ASAP7_75t_R         1  0.5    16    12     520    (-,-) 
  u_rb/g_postproc[0].u_gelu/u_1t/g13615/Y                      -       A->Y   R     NAND2xp5_ASAP7_75t_R         1  0.5    14    12     533    (-,-) 
  u_rb/g_postproc[0].u_gelu/u_1t/g13595/Y                      -       C->Y   F     NAND3xp33_ASAP7_75t_R        1  0.5    18    14     546    (-,-) 
  u_rb/g_postproc[0].u_gelu/u_1t/g13576/Y                      -       A->Y   R     NAND3xp33_ASAP7_75t_R        1  0.5    16    13     559    (-,-) 
  u_rb/g_postproc[0].u_gelu/u_1t/g13548/Y                      -       A1->Y  F     AOI211xp5_ASAP7_75t_R        1  0.5    21    14     574    (-,-) 
  u_rb/g_postproc[0].u_gelu/u_1t/g13534/Y                      -       A2->Y  R     OAI211xp5_ASAP7_75t_R        1  0.6    28    22     596    (-,-) 
  u_rb/g_postproc[0].u_gelu/u_1t/g13528/Y                      -       A2->Y  R     AO21x1_ASAP7_75t_R           2  0.9    13    24     619    (-,-) 
  u_rb/g_postproc[0].u_gelu/u_1t/g13525/Y                      -       B->Y   F     NAND2xp5_ASAP7_75t_R         2  0.9    17    12     632    (-,-) 
  u_rb/g_postproc[0].u_gelu/u_1t/g13520/Y                      -       A1->Y  R     AOI21xp5_ASAP7_75t_R         2  0.9    24    17     648    (-,-) 
  u_rb/g_postproc[0].u_gelu/u_1t/g13517/Y                      -       A2->Y  R     OA21x2_ASAP7_75t_R           2  2.1    15    28     676    (-,-) 
  u_rb/g_postproc[0].u_gelu/u_1t/g58/Y                         -       A1->Y  F     OAI21x1_ASAP7_75t_R          2  2.0    20    14     690    (-,-) 
  u_rb/g_postproc[0].u_gelu/u_1t/g14265/Y                      -       B->Y   R     NAND2x1_ASAP7_75t_R          3  1.4    25    17     707    (-,-) 
  u_rb/g_postproc[0].u_gelu/u_1t/g14131/Y                      -       A->Y   F     INVxp67_ASAP7_75t_R          1  0.5    12    11     718    (-,-) 
  u_rb/g_postproc[0].u_gelu/u_1t/g14130/Y                      -       A1->Y  R     OAI22xp5_ASAP7_75t_R         1  0.9    29    16     734    (-,-) 
  u_rb/g_postproc[0].u_gelu/u_1t/g14129/Y                      -       B->Y   R     XNOR2xp5_ASAP7_75t_R         2  0.8    27    23     757    (-,-) 
  u_rb/g_postproc[0].u_gelu/u_1t/g14359/Y                      -       B->Y   F     NAND3xp33_ASAP7_75t_R        3  1.4    34    24     781    (-,-) 
  u_rb/g_postproc[0].u_gelu/u_1t/g14363/Y                      -       B->Y   F     AND3x1_ASAP7_75t_R           3  1.3    13    26     807    (-,-) 
  u_rb/g_postproc[0].u_gelu/u_1t/g14362/Y                      -       B->Y   F     AND2x2_ASAP7_75t_R           4  2.4    13    24     831    (-,-) 
  u_rb/g_postproc[0].u_gelu/u_1t/g13477/Y                      -       A->Y   R     INVx1_ASAP7_75t_R            4  2.1    22    15     846    (-,-) 
  u_rb/g_postproc[0].u_gelu/u_1t/g13467/Y                      -       A1->Y  F     OAI222xp33_ASAP7_75t_R       3  1.6    46    30     876    (-,-) 
  u_rb/g_postproc[0].u_gelu/u_rs/mul_59_28_g2646/Y             -       A->Y   R     INVx1_ASAP7_75t_R            4  1.8    28    24     900    (-,-) 
  u_rb/g_postproc[0].u_gelu/u_rs/mul_59_28_g2676/Y             -       A1->Y  R     OA22x2_ASAP7_75t_R           9  5.5    30    39     939    (-,-) 
  u_rb/g_postproc[0].u_gelu/u_rs/mul_59_28_g2675/Y             -       B->Y   F     NAND2x1p5_ASAP7_75t_R        7  4.1    25    20     959    (-,-) 
  u_rb/g_postproc[0].u_gelu/u_rs/mul_59_28_g2203/Y             -       A->Y   R     INVx1_ASAP7_75t_R            3  2.8    30    23     981    (-,-) 
  u_rb/g_postproc[0].u_gelu/u_rs/mul_59_28_g2161/Y             -       A2->Y  F     AOI22x1_ASAP7_75t_R          2  2.1    26    19    1001    (-,-) 
  u_rb/g_postproc[0].u_gelu/u_rs/mul_59_28_g2292/Y             -       A->Y   F     XNOR2xp5_ASAP7_75t_R         1  1.0    23    29    1030    (-,-) 
  u_rb/g_postproc[0].u_gelu/u_rs/mul_59_28_g2043/Y             -       B->Y   F     XNOR2xp5_ASAP7_75t_R         2  1.6    30    31    1061    (-,-) 
  u_rb/g_postproc[0].u_gelu/u_rs/mul_59_28_g2001/Y             -       A->Y   R     XNOR2xp5_ASAP7_75t_R         3  1.4    36    26    1086    (-,-) 
  u_rb/g_postproc[0].u_gelu/u_rs/mul_59_28_g1975/Y             -       B->Y   F     NOR2xp33_ASAP7_75t_R         1  0.6    22    20    1107    (-,-) 
  u_rb/g_postproc[0].u_gelu/u_rs/mul_59_28_g1933/Y             -       B->Y   F     AO21x1_ASAP7_75t_R           3  1.8    17    29    1136    (-,-) 
  u_rb/g_postproc[0].u_gelu/u_rs/mul_59_28_g2908/Y             -       A2->Y  F     AO21x1_ASAP7_75t_R           2  1.3    14    25    1161    (-,-) 
  u_rb/g_postproc[0].u_gelu/u_rs/mul_59_28_g2911/Y             -       A2->Y  R     AOI21x1_ASAP7_75t_R          2  1.3    20    15    1176    (-,-) 
  u_rb/g_postproc[0].u_gelu/u_rs/mul_59_28_g2910/Y             -       A2->Y  F     OAI21x1_ASAP7_75t_R          2  2.0    21    15    1191    (-,-) 
  u_rb/g_postproc[0].u_gelu/u_rs/mul_59_28_g1920/Y             -       A1->Y  R     AOI21x1_ASAP7_75t_R          2  0.9    22    14    1206    (-,-) 
  u_rb/g_postproc[0].u_gelu/u_rs/mul_59_28_g1917/Y             -       A2->Y  F     OAI21xp5_ASAP7_75t_R         2  0.9    20    16    1221    (-,-) 
  u_rb/g_postproc[0].u_gelu/u_rs/mul_59_28_g1914/Y             -       A2->Y  F     AO21x1_ASAP7_75t_R           1  0.9    11    24    1245    (-,-) 
  u_rb/g_postproc[0].u_gelu/u_rs/mul_59_28_g1913/Y             -       A->Y   R     XOR2x2_ASAP7_75t_R           4  2.2    16    36    1282    (-,-) 
  u_rb/g_postproc[0].u_gelu/u_rs/g30/Y                         -       A2->Y  R     AO21x2_ASAP7_75t_R           2  1.3    12    23    1305    (-,-) 
  u_rb/g_postproc[0].u_gelu/u_rs/g2522/Y                       -       A2->Y  F     OAI21x1_ASAP7_75t_R          2  0.8    15    10    1315    (-,-) 
  u_rb/g_postproc[0].u_gelu/u_rs/g2514/Y                       -       A1->Y  R     AOI21xp5_ASAP7_75t_R         2  0.8    25    16    1330    (-,-) 
  u_rb/g_postproc[0].u_gelu/u_rs/g2506/Y                       -       A1->Y  F     OAI21xp5_ASAP7_75t_R         2  0.8    19    16    1347    (-,-) 
  u_rb/g_postproc[0].u_gelu/u_rs/g2498/Y                       -       A1->Y  F     AO21x2_ASAP7_75t_R           2  2.1    14    30    1377    (-,-) 
  u_rb/g_postproc[0].u_gelu/u_rs/g2493/Y                       -       A1->Y  R     AOI21x1_ASAP7_75t_R          2  1.9    26    17    1394    (-,-) 
  u_rb/g_postproc[0].u_gelu/u_rs/g2490/Y                       -       A2->Y  F     OAI21x1_ASAP7_75t_R          2  1.4    17    14    1408    (-,-) 
  u_rb/g_postproc[0].u_gelu/u_rs/g2487/Y                       -       A->Y   R     XOR2x2_ASAP7_75t_R           3  1.2    12    35    1444    (-,-) 
  u_rb/g_postproc[0].u_gelu/u_rs/g2486/Y                       -       A->Y   F     INVxp67_ASAP7_75t_R          1  0.5     9     8    1452    (-,-) 
  u_rb/g_postproc[0].u_gelu/u_rs/g2481/Y                       -       A1->Y  R     AOI21xp5_ASAP7_75t_R         1  0.3    15    10    1462    (-,-) 
  u_rb/g_postproc[0].u_gelu/u_rs/g40/Y                         -       A->Y   F     NAND2xp33_ASAP7_75t_R        1  0.5    16    12    1474    (-,-) 
  u_rb/g_postproc[0].u_gelu/u_rs/g37/Y                         -       A->Y   F     OR2x2_ASAP7_75t_R            4  2.0    13    27    1501    (-,-) 
  u_rb/g_postproc[0].u_gelu/u_rs/g2469/Y                       -       B->Y   F     OR2x2_ASAP7_75t_R           15  7.3    30    37    1538    (-,-) 
  u_rb/g_postproc[0].u_gelu/u_rs/g2451/Y                       -       B2->Y  R     OAI22xp5_ASAP7_75t_R         1  0.5    25    20    1558    (-,-) 
  u_rb/g17377/Y                                                -       B2->Y  R     AO221x2_ASAP7_75t_R          1  5.0    32    42    1600    (-,-) 
  m_axis_tdata[14]                                             -       -      R     (port)                       -    -     -     0    1600    (-,-) 
#----------------------------------------------------------------------------------------------------------------------------------------------------



Path 8: MET (0 ps) Late External Delay Assertion at pin m_axis_tdata[14]
          Group: clk
     Startpoint: (R) u_rb/g_postproc[0].u_gelu/r4_sat_reg/CLK
          Clock: (R) clk
       Endpoint: (R) m_axis_tdata[14]
          Clock: (R) clk

                     Capture       Launch     
        Clock Edge:+    1650            0     
       Src Latency:+       0            0     
       Net Latency:+       0 (I)        0 (I) 
           Arrival:=    1650            0     
                                              
      Output Delay:-       0                  
       Uncertainty:-      50                  
     Required Time:=    1600                  
      Launch Clock:-       0                  
         Data Path:-    1600                  
             Slack:=       0                  

Exceptions/Constraints:
  output_delay              0              constraints.sdc_line_29_798_1 

#----------------------------------------------------------------------------------------------------------------------------------------------------
#                        Timing Point                          Flags    Arc   Edge          Cell            Fanout Load Trans Delay Arrival Instance 
#                                                                                                                  (fF)  (ps)  (ps)   (ps)  Location 
#----------------------------------------------------------------------------------------------------------------------------------------------------
  u_rb/g_postproc[0].u_gelu/r4_sat_reg/CLK                     -       -      R     (arrival)               170007    -    10     0       0    (-,-) 
  u_rb/g_postproc[0].u_gelu/r4_sat_reg/Q                       -       CLK->Q R     DFFHQx4_ASAP7_75t_R         18  7.2    22    77      77    (-,-) 
  u_rb/g_postproc[0].u_gelu/g2674/Y                            -       B->Y   F     NOR2xp33_ASAP7_75t_R         2  0.9    24    20      97    (-,-) 
  u_rb/g_postproc[0].u_gelu/u_1t/g11593/Y                      -       C->Y   R     NOR4xp25_ASAP7_75t_R         1  0.5    38    28     124    (-,-) 
  u_rb/g_postproc[0].u_gelu/u_1t/g11587/Y                      -       A->Y   F     NAND2xp5_ASAP7_75t_R         1  1.0    20    17     142    (-,-) 
  u_rb/g_postproc[0].u_gelu/u_1t/g11586/Y                      -       B->Y   R     NOR2x1_ASAP7_75t_R           1  1.0    18    14     155    (-,-) 
  u_rb/g_postproc[0].u_gelu/u_1t/g11584/Y                      -       A2->Y  F     OAI21x1_ASAP7_75t_R          3  1.4    16    13     168    (-,-) 
  u_rb/g_postproc[0].u_gelu/u_1t/g11570/Y                      -       B->Y   R     NAND2xp5_ASAP7_75t_R         3  1.4    26    18     186    (-,-) 
  u_rb/g_postproc[0].u_gelu/u_1t/g11541/Y                      -       A->Y   R     AND2x2_ASAP7_75t_R           4  3.3    20    29     215    (-,-) 
  u_rb/g_postproc[0].u_gelu/u_1t/g14089/Y                      -       B->Y   F     NAND2x1p5_ASAP7_75t_R        3  2.2    16    13     228    (-,-) 
  u_rb/g_postproc[0].u_gelu/u_1t/g11516/Y                      -       B->Y   R     NOR2x1_ASAP7_75t_R           2  0.9    15    12     240    (-,-) 
  u_rb/g_postproc[0].u_gelu/u_1t/g11489/Y                      -       B->Y   R     AND2x2_ASAP7_75t_R           2  2.4    16    25     265    (-,-) 
  u_rb/g_postproc[0].u_gelu/u_1t/g14127/Y                      -       A->Y   F     INVx2_ASAP7_75t_R            2  1.5     9     9     274    (-,-) 
  u_rb/g_postproc[0].u_gelu/u_1t/g11459/Y                      -       B1->Y  R     AOI22x1_ASAP7_75t_R          1  1.5    25    17     290    (-,-) 
  u_rb/g_postproc[0].u_gelu/u_1t/g11443/Y                      -       B->Y   F     NAND2x1p5_ASAP7_75t_R        4  3.2    21    17     307    (-,-) 
  u_rb/g_postproc[0].u_gelu/u_1t/g11424/Y                      -       B->Y   F     OR2x2_ASAP7_75t_R            7  4.2    20    34     341    (-,-) 
  u_rb/g_postproc[0].u_gelu/u_1t/g11399/Y                      -       A2->Y  R     OAI22xp5_ASAP7_75t_R         1  0.9    29    19     360    (-,-) 
  u_rb/g_postproc[0].u_gelu/u_1t/sub_75_43_Y_add_76_43_g1655/Y -       B->Y   F     XNOR2x2_ASAP7_75t_R          3  1.2    14    39     399    (-,-) 
  u_rb/g_postproc[0].u_gelu/u_1t/sub_75_43_Y_add_76_43_g1638/Y -       A->Y   R     INVx1_ASAP7_75t_R            1  0.5     9     9     408    (-,-) 
  u_rb/g_postproc[0].u_gelu/u_1t/sub_75_43_Y_add_76_43_g1606/Y -       B->Y   R     AND2x2_ASAP7_75t_R           3  1.5    13    21     429    (-,-) 
  u_rb/g_postproc[0].u_gelu/u_1t/sub_75_43_Y_add_76_43_g1526/Y -       B->Y   F     NAND2xp5_ASAP7_75t_R         1  0.9    17    13     441    (-,-) 
  u_rb/g_postproc[0].u_gelu/u_1t/sub_75_43_Y_add_76_43_g1459/Y -       B->Y   F     XOR2xp5_ASAP7_75t_R          1  1.2    24    24     465    (-,-) 
  u_rb/g_postproc[0].u_gelu/u_1t/g14059/Y                      -       A->Y   R     INVx2_ASAP7_75t_R            5  2.3    16    14     479    (-,-) 
  u_rb/g_postproc[0].u_gelu/u_1t/g13800/Y                      -       B->Y   F     OAI21xp33_ASAP7_75t_R        1  0.5    18    14     493    (-,-) 
  u_rb/g_postproc[0].u_gelu/u_1t/g13713/Y                      -       A1->Y  R     AOI21xp5_ASAP7_75t_R         1  0.6    20    15     508    (-,-) 
  u_rb/g_postproc[0].u_gelu/u_1t/g13642/Y                      -       A2->Y  F     OAI21xp5_ASAP7_75t_R         1  0.5    16    12     520    (-,-) 
  u_rb/g_postproc[0].u_gelu/u_1t/g13615/Y                      -       A->Y   R     NAND2xp5_ASAP7_75t_R         1  0.5    14    12     533    (-,-) 
  u_rb/g_postproc[0].u_gelu/u_1t/g13595/Y                      -       C->Y   F     NAND3xp33_ASAP7_75t_R        1  0.5    18    14     546    (-,-) 
  u_rb/g_postproc[0].u_gelu/u_1t/g13576/Y                      -       A->Y   R     NAND3xp33_ASAP7_75t_R        1  0.5    16    13     559    (-,-) 
  u_rb/g_postproc[0].u_gelu/u_1t/g13548/Y                      -       A1->Y  F     AOI211xp5_ASAP7_75t_R        1  0.5    21    14     574    (-,-) 
  u_rb/g_postproc[0].u_gelu/u_1t/g13534/Y                      -       A2->Y  R     OAI211xp5_ASAP7_75t_R        1  0.6    28    22     596    (-,-) 
  u_rb/g_postproc[0].u_gelu/u_1t/g13528/Y                      -       A2->Y  R     AO21x1_ASAP7_75t_R           2  0.9    13    24     619    (-,-) 
  u_rb/g_postproc[0].u_gelu/u_1t/g13525/Y                      -       B->Y   F     NAND2xp5_ASAP7_75t_R         2  0.9    17    12     632    (-,-) 
  u_rb/g_postproc[0].u_gelu/u_1t/g13520/Y                      -       A1->Y  R     AOI21xp5_ASAP7_75t_R         2  0.9    24    17     648    (-,-) 
  u_rb/g_postproc[0].u_gelu/u_1t/g13517/Y                      -       A2->Y  R     OA21x2_ASAP7_75t_R           2  2.1    15    28     676    (-,-) 
  u_rb/g_postproc[0].u_gelu/u_1t/g58/Y                         -       A1->Y  F     OAI21x1_ASAP7_75t_R          2  2.0    20    14     690    (-,-) 
  u_rb/g_postproc[0].u_gelu/u_1t/g14265/Y                      -       B->Y   R     NAND2x1_ASAP7_75t_R          3  1.4    25    17     707    (-,-) 
  u_rb/g_postproc[0].u_gelu/u_1t/g14131/Y                      -       A->Y   F     INVxp67_ASAP7_75t_R          1  0.5    12    11     718    (-,-) 
  u_rb/g_postproc[0].u_gelu/u_1t/g14130/Y                      -       A1->Y  R     OAI22xp5_ASAP7_75t_R         1  0.9    29    16     734    (-,-) 
  u_rb/g_postproc[0].u_gelu/u_1t/g14129/Y                      -       B->Y   R     XNOR2xp5_ASAP7_75t_R         2  0.8    27    23     757    (-,-) 
  u_rb/g_postproc[0].u_gelu/u_1t/g14359/Y                      -       B->Y   F     NAND3xp33_ASAP7_75t_R        3  1.4    34    24     781    (-,-) 
  u_rb/g_postproc[0].u_gelu/u_1t/g14363/Y                      -       B->Y   F     AND3x1_ASAP7_75t_R           3  1.3    13    26     807    (-,-) 
  u_rb/g_postproc[0].u_gelu/u_1t/g14362/Y                      -       B->Y   F     AND2x2_ASAP7_75t_R           4  2.4    13    24     831    (-,-) 
  u_rb/g_postproc[0].u_gelu/u_1t/g13477/Y                      -       A->Y   R     INVx1_ASAP7_75t_R            4  2.1    22    15     846    (-,-) 
  u_rb/g_postproc[0].u_gelu/u_1t/g13467/Y                      -       A1->Y  F     OAI222xp33_ASAP7_75t_R       3  1.6    46    30     876    (-,-) 
  u_rb/g_postproc[0].u_gelu/u_rs/mul_59_28_g2646/Y             -       A->Y   R     INVx1_ASAP7_75t_R            4  1.8    28    24     900    (-,-) 
  u_rb/g_postproc[0].u_gelu/u_rs/mul_59_28_g2676/Y             -       A1->Y  R     OA22x2_ASAP7_75t_R           9  5.5    30    39     939    (-,-) 
  u_rb/g_postproc[0].u_gelu/u_rs/mul_59_28_g2675/Y             -       B->Y   F     NAND2x1p5_ASAP7_75t_R        7  4.1    25    20     959    (-,-) 
  u_rb/g_postproc[0].u_gelu/u_rs/mul_59_28_g2203/Y             -       A->Y   R     INVx1_ASAP7_75t_R            3  2.8    30    23     981    (-,-) 
  u_rb/g_postproc[0].u_gelu/u_rs/mul_59_28_g2161/Y             -       A2->Y  F     AOI22x1_ASAP7_75t_R          2  2.1    26    19    1001    (-,-) 
  u_rb/g_postproc[0].u_gelu/u_rs/mul_59_28_g2292/Y             -       A->Y   F     XNOR2xp5_ASAP7_75t_R         1  1.0    23    29    1030    (-,-) 
  u_rb/g_postproc[0].u_gelu/u_rs/mul_59_28_g2043/Y             -       B->Y   F     XNOR2xp5_ASAP7_75t_R         2  1.6    30    31    1061    (-,-) 
  u_rb/g_postproc[0].u_gelu/u_rs/mul_59_28_g2001/Y             -       A->Y   R     XNOR2xp5_ASAP7_75t_R         3  1.4    36    26    1086    (-,-) 
  u_rb/g_postproc[0].u_gelu/u_rs/mul_59_28_g1975/Y             -       B->Y   F     NOR2xp33_ASAP7_75t_R         1  0.6    22    20    1107    (-,-) 
  u_rb/g_postproc[0].u_gelu/u_rs/mul_59_28_g1933/Y             -       B->Y   F     AO21x1_ASAP7_75t_R           3  1.8    17    29    1136    (-,-) 
  u_rb/g_postproc[0].u_gelu/u_rs/mul_59_28_g2908/Y             -       A2->Y  F     AO21x1_ASAP7_75t_R           2  1.3    14    25    1161    (-,-) 
  u_rb/g_postproc[0].u_gelu/u_rs/mul_59_28_g2911/Y             -       A2->Y  R     AOI21x1_ASAP7_75t_R          2  1.3    20    15    1176    (-,-) 
  u_rb/g_postproc[0].u_gelu/u_rs/mul_59_28_g2910/Y             -       A2->Y  F     OAI21x1_ASAP7_75t_R          2  2.0    21    15    1191    (-,-) 
  u_rb/g_postproc[0].u_gelu/u_rs/mul_59_28_g1920/Y             -       A1->Y  R     AOI21x1_ASAP7_75t_R          2  0.9    22    14    1206    (-,-) 
  u_rb/g_postproc[0].u_gelu/u_rs/mul_59_28_g1917/Y             -       A2->Y  F     OAI21xp5_ASAP7_75t_R         2  0.9    20    16    1221    (-,-) 
  u_rb/g_postproc[0].u_gelu/u_rs/mul_59_28_g1914/Y             -       A2->Y  F     AO21x1_ASAP7_75t_R           1  0.9    11    24    1245    (-,-) 
  u_rb/g_postproc[0].u_gelu/u_rs/mul_59_28_g1913/Y             -       A->Y   R     XOR2x2_ASAP7_75t_R           4  2.2    16    36    1282    (-,-) 
  u_rb/g_postproc[0].u_gelu/u_rs/g30/Y                         -       A2->Y  R     AO21x2_ASAP7_75t_R           2  1.3    12    23    1305    (-,-) 
  u_rb/g_postproc[0].u_gelu/u_rs/g2522/Y                       -       A2->Y  F     OAI21x1_ASAP7_75t_R          2  0.8    15    10    1315    (-,-) 
  u_rb/g_postproc[0].u_gelu/u_rs/g2514/Y                       -       A1->Y  R     AOI21xp5_ASAP7_75t_R         2  0.8    25    16    1330    (-,-) 
  u_rb/g_postproc[0].u_gelu/u_rs/g2506/Y                       -       A1->Y  F     OAI21xp5_ASAP7_75t_R         2  0.8    19    16    1347    (-,-) 
  u_rb/g_postproc[0].u_gelu/u_rs/g2498/Y                       -       A1->Y  F     AO21x2_ASAP7_75t_R           2  2.1    14    30    1377    (-,-) 
  u_rb/g_postproc[0].u_gelu/u_rs/g2493/Y                       -       A1->Y  R     AOI21x1_ASAP7_75t_R          2  1.9    26    17    1394    (-,-) 
  u_rb/g_postproc[0].u_gelu/u_rs/g2490/Y                       -       A2->Y  F     OAI21x1_ASAP7_75t_R          2  1.4    17    14    1408    (-,-) 
  u_rb/g_postproc[0].u_gelu/u_rs/g2487/Y                       -       A->Y   R     XOR2x2_ASAP7_75t_R           3  1.2    12    35    1444    (-,-) 
  u_rb/g_postproc[0].u_gelu/u_rs/g2486/Y                       -       A->Y   F     INVxp67_ASAP7_75t_R          1  0.5     9     8    1452    (-,-) 
  u_rb/g_postproc[0].u_gelu/u_rs/g2481/Y                       -       A1->Y  R     AOI21xp5_ASAP7_75t_R         1  0.3    15    10    1462    (-,-) 
  u_rb/g_postproc[0].u_gelu/u_rs/g40/Y                         -       A->Y   F     NAND2xp33_ASAP7_75t_R        1  0.5    16    12    1474    (-,-) 
  u_rb/g_postproc[0].u_gelu/u_rs/g37/Y                         -       A->Y   F     OR2x2_ASAP7_75t_R            4  2.0    13    27    1501    (-,-) 
  u_rb/g_postproc[0].u_gelu/u_rs/g2468/Y                       -       B->Y   F     OR2x2_ASAP7_75t_R           14  8.3    34    39    1540    (-,-) 
  u_rb/g_postproc[0].u_gelu/u_rs/g2451/Y                       -       A2->Y  R     OAI22xp5_ASAP7_75t_R         1  0.5    25    18    1558    (-,-) 
  u_rb/g17377/Y                                                -       B2->Y  R     AO221x2_ASAP7_75t_R          1  5.0    32    42    1600    (-,-) 
  m_axis_tdata[14]                                             -       -      R     (port)                       -    -     -     0    1600    (-,-) 
#----------------------------------------------------------------------------------------------------------------------------------------------------



Path 9: MET (0 ps) Late External Delay Assertion at pin m_axis_tdata[15]
          Group: clk
     Startpoint: (R) u_rb/g_postproc[0].u_gelu/r4_sat_reg/CLK
          Clock: (R) clk
       Endpoint: (R) m_axis_tdata[15]
          Clock: (R) clk

                     Capture       Launch     
        Clock Edge:+    1650            0     
       Src Latency:+       0            0     
       Net Latency:+       0 (I)        0 (I) 
           Arrival:=    1650            0     
                                              
      Output Delay:-       0                  
       Uncertainty:-      50                  
     Required Time:=    1600                  
      Launch Clock:-       0                  
         Data Path:-    1600                  
             Slack:=       0                  

Exceptions/Constraints:
  output_delay              0              constraints.sdc_line_29_797_1 

#----------------------------------------------------------------------------------------------------------------------------------------------------
#                        Timing Point                          Flags    Arc   Edge          Cell            Fanout Load Trans Delay Arrival Instance 
#                                                                                                                  (fF)  (ps)  (ps)   (ps)  Location 
#----------------------------------------------------------------------------------------------------------------------------------------------------
  u_rb/g_postproc[0].u_gelu/r4_sat_reg/CLK                     -       -      R     (arrival)               170007    -    10     0       0    (-,-) 
  u_rb/g_postproc[0].u_gelu/r4_sat_reg/Q                       -       CLK->Q R     DFFHQx4_ASAP7_75t_R         18  7.2    22    77      77    (-,-) 
  u_rb/g_postproc[0].u_gelu/g2674/Y                            -       B->Y   F     NOR2xp33_ASAP7_75t_R         2  0.9    24    20      97    (-,-) 
  u_rb/g_postproc[0].u_gelu/u_1t/g11593/Y                      -       C->Y   R     NOR4xp25_ASAP7_75t_R         1  0.5    38    28     124    (-,-) 
  u_rb/g_postproc[0].u_gelu/u_1t/g11587/Y                      -       A->Y   F     NAND2xp5_ASAP7_75t_R         1  1.0    20    17     142    (-,-) 
  u_rb/g_postproc[0].u_gelu/u_1t/g11586/Y                      -       B->Y   R     NOR2x1_ASAP7_75t_R           1  1.0    18    14     155    (-,-) 
  u_rb/g_postproc[0].u_gelu/u_1t/g11584/Y                      -       A2->Y  F     OAI21x1_ASAP7_75t_R          3  1.4    16    13     168    (-,-) 
  u_rb/g_postproc[0].u_gelu/u_1t/g11570/Y                      -       B->Y   R     NAND2xp5_ASAP7_75t_R         3  1.4    26    18     186    (-,-) 
  u_rb/g_postproc[0].u_gelu/u_1t/g11541/Y                      -       A->Y   R     AND2x2_ASAP7_75t_R           4  3.3    20    29     215    (-,-) 
  u_rb/g_postproc[0].u_gelu/u_1t/g14089/Y                      -       B->Y   F     NAND2x1p5_ASAP7_75t_R        3  2.2    16    13     228    (-,-) 
  u_rb/g_postproc[0].u_gelu/u_1t/g11516/Y                      -       B->Y   R     NOR2x1_ASAP7_75t_R           2  0.9    15    12     240    (-,-) 
  u_rb/g_postproc[0].u_gelu/u_1t/g11489/Y                      -       B->Y   R     AND2x2_ASAP7_75t_R           2  2.4    16    25     265    (-,-) 
  u_rb/g_postproc[0].u_gelu/u_1t/g14127/Y                      -       A->Y   F     INVx2_ASAP7_75t_R            2  1.5     9     9     274    (-,-) 
  u_rb/g_postproc[0].u_gelu/u_1t/g11459/Y                      -       B1->Y  R     AOI22x1_ASAP7_75t_R          1  1.5    25    17     290    (-,-) 
  u_rb/g_postproc[0].u_gelu/u_1t/g11443/Y                      -       B->Y   F     NAND2x1p5_ASAP7_75t_R        4  3.2    21    17     307    (-,-) 
  u_rb/g_postproc[0].u_gelu/u_1t/g11424/Y                      -       B->Y   F     OR2x2_ASAP7_75t_R            7  4.2    20    34     341    (-,-) 
  u_rb/g_postproc[0].u_gelu/u_1t/g11399/Y                      -       A2->Y  R     OAI22xp5_ASAP7_75t_R         1  0.9    29    19     360    (-,-) 
  u_rb/g_postproc[0].u_gelu/u_1t/sub_75_43_Y_add_76_43_g1655/Y -       B->Y   F     XNOR2x2_ASAP7_75t_R          3  1.2    14    39     399    (-,-) 
  u_rb/g_postproc[0].u_gelu/u_1t/sub_75_43_Y_add_76_43_g1638/Y -       A->Y   R     INVx1_ASAP7_75t_R            1  0.5     9     9     408    (-,-) 
  u_rb/g_postproc[0].u_gelu/u_1t/sub_75_43_Y_add_76_43_g1606/Y -       B->Y   R     AND2x2_ASAP7_75t_R           3  1.5    13    21     429    (-,-) 
  u_rb/g_postproc[0].u_gelu/u_1t/sub_75_43_Y_add_76_43_g1526/Y -       B->Y   F     NAND2xp5_ASAP7_75t_R         1  0.9    17    13     441    (-,-) 
  u_rb/g_postproc[0].u_gelu/u_1t/sub_75_43_Y_add_76_43_g1459/Y -       B->Y   F     XOR2xp5_ASAP7_75t_R          1  1.2    24    24     465    (-,-) 
  u_rb/g_postproc[0].u_gelu/u_1t/g14059/Y                      -       A->Y   R     INVx2_ASAP7_75t_R            5  2.3    16    14     479    (-,-) 
  u_rb/g_postproc[0].u_gelu/u_1t/g13800/Y                      -       B->Y   F     OAI21xp33_ASAP7_75t_R        1  0.5    18    14     493    (-,-) 
  u_rb/g_postproc[0].u_gelu/u_1t/g13713/Y                      -       A1->Y  R     AOI21xp5_ASAP7_75t_R         1  0.6    20    15     508    (-,-) 
  u_rb/g_postproc[0].u_gelu/u_1t/g13642/Y                      -       A2->Y  F     OAI21xp5_ASAP7_75t_R         1  0.5    16    12     520    (-,-) 
  u_rb/g_postproc[0].u_gelu/u_1t/g13615/Y                      -       A->Y   R     NAND2xp5_ASAP7_75t_R         1  0.5    14    12     533    (-,-) 
  u_rb/g_postproc[0].u_gelu/u_1t/g13595/Y                      -       C->Y   F     NAND3xp33_ASAP7_75t_R        1  0.5    18    14     546    (-,-) 
  u_rb/g_postproc[0].u_gelu/u_1t/g13576/Y                      -       A->Y   R     NAND3xp33_ASAP7_75t_R        1  0.5    16    13     559    (-,-) 
  u_rb/g_postproc[0].u_gelu/u_1t/g13548/Y                      -       A1->Y  F     AOI211xp5_ASAP7_75t_R        1  0.5    21    14     574    (-,-) 
  u_rb/g_postproc[0].u_gelu/u_1t/g13534/Y                      -       A2->Y  R     OAI211xp5_ASAP7_75t_R        1  0.6    28    22     596    (-,-) 
  u_rb/g_postproc[0].u_gelu/u_1t/g13528/Y                      -       A2->Y  R     AO21x1_ASAP7_75t_R           2  0.9    13    24     619    (-,-) 
  u_rb/g_postproc[0].u_gelu/u_1t/g13525/Y                      -       B->Y   F     NAND2xp5_ASAP7_75t_R         2  0.9    17    12     632    (-,-) 
  u_rb/g_postproc[0].u_gelu/u_1t/g13520/Y                      -       A1->Y  R     AOI21xp5_ASAP7_75t_R         2  0.9    24    17     648    (-,-) 
  u_rb/g_postproc[0].u_gelu/u_1t/g13517/Y                      -       A2->Y  R     OA21x2_ASAP7_75t_R           2  2.1    15    28     676    (-,-) 
  u_rb/g_postproc[0].u_gelu/u_1t/g58/Y                         -       A1->Y  F     OAI21x1_ASAP7_75t_R          2  2.0    20    14     690    (-,-) 
  u_rb/g_postproc[0].u_gelu/u_1t/g14265/Y                      -       B->Y   R     NAND2x1_ASAP7_75t_R          3  1.4    25    17     707    (-,-) 
  u_rb/g_postproc[0].u_gelu/u_1t/g14131/Y                      -       A->Y   F     INVxp67_ASAP7_75t_R          1  0.5    12    11     718    (-,-) 
  u_rb/g_postproc[0].u_gelu/u_1t/g14130/Y                      -       A1->Y  R     OAI22xp5_ASAP7_75t_R         1  0.9    29    16     734    (-,-) 
  u_rb/g_postproc[0].u_gelu/u_1t/g14129/Y                      -       B->Y   R     XNOR2xp5_ASAP7_75t_R         2  0.8    27    23     757    (-,-) 
  u_rb/g_postproc[0].u_gelu/u_1t/g14359/Y                      -       B->Y   F     NAND3xp33_ASAP7_75t_R        3  1.4    34    24     781    (-,-) 
  u_rb/g_postproc[0].u_gelu/u_1t/g14363/Y                      -       B->Y   F     AND3x1_ASAP7_75t_R           3  1.3    13    26     807    (-,-) 
  u_rb/g_postproc[0].u_gelu/u_1t/g14362/Y                      -       B->Y   F     AND2x2_ASAP7_75t_R           4  2.4    13    24     831    (-,-) 
  u_rb/g_postproc[0].u_gelu/u_1t/g13477/Y                      -       A->Y   R     INVx1_ASAP7_75t_R            4  2.1    22    15     846    (-,-) 
  u_rb/g_postproc[0].u_gelu/u_1t/g13467/Y                      -       A1->Y  F     OAI222xp33_ASAP7_75t_R       3  1.6    46    30     876    (-,-) 
  u_rb/g_postproc[0].u_gelu/u_rs/mul_59_28_g2646/Y             -       A->Y   R     INVx1_ASAP7_75t_R            4  1.8    28    24     900    (-,-) 
  u_rb/g_postproc[0].u_gelu/u_rs/mul_59_28_g2676/Y             -       A1->Y  R     OA22x2_ASAP7_75t_R           9  5.5    30    39     939    (-,-) 
  u_rb/g_postproc[0].u_gelu/u_rs/mul_59_28_g2675/Y             -       B->Y   F     NAND2x1p5_ASAP7_75t_R        7  4.1    25    20     959    (-,-) 
  u_rb/g_postproc[0].u_gelu/u_rs/mul_59_28_g2203/Y             -       A->Y   R     INVx1_ASAP7_75t_R            3  2.8    30    23     981    (-,-) 
  u_rb/g_postproc[0].u_gelu/u_rs/mul_59_28_g2161/Y             -       A2->Y  F     AOI22x1_ASAP7_75t_R          2  2.1    26    19    1001    (-,-) 
  u_rb/g_postproc[0].u_gelu/u_rs/mul_59_28_g2292/Y             -       A->Y   F     XNOR2xp5_ASAP7_75t_R         1  1.0    23    29    1030    (-,-) 
  u_rb/g_postproc[0].u_gelu/u_rs/mul_59_28_g2043/Y             -       B->Y   F     XNOR2xp5_ASAP7_75t_R         2  1.6    30    31    1061    (-,-) 
  u_rb/g_postproc[0].u_gelu/u_rs/mul_59_28_g2001/Y             -       A->Y   R     XNOR2xp5_ASAP7_75t_R         3  1.4    36    26    1086    (-,-) 
  u_rb/g_postproc[0].u_gelu/u_rs/mul_59_28_g1975/Y             -       B->Y   F     NOR2xp33_ASAP7_75t_R         1  0.6    22    20    1107    (-,-) 
  u_rb/g_postproc[0].u_gelu/u_rs/mul_59_28_g1933/Y             -       B->Y   F     AO21x1_ASAP7_75t_R           3  1.8    17    29    1136    (-,-) 
  u_rb/g_postproc[0].u_gelu/u_rs/mul_59_28_g2908/Y             -       A2->Y  F     AO21x1_ASAP7_75t_R           2  1.3    14    25    1161    (-,-) 
  u_rb/g_postproc[0].u_gelu/u_rs/mul_59_28_g2911/Y             -       A2->Y  R     AOI21x1_ASAP7_75t_R          2  1.3    20    15    1176    (-,-) 
  u_rb/g_postproc[0].u_gelu/u_rs/mul_59_28_g2910/Y             -       A2->Y  F     OAI21x1_ASAP7_75t_R          2  2.0    21    15    1191    (-,-) 
  u_rb/g_postproc[0].u_gelu/u_rs/mul_59_28_g1920/Y             -       A1->Y  R     AOI21x1_ASAP7_75t_R          2  0.9    22    14    1206    (-,-) 
  u_rb/g_postproc[0].u_gelu/u_rs/mul_59_28_g1917/Y             -       A2->Y  F     OAI21xp5_ASAP7_75t_R         2  0.9    20    16    1221    (-,-) 
  u_rb/g_postproc[0].u_gelu/u_rs/mul_59_28_g1914/Y             -       A2->Y  F     AO21x1_ASAP7_75t_R           1  0.9    11    24    1245    (-,-) 
  u_rb/g_postproc[0].u_gelu/u_rs/mul_59_28_g1913/Y             -       A->Y   R     XOR2x2_ASAP7_75t_R           4  2.2    16    36    1282    (-,-) 
  u_rb/g_postproc[0].u_gelu/u_rs/g30/Y                         -       A2->Y  R     AO21x2_ASAP7_75t_R           2  1.3    12    23    1305    (-,-) 
  u_rb/g_postproc[0].u_gelu/u_rs/g2522/Y                       -       A2->Y  F     OAI21x1_ASAP7_75t_R          2  0.8    15    10    1315    (-,-) 
  u_rb/g_postproc[0].u_gelu/u_rs/g2514/Y                       -       A1->Y  R     AOI21xp5_ASAP7_75t_R         2  0.8    25    16    1330    (-,-) 
  u_rb/g_postproc[0].u_gelu/u_rs/g2506/Y                       -       A1->Y  F     OAI21xp5_ASAP7_75t_R         2  0.8    19    16    1347    (-,-) 
  u_rb/g_postproc[0].u_gelu/u_rs/g2498/Y                       -       A1->Y  F     AO21x2_ASAP7_75t_R           2  2.1    14    30    1377    (-,-) 
  u_rb/g_postproc[0].u_gelu/u_rs/g2493/Y                       -       A1->Y  R     AOI21x1_ASAP7_75t_R          2  1.9    26    17    1394    (-,-) 
  u_rb/g_postproc[0].u_gelu/u_rs/g2490/Y                       -       A2->Y  F     OAI21x1_ASAP7_75t_R          2  1.4    17    14    1408    (-,-) 
  u_rb/g_postproc[0].u_gelu/u_rs/g2487/Y                       -       A->Y   R     XOR2x2_ASAP7_75t_R           3  1.2    12    35    1444    (-,-) 
  u_rb/g_postproc[0].u_gelu/u_rs/g2486/Y                       -       A->Y   F     INVxp67_ASAP7_75t_R          1  0.5     9     8    1452    (-,-) 
  u_rb/g_postproc[0].u_gelu/u_rs/g2481/Y                       -       A1->Y  R     AOI21xp5_ASAP7_75t_R         1  0.3    15    10    1462    (-,-) 
  u_rb/g_postproc[0].u_gelu/u_rs/g40/Y                         -       A->Y   F     NAND2xp33_ASAP7_75t_R        1  0.5    16    12    1474    (-,-) 
  u_rb/g_postproc[0].u_gelu/u_rs/g37/Y                         -       A->Y   F     OR2x2_ASAP7_75t_R            4  2.0    13    27    1501    (-,-) 
  u_rb/g_postproc[0].u_gelu/u_rs/g2469/Y                       -       B->Y   F     OR2x2_ASAP7_75t_R           15  7.3    30    37    1538    (-,-) 
  u_rb/g_postproc[0].u_gelu/u_rs/g2456/Y                       -       B2->Y  R     OAI22xp5_ASAP7_75t_R         1  0.5    25    20    1558    (-,-) 
  u_rb/g17370/Y                                                -       B2->Y  R     AO221x2_ASAP7_75t_R          1  5.0    32    42    1600    (-,-) 
  m_axis_tdata[15]                                             -       -      R     (port)                       -    -     -     0    1600    (-,-) 
#----------------------------------------------------------------------------------------------------------------------------------------------------



Path 10: MET (0 ps) Late External Delay Assertion at pin m_axis_tdata[15]
          Group: clk
     Startpoint: (R) u_rb/g_postproc[0].u_gelu/r4_sat_reg/CLK
          Clock: (R) clk
       Endpoint: (R) m_axis_tdata[15]
          Clock: (R) clk

                     Capture       Launch     
        Clock Edge:+    1650            0     
       Src Latency:+       0            0     
       Net Latency:+       0 (I)        0 (I) 
           Arrival:=    1650            0     
                                              
      Output Delay:-       0                  
       Uncertainty:-      50                  
     Required Time:=    1600                  
      Launch Clock:-       0                  
         Data Path:-    1600                  
             Slack:=       0                  

Exceptions/Constraints:
  output_delay              0              constraints.sdc_line_29_797_1 

#----------------------------------------------------------------------------------------------------------------------------------------------------
#                        Timing Point                          Flags    Arc   Edge          Cell            Fanout Load Trans Delay Arrival Instance 
#                                                                                                                  (fF)  (ps)  (ps)   (ps)  Location 
#----------------------------------------------------------------------------------------------------------------------------------------------------
  u_rb/g_postproc[0].u_gelu/r4_sat_reg/CLK                     -       -      R     (arrival)               170007    -    10     0       0    (-,-) 
  u_rb/g_postproc[0].u_gelu/r4_sat_reg/Q                       -       CLK->Q R     DFFHQx4_ASAP7_75t_R         18  7.2    22    77      77    (-,-) 
  u_rb/g_postproc[0].u_gelu/g2674/Y                            -       B->Y   F     NOR2xp33_ASAP7_75t_R         2  0.9    24    20      97    (-,-) 
  u_rb/g_postproc[0].u_gelu/u_1t/g11593/Y                      -       C->Y   R     NOR4xp25_ASAP7_75t_R         1  0.5    38    28     124    (-,-) 
  u_rb/g_postproc[0].u_gelu/u_1t/g11587/Y                      -       A->Y   F     NAND2xp5_ASAP7_75t_R         1  1.0    20    17     142    (-,-) 
  u_rb/g_postproc[0].u_gelu/u_1t/g11586/Y                      -       B->Y   R     NOR2x1_ASAP7_75t_R           1  1.0    18    14     155    (-,-) 
  u_rb/g_postproc[0].u_gelu/u_1t/g11584/Y                      -       A2->Y  F     OAI21x1_ASAP7_75t_R          3  1.4    16    13     168    (-,-) 
  u_rb/g_postproc[0].u_gelu/u_1t/g11570/Y                      -       B->Y   R     NAND2xp5_ASAP7_75t_R         3  1.4    26    18     186    (-,-) 
  u_rb/g_postproc[0].u_gelu/u_1t/g11541/Y                      -       A->Y   R     AND2x2_ASAP7_75t_R           4  3.3    20    29     215    (-,-) 
  u_rb/g_postproc[0].u_gelu/u_1t/g14089/Y                      -       B->Y   F     NAND2x1p5_ASAP7_75t_R        3  2.2    16    13     228    (-,-) 
  u_rb/g_postproc[0].u_gelu/u_1t/g11516/Y                      -       B->Y   R     NOR2x1_ASAP7_75t_R           2  0.9    15    12     240    (-,-) 
  u_rb/g_postproc[0].u_gelu/u_1t/g11489/Y                      -       B->Y   R     AND2x2_ASAP7_75t_R           2  2.4    16    25     265    (-,-) 
  u_rb/g_postproc[0].u_gelu/u_1t/g14127/Y                      -       A->Y   F     INVx2_ASAP7_75t_R            2  1.5     9     9     274    (-,-) 
  u_rb/g_postproc[0].u_gelu/u_1t/g11459/Y                      -       B1->Y  R     AOI22x1_ASAP7_75t_R          1  1.5    25    17     290    (-,-) 
  u_rb/g_postproc[0].u_gelu/u_1t/g11443/Y                      -       B->Y   F     NAND2x1p5_ASAP7_75t_R        4  3.2    21    17     307    (-,-) 
  u_rb/g_postproc[0].u_gelu/u_1t/g11424/Y                      -       B->Y   F     OR2x2_ASAP7_75t_R            7  4.2    20    34     341    (-,-) 
  u_rb/g_postproc[0].u_gelu/u_1t/g11399/Y                      -       A2->Y  R     OAI22xp5_ASAP7_75t_R         1  0.9    29    19     360    (-,-) 
  u_rb/g_postproc[0].u_gelu/u_1t/sub_75_43_Y_add_76_43_g1655/Y -       B->Y   F     XNOR2x2_ASAP7_75t_R          3  1.2    14    39     399    (-,-) 
  u_rb/g_postproc[0].u_gelu/u_1t/sub_75_43_Y_add_76_43_g1638/Y -       A->Y   R     INVx1_ASAP7_75t_R            1  0.5     9     9     408    (-,-) 
  u_rb/g_postproc[0].u_gelu/u_1t/sub_75_43_Y_add_76_43_g1606/Y -       B->Y   R     AND2x2_ASAP7_75t_R           3  1.5    13    21     429    (-,-) 
  u_rb/g_postproc[0].u_gelu/u_1t/sub_75_43_Y_add_76_43_g1526/Y -       B->Y   F     NAND2xp5_ASAP7_75t_R         1  0.9    17    13     441    (-,-) 
  u_rb/g_postproc[0].u_gelu/u_1t/sub_75_43_Y_add_76_43_g1459/Y -       B->Y   F     XOR2xp5_ASAP7_75t_R          1  1.2    24    24     465    (-,-) 
  u_rb/g_postproc[0].u_gelu/u_1t/g14059/Y                      -       A->Y   R     INVx2_ASAP7_75t_R            5  2.3    16    14     479    (-,-) 
  u_rb/g_postproc[0].u_gelu/u_1t/g13800/Y                      -       B->Y   F     OAI21xp33_ASAP7_75t_R        1  0.5    18    14     493    (-,-) 
  u_rb/g_postproc[0].u_gelu/u_1t/g13713/Y                      -       A1->Y  R     AOI21xp5_ASAP7_75t_R         1  0.6    20    15     508    (-,-) 
  u_rb/g_postproc[0].u_gelu/u_1t/g13642/Y                      -       A2->Y  F     OAI21xp5_ASAP7_75t_R         1  0.5    16    12     520    (-,-) 
  u_rb/g_postproc[0].u_gelu/u_1t/g13615/Y                      -       A->Y   R     NAND2xp5_ASAP7_75t_R         1  0.5    14    12     533    (-,-) 
  u_rb/g_postproc[0].u_gelu/u_1t/g13595/Y                      -       C->Y   F     NAND3xp33_ASAP7_75t_R        1  0.5    18    14     546    (-,-) 
  u_rb/g_postproc[0].u_gelu/u_1t/g13576/Y                      -       A->Y   R     NAND3xp33_ASAP7_75t_R        1  0.5    16    13     559    (-,-) 
  u_rb/g_postproc[0].u_gelu/u_1t/g13548/Y                      -       A1->Y  F     AOI211xp5_ASAP7_75t_R        1  0.5    21    14     574    (-,-) 
  u_rb/g_postproc[0].u_gelu/u_1t/g13534/Y                      -       A2->Y  R     OAI211xp5_ASAP7_75t_R        1  0.6    28    22     596    (-,-) 
  u_rb/g_postproc[0].u_gelu/u_1t/g13528/Y                      -       A2->Y  R     AO21x1_ASAP7_75t_R           2  0.9    13    24     619    (-,-) 
  u_rb/g_postproc[0].u_gelu/u_1t/g13525/Y                      -       B->Y   F     NAND2xp5_ASAP7_75t_R         2  0.9    17    12     632    (-,-) 
  u_rb/g_postproc[0].u_gelu/u_1t/g13520/Y                      -       A1->Y  R     AOI21xp5_ASAP7_75t_R         2  0.9    24    17     648    (-,-) 
  u_rb/g_postproc[0].u_gelu/u_1t/g13517/Y                      -       A2->Y  R     OA21x2_ASAP7_75t_R           2  2.1    15    28     676    (-,-) 
  u_rb/g_postproc[0].u_gelu/u_1t/g58/Y                         -       A1->Y  F     OAI21x1_ASAP7_75t_R          2  2.0    20    14     690    (-,-) 
  u_rb/g_postproc[0].u_gelu/u_1t/g14265/Y                      -       B->Y   R     NAND2x1_ASAP7_75t_R          3  1.4    25    17     707    (-,-) 
  u_rb/g_postproc[0].u_gelu/u_1t/g14131/Y                      -       A->Y   F     INVxp67_ASAP7_75t_R          1  0.5    12    11     718    (-,-) 
  u_rb/g_postproc[0].u_gelu/u_1t/g14130/Y                      -       A1->Y  R     OAI22xp5_ASAP7_75t_R         1  0.9    29    16     734    (-,-) 
  u_rb/g_postproc[0].u_gelu/u_1t/g14129/Y                      -       B->Y   R     XNOR2xp5_ASAP7_75t_R         2  0.8    27    23     757    (-,-) 
  u_rb/g_postproc[0].u_gelu/u_1t/g14359/Y                      -       B->Y   F     NAND3xp33_ASAP7_75t_R        3  1.4    34    24     781    (-,-) 
  u_rb/g_postproc[0].u_gelu/u_1t/g14363/Y                      -       B->Y   F     AND3x1_ASAP7_75t_R           3  1.3    13    26     807    (-,-) 
  u_rb/g_postproc[0].u_gelu/u_1t/g14362/Y                      -       B->Y   F     AND2x2_ASAP7_75t_R           4  2.4    13    24     831    (-,-) 
  u_rb/g_postproc[0].u_gelu/u_1t/g13477/Y                      -       A->Y   R     INVx1_ASAP7_75t_R            4  2.1    22    15     846    (-,-) 
  u_rb/g_postproc[0].u_gelu/u_1t/g13467/Y                      -       A1->Y  F     OAI222xp33_ASAP7_75t_R       3  1.6    46    30     876    (-,-) 
  u_rb/g_postproc[0].u_gelu/u_rs/mul_59_28_g2646/Y             -       A->Y   R     INVx1_ASAP7_75t_R            4  1.8    28    24     900    (-,-) 
  u_rb/g_postproc[0].u_gelu/u_rs/mul_59_28_g2676/Y             -       A1->Y  R     OA22x2_ASAP7_75t_R           9  5.5    30    39     939    (-,-) 
  u_rb/g_postproc[0].u_gelu/u_rs/mul_59_28_g2675/Y             -       B->Y   F     NAND2x1p5_ASAP7_75t_R        7  4.1    25    20     959    (-,-) 
  u_rb/g_postproc[0].u_gelu/u_rs/mul_59_28_g2203/Y             -       A->Y   R     INVx1_ASAP7_75t_R            3  2.8    30    23     981    (-,-) 
  u_rb/g_postproc[0].u_gelu/u_rs/mul_59_28_g2161/Y             -       A2->Y  F     AOI22x1_ASAP7_75t_R          2  2.1    26    19    1001    (-,-) 
  u_rb/g_postproc[0].u_gelu/u_rs/mul_59_28_g2292/Y             -       A->Y   F     XNOR2xp5_ASAP7_75t_R         1  1.0    23    29    1030    (-,-) 
  u_rb/g_postproc[0].u_gelu/u_rs/mul_59_28_g2043/Y             -       B->Y   F     XNOR2xp5_ASAP7_75t_R         2  1.6    30    31    1061    (-,-) 
  u_rb/g_postproc[0].u_gelu/u_rs/mul_59_28_g2001/Y             -       A->Y   R     XNOR2xp5_ASAP7_75t_R         3  1.4    36    26    1086    (-,-) 
  u_rb/g_postproc[0].u_gelu/u_rs/mul_59_28_g1975/Y             -       B->Y   F     NOR2xp33_ASAP7_75t_R         1  0.6    22    20    1107    (-,-) 
  u_rb/g_postproc[0].u_gelu/u_rs/mul_59_28_g1933/Y             -       B->Y   F     AO21x1_ASAP7_75t_R           3  1.8    17    29    1136    (-,-) 
  u_rb/g_postproc[0].u_gelu/u_rs/mul_59_28_g2908/Y             -       A2->Y  F     AO21x1_ASAP7_75t_R           2  1.3    14    25    1161    (-,-) 
  u_rb/g_postproc[0].u_gelu/u_rs/mul_59_28_g2911/Y             -       A2->Y  R     AOI21x1_ASAP7_75t_R          2  1.3    20    15    1176    (-,-) 
  u_rb/g_postproc[0].u_gelu/u_rs/mul_59_28_g2910/Y             -       A2->Y  F     OAI21x1_ASAP7_75t_R          2  2.0    21    15    1191    (-,-) 
  u_rb/g_postproc[0].u_gelu/u_rs/mul_59_28_g1920/Y             -       A1->Y  R     AOI21x1_ASAP7_75t_R          2  0.9    22    14    1206    (-,-) 
  u_rb/g_postproc[0].u_gelu/u_rs/mul_59_28_g1917/Y             -       A2->Y  F     OAI21xp5_ASAP7_75t_R         2  0.9    20    16    1221    (-,-) 
  u_rb/g_postproc[0].u_gelu/u_rs/mul_59_28_g1914/Y             -       A2->Y  F     AO21x1_ASAP7_75t_R           1  0.9    11    24    1245    (-,-) 
  u_rb/g_postproc[0].u_gelu/u_rs/mul_59_28_g1913/Y             -       A->Y   R     XOR2x2_ASAP7_75t_R           4  2.2    16    36    1282    (-,-) 
  u_rb/g_postproc[0].u_gelu/u_rs/g30/Y                         -       A2->Y  R     AO21x2_ASAP7_75t_R           2  1.3    12    23    1305    (-,-) 
  u_rb/g_postproc[0].u_gelu/u_rs/g2522/Y                       -       A2->Y  F     OAI21x1_ASAP7_75t_R          2  0.8    15    10    1315    (-,-) 
  u_rb/g_postproc[0].u_gelu/u_rs/g2514/Y                       -       A1->Y  R     AOI21xp5_ASAP7_75t_R         2  0.8    25    16    1330    (-,-) 
  u_rb/g_postproc[0].u_gelu/u_rs/g2506/Y                       -       A1->Y  F     OAI21xp5_ASAP7_75t_R         2  0.8    19    16    1347    (-,-) 
  u_rb/g_postproc[0].u_gelu/u_rs/g2498/Y                       -       A1->Y  F     AO21x2_ASAP7_75t_R           2  2.1    14    30    1377    (-,-) 
  u_rb/g_postproc[0].u_gelu/u_rs/g2493/Y                       -       A1->Y  R     AOI21x1_ASAP7_75t_R          2  1.9    26    17    1394    (-,-) 
  u_rb/g_postproc[0].u_gelu/u_rs/g2490/Y                       -       A2->Y  F     OAI21x1_ASAP7_75t_R          2  1.4    17    14    1408    (-,-) 
  u_rb/g_postproc[0].u_gelu/u_rs/g2487/Y                       -       A->Y   R     XOR2x2_ASAP7_75t_R           3  1.2    12    35    1444    (-,-) 
  u_rb/g_postproc[0].u_gelu/u_rs/g2486/Y                       -       A->Y   F     INVxp67_ASAP7_75t_R          1  0.5     9     8    1452    (-,-) 
  u_rb/g_postproc[0].u_gelu/u_rs/g2481/Y                       -       A1->Y  R     AOI21xp5_ASAP7_75t_R         1  0.3    15    10    1462    (-,-) 
  u_rb/g_postproc[0].u_gelu/u_rs/g40/Y                         -       A->Y   F     NAND2xp33_ASAP7_75t_R        1  0.5    16    12    1474    (-,-) 
  u_rb/g_postproc[0].u_gelu/u_rs/g37/Y                         -       A->Y   F     OR2x2_ASAP7_75t_R            4  2.0    13    27    1501    (-,-) 
  u_rb/g_postproc[0].u_gelu/u_rs/g2468/Y                       -       B->Y   F     OR2x2_ASAP7_75t_R           14  8.3    34    39    1540    (-,-) 
  u_rb/g_postproc[0].u_gelu/u_rs/g2456/Y                       -       A2->Y  R     OAI22xp5_ASAP7_75t_R         1  0.5    25    18    1558    (-,-) 
  u_rb/g17370/Y                                                -       B2->Y  R     AO221x2_ASAP7_75t_R          1  5.0    32    42    1600    (-,-) 
  m_axis_tdata[15]                                             -       -      R     (port)                       -    -     -     0    1600    (-,-) 
#----------------------------------------------------------------------------------------------------------------------------------------------------

