============================================================
  Generated by:           Genus(TM) Synthesis Solution 23.10-p004_1
  Generated on:           May 15 2026  12:07:49 am
  Module:                 sys_top
  Operating conditions:   PVT_0P7V_25C (balanced_tree)
  Wireload mode:          enclosed
  Area mode:              timing library
============================================================

          Instance                                                Module                                      Cell-Count  Cell-Area  Net-Area   Total-Area   Wireload  
-----------------------------------------------------------------------------------------------------------------------------------------------------------------------
sys_top                      NA                                                                                  3766604 385240.837     0.000   385240.837 <none> (D)  
  u_accum                    accum_sram_COLS32_PSUM_WIDTH32_M_MAX256_ADDR_WIDTH9                                 1105563 144918.464     0.000   144918.464 <none> (D)  
  u_array                    systolic_16x32_ROWS32_COLS32_ACT_W16_WT_W16_PSUM_W32                                2045665 171343.154     0.000   171343.154 <none> (D)  
    g_row[0].g_col[0].u_pe   pe                                                                                     1906    163.763     0.000      163.763 <none> (D)  
      u_mac                  bf16_mac_unit                                                                          1798    140.814     0.000      140.814 <none> (D)  
        u_add                bf16_fp32_add                                                                          1329    102.556     0.000      102.556 <none> (D)  
        u_mul                bf16_mul                                                                                469     38.258     0.000       38.258 <none> (D)  
    g_row[0].g_col[10].u_pe  pe_10                                                                                  1877    161.036     0.000      161.036 <none> (D)  
      u_mac                  bf16_mac_unit_10                                                                       1780    138.583     0.000      138.583 <none> (D)  
        u_add                bf16_fp32_add_10                                                                       1278     98.809     0.000       98.809 <none> (D)  
        u_mul                bf16_mul_10                                                                             502     39.774     0.000       39.774 <none> (D)  
    g_row[0].g_col[11].u_pe  pe_11                                                                                  1912    163.136     0.000      163.136 <none> (D)  
      u_mac                  bf16_mac_unit_11                                                                       1815    140.697     0.000      140.697 <none> (D)  
        u_add                bf16_fp32_add_11                                                                       1306    100.981     0.000      100.981 <none> (D)  
        u_mul                bf16_mul_11                                                                             509     39.716     0.000       39.716 <none> (D)  
    g_row[0].g_col[12].u_pe  pe_12                                                                                  1875    161.269     0.000      161.269 <none> (D)  
      u_mac                  bf16_mac_unit_12                                                                       1778    138.831     0.000      138.831 <none> (D)  
        u_add                bf16_fp32_add_12                                                                       1308    100.704     0.000      100.704 <none> (D)  
        u_mul                bf16_mul_12                                                                             470     38.127     0.000       38.127 <none> (D)  
    g_row[0].g_col[13].u_pe  pe_13                                                                                  1962    165.527     0.000      165.527 <none> (D)  
      u_mac                  bf16_mac_unit_13                                                                       1865    143.088     0.000      143.088 <none> (D)  
        u_add                bf16_fp32_add_13                                                                       1347    102.818     0.000      102.818 <none> (D)  
        u_mul                bf16_mul_13                                                                             518     40.270     0.000       40.270 <none> (D)  
    g_row[0].g_col[14].u_pe  pe_14                                                                                  1907    163.544     0.000      163.544 <none> (D)  
      u_mac                  bf16_mac_unit_14                                                                       1799    140.595     0.000      140.595 <none> (D)  
        u_add                bf16_fp32_add_14                                                                       1324    102.045     0.000      102.045 <none> (D)  
        u_mul                bf16_mul_14                                                                             475     38.550     0.000       38.550 <none> (D)  
    g_row[0].g_col[15].u_pe  pe_15                                                                                  1863    161.007     0.000      161.007 <none> (D)  
      u_mac                  bf16_mac_unit_15                                                                       1766    138.568     0.000      138.568 <none> (D)  
        u_add                bf16_fp32_add_15                                                                       1293    100.267     0.000      100.267 <none> (D)  
        u_mul                bf16_mul_15                                                                             473     38.302     0.000       38.302 <none> (D)  
    g_row[0].g_col[16].u_pe  pe_16                                                                                  1918    162.902     0.000      162.902 <none> (D)  
      u_mac                  bf16_mac_unit_16                                                                       1821    140.464     0.000      140.464 <none> (D)  
        u_add                bf16_fp32_add_16                                                                       1342    101.870     0.000      101.870 <none> (D)  
        u_mul                bf16_mul_16                                                                             479     38.593     0.000       38.593 <none> (D)  
    g_row[0].g_col[17].u_pe  pe_17                                                                                  1864    161.022     0.000      161.022 <none> (D)  
      u_mac                  bf16_mac_unit_17                                                                       1767    138.583     0.000      138.583 <none> (D)  
        u_add                bf16_fp32_add_17                                                                       1293    100.237     0.000      100.237 <none> (D)  
        u_mul                bf16_mul_17                                                                             474     38.345     0.000       38.345 <none> (D)  
    g_row[0].g_col[18].u_pe  pe_18                                                                                  1916    163.325     0.000      163.325 <none> (D)  
      u_mac                  bf16_mac_unit_18                                                                       1819    140.887     0.000      140.887 <none> (D)  
        u_add                bf16_fp32_add_18                                                                       1304    100.864     0.000      100.864 <none> (D)  
        u_mul                bf16_mul_18                                                                             515     40.022     0.000       40.022 <none> (D)  
    g_row[0].g_col[19].u_pe  pe_19                                                                                  1868    160.307     0.000      160.307 <none> (D)  
      u_mac                  bf16_mac_unit_19                                                                       1770    137.766     0.000      137.766 <none> (D)  
        u_add                bf16_fp32_add_19                                                                       1266     97.890     0.000       97.890 <none> (D)  
        u_mul                bf16_mul_19                                                                             504     39.876     0.000       39.876 <none> (D)  
    g_row[0].g_col[1].u_pe   pe_1                                                                                   1906    163.588     0.000      163.588 <none> (D)  
      u_mac                  bf16_mac_unit_1                                                                        1808    141.061     0.000      141.061 <none> (D)  
        u_add                bf16_fp32_add_1                                                                        1303    101.375     0.000      101.375 <none> (D)  
        u_mul                bf16_mul_1                                                                              505     39.687     0.000       39.687 <none> (D)  
    g_row[0].g_col[20].u_pe  pe_20                                                                                  1936    163.792     0.000      163.792 <none> (D)  
      u_mac                  bf16_mac_unit_20                                                                       1839    141.353     0.000      141.353 <none> (D)  
        u_add                bf16_fp32_add_20                                                                       1356    102.541     0.000      102.541 <none> (D)  
        u_mul                bf16_mul_20                                                                             483     38.812     0.000       38.812 <none> (D)  
    g_row[0].g_col[21].u_pe  pe_21                                                                                  1915    163.267     0.000      163.267 <none> (D)  
      u_mac                  bf16_mac_unit_21                                                                       1818    140.828     0.000      140.828 <none> (D)  
        u_add                bf16_fp32_add_21                                                                       1304    100.864     0.000      100.864 <none> (D)  
        u_mul                bf16_mul_21                                                                             514     39.964     0.000       39.964 <none> (D)  
    g_row[0].g_col[22].u_pe  pe_22                                                                                  1863    161.022     0.000      161.022 <none> (D)  
      u_mac                  bf16_mac_unit_22                                                                       1766    138.583     0.000      138.583 <none> (D)  
        u_add                bf16_fp32_add_22                                                                       1293    100.267     0.000      100.267 <none> (D)  
        u_mul                bf16_mul_22                                                                             473     38.316     0.000       38.316 <none> (D)  
    g_row[0].g_col[23].u_pe  pe_23                                                                                  1906    163.573     0.000      163.573 <none> (D)  
      u_mac                  bf16_mac_unit_23                                                                       1808    141.061     0.000      141.061 <none> (D)  
        u_add                bf16_fp32_add_23                                                                       1303    101.375     0.000      101.375 <none> (D)  
        u_mul                bf16_mul_23                                                                             505     39.687     0.000       39.687 <none> (D)  
    g_row[0].g_col[24].u_pe  pe_24                                                                                  1941    165.410     0.000      165.410 <none> (D)  
      u_mac                  bf16_mac_unit_24                                                                       1844    142.957     0.000      142.957 <none> (D)  
        u_add                bf16_fp32_add_24                                                                       1310    100.646     0.000      100.646 <none> (D)  
        u_mul                bf16_mul_24                                                                             534     42.311     0.000       42.311 <none> (D)  
    g_row[0].g_col[25].u_pe  pe_25                                                                                  1977    166.314     0.000      166.314 <none> (D)  
      u_mac                  bf16_mac_unit_25                                                                       1880    143.875     0.000      143.875 <none> (D)  
        u_add                bf16_fp32_add_25                                                                       1363    103.562     0.000      103.562 <none> (D)  
        u_mul                bf16_mul_25                                                                             517     40.314     0.000       40.314 <none> (D)  
    g_row[0].g_col[26].u_pe  pe_26                                                                                  1862    161.167     0.000      161.167 <none> (D)  
      u_mac                  bf16_mac_unit_26                                                                       1765    138.729     0.000      138.729 <none> (D)  
        u_add                bf16_fp32_add_26                                                                       1291    100.383     0.000      100.383 <none> (D)  
        u_mul                bf16_mul_26                                                                             474     38.345     0.000       38.345 <none> (D)  
    g_row[0].g_col[27].u_pe  pe_27                                                                                  1985    166.095     0.000      166.095 <none> (D)  
      u_mac                  bf16_mac_unit_27                                                                       1888    143.657     0.000      143.657 <none> (D)  
        u_add                bf16_fp32_add_27                                                                       1371    103.547     0.000      103.547 <none> (D)  
        u_mul                bf16_mul_27                                                                             517     40.110     0.000       40.110 <none> (D)  
    g_row[0].g_col[28].u_pe  pe_28                                                                                  1882    161.503     0.000      161.503 <none> (D)  
      u_mac                  bf16_mac_unit_28                                                                       1785    139.049     0.000      139.049 <none> (D)  
        u_add                bf16_fp32_add_28                                                                       1299     99.829     0.000       99.829 <none> (D)  
        u_mul                bf16_mul_28                                                                             485     39.147     0.000       39.147 <none> (D)  
    g_row[0].g_col[29].u_pe  pe_29                                                                                  1859    160.672     0.000      160.672 <none> (D)  
      u_mac                  bf16_mac_unit_29                                                                       1762    138.233     0.000      138.233 <none> (D)  
        u_add                bf16_fp32_add_29                                                                       1287     99.844     0.000       99.844 <none> (D)  
        u_mul                bf16_mul_29                                                                             475     38.389     0.000       38.389 <none> (D)  
    g_row[0].g_col[2].u_pe   pe_2                                                                                   1942    165.439     0.000      165.439 <none> (D)  
      u_mac                  bf16_mac_unit_2                                                                        1845    142.986     0.000      142.986 <none> (D)  
        u_add                bf16_fp32_add_2                                                                        1309    100.602     0.000      100.602 <none> (D)  
        u_mul                bf16_mul_2                                                                              536     42.384     0.000       42.384 <none> (D)  
    g_row[0].g_col[30].u_pe  pe_30                                                                                  1899    163.500     0.000      163.500 <none> (D)  
      u_mac                  bf16_mac_unit_30                                                                       1802    141.061     0.000      141.061 <none> (D)  
        u_add                bf16_fp32_add_30                                                                       1296    101.185     0.000      101.185 <none> (D)  
        u_mul                bf16_mul_30                                                                             506     39.876     0.000       39.876 <none> (D)  
    g_row[0].g_col[31].u_pe  pe_31                                                                                  1866    160.176     0.000      160.176 <none> (D)  
      u_mac                  bf16_mac_unit_31                                                                       1769    137.723     0.000      137.723 <none> (D)  
        u_add                bf16_fp32_add_31                                                                       1266     97.905     0.000       97.905 <none> (D)  
        u_mul                bf16_mul_31                                                                             503     39.818     0.000       39.818 <none> (D)  
    g_row[0].g_col[3].u_pe   pe_3                                                                                   1854    159.986     0.000      159.986 <none> (D)  
      u_mac                  bf16_mac_unit_3                                                                        1757    137.533     0.000      137.533 <none> (D)  
        u_add                bf16_fp32_add_3                                                                        1272     98.488     0.000       98.488 <none> (D)  
        u_mul                bf16_mul_3                                                                              485     39.045     0.000       39.045 <none> (D)  
    g_row[0].g_col[4].u_pe   pe_4                                                                                   1956    166.241     0.000      166.241 <none> (D)  
      u_mac                  bf16_mac_unit_4                                                                        1859    143.788     0.000      143.788 <none> (D)  
        u_add                bf16_fp32_add_4                                                                        1313    101.010     0.000      101.010 <none> (D)  
        u_mul                bf16_mul_4                                                                              546     42.778     0.000       42.778 <none> (D)  
    g_row[0].g_col[5].u_pe   pe_5                                                                                   1918    162.902     0.000      162.902 <none> (D)  
      u_mac                  bf16_mac_unit_5                                                                        1821    140.464     0.000      140.464 <none> (D)  
        u_add                bf16_fp32_add_5                                                                        1342    101.870     0.000      101.870 <none> (D)  
        u_mul                bf16_mul_5                                                                              479     38.593     0.000       38.593 <none> (D)  
    g_row[0].g_col[6].u_pe   pe_6                                                                                   1986    166.125     0.000      166.125 <none> (D)  
      u_mac                  bf16_mac_unit_6                                                                        1889    143.686     0.000      143.686 <none> (D)  
        u_add                bf16_fp32_add_6                                                                        1371    103.547     0.000      103.547 <none> (D)  
        u_mul                bf16_mul_6                                                                              518     40.139     0.000       40.139 <none> (D)  
    g_row[0].g_col[7].u_pe   pe_7                                                                                   2001    167.028     0.000      167.028 <none> (D)  
      u_mac                  bf16_mac_unit_7                                                                        1904    144.590     0.000      144.590 <none> (D)  
        u_add                bf16_fp32_add_7                                                                        1387    104.451     0.000      104.451 <none> (D)  
        u_mul                bf16_mul_7                                                                              517     40.139     0.000       40.139 <none> (D)  
    g_row[0].g_col[8].u_pe   pe_8                                                                                   1961    165.396     0.000      165.396 <none> (D)  
      u_mac                  bf16_mac_unit_8                                                                        1864    142.957     0.000      142.957 <none> (D)  
        u_add                bf16_fp32_add_8                                                                        1346    102.789     0.000      102.789 <none> (D)  
        u_mul                bf16_mul_8                                                                              518     40.168     0.000       40.168 <none> (D)  
    g_row[0].g_col[9].u_pe   pe_9                                                                                   1903    163.296     0.000      163.296 <none> (D)  
      u_mac                  bf16_mac_unit_9                                                                        1795    140.347     0.000      140.347 <none> (D)  
        u_add                bf16_fp32_add_9                                                                        1324    102.060     0.000      102.060 <none> (D)  
        u_mul                bf16_mul_9                                                                              471     38.287     0.000       38.287 <none> (D)  
    g_row[10].g_col[0].u_pe  pe_320                                                                                 2029    168.676     0.000      168.676 <none> (D)  
      u_mac                  bf16_mac_unit_320                                                                      1932    146.223     0.000      146.223 <none> (D)  
        u_add                bf16_fp32_add_320                                                                      1416    105.122     0.000      105.122 <none> (D)  
        u_mul                bf16_mul_320                                                                            516     41.101     0.000       41.101 <none> (D)  
    g_row[10].g_col[10].u_pe pe_330                                                                                 1934    163.908     0.000      163.908 <none> (D)  
      u_mac                  bf16_mac_unit_330                                                                      1837    141.455     0.000      141.455 <none> (D)  
        u_add                bf16_fp32_add_330                                                                      1344    101.346     0.000      101.346 <none> (D)  
        u_mul                bf16_mul_330                                                                            493     40.110     0.000       40.110 <none> (D)  
    g_row[10].g_col[11].u_pe pe_331                                                                                 1953    164.608     0.000      164.608 <none> (D)  
      u_mac                  bf16_mac_unit_331                                                                      1856    142.155     0.000      142.155 <none> (D)  
        u_add                bf16_fp32_add_331                                                                      1360    102.016     0.000      102.016 <none> (D)  
        u_mul                bf16_mul_331                                                                            496     40.139     0.000       40.139 <none> (D)  
    g_row[10].g_col[12].u_pe pe_332                                                                                 2007    168.166     0.000      168.166 <none> (D)  
      u_mac                  bf16_mac_unit_332                                                                      1910    145.713     0.000      145.713 <none> (D)  
        u_add                bf16_fp32_add_332                                                                      1400    104.670     0.000      104.670 <none> (D)  
        u_mul                bf16_mul_332                                                                            510     41.043     0.000       41.043 <none> (D)  
    g_row[10].g_col[13].u_pe pe_333                                                                                 1972    165.512     0.000      165.512 <none> (D)  
      u_mac                  bf16_mac_unit_333                                                                      1875    143.059     0.000      143.059 <none> (D)  
        u_add                bf16_fp32_add_333                                                                      1379    103.095     0.000      103.095 <none> (D)  
        u_mul                bf16_mul_333                                                                            496     39.964     0.000       39.964 <none> (D)  
    g_row[10].g_col[14].u_pe pe_334                                                                                 1949    164.360     0.000      164.360 <none> (D)  
      u_mac                  bf16_mac_unit_334                                                                      1852    141.907     0.000      141.907 <none> (D)  
        u_add                bf16_fp32_add_334                                                                      1356    101.943     0.000      101.943 <none> (D)  
        u_mul                bf16_mul_334                                                                            496     39.964     0.000       39.964 <none> (D)  
    g_row[10].g_col[15].u_pe pe_335                                                                                 1972    165.498     0.000      165.498 <none> (D)  
      u_mac                  bf16_mac_unit_335                                                                      1875    143.044     0.000      143.044 <none> (D)  
        u_add                bf16_fp32_add_335                                                                      1379    103.051     0.000      103.051 <none> (D)  
        u_mul                bf16_mul_335                                                                            496     39.993     0.000       39.993 <none> (D)  
    g_row[10].g_col[16].u_pe pe_336                                                                                 1946    164.419     0.000      164.419 <none> (D)  
      u_mac                  bf16_mac_unit_336                                                                      1849    141.965     0.000      141.965 <none> (D)  
        u_add                bf16_fp32_add_336                                                                      1354    102.089     0.000      102.089 <none> (D)  
        u_mul                bf16_mul_336                                                                            495     39.876     0.000       39.876 <none> (D)  
    g_row[10].g_col[17].u_pe pe_337                                                                                 1975    165.804     0.000      165.804 <none> (D)  
      u_mac                  bf16_mac_unit_337                                                                      1878    143.351     0.000      143.351 <none> (D)  
        u_add                bf16_fp32_add_337                                                                      1387    103.256     0.000      103.256 <none> (D)  
        u_mul                bf16_mul_337                                                                            491     40.095     0.000       40.095 <none> (D)  
    g_row[10].g_col[18].u_pe pe_338                                                                                 2008    167.320     0.000      167.320 <none> (D)  
      u_mac                  bf16_mac_unit_338                                                                      1911    144.867     0.000      144.867 <none> (D)  
        u_add                bf16_fp32_add_338                                                                      1417    104.801     0.000      104.801 <none> (D)  
        u_mul                bf16_mul_338                                                                            494     40.066     0.000       40.066 <none> (D)  
    g_row[10].g_col[19].u_pe pe_339                                                                                 1983    165.745     0.000      165.745 <none> (D)  
      u_mac                  bf16_mac_unit_339                                                                      1886    143.292     0.000      143.292 <none> (D)  
        u_add                bf16_fp32_add_339                                                                      1397    103.431     0.000      103.431 <none> (D)  
        u_mul                bf16_mul_339                                                                            489     39.862     0.000       39.862 <none> (D)  
    g_row[10].g_col[1].u_pe  pe_321                                                                                 1999    166.620     0.000      166.620 <none> (D)  
      u_mac                  bf16_mac_unit_321                                                                      1902    144.167     0.000      144.167 <none> (D)  
        u_add                bf16_fp32_add_321                                                                      1409    104.276     0.000      104.276 <none> (D)  
        u_mul                bf16_mul_321                                                                            493     39.891     0.000       39.891 <none> (D)  
    g_row[10].g_col[20].u_pe pe_340                                                                                 1973    165.556     0.000      165.556 <none> (D)  
      u_mac                  bf16_mac_unit_340                                                                      1876    143.103     0.000      143.103 <none> (D)  
        u_add                bf16_fp32_add_340                                                                      1387    103.241     0.000      103.241 <none> (D)  
        u_mul                bf16_mul_340                                                                            489     39.862     0.000       39.862 <none> (D)  
    g_row[10].g_col[21].u_pe pe_341                                                                                 1937    164.185     0.000      164.185 <none> (D)  
      u_mac                  bf16_mac_unit_341                                                                      1840    141.732     0.000      141.732 <none> (D)  
        u_add                bf16_fp32_add_341                                                                      1341    101.375     0.000      101.375 <none> (D)  
        u_mul                bf16_mul_341                                                                            499     40.357     0.000       40.357 <none> (D)  
    g_row[10].g_col[22].u_pe pe_342                                                                                 1953    164.696     0.000      164.696 <none> (D)  
      u_mac                  bf16_mac_unit_342                                                                      1856    142.242     0.000      142.242 <none> (D)  
        u_add                bf16_fp32_add_342                                                                      1361    102.279     0.000      102.279 <none> (D)  
        u_mul                bf16_mul_342                                                                            495     39.964     0.000       39.964 <none> (D)  
    g_row[10].g_col[23].u_pe pe_343                                                                                 2020    168.691     0.000      168.691 <none> (D)  
      u_mac                  bf16_mac_unit_343                                                                      1923    146.237     0.000      146.237 <none> (D)  
        u_add                bf16_fp32_add_343                                                                      1410    105.107     0.000      105.107 <none> (D)  
        u_mul                bf16_mul_343                                                                            513     41.130     0.000       41.130 <none> (D)  
    g_row[10].g_col[24].u_pe pe_344                                                                                 1984    165.993     0.000      165.993 <none> (D)  
      u_mac                  bf16_mac_unit_344                                                                      1887    143.540     0.000      143.540 <none> (D)  
        u_add                bf16_fp32_add_344                                                                      1395    103.547     0.000      103.547 <none> (D)  
        u_mul                bf16_mul_344                                                                            492     39.993     0.000       39.993 <none> (D)  
    g_row[10].g_col[25].u_pe pe_345                                                                                 1964    164.958     0.000      164.958 <none> (D)  
      u_mac                  bf16_mac_unit_345                                                                      1867    142.505     0.000      142.505 <none> (D)  
        u_add                bf16_fp32_add_345                                                                      1376    102.585     0.000      102.585 <none> (D)  
        u_mul                bf16_mul_345                                                                            491     39.920     0.000       39.920 <none> (D)  
    g_row[10].g_col[26].u_pe pe_346                                                                                 1976    165.658     0.000      165.658 <none> (D)  
      u_mac                  bf16_mac_unit_346                                                                      1879    143.205     0.000      143.205 <none> (D)  
        u_add                bf16_fp32_add_346                                                                      1387    103.241     0.000      103.241 <none> (D)  
        u_mul                bf16_mul_346                                                                            492     39.964     0.000       39.964 <none> (D)  
    g_row[10].g_col[27].u_pe pe_347                                                                                 1966    165.279     0.000      165.279 <none> (D)  
      u_mac                  bf16_mac_unit_347                                                                      1869    142.826     0.000      142.826 <none> (D)  
        u_add                bf16_fp32_add_347                                                                      1374    102.804     0.000      102.804 <none> (D)  
        u_mul                bf16_mul_347                                                                            495     40.022     0.000       40.022 <none> (D)  
    g_row[10].g_col[28].u_pe pe_348                                                                                 1931    163.763     0.000      163.763 <none> (D)  
      u_mac                  bf16_mac_unit_348                                                                      1834    141.309     0.000      141.309 <none> (D)  
        u_add                bf16_fp32_add_348                                                                      1338    101.287     0.000      101.287 <none> (D)  
        u_mul                bf16_mul_348                                                                            496     40.022     0.000       40.022 <none> (D)  
    g_row[10].g_col[29].u_pe pe_349                                                                                 1939    164.244     0.000      164.244 <none> (D)  
      u_mac                  bf16_mac_unit_349                                                                      1842    141.791     0.000      141.791 <none> (D)  
        u_add                bf16_fp32_add_349                                                                      1341    101.375     0.000      101.375 <none> (D)  
        u_mul                bf16_mul_349                                                                            501     40.416     0.000       40.416 <none> (D)  
    g_row[10].g_col[2].u_pe  pe_322                                                                                 1931    163.748     0.000      163.748 <none> (D)  
      u_mac                  bf16_mac_unit_322                                                                      1834    141.295     0.000      141.295 <none> (D)  
        u_add                bf16_fp32_add_322                                                                      1338    101.273     0.000      101.273 <none> (D)  
        u_mul                bf16_mul_322                                                                            496     40.022     0.000       40.022 <none> (D)  
    g_row[10].g_col[30].u_pe pe_350                                                                                 1973    165.614     0.000      165.614 <none> (D)  
      u_mac                  bf16_mac_unit_350                                                                      1876    143.161     0.000      143.161 <none> (D)  
        u_add                bf16_fp32_add_350                                                                      1387    103.401     0.000      103.401 <none> (D)  
        u_mul                bf16_mul_350                                                                            489     39.760     0.000       39.760 <none> (D)  
    g_row[10].g_col[31].u_pe pe_351                                                                                 1999    166.620     0.000      166.620 <none> (D)  
      u_mac                  bf16_mac_unit_351                                                                      1902    144.167     0.000      144.167 <none> (D)  
        u_add                bf16_fp32_add_351                                                                      1409    104.276     0.000      104.276 <none> (D)  
        u_mul                bf16_mul_351                                                                            493     39.891     0.000       39.891 <none> (D)  
    g_row[10].g_col[3].u_pe  pe_323                                                                                 1984    165.993     0.000      165.993 <none> (D)  
      u_mac                  bf16_mac_unit_323                                                                      1887    143.540     0.000      143.540 <none> (D)  
        u_add                bf16_fp32_add_323                                                                      1395    103.547     0.000      103.547 <none> (D)  
        u_mul                bf16_mul_323                                                                            492     39.993     0.000       39.993 <none> (D)  
    g_row[10].g_col[4].u_pe  pe_324                                                                                 1954    164.725     0.000      164.725 <none> (D)  
      u_mac                  bf16_mac_unit_324                                                                      1857    142.272     0.000      142.272 <none> (D)  
        u_add                bf16_fp32_add_324                                                                      1364    102.395     0.000      102.395 <none> (D)  
        u_mul                bf16_mul_324                                                                            493     39.876     0.000       39.876 <none> (D)  
    g_row[10].g_col[5].u_pe  pe_325                                                                                 2014    168.180     0.000      168.180 <none> (D)  
      u_mac                  bf16_mac_unit_325                                                                      1917    145.727     0.000      145.727 <none> (D)  
        u_add                bf16_fp32_add_325                                                                      1406    104.728     0.000      104.728 <none> (D)  
        u_mul                bf16_mul_325                                                                            511     40.999     0.000       40.999 <none> (D)  
    g_row[10].g_col[6].u_pe  pe_326                                                                                 1987    166.081     0.000      166.081 <none> (D)  
      u_mac                  bf16_mac_unit_326                                                                      1890    143.628     0.000      143.628 <none> (D)  
        u_add                bf16_fp32_add_326                                                                      1395    103.533     0.000      103.533 <none> (D)  
        u_mul                bf16_mul_326                                                                            495     40.095     0.000       40.095 <none> (D)  
    g_row[10].g_col[7].u_pe  pe_327                                                                                 1977    165.264     0.000      165.264 <none> (D)  
      u_mac                  bf16_mac_unit_327                                                                      1880    142.811     0.000      142.811 <none> (D)  
        u_add                bf16_fp32_add_327                                                                      1380    102.643     0.000      102.643 <none> (D)  
        u_mul                bf16_mul_327                                                                            500     40.168     0.000       40.168 <none> (D)  
    g_row[10].g_col[8].u_pe  pe_328                                                                                 1972    165.527     0.000      165.527 <none> (D)  
      u_mac                  bf16_mac_unit_328                                                                      1875    143.074     0.000      143.074 <none> (D)  
        u_add                bf16_fp32_add_328                                                                      1379    103.081     0.000      103.081 <none> (D)  
        u_mul                bf16_mul_328                                                                            496     39.993     0.000       39.993 <none> (D)  
    g_row[10].g_col[9].u_pe  pe_329                                                                                 1984    165.804     0.000      165.804 <none> (D)  
      u_mac                  bf16_mac_unit_329                                                                      1887    143.351     0.000      143.351 <none> (D)  
        u_add                bf16_fp32_add_329                                                                      1390    103.256     0.000      103.256 <none> (D)  
        u_mul                bf16_mul_329                                                                            497     40.095     0.000       40.095 <none> (D)  
    g_row[11].g_col[0].u_pe  pe_352                                                                                 1926    163.413     0.000      163.413 <none> (D)  
      u_mac                  bf16_mac_unit_352                                                                      1829    140.974     0.000      140.974 <none> (D)  
        u_add                bf16_fp32_add_352                                                                      1321    100.325     0.000      100.325 <none> (D)  
        u_mul                bf16_mul_352                                                                            508     40.649     0.000       40.649 <none> (D)  
    g_row[11].g_col[10].u_pe pe_362                                                                                 1925    163.515     0.000      163.515 <none> (D)  
      u_mac                  bf16_mac_unit_362                                                                      1828    141.076     0.000      141.076 <none> (D)  
        u_add                bf16_fp32_add_362                                                                      1321    100.398     0.000      100.398 <none> (D)  
        u_mul                bf16_mul_362                                                                            507     40.678     0.000       40.678 <none> (D)  
    g_row[11].g_col[11].u_pe pe_363                                                                                 1916    163.136     0.000      163.136 <none> (D)  
      u_mac                  bf16_mac_unit_363                                                                      1819    140.697     0.000      140.697 <none> (D)  
        u_add                bf16_fp32_add_363                                                                      1315    100.252     0.000      100.252 <none> (D)  
        u_mul                bf16_mul_363                                                                            504     40.445     0.000       40.445 <none> (D)  
    g_row[11].g_col[12].u_pe pe_364                                                                                 1916    163.179     0.000      163.179 <none> (D)  
      u_mac                  bf16_mac_unit_364                                                                      1819    140.741     0.000      140.741 <none> (D)  
        u_add                bf16_fp32_add_364                                                                      1315    100.252     0.000      100.252 <none> (D)  
        u_mul                bf16_mul_364                                                                            504     40.489     0.000       40.489 <none> (D)  
    g_row[11].g_col[13].u_pe pe_365                                                                                 1917    163.165     0.000      163.165 <none> (D)  
      u_mac                  bf16_mac_unit_365                                                                      1820    140.726     0.000      140.726 <none> (D)  
        u_add                bf16_fp32_add_365                                                                      1315    100.281     0.000      100.281 <none> (D)  
        u_mul                bf16_mul_365                                                                            505     40.445     0.000       40.445 <none> (D)  
    g_row[11].g_col[14].u_pe pe_366                                                                                 1917    163.063     0.000      163.063 <none> (D)  
      u_mac                  bf16_mac_unit_366                                                                      1820    140.624     0.000      140.624 <none> (D)  
        u_add                bf16_fp32_add_366                                                                      1314     99.960     0.000       99.960 <none> (D)  
        u_mul                bf16_mul_366                                                                            506     40.664     0.000       40.664 <none> (D)  
    g_row[11].g_col[15].u_pe pe_367                                                                                 1915    163.179     0.000      163.179 <none> (D)  
      u_mac                  bf16_mac_unit_367                                                                      1818    140.741     0.000      140.741 <none> (D)  
        u_add                bf16_fp32_add_367                                                                      1315    100.281     0.000      100.281 <none> (D)  
        u_mul                bf16_mul_367                                                                            503     40.459     0.000       40.459 <none> (D)  
    g_row[11].g_col[16].u_pe pe_368                                                                                 1925    163.340     0.000      163.340 <none> (D)  
      u_mac                  bf16_mac_unit_368                                                                      1828    140.901     0.000      140.901 <none> (D)  
        u_add                bf16_fp32_add_368                                                                      1321    100.383     0.000      100.383 <none> (D)  
        u_mul                bf16_mul_368                                                                            507     40.518     0.000       40.518 <none> (D)  
    g_row[11].g_col[17].u_pe pe_369                                                                                 1916    163.077     0.000      163.077 <none> (D)  
      u_mac                  bf16_mac_unit_369                                                                      1819    140.639     0.000      140.639 <none> (D)  
        u_add                bf16_fp32_add_369                                                                      1313    100.004     0.000      100.004 <none> (D)  
        u_mul                bf16_mul_369                                                                            506     40.634     0.000       40.634 <none> (D)  
    g_row[11].g_col[18].u_pe pe_370                                                                                 1915    163.106     0.000      163.106 <none> (D)  
      u_mac                  bf16_mac_unit_370                                                                      1818    140.668     0.000      140.668 <none> (D)  
        u_add                bf16_fp32_add_370                                                                      1313    100.267     0.000      100.267 <none> (D)  
        u_mul                bf16_mul_370                                                                            505     40.401     0.000       40.401 <none> (D)  
    g_row[11].g_col[19].u_pe pe_371                                                                                 1920    163.106     0.000      163.106 <none> (D)  
      u_mac                  bf16_mac_unit_371                                                                      1823    140.668     0.000      140.668 <none> (D)  
        u_add                bf16_fp32_add_371                                                                      1316    100.179     0.000      100.179 <none> (D)  
        u_mul                bf16_mul_371                                                                            507     40.489     0.000       40.489 <none> (D)  
    g_row[11].g_col[1].u_pe  pe_353                                                                                 1939    163.835     0.000      163.835 <none> (D)  
      u_mac                  bf16_mac_unit_353                                                                      1842    141.397     0.000      141.397 <none> (D)  
        u_add                bf16_fp32_add_353                                                                      1333    100.573     0.000      100.573 <none> (D)  
        u_mul                bf16_mul_353                                                                            509     40.824     0.000       40.824 <none> (D)  
    g_row[11].g_col[20].u_pe pe_372                                                                                 1917    163.121     0.000      163.121 <none> (D)  
      u_mac                  bf16_mac_unit_372                                                                      1820    140.682     0.000      140.682 <none> (D)  
        u_add                bf16_fp32_add_372                                                                      1314    100.237     0.000      100.237 <none> (D)  
        u_mul                bf16_mul_372                                                                            506     40.445     0.000       40.445 <none> (D)  
    g_row[11].g_col[21].u_pe pe_373                                                                                 1923    163.267     0.000      163.267 <none> (D)  
      u_mac                  bf16_mac_unit_373                                                                      1826    140.828     0.000      140.828 <none> (D)  
        u_add                bf16_fp32_add_373                                                                      1317    100.135     0.000      100.135 <none> (D)  
        u_mul                bf16_mul_373                                                                            509     40.693     0.000       40.693 <none> (D)  
    g_row[11].g_col[22].u_pe pe_374                                                                                 1927    163.209     0.000      163.209 <none> (D)  
      u_mac                  bf16_mac_unit_374                                                                      1830    140.770     0.000      140.770 <none> (D)  
        u_add                bf16_fp32_add_374                                                                      1324    100.237     0.000      100.237 <none> (D)  
        u_mul                bf16_mul_374                                                                            506     40.532     0.000       40.532 <none> (D)  
    g_row[11].g_col[23].u_pe pe_375                                                                                 1918    163.179     0.000      163.179 <none> (D)  
      u_mac                  bf16_mac_unit_375                                                                      1821    140.741     0.000      140.741 <none> (D)  
        u_add                bf16_fp32_add_375                                                                      1314    100.194     0.000      100.194 <none> (D)  
        u_mul                bf16_mul_375                                                                            507     40.547     0.000       40.547 <none> (D)  
    g_row[11].g_col[24].u_pe pe_376                                                                                 1930    163.442     0.000      163.442 <none> (D)  
      u_mac                  bf16_mac_unit_376                                                                      1833    141.003     0.000      141.003 <none> (D)  
        u_add                bf16_fp32_add_376                                                                      1326    100.515     0.000      100.515 <none> (D)  
        u_mul                bf16_mul_376                                                                            507     40.489     0.000       40.489 <none> (D)  
    g_row[11].g_col[25].u_pe pe_377                                                                                 1920    163.106     0.000      163.106 <none> (D)  
      u_mac                  bf16_mac_unit_377                                                                      1823    140.668     0.000      140.668 <none> (D)  
        u_add                bf16_fp32_add_377                                                                      1316    100.179     0.000      100.179 <none> (D)  
        u_mul                bf16_mul_377                                                                            507     40.489     0.000       40.489 <none> (D)  
    g_row[11].g_col[26].u_pe pe_378                                                                                 1916    163.194     0.000      163.194 <none> (D)  
      u_mac                  bf16_mac_unit_378                                                                      1819    140.755     0.000      140.755 <none> (D)  
        u_add                bf16_fp32_add_378                                                                      1316    100.369     0.000      100.369 <none> (D)  
        u_mul                bf16_mul_378                                                                            503     40.387     0.000       40.387 <none> (D)  
    g_row[11].g_col[27].u_pe pe_379                                                                                 1934    163.719     0.000      163.719 <none> (D)  
      u_mac                  bf16_mac_unit_379                                                                      1837    141.280     0.000      141.280 <none> (D)  
        u_add                bf16_fp32_add_379                                                                      1330    100.587     0.000      100.587 <none> (D)  
        u_mul                bf16_mul_379                                                                            507     40.693     0.000       40.693 <none> (D)  
    g_row[11].g_col[28].u_pe pe_380                                                                                 1917    163.150     0.000      163.150 <none> (D)  
      u_mac                  bf16_mac_unit_380                                                                      1820    140.712     0.000      140.712 <none> (D)  
        u_add                bf16_fp32_add_380                                                                      1315    100.252     0.000      100.252 <none> (D)  
        u_mul                bf16_mul_380                                                                            505     40.459     0.000       40.459 <none> (D)  
    g_row[11].g_col[29].u_pe pe_381                                                                                 2033    169.726     0.000      169.726 <none> (D)  
      u_mac                  bf16_mac_unit_381                                                                      1936    147.287     0.000      147.287 <none> (D)  
        u_add                bf16_fp32_add_381                                                                      1430    106.740     0.000      106.740 <none> (D)  
        u_mul                bf16_mul_381                                                                            506     40.547     0.000       40.547 <none> (D)  
    g_row[11].g_col[2].u_pe  pe_354                                                                                 2033    169.959     0.000      169.959 <none> (D)  
      u_mac                  bf16_mac_unit_354                                                                      1936    147.520     0.000      147.520 <none> (D)  
        u_add                bf16_fp32_add_354                                                                      1433    107.090     0.000      107.090 <none> (D)  
        u_mul                bf16_mul_354                                                                            503     40.430     0.000       40.430 <none> (D)  
    g_row[11].g_col[30].u_pe pe_382                                                                                 1935    163.792     0.000      163.792 <none> (D)  
      u_mac                  bf16_mac_unit_382                                                                      1838    141.353     0.000      141.353 <none> (D)  
        u_add                bf16_fp32_add_382                                                                      1329    100.821     0.000      100.821 <none> (D)  
        u_mul                bf16_mul_382                                                                            508     40.459     0.000       40.459 <none> (D)  
    g_row[11].g_col[31].u_pe pe_383                                                                                 1934    163.865     0.000      163.865 <none> (D)  
      u_mac                  bf16_mac_unit_383                                                                      1837    141.426     0.000      141.426 <none> (D)  
        u_add                bf16_fp32_add_383                                                                      1330    100.660     0.000      100.660 <none> (D)  
        u_mul                bf16_mul_383                                                                            507     40.766     0.000       40.766 <none> (D)  
    g_row[11].g_col[3].u_pe  pe_355                                                                                 1946    164.083     0.000      164.083 <none> (D)  
      u_mac                  bf16_mac_unit_355                                                                      1849    141.645     0.000      141.645 <none> (D)  
        u_add                bf16_fp32_add_355                                                                      1342    101.127     0.000      101.127 <none> (D)  
        u_mul                bf16_mul_355                                                                            507     40.518     0.000       40.518 <none> (D)  
    g_row[11].g_col[4].u_pe  pe_356                                                                                 1935    163.908     0.000      163.908 <none> (D)  
      u_mac                  bf16_mac_unit_356                                                                      1838    141.470     0.000      141.470 <none> (D)  
        u_add                bf16_fp32_add_356                                                                      1332    100.850     0.000      100.850 <none> (D)  
        u_mul                bf16_mul_356                                                                            506     40.620     0.000       40.620 <none> (D)  
    g_row[11].g_col[5].u_pe  pe_357                                                                                 1914    162.961     0.000      162.961 <none> (D)  
      u_mac                  bf16_mac_unit_357                                                                      1817    140.522     0.000      140.522 <none> (D)  
        u_add                bf16_fp32_add_357                                                                      1313    100.004     0.000      100.004 <none> (D)  
        u_mul                bf16_mul_357                                                                            504     40.518     0.000       40.518 <none> (D)  
    g_row[11].g_col[6].u_pe  pe_358                                                                                 1918    163.150     0.000      163.150 <none> (D)  
      u_mac                  bf16_mac_unit_358                                                                      1821    140.712     0.000      140.712 <none> (D)  
        u_add                bf16_fp32_add_358                                                                      1314    100.194     0.000      100.194 <none> (D)  
        u_mul                bf16_mul_358                                                                            507     40.518     0.000       40.518 <none> (D)  
    g_row[11].g_col[7].u_pe  pe_359                                                                                 1918    163.077     0.000      163.077 <none> (D)  
      u_mac                  bf16_mac_unit_359                                                                      1821    140.639     0.000      140.639 <none> (D)  
        u_add                bf16_fp32_add_359                                                                      1315    100.252     0.000      100.252 <none> (D)  
        u_mul                bf16_mul_359                                                                            506     40.387     0.000       40.387 <none> (D)  
    g_row[11].g_col[8].u_pe  pe_360                                                                                 1919    163.165     0.000      163.165 <none> (D)  
      u_mac                  bf16_mac_unit_360                                                                      1822    140.726     0.000      140.726 <none> (D)  
        u_add                bf16_fp32_add_360                                                                      1315    100.252     0.000      100.252 <none> (D)  
        u_mul                bf16_mul_360                                                                            507     40.474     0.000       40.474 <none> (D)  
    g_row[11].g_col[9].u_pe  pe_361                                                                                 1937    163.763     0.000      163.763 <none> (D)  
      u_mac                  bf16_mac_unit_361                                                                      1840    141.324     0.000      141.324 <none> (D)  
        u_add                bf16_fp32_add_361                                                                      1332    100.617     0.000      100.617 <none> (D)  
        u_mul                bf16_mul_361                                                                            508     40.707     0.000       40.707 <none> (D)  
    g_row[12].g_col[0].u_pe  pe_384                                                                                 2024    169.332     0.000      169.332 <none> (D)  
      u_mac                  bf16_mac_unit_384                                                                      1927    146.879     0.000      146.879 <none> (D)  
        u_add                bf16_fp32_add_384                                                                      1399    105.749     0.000      105.749 <none> (D)  
        u_mul                bf16_mul_384                                                                            527     41.057     0.000       41.057 <none> (D)  
    g_row[12].g_col[10].u_pe pe_394                                                                                 2015    168.516     0.000      168.516 <none> (D)  
      u_mac                  bf16_mac_unit_394                                                                      1918    146.062     0.000      146.062 <none> (D)  
        u_add                bf16_fp32_add_394                                                                      1399    105.574     0.000      105.574 <none> (D)  
        u_mul                bf16_mul_394                                                                            519     40.489     0.000       40.489 <none> (D)  
    g_row[12].g_col[11].u_pe pe_395                                                                                 2005    168.137     0.000      168.137 <none> (D)  
      u_mac                  bf16_mac_unit_395                                                                      1908    145.683     0.000      145.683 <none> (D)  
        u_add                bf16_fp32_add_395                                                                      1380    104.539     0.000      104.539 <none> (D)  
        u_mul                bf16_mul_395                                                                            527     41.072     0.000       41.072 <none> (D)  
    g_row[12].g_col[12].u_pe pe_396                                                                                 1999    167.860     0.000      167.860 <none> (D)  
      u_mac                  bf16_mac_unit_396                                                                      1902    145.406     0.000      145.406 <none> (D)  
        u_add                bf16_fp32_add_396                                                                      1377    104.437     0.000      104.437 <none> (D)  
        u_mul                bf16_mul_396                                                                            524     40.897     0.000       40.897 <none> (D)  
    g_row[12].g_col[13].u_pe pe_397                                                                                 2014    169.128     0.000      169.128 <none> (D)  
      u_mac                  bf16_mac_unit_397                                                                      1917    146.675     0.000      146.675 <none> (D)  
        u_add                bf16_fp32_add_397                                                                      1401    106.084     0.000      106.084 <none> (D)  
        u_mul                bf16_mul_397                                                                            515     40.518     0.000       40.518 <none> (D)  
    g_row[12].g_col[14].u_pe pe_398                                                                                 2122    173.327     0.000      173.327 <none> (D)  
      u_mac                  bf16_mac_unit_398                                                                      2025    150.859     0.000      150.859 <none> (D)  
        u_add                bf16_fp32_add_398                                                                      1508    110.327     0.000      110.327 <none> (D)  
        u_mul                bf16_mul_398                                                                            516     40.459     0.000       40.459 <none> (D)  
    g_row[12].g_col[15].u_pe pe_399                                                                                 2000    167.918     0.000      167.918 <none> (D)  
      u_mac                  bf16_mac_unit_399                                                                      1903    145.465     0.000      145.465 <none> (D)  
        u_add                bf16_fp32_add_399                                                                      1379    104.480     0.000      104.480 <none> (D)  
        u_mul                bf16_mul_399                                                                            523     40.911     0.000       40.911 <none> (D)  
    g_row[12].g_col[16].u_pe pe_400                                                                                 1996    168.078     0.000      168.078 <none> (D)  
      u_mac                  bf16_mac_unit_400                                                                      1899    145.625     0.000      145.625 <none> (D)  
        u_add                bf16_fp32_add_400                                                                      1382    105.078     0.000      105.078 <none> (D)  
        u_mul                bf16_mul_400                                                                            517     40.547     0.000       40.547 <none> (D)  
    g_row[12].g_col[17].u_pe pe_401                                                                                 2060    170.921     0.000      170.921 <none> (D)  
      u_mac                  bf16_mac_unit_401                                                                      1963    148.454     0.000      148.454 <none> (D)  
        u_add                bf16_fp32_add_401                                                                      1439    107.484     0.000      107.484 <none> (D)  
        u_mul                bf16_mul_401                                                                            523     40.897     0.000       40.897 <none> (D)  
    g_row[12].g_col[18].u_pe pe_402                                                                                 2033    169.770     0.000      169.770 <none> (D)  
      u_mac                  bf16_mac_unit_402                                                                      1936    147.316     0.000      147.316 <none> (D)  
        u_add                bf16_fp32_add_402                                                                      1410    106.332     0.000      106.332 <none> (D)  
        u_mul                bf16_mul_402                                                                            525     40.911     0.000       40.911 <none> (D)  
    g_row[12].g_col[19].u_pe pe_403                                                                                 2003    167.976     0.000      167.976 <none> (D)  
      u_mac                  bf16_mac_unit_403                                                                      1906    145.523     0.000      145.523 <none> (D)  
        u_add                bf16_fp32_add_403                                                                      1378    104.320     0.000      104.320 <none> (D)  
        u_mul                bf16_mul_403                                                                            527     41.130     0.000       41.130 <none> (D)  
    g_row[12].g_col[1].u_pe  pe_385                                                                                 1990    167.787     0.000      167.787 <none> (D)  
      u_mac                  bf16_mac_unit_385                                                                      1893    145.333     0.000      145.333 <none> (D)  
        u_add                bf16_fp32_add_385                                                                      1376    104.845     0.000      104.845 <none> (D)  
        u_mul                bf16_mul_385                                                                            517     40.489     0.000       40.489 <none> (D)  
    g_row[12].g_col[20].u_pe pe_404                                                                                 2019    168.822     0.000      168.822 <none> (D)  
      u_mac                  bf16_mac_unit_404                                                                      1922    146.369     0.000      146.369 <none> (D)  
        u_add                bf16_fp32_add_404                                                                      1406    105.909     0.000      105.909 <none> (D)  
        u_mul                bf16_mul_404                                                                            516     40.459     0.000       40.459 <none> (D)  
    g_row[12].g_col[21].u_pe pe_405                                                                                 2021    168.705     0.000      168.705 <none> (D)  
      u_mac                  bf16_mac_unit_405                                                                      1924    146.252     0.000      146.252 <none> (D)  
        u_add                bf16_fp32_add_405                                                                      1408    105.895     0.000      105.895 <none> (D)  
        u_mul                bf16_mul_405                                                                            516     40.357     0.000       40.357 <none> (D)  
    g_row[12].g_col[22].u_pe pe_406                                                                                 2015    168.632     0.000      168.632 <none> (D)  
      u_mac                  bf16_mac_unit_406                                                                      1918    146.179     0.000      146.179 <none> (D)  
        u_add                bf16_fp32_add_406                                                                      1399    105.647     0.000      105.647 <none> (D)  
        u_mul                bf16_mul_406                                                                            519     40.532     0.000       40.532 <none> (D)  
    g_row[12].g_col[23].u_pe pe_407                                                                                 1992    167.626     0.000      167.626 <none> (D)  
      u_mac                  bf16_mac_unit_407                                                                      1895    145.173     0.000      145.173 <none> (D)  
        u_add                bf16_fp32_add_407                                                                      1379    104.743     0.000      104.743 <none> (D)  
        u_mul                bf16_mul_407                                                                            516     40.430     0.000       40.430 <none> (D)  
    g_row[12].g_col[24].u_pe pe_408                                                                                 2029    169.128     0.000      169.128 <none> (D)  
      u_mac                  bf16_mac_unit_408                                                                      1932    146.660     0.000      146.660 <none> (D)  
        u_add                bf16_fp32_add_408                                                                      1413    105.836     0.000      105.836 <none> (D)  
        u_mul                bf16_mul_408                                                                            517     40.678     0.000       40.678 <none> (D)  
    g_row[12].g_col[25].u_pe pe_409                                                                                 2005    168.064     0.000      168.064 <none> (D)  
      u_mac                  bf16_mac_unit_409                                                                      1908    145.610     0.000      145.610 <none> (D)  
        u_add                bf16_fp32_add_409                                                                      1378    104.320     0.000      104.320 <none> (D)  
        u_mul                bf16_mul_409                                                                            529     41.218     0.000       41.218 <none> (D)  
    g_row[12].g_col[26].u_pe pe_410                                                                                 2019    168.807     0.000      168.807 <none> (D)  
      u_mac                  bf16_mac_unit_410                                                                      1922    146.354     0.000      146.354 <none> (D)  
        u_add                bf16_fp32_add_410                                                                      1406    105.851     0.000      105.851 <none> (D)  
        u_mul                bf16_mul_410                                                                            516     40.503     0.000       40.503 <none> (D)  
    g_row[12].g_col[27].u_pe pe_411                                                                                 1994    168.107     0.000      168.107 <none> (D)  
      u_mac                  bf16_mac_unit_411                                                                      1897    145.654     0.000      145.654 <none> (D)  
        u_add                bf16_fp32_add_411                                                                      1379    105.049     0.000      105.049 <none> (D)  
        u_mul                bf16_mul_411                                                                            518     40.605     0.000       40.605 <none> (D)  
    g_row[12].g_col[28].u_pe pe_412                                                                                 2004    168.428     0.000      168.428 <none> (D)  
      u_mac                  bf16_mac_unit_412                                                                      1907    145.975     0.000      145.975 <none> (D)  
        u_add                bf16_fp32_add_412                                                                      1385    105.107     0.000      105.107 <none> (D)  
        u_mul                bf16_mul_412                                                                            521     40.795     0.000       40.795 <none> (D)  
    g_row[12].g_col[29].u_pe pe_413                                                                                 2021    168.691     0.000      168.691 <none> (D)  
      u_mac                  bf16_mac_unit_413                                                                      1924    146.237     0.000      146.237 <none> (D)  
        u_add                bf16_fp32_add_413                                                                      1408    105.895     0.000      105.895 <none> (D)  
        u_mul                bf16_mul_413                                                                            516     40.343     0.000       40.343 <none> (D)  
    g_row[12].g_col[2].u_pe  pe_386                                                                                 2007    168.472     0.000      168.472 <none> (D)  
      u_mac                  bf16_mac_unit_386                                                                      1910    146.019     0.000      146.019 <none> (D)  
        u_add                bf16_fp32_add_386                                                                      1387    105.180     0.000      105.180 <none> (D)  
        u_mul                bf16_mul_386                                                                            522     40.766     0.000       40.766 <none> (D)  
    g_row[12].g_col[30].u_pe pe_414                                                                                 2024    169.332     0.000      169.332 <none> (D)  
      u_mac                  bf16_mac_unit_414                                                                      1927    146.879     0.000      146.879 <none> (D)  
        u_add                bf16_fp32_add_414                                                                      1399    105.749     0.000      105.749 <none> (D)  
        u_mul                bf16_mul_414                                                                            527     41.057     0.000       41.057 <none> (D)  
    g_row[12].g_col[31].u_pe pe_415                                                                                 2036    169.624     0.000      169.624 <none> (D)  
      u_mac                  bf16_mac_unit_415                                                                      1938    147.098     0.000      147.098 <none> (D)  
        u_add                bf16_fp32_add_415                                                                      1421    106.390     0.000      106.390 <none> (D)  
        u_mul                bf16_mul_415                                                                            517     40.707     0.000       40.707 <none> (D)  
    g_row[12].g_col[3].u_pe  pe_387                                                                                 1998    167.903     0.000      167.903 <none> (D)  
      u_mac                  bf16_mac_unit_387                                                                      1901    145.450     0.000      145.450 <none> (D)  
        u_add                bf16_fp32_add_387                                                                      1380    104.859     0.000      104.859 <none> (D)  
        u_mul                bf16_mul_387                                                                            521     40.591     0.000       40.591 <none> (D)  
    g_row[12].g_col[4].u_pe  pe_388                                                                                 2028    169.726     0.000      169.726 <none> (D)  
      u_mac                  bf16_mac_unit_388                                                                      1931    147.273     0.000      147.273 <none> (D)  
        u_add                bf16_fp32_add_388                                                                      1415    106.755     0.000      106.755 <none> (D)  
        u_mul                bf16_mul_388                                                                            516     40.518     0.000       40.518 <none> (D)  
    g_row[12].g_col[5].u_pe  pe_389                                                                                 2000    167.918     0.000      167.918 <none> (D)  
      u_mac                  bf16_mac_unit_389                                                                      1903    145.465     0.000      145.465 <none> (D)  
        u_add                bf16_fp32_add_389                                                                      1379    104.480     0.000      104.480 <none> (D)  
        u_mul                bf16_mul_389                                                                            523     40.911     0.000       40.911 <none> (D)  
    g_row[12].g_col[6].u_pe  pe_390                                                                                 2073    171.184     0.000      171.184 <none> (D)  
      u_mac                  bf16_mac_unit_390                                                                      1976    148.716     0.000      148.716 <none> (D)  
        u_add                bf16_fp32_add_390                                                                      1458    108.082     0.000      108.082 <none> (D)  
        u_mul                bf16_mul_390                                                                            517     40.562     0.000       40.562 <none> (D)  
    g_row[12].g_col[7].u_pe  pe_391                                                                                 2003    167.962     0.000      167.962 <none> (D)  
      u_mac                  bf16_mac_unit_391                                                                      1906    145.508     0.000      145.508 <none> (D)  
        u_add                bf16_fp32_add_391                                                                      1378    104.364     0.000      104.364 <none> (D)  
        u_mul                bf16_mul_391                                                                            527     41.072     0.000       41.072 <none> (D)  
    g_row[12].g_col[8].u_pe  pe_392                                                                                 1997    168.151     0.000      168.151 <none> (D)  
      u_mac                  bf16_mac_unit_392                                                                      1900    145.698     0.000      145.698 <none> (D)  
        u_add                bf16_fp32_add_392                                                                      1384    105.166     0.000      105.166 <none> (D)  
        u_mul                bf16_mul_392                                                                            515     40.459     0.000       40.459 <none> (D)  
    g_row[12].g_col[9].u_pe  pe_393                                                                                 1994    168.107     0.000      168.107 <none> (D)  
      u_mac                  bf16_mac_unit_393                                                                      1897    145.654     0.000      145.654 <none> (D)  
        u_add                bf16_fp32_add_393                                                                      1379    105.049     0.000      105.049 <none> (D)  
        u_mul                bf16_mul_393                                                                            518     40.605     0.000       40.605 <none> (D)  
    g_row[13].g_col[0].u_pe  pe_416                                                                                 2021    168.661     0.000      168.661 <none> (D)  
      u_mac                  bf16_mac_unit_416                                                                      1924    146.208     0.000      146.208 <none> (D)  
        u_add                bf16_fp32_add_416                                                                      1435    106.303     0.000      106.303 <none> (D)  
        u_mul                bf16_mul_416                                                                            489     39.905     0.000       39.905 <none> (D)  
    g_row[13].g_col[10].u_pe pe_426                                                                                 1998    167.028     0.000      167.028 <none> (D)  
      u_mac                  bf16_mac_unit_426                                                                      1901    144.575     0.000      144.575 <none> (D)  
        u_add                bf16_fp32_add_426                                                                      1418    105.034     0.000      105.034 <none> (D)  
        u_mul                bf16_mul_426                                                                            482     39.468     0.000       39.468 <none> (D)  
    g_row[13].g_col[11].u_pe pe_427                                                                                 1984    166.212     0.000      166.212 <none> (D)  
      u_mac                  bf16_mac_unit_427                                                                      1887    143.759     0.000      143.759 <none> (D)  
        u_add                bf16_fp32_add_427                                                                      1398    104.014     0.000      104.014 <none> (D)  
        u_mul                bf16_mul_427                                                                            488     39.672     0.000       39.672 <none> (D)  
    g_row[13].g_col[12].u_pe pe_428                                                                                 1987    166.445     0.000      166.445 <none> (D)  
      u_mac                  bf16_mac_unit_428                                                                      1890    143.992     0.000      143.992 <none> (D)  
        u_add                bf16_fp32_add_428                                                                      1405    104.378     0.000      104.378 <none> (D)  
        u_mul                bf16_mul_428                                                                            485     39.614     0.000       39.614 <none> (D)  
    g_row[13].g_col[13].u_pe pe_429                                                                                 2000    166.941     0.000      166.941 <none> (D)  
      u_mac                  bf16_mac_unit_429                                                                      1903    144.488     0.000      144.488 <none> (D)  
        u_add                bf16_fp32_add_429                                                                      1416    104.728     0.000      104.728 <none> (D)  
        u_mul                bf16_mul_429                                                                            485     39.614     0.000       39.614 <none> (D)  
    g_row[13].g_col[14].u_pe pe_430                                                                                 1999    167.189     0.000      167.189 <none> (D)  
      u_mac                  bf16_mac_unit_430                                                                      1902    144.736     0.000      144.736 <none> (D)  
        u_add                bf16_fp32_add_430                                                                      1411    104.728     0.000      104.728 <none> (D)  
        u_mul                bf16_mul_430                                                                            489     39.862     0.000       39.862 <none> (D)  
    g_row[13].g_col[15].u_pe pe_431                                                                                 2003    166.999     0.000      166.999 <none> (D)  
      u_mac                  bf16_mac_unit_431                                                                      1906    144.546     0.000      144.546 <none> (D)  
        u_add                bf16_fp32_add_431                                                                      1419    104.786     0.000      104.786 <none> (D)  
        u_mul                bf16_mul_431                                                                            485     39.614     0.000       39.614 <none> (D)  
    g_row[13].g_col[16].u_pe pe_432                                                                                 2058    170.236     0.000      170.236 <none> (D)  
      u_mac                  bf16_mac_unit_432                                                                      1961    147.783     0.000      147.783 <none> (D)  
        u_add                bf16_fp32_add_432                                                                      1471    107.863     0.000      107.863 <none> (D)  
        u_mul                bf16_mul_432                                                                            489     39.847     0.000       39.847 <none> (D)  
    g_row[13].g_col[17].u_pe pe_433                                                                                 2013    167.626     0.000      167.626 <none> (D)  
      u_mac                  bf16_mac_unit_433                                                                      1916    145.173     0.000      145.173 <none> (D)  
        u_add                bf16_fp32_add_433                                                                      1430    105.457     0.000      105.457 <none> (D)  
        u_mul                bf16_mul_433                                                                            485     39.643     0.000       39.643 <none> (D)  
    g_row[13].g_col[18].u_pe pe_434                                                                                 2012    167.597     0.000      167.597 <none> (D)  
      u_mac                  bf16_mac_unit_434                                                                      1915    145.144     0.000      145.144 <none> (D)  
        u_add                bf16_fp32_add_434                                                                      1429    105.428     0.000      105.428 <none> (D)  
        u_mul                bf16_mul_434                                                                            485     39.643     0.000       39.643 <none> (D)  
    g_row[13].g_col[19].u_pe pe_435                                                                                 2004    167.233     0.000      167.233 <none> (D)  
      u_mac                  bf16_mac_unit_435                                                                      1907    144.779     0.000      144.779 <none> (D)  
        u_add                bf16_fp32_add_435                                                                      1419    104.976     0.000      104.976 <none> (D)  
        u_mul                bf16_mul_435                                                                            487     39.730     0.000       39.730 <none> (D)  
    g_row[13].g_col[1].u_pe  pe_417                                                                                 2006    167.524     0.000      167.524 <none> (D)  
      u_mac                  bf16_mac_unit_417                                                                      1909    145.071     0.000      145.071 <none> (D)  
        u_add                bf16_fp32_add_417                                                                      1420    105.136     0.000      105.136 <none> (D)  
        u_mul                bf16_mul_417                                                                            487     39.774     0.000       39.774 <none> (D)  
    g_row[13].g_col[20].u_pe pe_436                                                                                 2016    167.947     0.000      167.947 <none> (D)  
      u_mac                  bf16_mac_unit_436                                                                      1919    145.494     0.000      145.494 <none> (D)  
        u_add                bf16_fp32_add_436                                                                      1432    105.705     0.000      105.705 <none> (D)  
        u_mul                bf16_mul_436                                                                            485     39.643     0.000       39.643 <none> (D)  
    g_row[13].g_col[21].u_pe pe_437                                                                                 1984    166.620     0.000      166.620 <none> (D)  
      u_mac                  bf16_mac_unit_437                                                                      1887    144.167     0.000      144.167 <none> (D)  
        u_add                bf16_fp32_add_437                                                                      1400    104.407     0.000      104.407 <none> (D)  
        u_mul                bf16_mul_437                                                                            485     39.614     0.000       39.614 <none> (D)  
    g_row[13].g_col[22].u_pe pe_438                                                                                 1982    166.372     0.000      166.372 <none> (D)  
      u_mac                  bf16_mac_unit_438                                                                      1885    143.919     0.000      143.919 <none> (D)  
        u_add                bf16_fp32_add_438                                                                      1396    104.203     0.000      104.203 <none> (D)  
        u_mul                bf16_mul_438                                                                            489     39.716     0.000       39.716 <none> (D)  
    g_row[13].g_col[23].u_pe pe_439                                                                                 1962    165.847     0.000      165.847 <none> (D)  
      u_mac                  bf16_mac_unit_439                                                                      1865    143.394     0.000      143.394 <none> (D)  
        u_add                bf16_fp32_add_439                                                                      1379    103.620     0.000      103.620 <none> (D)  
        u_mul                bf16_mul_439                                                                            486     39.774     0.000       39.774 <none> (D)  
    g_row[13].g_col[24].u_pe pe_440                                                                                 2036    169.011     0.000      169.011 <none> (D)  
      u_mac                  bf16_mac_unit_440                                                                      1939    146.558     0.000      146.558 <none> (D)  
        u_add                bf16_fp32_add_440                                                                      1452    106.944     0.000      106.944 <none> (D)  
        u_mul                bf16_mul_440                                                                            487     39.614     0.000       39.614 <none> (D)  
    g_row[13].g_col[25].u_pe pe_441                                                                                 2058    169.872     0.000      169.872 <none> (D)  
      u_mac                  bf16_mac_unit_441                                                                      1961    147.418     0.000      147.418 <none> (D)  
        u_add                bf16_fp32_add_441                                                                      1471    107.484     0.000      107.484 <none> (D)  
        u_mul                bf16_mul_441                                                                            489     39.862     0.000       39.862 <none> (D)  
    g_row[13].g_col[26].u_pe pe_442                                                                                 2013    167.860     0.000      167.860 <none> (D)  
      u_mac                  bf16_mac_unit_442                                                                      1916    145.406     0.000      145.406 <none> (D)  
        u_add                bf16_fp32_add_442                                                                      1426    105.443     0.000      105.443 <none> (D)  
        u_mul                bf16_mul_442                                                                            489     39.891     0.000       39.891 <none> (D)  
    g_row[13].g_col[27].u_pe pe_443                                                                                 1970    166.008     0.000      166.008 <none> (D)  
      u_mac                  bf16_mac_unit_443                                                                      1873    143.555     0.000      143.555 <none> (D)  
        u_add                bf16_fp32_add_443                                                                      1388    103.912     0.000      103.912 <none> (D)  
        u_mul                bf16_mul_443                                                                            485     39.643     0.000       39.643 <none> (D)  
    g_row[13].g_col[28].u_pe pe_444                                                                                 1973    166.314     0.000      166.314 <none> (D)  
      u_mac                  bf16_mac_unit_444                                                                      1876    143.861     0.000      143.861 <none> (D)  
        u_add                bf16_fp32_add_444                                                                      1392    104.305     0.000      104.305 <none> (D)  
        u_mul                bf16_mul_444                                                                            484     39.556     0.000       39.556 <none> (D)  
    g_row[13].g_col[29].u_pe pe_445                                                                                 2005    167.262     0.000      167.262 <none> (D)  
      u_mac                  bf16_mac_unit_445                                                                      1908    144.809     0.000      144.809 <none> (D)  
        u_add                bf16_fp32_add_445                                                                      1421    105.020     0.000      105.020 <none> (D)  
        u_mul                bf16_mul_445                                                                            485     39.643     0.000       39.643 <none> (D)  
    g_row[13].g_col[2].u_pe  pe_418                                                                                 2022    168.720     0.000      168.720 <none> (D)  
      u_mac                  bf16_mac_unit_418                                                                      1925    146.267     0.000      146.267 <none> (D)  
        u_add                bf16_fp32_add_418                                                                      1436    106.361     0.000      106.361 <none> (D)  
        u_mul                bf16_mul_418                                                                            489     39.905     0.000       39.905 <none> (D)  
    g_row[13].g_col[30].u_pe pe_446                                                                                 1973    166.314     0.000      166.314 <none> (D)  
      u_mac                  bf16_mac_unit_446                                                                      1876    143.861     0.000      143.861 <none> (D)  
        u_add                bf16_fp32_add_446                                                                      1392    104.305     0.000      104.305 <none> (D)  
        u_mul                bf16_mul_446                                                                            484     39.556     0.000       39.556 <none> (D)  
    g_row[13].g_col[31].u_pe pe_447                                                                                 1989    166.810     0.000      166.810 <none> (D)  
      u_mac                  bf16_mac_unit_447                                                                      1892    144.357     0.000      144.357 <none> (D)  
        u_add                bf16_fp32_add_447                                                                      1407    104.714     0.000      104.714 <none> (D)  
        u_mul                bf16_mul_447                                                                            485     39.643     0.000       39.643 <none> (D)  
    g_row[13].g_col[3].u_pe  pe_419                                                                                 2023    168.166     0.000      168.166 <none> (D)  
      u_mac                  bf16_mac_unit_419                                                                      1926    145.713     0.000      145.713 <none> (D)  
        u_add                bf16_fp32_add_419                                                                      1433    105.792     0.000      105.792 <none> (D)  
        u_mul                bf16_mul_419                                                                            493     39.920     0.000       39.920 <none> (D)  
    g_row[13].g_col[4].u_pe  pe_420                                                                                 1969    165.804     0.000      165.804 <none> (D)  
      u_mac                  bf16_mac_unit_420                                                                      1872    143.351     0.000      143.351 <none> (D)  
        u_add                bf16_fp32_add_420                                                                      1387    103.678     0.000      103.678 <none> (D)  
        u_mul                bf16_mul_420                                                                            485     39.672     0.000       39.672 <none> (D)  
    g_row[13].g_col[5].u_pe  pe_421                                                                                 1994    166.751     0.000      166.751 <none> (D)  
      u_mac                  bf16_mac_unit_421                                                                      1897    144.298     0.000      144.298 <none> (D)  
        u_add                bf16_fp32_add_421                                                                      1410    104.524     0.000      104.524 <none> (D)  
        u_mul                bf16_mul_421                                                                            485     39.614     0.000       39.614 <none> (D)  
    g_row[13].g_col[6].u_pe  pe_422                                                                                 1986    166.751     0.000      166.751 <none> (D)  
      u_mac                  bf16_mac_unit_422                                                                      1889    144.298     0.000      144.298 <none> (D)  
        u_add                bf16_fp32_add_422                                                                      1400    104.524     0.000      104.524 <none> (D)  
        u_mul                bf16_mul_422                                                                            489     39.774     0.000       39.774 <none> (D)  
    g_row[13].g_col[7].u_pe  pe_423                                                                                 1999    167.189     0.000      167.189 <none> (D)  
      u_mac                  bf16_mac_unit_423                                                                      1902    144.736     0.000      144.736 <none> (D)  
        u_add                bf16_fp32_add_423                                                                      1411    104.728     0.000      104.728 <none> (D)  
        u_mul                bf16_mul_423                                                                            489     39.862     0.000       39.862 <none> (D)  
    g_row[13].g_col[8].u_pe  pe_424                                                                                 2016    168.137     0.000      168.137 <none> (D)  
      u_mac                  bf16_mac_unit_424                                                                      1919    145.683     0.000      145.683 <none> (D)  
        u_add                bf16_fp32_add_424                                                                      1432    105.895     0.000      105.895 <none> (D)  
        u_mul                bf16_mul_424                                                                            485     39.643     0.000       39.643 <none> (D)  
    g_row[13].g_col[9].u_pe  pe_425                                                                                 1972    165.979     0.000      165.979 <none> (D)  
      u_mac                  bf16_mac_unit_425                                                                      1875    143.526     0.000      143.526 <none> (D)  
        u_add                bf16_fp32_add_425                                                                      1388    103.664     0.000      103.664 <none> (D)  
        u_mul                bf16_mul_425                                                                            485     39.701     0.000       39.701 <none> (D)  
    g_row[14].g_col[0].u_pe  pe_448                                                                                 1925    164.375     0.000      164.375 <none> (D)  
      u_mac                  bf16_mac_unit_448                                                                      1828    141.922     0.000      141.922 <none> (D)  
        u_add                bf16_fp32_add_448                                                                      1347    102.454     0.000      102.454 <none> (D)  
        u_mul                bf16_mul_448                                                                            481     39.468     0.000       39.468 <none> (D)  
    g_row[14].g_col[10].u_pe pe_458                                                                                 1976    166.008     0.000      166.008 <none> (D)  
      u_mac                  bf16_mac_unit_458                                                                      1879    143.555     0.000      143.555 <none> (D)  
        u_add                bf16_fp32_add_458                                                                      1395    103.912     0.000      103.912 <none> (D)  
        u_mul                bf16_mul_458                                                                            484     39.643     0.000       39.643 <none> (D)  
    g_row[14].g_col[11].u_pe pe_459                                                                                 1949    164.681     0.000      164.681 <none> (D)  
      u_mac                  bf16_mac_unit_459                                                                      1852    142.228     0.000      142.228 <none> (D)  
        u_add                bf16_fp32_add_459                                                                      1367    102.439     0.000      102.439 <none> (D)  
        u_mul                bf16_mul_459                                                                            485     39.789     0.000       39.789 <none> (D)  
    g_row[14].g_col[12].u_pe pe_460                                                                                 1949    164.681     0.000      164.681 <none> (D)  
      u_mac                  bf16_mac_unit_460                                                                      1852    142.228     0.000      142.228 <none> (D)  
        u_add                bf16_fp32_add_460                                                                      1367    102.439     0.000      102.439 <none> (D)  
        u_mul                bf16_mul_460                                                                            485     39.789     0.000       39.789 <none> (D)  
    g_row[14].g_col[13].u_pe pe_461                                                                                 1955    165.396     0.000      165.396 <none> (D)  
      u_mac                  bf16_mac_unit_461                                                                      1858    142.942     0.000      142.942 <none> (D)  
        u_add                bf16_fp32_add_461                                                                      1375    103.387     0.000      103.387 <none> (D)  
        u_mul                bf16_mul_461                                                                            483     39.556     0.000       39.556 <none> (D)  
    g_row[14].g_col[14].u_pe pe_462                                                                                 1947    164.521     0.000      164.521 <none> (D)  
      u_mac                  bf16_mac_unit_462                                                                      1850    142.068     0.000      142.068 <none> (D)  
        u_add                bf16_fp32_add_462                                                                      1366    102.439     0.000      102.439 <none> (D)  
        u_mul                bf16_mul_462                                                                            484     39.628     0.000       39.628 <none> (D)  
    g_row[14].g_col[15].u_pe pe_463                                                                                 1950    164.564     0.000      164.564 <none> (D)  
      u_mac                  bf16_mac_unit_463                                                                      1853    142.111     0.000      142.111 <none> (D)  
        u_add                bf16_fp32_add_463                                                                      1368    102.439     0.000      102.439 <none> (D)  
        u_mul                bf16_mul_463                                                                            485     39.672     0.000       39.672 <none> (D)  
    g_row[14].g_col[16].u_pe pe_464                                                                                 1908    163.777     0.000      163.777 <none> (D)  
      u_mac                  bf16_mac_unit_464                                                                      1811    141.324     0.000      141.324 <none> (D)  
        u_add                bf16_fp32_add_464                                                                      1328    101.681     0.000      101.681 <none> (D)  
        u_mul                bf16_mul_464                                                                            483     39.643     0.000       39.643 <none> (D)  
    g_row[14].g_col[17].u_pe pe_465                                                                                 1963    165.687     0.000      165.687 <none> (D)  
      u_mac                  bf16_mac_unit_465                                                                      1866    143.234     0.000      143.234 <none> (D)  
        u_add                bf16_fp32_add_465                                                                      1383    103.591     0.000      103.591 <none> (D)  
        u_mul                bf16_mul_465                                                                            483     39.643     0.000       39.643 <none> (D)  
    g_row[14].g_col[18].u_pe pe_466                                                                                 1963    165.687     0.000      165.687 <none> (D)  
      u_mac                  bf16_mac_unit_466                                                                      1866    143.234     0.000      143.234 <none> (D)  
        u_add                bf16_fp32_add_466                                                                      1383    103.591     0.000      103.591 <none> (D)  
        u_mul                bf16_mul_466                                                                            483     39.643     0.000       39.643 <none> (D)  
    g_row[14].g_col[19].u_pe pe_467                                                                                 1997    166.897     0.000      166.897 <none> (D)  
      u_mac                  bf16_mac_unit_467                                                                      1900    144.444     0.000      144.444 <none> (D)  
        u_add                bf16_fp32_add_467                                                                      1416    104.859     0.000      104.859 <none> (D)  
        u_mul                bf16_mul_467                                                                            484     39.585     0.000       39.585 <none> (D)  
    g_row[14].g_col[1].u_pe  pe_449                                                                                 1928    164.098     0.000      164.098 <none> (D)  
      u_mac                  bf16_mac_unit_449                                                                      1831    141.645     0.000      141.645 <none> (D)  
        u_add                bf16_fp32_add_449                                                                      1346    102.016     0.000      102.016 <none> (D)  
        u_mul                bf16_mul_449                                                                            485     39.628     0.000       39.628 <none> (D)  
    g_row[14].g_col[20].u_pe pe_468                                                                                 1942    164.171     0.000      164.171 <none> (D)  
      u_mac                  bf16_mac_unit_468                                                                      1845    141.718     0.000      141.718 <none> (D)  
        u_add                bf16_fp32_add_468                                                                      1359    101.973     0.000      101.973 <none> (D)  
        u_mul                bf16_mul_468                                                                            486     39.745     0.000       39.745 <none> (D)  
    g_row[14].g_col[21].u_pe pe_469                                                                                 1895    162.348     0.000      162.348 <none> (D)  
      u_mac                  bf16_mac_unit_469                                                                      1798    139.895     0.000      139.895 <none> (D)  
        u_add                bf16_fp32_add_469                                                                      1315    100.369     0.000      100.369 <none> (D)  
        u_mul                bf16_mul_469                                                                            483     39.526     0.000       39.526 <none> (D)  
    g_row[14].g_col[22].u_pe pe_470                                                                                 1976    165.950     0.000      165.950 <none> (D)  
      u_mac                  bf16_mac_unit_470                                                                      1879    143.496     0.000      143.496 <none> (D)  
        u_add                bf16_fp32_add_470                                                                      1395    103.912     0.000      103.912 <none> (D)  
        u_mul                bf16_mul_470                                                                            484     39.585     0.000       39.585 <none> (D)  
    g_row[14].g_col[23].u_pe pe_471                                                                                 1938    164.215     0.000      164.215 <none> (D)  
      u_mac                  bf16_mac_unit_471                                                                      1841    141.761     0.000      141.761 <none> (D)  
        u_add                bf16_fp32_add_471                                                                      1356    102.104     0.000      102.104 <none> (D)  
        u_mul                bf16_mul_471                                                                            485     39.658     0.000       39.658 <none> (D)  
    g_row[14].g_col[24].u_pe pe_472                                                                                 1938    164.215     0.000      164.215 <none> (D)  
      u_mac                  bf16_mac_unit_472                                                                      1841    141.761     0.000      141.761 <none> (D)  
        u_add                bf16_fp32_add_472                                                                      1356    102.104     0.000      102.104 <none> (D)  
        u_mul                bf16_mul_472                                                                            485     39.658     0.000       39.658 <none> (D)  
    g_row[14].g_col[25].u_pe pe_473                                                                                 1997    166.926     0.000      166.926 <none> (D)  
      u_mac                  bf16_mac_unit_473                                                                      1900    144.473     0.000      144.473 <none> (D)  
        u_add                bf16_fp32_add_473                                                                      1416    104.859     0.000      104.859 <none> (D)  
        u_mul                bf16_mul_473                                                                            484     39.614     0.000       39.614 <none> (D)  
    g_row[14].g_col[26].u_pe pe_474                                                                                 1945    164.594     0.000      164.594 <none> (D)  
      u_mac                  bf16_mac_unit_474                                                                      1848    142.140     0.000      142.140 <none> (D)  
        u_add                bf16_fp32_add_474                                                                      1362    102.366     0.000      102.366 <none> (D)  
        u_mul                bf16_mul_474                                                                            486     39.774     0.000       39.774 <none> (D)  
    g_row[14].g_col[27].u_pe pe_475                                                                                 1928    164.025     0.000      164.025 <none> (D)  
      u_mac                  bf16_mac_unit_475                                                                      1831    141.572     0.000      141.572 <none> (D)  
        u_add                bf16_fp32_add_475                                                                      1346    101.943     0.000      101.943 <none> (D)  
        u_mul                bf16_mul_475                                                                            485     39.628     0.000       39.628 <none> (D)  
    g_row[14].g_col[28].u_pe pe_476                                                                                 1908    163.806     0.000      163.806 <none> (D)  
      u_mac                  bf16_mac_unit_476                                                                      1811    141.353     0.000      141.353 <none> (D)  
        u_add                bf16_fp32_add_476                                                                      1328    101.710     0.000      101.710 <none> (D)  
        u_mul                bf16_mul_476                                                                            483     39.643     0.000       39.643 <none> (D)  
    g_row[14].g_col[29].u_pe pe_477                                                                                 1905    163.369     0.000      163.369 <none> (D)  
      u_mac                  bf16_mac_unit_477                                                                      1808    140.916     0.000      140.916 <none> (D)  
        u_add                bf16_fp32_add_477                                                                      1327    101.506     0.000      101.506 <none> (D)  
        u_mul                bf16_mul_477                                                                            481     39.410     0.000       39.410 <none> (D)  
    g_row[14].g_col[2].u_pe  pe_450                                                                                 1908    163.369     0.000      163.369 <none> (D)  
      u_mac                  bf16_mac_unit_450                                                                      1811    140.916     0.000      140.916 <none> (D)  
        u_add                bf16_fp32_add_450                                                                      1328    101.273     0.000      101.273 <none> (D)  
        u_mul                bf16_mul_450                                                                            483     39.643     0.000       39.643 <none> (D)  
    g_row[14].g_col[30].u_pe pe_478                                                                                 1925    164.375     0.000      164.375 <none> (D)  
      u_mac                  bf16_mac_unit_478                                                                      1828    141.922     0.000      141.922 <none> (D)  
        u_add                bf16_fp32_add_478                                                                      1347    102.454     0.000      102.454 <none> (D)  
        u_mul                bf16_mul_478                                                                            481     39.468     0.000       39.468 <none> (D)  
    g_row[14].g_col[31].u_pe pe_479                                                                                 1928    164.127     0.000      164.127 <none> (D)  
      u_mac                  bf16_mac_unit_479                                                                      1831    141.674     0.000      141.674 <none> (D)  
        u_add                bf16_fp32_add_479                                                                      1346    102.016     0.000      102.016 <none> (D)  
        u_mul                bf16_mul_479                                                                            485     39.658     0.000       39.658 <none> (D)  
    g_row[14].g_col[3].u_pe  pe_451                                                                                 1924    163.704     0.000      163.704 <none> (D)  
      u_mac                  bf16_mac_unit_451                                                                      1827    141.251     0.000      141.251 <none> (D)  
        u_add                bf16_fp32_add_451                                                                      1342    101.593     0.000      101.593 <none> (D)  
        u_mul                bf16_mul_451                                                                            485     39.658     0.000       39.658 <none> (D)  
    g_row[14].g_col[4].u_pe  pe_452                                                                                 1908    163.777     0.000      163.777 <none> (D)  
      u_mac                  bf16_mac_unit_452                                                                      1811    141.324     0.000      141.324 <none> (D)  
        u_add                bf16_fp32_add_452                                                                      1328    101.681     0.000      101.681 <none> (D)  
        u_mul                bf16_mul_452                                                                            483     39.643     0.000       39.643 <none> (D)  
    g_row[14].g_col[5].u_pe  pe_453                                                                                 1965    165.235     0.000      165.235 <none> (D)  
      u_mac                  bf16_mac_unit_453                                                                      1868    142.782     0.000      142.782 <none> (D)  
        u_add                bf16_fp32_add_453                                                                      1383    103.139     0.000      103.139 <none> (D)  
        u_mul                bf16_mul_453                                                                            485     39.643     0.000       39.643 <none> (D)  
    g_row[14].g_col[6].u_pe  pe_454                                                                                 1924    163.704     0.000      163.704 <none> (D)  
      u_mac                  bf16_mac_unit_454                                                                      1827    141.251     0.000      141.251 <none> (D)  
        u_add                bf16_fp32_add_454                                                                      1342    101.593     0.000      101.593 <none> (D)  
        u_mul                bf16_mul_454                                                                            485     39.658     0.000       39.658 <none> (D)  
    g_row[14].g_col[7].u_pe  pe_455                                                                                 1947    164.579     0.000      164.579 <none> (D)  
      u_mac                  bf16_mac_unit_455                                                                      1850    142.126     0.000      142.126 <none> (D)  
        u_add                bf16_fp32_add_455                                                                      1366    102.439     0.000      102.439 <none> (D)  
        u_mul                bf16_mul_455                                                                            484     39.687     0.000       39.687 <none> (D)  
    g_row[14].g_col[8].u_pe  pe_456                                                                                 1997    166.985     0.000      166.985 <none> (D)  
      u_mac                  bf16_mac_unit_456                                                                      1900    144.532     0.000      144.532 <none> (D)  
        u_add                bf16_fp32_add_456                                                                      1422    105.238     0.000      105.238 <none> (D)  
        u_mul                bf16_mul_456                                                                            478     39.293     0.000       39.293 <none> (D)  
    g_row[14].g_col[9].u_pe  pe_457                                                                                 1928    164.083     0.000      164.083 <none> (D)  
      u_mac                  bf16_mac_unit_457                                                                      1831    141.630     0.000      141.630 <none> (D)  
        u_add                bf16_fp32_add_457                                                                      1346    101.943     0.000      101.943 <none> (D)  
        u_mul                bf16_mul_457                                                                            485     39.687     0.000       39.687 <none> (D)  
    g_row[15].g_col[0].u_pe  pe_480                                                                                 1943    164.637     0.000      164.637 <none> (D)  
      u_mac                  bf16_mac_unit_480                                                                      1846    142.199     0.000      142.199 <none> (D)  
        u_add                bf16_fp32_add_480                                                                      1355    102.468     0.000      102.468 <none> (D)  
        u_mul                bf16_mul_480                                                                            491     39.730     0.000       39.730 <none> (D)  
    g_row[15].g_col[10].u_pe pe_490                                                                                 1943    164.885     0.000      164.885 <none> (D)  
      u_mac                  bf16_mac_unit_490                                                                      1846    142.447     0.000      142.447 <none> (D)  
        u_add                bf16_fp32_add_490                                                                      1359    102.818     0.000      102.818 <none> (D)  
        u_mul                bf16_mul_490                                                                            487     39.628     0.000       39.628 <none> (D)  
    g_row[15].g_col[11].u_pe pe_491                                                                                 1942    164.973     0.000      164.973 <none> (D)  
      u_mac                  bf16_mac_unit_491                                                                      1845    142.534     0.000      142.534 <none> (D)  
        u_add                bf16_fp32_add_491                                                                      1350    102.483     0.000      102.483 <none> (D)  
        u_mul                bf16_mul_491                                                                            495     40.051     0.000       40.051 <none> (D)  
    g_row[15].g_col[12].u_pe pe_492                                                                                 1940    165.031     0.000      165.031 <none> (D)  
      u_mac                  bf16_mac_unit_492                                                                      1843    142.592     0.000      142.592 <none> (D)  
        u_add                bf16_fp32_add_492                                                                      1349    102.585     0.000      102.585 <none> (D)  
        u_mul                bf16_mul_492                                                                            494     40.008     0.000       40.008 <none> (D)  
    g_row[15].g_col[13].u_pe pe_493                                                                                 1940    164.725     0.000      164.725 <none> (D)  
      u_mac                  bf16_mac_unit_493                                                                      1843    142.286     0.000      142.286 <none> (D)  
        u_add                bf16_fp32_add_493                                                                      1352    102.454     0.000      102.454 <none> (D)  
        u_mul                bf16_mul_493                                                                            491     39.833     0.000       39.833 <none> (D)  
    g_row[15].g_col[14].u_pe pe_494                                                                                 1974    165.658     0.000      165.658 <none> (D)  
      u_mac                  bf16_mac_unit_494                                                                      1877    143.219     0.000      143.219 <none> (D)  
        u_add                bf16_fp32_add_494                                                                      1383    103.489     0.000      103.489 <none> (D)  
        u_mul                bf16_mul_494                                                                            494     39.730     0.000       39.730 <none> (D)  
    g_row[15].g_col[15].u_pe pe_495                                                                                 1945    164.871     0.000      164.871 <none> (D)  
      u_mac                  bf16_mac_unit_495                                                                      1848    142.432     0.000      142.432 <none> (D)  
        u_add                bf16_fp32_add_495                                                                      1363    103.037     0.000      103.037 <none> (D)  
        u_mul                bf16_mul_495                                                                            485     39.395     0.000       39.395 <none> (D)  
    g_row[15].g_col[16].u_pe pe_496                                                                                 1940    164.215     0.000      164.215 <none> (D)  
      u_mac                  bf16_mac_unit_496                                                                      1843    141.776     0.000      141.776 <none> (D)  
        u_add                bf16_fp32_add_496                                                                      1350    101.958     0.000      101.958 <none> (D)  
        u_mul                bf16_mul_496                                                                            493     39.818     0.000       39.818 <none> (D)  
    g_row[15].g_col[17].u_pe pe_497                                                                                 1950    164.739     0.000      164.739 <none> (D)  
      u_mac                  bf16_mac_unit_497                                                                      1853    142.301     0.000      142.301 <none> (D)  
        u_add                bf16_fp32_add_497                                                                      1360    102.614     0.000      102.614 <none> (D)  
        u_mul                bf16_mul_497                                                                            493     39.687     0.000       39.687 <none> (D)  
    g_row[15].g_col[18].u_pe pe_498                                                                                 1957    165.016     0.000      165.016 <none> (D)  
      u_mac                  bf16_mac_unit_498                                                                      1860    142.578     0.000      142.578 <none> (D)  
        u_add                bf16_fp32_add_498                                                                      1367    102.891     0.000      102.891 <none> (D)  
        u_mul                bf16_mul_498                                                                            493     39.687     0.000       39.687 <none> (D)  
    g_row[15].g_col[19].u_pe pe_499                                                                                 1938    164.535     0.000      164.535 <none> (D)  
      u_mac                  bf16_mac_unit_499                                                                      1841    142.097     0.000      142.097 <none> (D)  
        u_add                bf16_fp32_add_499                                                                      1350    102.468     0.000      102.468 <none> (D)  
        u_mul                bf16_mul_499                                                                            491     39.628     0.000       39.628 <none> (D)  
    g_row[15].g_col[1].u_pe  pe_481                                                                                 1925    163.967     0.000      163.967 <none> (D)  
      u_mac                  bf16_mac_unit_481                                                                      1828    141.528     0.000      141.528 <none> (D)  
        u_add                bf16_fp32_add_481                                                                      1338    101.914     0.000      101.914 <none> (D)  
        u_mul                bf16_mul_481                                                                            490     39.614     0.000       39.614 <none> (D)  
    g_row[15].g_col[20].u_pe pe_500                                                                                 1958    165.323     0.000      165.323 <none> (D)  
      u_mac                  bf16_mac_unit_500                                                                      1861    142.884     0.000      142.884 <none> (D)  
        u_add                bf16_fp32_add_500                                                                      1369    102.993     0.000      102.993 <none> (D)  
        u_mul                bf16_mul_500                                                                            492     39.891     0.000       39.891 <none> (D)  
    g_row[15].g_col[21].u_pe pe_501                                                                                 1955    164.885     0.000      164.885 <none> (D)  
      u_mac                  bf16_mac_unit_501                                                                      1858    142.447     0.000      142.447 <none> (D)  
        u_add                bf16_fp32_add_501                                                                      1364    102.716     0.000      102.716 <none> (D)  
        u_mul                bf16_mul_501                                                                            494     39.730     0.000       39.730 <none> (D)  
    g_row[15].g_col[22].u_pe pe_502                                                                                 1940    164.754     0.000      164.754 <none> (D)  
      u_mac                  bf16_mac_unit_502                                                                      1843    142.315     0.000      142.315 <none> (D)  
        u_add                bf16_fp32_add_502                                                                      1358    102.702     0.000      102.702 <none> (D)  
        u_mul                bf16_mul_502                                                                            485     39.614     0.000       39.614 <none> (D)  
    g_row[15].g_col[23].u_pe pe_503                                                                                 1970    166.270     0.000      166.270 <none> (D)  
      u_mac                  bf16_mac_unit_503                                                                      1873    143.832     0.000      143.832 <none> (D)  
        u_add                bf16_fp32_add_503                                                                      1387    104.174     0.000      104.174 <none> (D)  
        u_mul                bf16_mul_503                                                                            486     39.658     0.000       39.658 <none> (D)  
    g_row[15].g_col[24].u_pe pe_504                                                                                 1958    165.570     0.000      165.570 <none> (D)  
      u_mac                  bf16_mac_unit_504                                                                      1861    143.132     0.000      143.132 <none> (D)  
        u_add                bf16_fp32_add_504                                                                      1371    103.358     0.000      103.358 <none> (D)  
        u_mul                bf16_mul_504                                                                            490     39.774     0.000       39.774 <none> (D)  
    g_row[15].g_col[25].u_pe pe_505                                                                                 1938    164.535     0.000      164.535 <none> (D)  
      u_mac                  bf16_mac_unit_505                                                                      1841    142.097     0.000      142.097 <none> (D)  
        u_add                bf16_fp32_add_505                                                                      1350    102.468     0.000      102.468 <none> (D)  
        u_mul                bf16_mul_505                                                                            491     39.628     0.000       39.628 <none> (D)  
    g_row[15].g_col[26].u_pe pe_506                                                                                 1975    166.183     0.000      166.183 <none> (D)  
      u_mac                  bf16_mac_unit_506                                                                      1878    143.744     0.000      143.744 <none> (D)  
        u_add                bf16_fp32_add_506                                                                      1385    103.868     0.000      103.868 <none> (D)  
        u_mul                bf16_mul_506                                                                            493     39.876     0.000       39.876 <none> (D)  
    g_row[15].g_col[27].u_pe pe_507                                                                                 1927    164.127     0.000      164.127 <none> (D)  
      u_mac                  bf16_mac_unit_507                                                                      1830    141.688     0.000      141.688 <none> (D)  
        u_add                bf16_fp32_add_507                                                                      1336    101.608     0.000      101.608 <none> (D)  
        u_mul                bf16_mul_507                                                                            494     40.080     0.000       40.080 <none> (D)  
    g_row[15].g_col[28].u_pe pe_508                                                                                 1937    164.142     0.000      164.142 <none> (D)  
      u_mac                  bf16_mac_unit_508                                                                      1840    141.703     0.000      141.703 <none> (D)  
        u_add                bf16_fp32_add_508                                                                      1347    101.885     0.000      101.885 <none> (D)  
        u_mul                bf16_mul_508                                                                            493     39.818     0.000       39.818 <none> (D)  
    g_row[15].g_col[29].u_pe pe_509                                                                                 1955    164.885     0.000      164.885 <none> (D)  
      u_mac                  bf16_mac_unit_509                                                                      1858    142.447     0.000      142.447 <none> (D)  
        u_add                bf16_fp32_add_509                                                                      1364    102.716     0.000      102.716 <none> (D)  
        u_mul                bf16_mul_509                                                                            494     39.730     0.000       39.730 <none> (D)  
    g_row[15].g_col[2].u_pe  pe_482                                                                                 1948    164.696     0.000      164.696 <none> (D)  
      u_mac                  bf16_mac_unit_482                                                                      1851    142.257     0.000      142.257 <none> (D)  
        u_add                bf16_fp32_add_482                                                                      1357    102.395     0.000      102.395 <none> (D)  
        u_mul                bf16_mul_482                                                                            494     39.862     0.000       39.862 <none> (D)  
    g_row[15].g_col[30].u_pe pe_510                                                                                 1943    164.637     0.000      164.637 <none> (D)  
      u_mac                  bf16_mac_unit_510                                                                      1846    142.199     0.000      142.199 <none> (D)  
        u_add                bf16_fp32_add_510                                                                      1355    102.468     0.000      102.468 <none> (D)  
        u_mul                bf16_mul_510                                                                            491     39.730     0.000       39.730 <none> (D)  
    g_row[15].g_col[31].u_pe pe_511                                                                                 1924    164.025     0.000      164.025 <none> (D)  
      u_mac                  bf16_mac_unit_511                                                                      1827    141.586     0.000      141.586 <none> (D)  
        u_add                bf16_fp32_add_511                                                                      1333    101.535     0.000      101.535 <none> (D)  
        u_mul                bf16_mul_511                                                                            494     40.051     0.000       40.051 <none> (D)  
    g_row[15].g_col[3].u_pe  pe_483                                                                                 1967    165.906     0.000      165.906 <none> (D)  
      u_mac                  bf16_mac_unit_483                                                                      1870    143.467     0.000      143.467 <none> (D)  
        u_add                bf16_fp32_add_483                                                                      1380    103.693     0.000      103.693 <none> (D)  
        u_mul                bf16_mul_483                                                                            490     39.774     0.000       39.774 <none> (D)  
    g_row[15].g_col[4].u_pe  pe_484                                                                                 1940    164.215     0.000      164.215 <none> (D)  
      u_mac                  bf16_mac_unit_484                                                                      1843    141.776     0.000      141.776 <none> (D)  
        u_add                bf16_fp32_add_484                                                                      1350    101.958     0.000      101.958 <none> (D)  
        u_mul                bf16_mul_484                                                                            493     39.818     0.000       39.818 <none> (D)  
    g_row[15].g_col[5].u_pe  pe_485                                                                                 1930    164.433     0.000      164.433 <none> (D)  
      u_mac                  bf16_mac_unit_485                                                                      1833    141.995     0.000      141.995 <none> (D)  
        u_add                bf16_fp32_add_485                                                                      1347    102.556     0.000      102.556 <none> (D)  
        u_mul                bf16_mul_485                                                                            486     39.439     0.000       39.439 <none> (D)  
    g_row[15].g_col[6].u_pe  pe_486                                                                                 1970    166.095     0.000      166.095 <none> (D)  
      u_mac                  bf16_mac_unit_486                                                                      1873    143.657     0.000      143.657 <none> (D)  
        u_add                bf16_fp32_add_486                                                                      1387    103.955     0.000      103.955 <none> (D)  
        u_mul                bf16_mul_486                                                                            486     39.701     0.000       39.701 <none> (D)  
    g_row[15].g_col[7].u_pe  pe_487                                                                                 1974    165.658     0.000      165.658 <none> (D)  
      u_mac                  bf16_mac_unit_487                                                                      1877    143.219     0.000      143.219 <none> (D)  
        u_add                bf16_fp32_add_487                                                                      1383    103.489     0.000      103.489 <none> (D)  
        u_mul                bf16_mul_487                                                                            494     39.730     0.000       39.730 <none> (D)  
    g_row[15].g_col[8].u_pe  pe_488                                                                                 1951    165.264     0.000      165.264 <none> (D)  
      u_mac                  bf16_mac_unit_488                                                                      1854    142.826     0.000      142.826 <none> (D)  
        u_add                bf16_fp32_add_488                                                                      1364    103.037     0.000      103.037 <none> (D)  
        u_mul                bf16_mul_488                                                                            490     39.789     0.000       39.789 <none> (D)  
    g_row[15].g_col[9].u_pe  pe_489                                                                                 1925    163.996     0.000      163.996 <none> (D)  
      u_mac                  bf16_mac_unit_489                                                                      1828    141.557     0.000      141.557 <none> (D)  
        u_add                bf16_fp32_add_489                                                                      1338    101.943     0.000      101.943 <none> (D)  
        u_mul                bf16_mul_489                                                                            490     39.614     0.000       39.614 <none> (D)  
    g_row[16].g_col[0].u_pe  pe_512                                                                                 2019    168.195     0.000      168.195 <none> (D)  
      u_mac                  bf16_mac_unit_512                                                                      1922    145.742     0.000      145.742 <none> (D)  
        u_add                bf16_fp32_add_512                                                                      1423    105.282     0.000      105.282 <none> (D)  
        u_mul                bf16_mul_512                                                                            498     40.401     0.000       40.401 <none> (D)  
    g_row[16].g_col[10].u_pe pe_522                                                                                 1937    163.967     0.000      163.967 <none> (D)  
      u_mac                  bf16_mac_unit_522                                                                      1840    141.513     0.000      141.513 <none> (D)  
        u_add                bf16_fp32_add_522                                                                      1339    101.039     0.000      101.039 <none> (D)  
        u_mul                bf16_mul_522                                                                            501     40.474     0.000       40.474 <none> (D)  
    g_row[16].g_col[11].u_pe pe_523                                                                                 1961    165.702     0.000      165.702 <none> (D)  
      u_mac                  bf16_mac_unit_523                                                                      1864    143.249     0.000      143.249 <none> (D)  
        u_add                bf16_fp32_add_523                                                                      1362    102.672     0.000      102.672 <none> (D)  
        u_mul                bf16_mul_523                                                                            502     40.576     0.000       40.576 <none> (D)  
    g_row[16].g_col[12].u_pe pe_524                                                                                 1950    165.133     0.000      165.133 <none> (D)  
      u_mac                  bf16_mac_unit_524                                                                      1853    142.680     0.000      142.680 <none> (D)  
        u_add                bf16_fp32_add_524                                                                      1354    102.177     0.000      102.177 <none> (D)  
        u_mul                bf16_mul_524                                                                            499     40.503     0.000       40.503 <none> (D)  
    g_row[16].g_col[13].u_pe pe_525                                                                                 1982    165.906     0.000      165.906 <none> (D)  
      u_mac                  bf16_mac_unit_525                                                                      1885    143.453     0.000      143.453 <none> (D)  
        u_add                bf16_fp32_add_525                                                                      1388    103.241     0.000      103.241 <none> (D)  
        u_mul                bf16_mul_525                                                                            497     40.212     0.000       40.212 <none> (D)  
    g_row[16].g_col[14].u_pe pe_526                                                                                 1959    165.191     0.000      165.191 <none> (D)  
      u_mac                  bf16_mac_unit_526                                                                      1862    142.738     0.000      142.738 <none> (D)  
        u_add                bf16_fp32_add_526                                                                      1363    102.395     0.000      102.395 <none> (D)  
        u_mul                bf16_mul_526                                                                            499     40.343     0.000       40.343 <none> (D)  
    g_row[16].g_col[15].u_pe pe_527                                                                                 1933    163.704     0.000      163.704 <none> (D)  
      u_mac                  bf16_mac_unit_527                                                                      1836    141.251     0.000      141.251 <none> (D)  
        u_add                bf16_fp32_add_527                                                                      1333    100.660     0.000      100.660 <none> (D)  
        u_mul                bf16_mul_527                                                                            503     40.591     0.000       40.591 <none> (D)  
    g_row[16].g_col[16].u_pe pe_528                                                                                 1962    165.221     0.000      165.221 <none> (D)  
      u_mac                  bf16_mac_unit_528                                                                      1865    142.767     0.000      142.767 <none> (D)  
        u_add                bf16_fp32_add_528                                                                      1366    102.454     0.000      102.454 <none> (D)  
        u_mul                bf16_mul_528                                                                            498     40.255     0.000       40.255 <none> (D)  
    g_row[16].g_col[17].u_pe pe_529                                                                                 1959    165.352     0.000      165.352 <none> (D)  
      u_mac                  bf16_mac_unit_529                                                                      1862    142.899     0.000      142.899 <none> (D)  
        u_add                bf16_fp32_add_529                                                                      1359    102.322     0.000      102.322 <none> (D)  
        u_mul                bf16_mul_529                                                                            502     40.503     0.000       40.503 <none> (D)  
    g_row[16].g_col[18].u_pe pe_530                                                                                 1959    165.352     0.000      165.352 <none> (D)  
      u_mac                  bf16_mac_unit_530                                                                      1862    142.899     0.000      142.899 <none> (D)  
        u_add                bf16_fp32_add_530                                                                      1359    102.322     0.000      102.322 <none> (D)  
        u_mul                bf16_mul_530                                                                            502     40.503     0.000       40.503 <none> (D)  
    g_row[16].g_col[19].u_pe pe_531                                                                                 1980    166.154     0.000      166.154 <none> (D)  
      u_mac                  bf16_mac_unit_531                                                                      1883    143.700     0.000      143.700 <none> (D)  
        u_add                bf16_fp32_add_531                                                                      1378    103.095     0.000      103.095 <none> (D)  
        u_mul                bf16_mul_531                                                                            504     40.532     0.000       40.532 <none> (D)  
    g_row[16].g_col[1].u_pe  pe_513                                                                                 2009    167.612     0.000      167.612 <none> (D)  
      u_mac                  bf16_mac_unit_513                                                                      1912    145.158     0.000      145.158 <none> (D)  
        u_add                bf16_fp32_add_513                                                                      1413    104.801     0.000      104.801 <none> (D)  
        u_mul                bf16_mul_513                                                                            498     40.299     0.000       40.299 <none> (D)  
    g_row[16].g_col[20].u_pe pe_532                                                                                 1959    165.308     0.000      165.308 <none> (D)  
      u_mac                  bf16_mac_unit_532                                                                      1862    142.855     0.000      142.855 <none> (D)  
        u_add                bf16_fp32_add_532                                                                      1359    102.279     0.000      102.279 <none> (D)  
        u_mul                bf16_mul_532                                                                            502     40.503     0.000       40.503 <none> (D)  
    g_row[16].g_col[21].u_pe pe_533                                                                                 1967    165.964     0.000      165.964 <none> (D)  
      u_mac                  bf16_mac_unit_533                                                                      1870    143.511     0.000      143.511 <none> (D)  
        u_add                bf16_fp32_add_533                                                                      1374    103.095     0.000      103.095 <none> (D)  
        u_mul                bf16_mul_533                                                                            496     40.416     0.000       40.416 <none> (D)  
    g_row[16].g_col[22].u_pe pe_534                                                                                 1937    164.025     0.000      164.025 <none> (D)  
      u_mac                  bf16_mac_unit_534                                                                      1840    141.572     0.000      141.572 <none> (D)  
        u_add                bf16_fp32_add_534                                                                      1338    100.952     0.000      100.952 <none> (D)  
        u_mul                bf16_mul_534                                                                            502     40.620     0.000       40.620 <none> (D)  
    g_row[16].g_col[23].u_pe pe_535                                                                                 1969    165.191     0.000      165.191 <none> (D)  
      u_mac                  bf16_mac_unit_535                                                                      1872    142.738     0.000      142.738 <none> (D)  
        u_add                bf16_fp32_add_535                                                                      1375    102.497     0.000      102.497 <none> (D)  
        u_mul                bf16_mul_535                                                                            497     40.241     0.000       40.241 <none> (D)  
    g_row[16].g_col[24].u_pe pe_536                                                                                 1932    164.229     0.000      164.229 <none> (D)  
      u_mac                  bf16_mac_unit_536                                                                      1835    141.776     0.000      141.776 <none> (D)  
        u_add                bf16_fp32_add_536                                                                      1329    101.069     0.000      101.069 <none> (D)  
        u_mul                bf16_mul_536                                                                            506     40.707     0.000       40.707 <none> (D)  
    g_row[16].g_col[25].u_pe pe_537                                                                                 1979    166.212     0.000      166.212 <none> (D)  
      u_mac                  bf16_mac_unit_537                                                                      1882    143.759     0.000      143.759 <none> (D)  
        u_add                bf16_fp32_add_537                                                                      1377    103.095     0.000      103.095 <none> (D)  
        u_mul                bf16_mul_537                                                                            504     40.591     0.000       40.591 <none> (D)  
    g_row[16].g_col[26].u_pe pe_538                                                                                 1921    163.077     0.000      163.077 <none> (D)  
      u_mac                  bf16_mac_unit_538                                                                      1824    140.624     0.000      140.624 <none> (D)  
        u_add                bf16_fp32_add_538                                                                      1323    100.121     0.000      100.121 <none> (D)  
        u_mul                bf16_mul_538                                                                            501     40.503     0.000       40.503 <none> (D)  
    g_row[16].g_col[27].u_pe pe_539                                                                                 1996    167.203     0.000      167.203 <none> (D)  
      u_mac                  bf16_mac_unit_539                                                                      1899    144.750     0.000      144.750 <none> (D)  
        u_add                bf16_fp32_add_539                                                                      1400    104.437     0.000      104.437 <none> (D)  
        u_mul                bf16_mul_539                                                                            499     40.314     0.000       40.314 <none> (D)  
    g_row[16].g_col[28].u_pe pe_540                                                                                 2028    169.303     0.000      169.303 <none> (D)  
      u_mac                  bf16_mac_unit_540                                                                      1931    146.850     0.000      146.850 <none> (D)  
        u_add                bf16_fp32_add_540                                                                      1416    105.588     0.000      105.588 <none> (D)  
        u_mul                bf16_mul_540                                                                            515     41.261     0.000       41.261 <none> (D)  
    g_row[16].g_col[29].u_pe pe_541                                                                                 1923    163.486     0.000      163.486 <none> (D)  
      u_mac                  bf16_mac_unit_541                                                                      1826    141.032     0.000      141.032 <none> (D)  
        u_add                bf16_fp32_add_541                                                                      1333    100.996     0.000      100.996 <none> (D)  
        u_mul                bf16_mul_541                                                                            493     40.037     0.000       40.037 <none> (D)  
    g_row[16].g_col[2].u_pe  pe_514                                                                                 2007    167.422     0.000      167.422 <none> (D)  
      u_mac                  bf16_mac_unit_514                                                                      1910    144.969     0.000      144.969 <none> (D)  
        u_add                bf16_fp32_add_514                                                                      1406    104.291     0.000      104.291 <none> (D)  
        u_mul                bf16_mul_514                                                                            504     40.678     0.000       40.678 <none> (D)  
    g_row[16].g_col[30].u_pe pe_542                                                                                 1989    166.985     0.000      166.985 <none> (D)  
      u_mac                  bf16_mac_unit_542                                                                      1892    144.532     0.000      144.532 <none> (D)  
        u_add                bf16_fp32_add_542                                                                      1399    104.407     0.000      104.407 <none> (D)  
        u_mul                bf16_mul_542                                                                            493     40.124     0.000       40.124 <none> (D)  
    g_row[16].g_col[31].u_pe pe_543                                                                                 2025    168.632     0.000      168.632 <none> (D)  
      u_mac                  bf16_mac_unit_543                                                                      1928    146.179     0.000      146.179 <none> (D)  
        u_add                bf16_fp32_add_543                                                                      1436    106.084     0.000      106.084 <none> (D)  
        u_mul                bf16_mul_543                                                                            492     40.095     0.000       40.095 <none> (D)  
    g_row[16].g_col[3].u_pe  pe_515                                                                                 2015    168.166     0.000      168.166 <none> (D)  
      u_mac                  bf16_mac_unit_515                                                                      1918    145.713     0.000      145.713 <none> (D)  
        u_add                bf16_fp32_add_515                                                                      1399    104.451     0.000      104.451 <none> (D)  
        u_mul                bf16_mul_515                                                                            519     41.261     0.000       41.261 <none> (D)  
    g_row[16].g_col[4].u_pe  pe_516                                                                                 1974    165.760     0.000      165.760 <none> (D)  
      u_mac                  bf16_mac_unit_516                                                                      1877    143.307     0.000      143.307 <none> (D)  
        u_add                bf16_fp32_add_516                                                                      1378    102.964     0.000      102.964 <none> (D)  
        u_mul                bf16_mul_516                                                                            499     40.343     0.000       40.343 <none> (D)  
    g_row[16].g_col[5].u_pe  pe_517                                                                                 1949    164.579     0.000      164.579 <none> (D)  
      u_mac                  bf16_mac_unit_517                                                                      1852    142.126     0.000      142.126 <none> (D)  
        u_add                bf16_fp32_add_517                                                                      1357    101.900     0.000      101.900 <none> (D)  
        u_mul                bf16_mul_517                                                                            495     40.226     0.000       40.226 <none> (D)  
    g_row[16].g_col[6].u_pe  pe_518                                                                                 2005    167.962     0.000      167.962 <none> (D)  
      u_mac                  bf16_mac_unit_518                                                                      1908    145.508     0.000      145.508 <none> (D)  
        u_add                bf16_fp32_add_518                                                                      1391    104.130     0.000      104.130 <none> (D)  
        u_mul                bf16_mul_518                                                                            517     41.378     0.000       41.378 <none> (D)  
    g_row[16].g_col[7].u_pe  pe_519                                                                                 2021    168.822     0.000      168.822 <none> (D)  
      u_mac                  bf16_mac_unit_519                                                                      1924    146.369     0.000      146.369 <none> (D)  
        u_add                bf16_fp32_add_519                                                                      1409    105.034     0.000      105.034 <none> (D)  
        u_mul                bf16_mul_519                                                                            515     41.334     0.000       41.334 <none> (D)  
    g_row[16].g_col[8].u_pe  pe_520                                                                                 1936    163.835     0.000      163.835 <none> (D)  
      u_mac                  bf16_mac_unit_520                                                                      1839    141.382     0.000      141.382 <none> (D)  
        u_add                bf16_fp32_add_520                                                                      1341    101.010     0.000      101.010 <none> (D)  
        u_mul                bf16_mul_520                                                                            498     40.372     0.000       40.372 <none> (D)  
    g_row[16].g_col[9].u_pe  pe_521                                                                                 1958    165.148     0.000      165.148 <none> (D)  
      u_mac                  bf16_mac_unit_521                                                                      1861    142.694     0.000      142.694 <none> (D)  
        u_add                bf16_fp32_add_521                                                                      1354    102.016     0.000      102.016 <none> (D)  
        u_mul                bf16_mul_521                                                                            506     40.605     0.000       40.605 <none> (D)  
    g_row[17].g_col[0].u_pe  pe_544                                                                                 1932    163.704     0.000      163.704 <none> (D)  
      u_mac                  bf16_mac_unit_544                                                                      1835    141.266     0.000      141.266 <none> (D)  
        u_add                bf16_fp32_add_544                                                                      1324    100.631     0.000      100.631 <none> (D)  
        u_mul                bf16_mul_544                                                                            511     40.634     0.000       40.634 <none> (D)  
    g_row[17].g_col[10].u_pe pe_554                                                                                 1925    163.500     0.000      163.500 <none> (D)  
      u_mac                  bf16_mac_unit_554                                                                      1828    141.061     0.000      141.061 <none> (D)  
        u_add                bf16_fp32_add_554                                                                      1316    100.281     0.000      100.281 <none> (D)  
        u_mul                bf16_mul_554                                                                            512     40.780     0.000       40.780 <none> (D)  
    g_row[17].g_col[11].u_pe pe_555                                                                                 1922    163.252     0.000      163.252 <none> (D)  
      u_mac                  bf16_mac_unit_555                                                                      1825    140.814     0.000      140.814 <none> (D)  
        u_add                bf16_fp32_add_555                                                                      1317    100.150     0.000      100.150 <none> (D)  
        u_mul                bf16_mul_555                                                                            508     40.664     0.000       40.664 <none> (D)  
    g_row[17].g_col[12].u_pe pe_556                                                                                 1933    163.733     0.000      163.733 <none> (D)  
      u_mac                  bf16_mac_unit_556                                                                      1836    141.295     0.000      141.295 <none> (D)  
        u_add                bf16_fp32_add_556                                                                      1323    100.485     0.000      100.485 <none> (D)  
        u_mul                bf16_mul_556                                                                            513     40.809     0.000       40.809 <none> (D)  
    g_row[17].g_col[13].u_pe pe_557                                                                                 1925    163.413     0.000      163.413 <none> (D)  
      u_mac                  bf16_mac_unit_557                                                                      1828    140.974     0.000      140.974 <none> (D)  
        u_add                bf16_fp32_add_557                                                                      1317    100.150     0.000      100.150 <none> (D)  
        u_mul                bf16_mul_557                                                                            511     40.824     0.000       40.824 <none> (D)  
    g_row[17].g_col[14].u_pe pe_558                                                                                 1920    163.311     0.000      163.311 <none> (D)  
      u_mac                  bf16_mac_unit_558                                                                      1823    140.872     0.000      140.872 <none> (D)  
        u_add                bf16_fp32_add_558                                                                      1317    100.281     0.000      100.281 <none> (D)  
        u_mul                bf16_mul_558                                                                            506     40.591     0.000       40.591 <none> (D)  
    g_row[17].g_col[15].u_pe pe_559                                                                                 1931    163.967     0.000      163.967 <none> (D)  
      u_mac                  bf16_mac_unit_559                                                                      1834    141.528     0.000      141.528 <none> (D)  
        u_add                bf16_fp32_add_559                                                                      1321    100.500     0.000      100.500 <none> (D)  
        u_mul                bf16_mul_559                                                                            513     41.028     0.000       41.028 <none> (D)  
    g_row[17].g_col[16].u_pe pe_560                                                                                 1928    163.733     0.000      163.733 <none> (D)  
      u_mac                  bf16_mac_unit_560                                                                      1831    141.295     0.000      141.295 <none> (D)  
        u_add                bf16_fp32_add_560                                                                      1325    100.704     0.000      100.704 <none> (D)  
        u_mul                bf16_mul_560                                                                            506     40.591     0.000       40.591 <none> (D)  
    g_row[17].g_col[17].u_pe pe_561                                                                                 1932    163.733     0.000      163.733 <none> (D)  
      u_mac                  bf16_mac_unit_561                                                                      1835    141.295     0.000      141.295 <none> (D)  
        u_add                bf16_fp32_add_561                                                                      1322    100.354     0.000      100.354 <none> (D)  
        u_mul                bf16_mul_561                                                                            512     40.868     0.000       40.868 <none> (D)  
    g_row[17].g_col[18].u_pe pe_562                                                                                 1932    163.733     0.000      163.733 <none> (D)  
      u_mac                  bf16_mac_unit_562                                                                      1835    141.295     0.000      141.295 <none> (D)  
        u_add                bf16_fp32_add_562                                                                      1322    100.354     0.000      100.354 <none> (D)  
        u_mul                bf16_mul_562                                                                            512     40.868     0.000       40.868 <none> (D)  
    g_row[17].g_col[19].u_pe pe_563                                                                                 1927    163.544     0.000      163.544 <none> (D)  
      u_mac                  bf16_mac_unit_563                                                                      1830    141.105     0.000      141.105 <none> (D)  
        u_add                bf16_fp32_add_563                                                                      1319    100.412     0.000      100.412 <none> (D)  
        u_mul                bf16_mul_563                                                                            511     40.693     0.000       40.693 <none> (D)  
    g_row[17].g_col[1].u_pe  pe_545                                                                                 1939    163.981     0.000      163.981 <none> (D)  
      u_mac                  bf16_mac_unit_545                                                                      1842    141.543     0.000      141.543 <none> (D)  
        u_add                bf16_fp32_add_545                                                                      1330    100.792     0.000      100.792 <none> (D)  
        u_mul                bf16_mul_545                                                                            512     40.751     0.000       40.751 <none> (D)  
    g_row[17].g_col[20].u_pe pe_564                                                                                 1928    163.340     0.000      163.340 <none> (D)  
      u_mac                  bf16_mac_unit_564                                                                      1831    140.901     0.000      140.901 <none> (D)  
        u_add                bf16_fp32_add_564                                                                      1317    100.106     0.000      100.106 <none> (D)  
        u_mul                bf16_mul_564                                                                            514     40.795     0.000       40.795 <none> (D)  
    g_row[17].g_col[21].u_pe pe_565                                                                                 1922    163.252     0.000      163.252 <none> (D)  
      u_mac                  bf16_mac_unit_565                                                                      1825    140.814     0.000      140.814 <none> (D)  
        u_add                bf16_fp32_add_565                                                                      1317    100.150     0.000      100.150 <none> (D)  
        u_mul                bf16_mul_565                                                                            508     40.664     0.000       40.664 <none> (D)  
    g_row[17].g_col[22].u_pe pe_566                                                                                 1927    163.733     0.000      163.733 <none> (D)  
      u_mac                  bf16_mac_unit_566                                                                      1830    141.295     0.000      141.295 <none> (D)  
        u_add                bf16_fp32_add_566                                                                      1326    100.864     0.000      100.864 <none> (D)  
        u_mul                bf16_mul_566                                                                            504     40.430     0.000       40.430 <none> (D)  
    g_row[17].g_col[23].u_pe pe_567                                                                                 1928    163.515     0.000      163.515 <none> (D)  
      u_mac                  bf16_mac_unit_567                                                                      1831    141.076     0.000      141.076 <none> (D)  
        u_add                bf16_fp32_add_567                                                                      1319    100.369     0.000      100.369 <none> (D)  
        u_mul                bf16_mul_567                                                                            512     40.707     0.000       40.707 <none> (D)  
    g_row[17].g_col[24].u_pe pe_568                                                                                 1935    163.617     0.000      163.617 <none> (D)  
      u_mac                  bf16_mac_unit_568                                                                      1838    141.178     0.000      141.178 <none> (D)  
        u_add                bf16_fp32_add_568                                                                      1324    100.383     0.000      100.383 <none> (D)  
        u_mul                bf16_mul_568                                                                            514     40.795     0.000       40.795 <none> (D)  
    g_row[17].g_col[25].u_pe pe_569                                                                                 1927    163.442     0.000      163.442 <none> (D)  
      u_mac                  bf16_mac_unit_569                                                                      1830    141.003     0.000      141.003 <none> (D)  
        u_add                bf16_fp32_add_569                                                                      1322    100.500     0.000      100.500 <none> (D)  
        u_mul                bf16_mul_569                                                                            508     40.503     0.000       40.503 <none> (D)  
    g_row[17].g_col[26].u_pe pe_570                                                                                 1930    163.398     0.000      163.398 <none> (D)  
      u_mac                  bf16_mac_unit_570                                                                      1833    140.959     0.000      140.959 <none> (D)  
        u_add                bf16_fp32_add_570                                                                      1321    100.354     0.000      100.354 <none> (D)  
        u_mul                bf16_mul_570                                                                            512     40.605     0.000       40.605 <none> (D)  
    g_row[17].g_col[27].u_pe pe_571                                                                                 1922    163.194     0.000      163.194 <none> (D)  
      u_mac                  bf16_mac_unit_571                                                                      1825    140.755     0.000      140.755 <none> (D)  
        u_add                bf16_fp32_add_571                                                                      1318    100.369     0.000      100.369 <none> (D)  
        u_mul                bf16_mul_571                                                                            507     40.387     0.000       40.387 <none> (D)  
    g_row[17].g_col[28].u_pe pe_572                                                                                 1935    163.529     0.000      163.529 <none> (D)  
      u_mac                  bf16_mac_unit_572                                                                      1838    141.091     0.000      141.091 <none> (D)  
        u_add                bf16_fp32_add_572                                                                      1326    100.383     0.000      100.383 <none> (D)  
        u_mul                bf16_mul_572                                                                            512     40.707     0.000       40.707 <none> (D)  
    g_row[17].g_col[29].u_pe pe_573                                                                                 1922    163.340     0.000      163.340 <none> (D)  
      u_mac                  bf16_mac_unit_573                                                                      1825    140.901     0.000      140.901 <none> (D)  
        u_add                bf16_fp32_add_573                                                                      1317    100.179     0.000      100.179 <none> (D)  
        u_mul                bf16_mul_573                                                                            508     40.722     0.000       40.722 <none> (D)  
    g_row[17].g_col[2].u_pe  pe_546                                                                                 1935    163.617     0.000      163.617 <none> (D)  
      u_mac                  bf16_mac_unit_546                                                                      1838    141.178     0.000      141.178 <none> (D)  
        u_add                bf16_fp32_add_546                                                                      1326    100.471     0.000      100.471 <none> (D)  
        u_mul                bf16_mul_546                                                                            512     40.707     0.000       40.707 <none> (D)  
    g_row[17].g_col[30].u_pe pe_574                                                                                 2037    169.784     0.000      169.784 <none> (D)  
      u_mac                  bf16_mac_unit_574                                                                      1940    147.345     0.000      147.345 <none> (D)  
        u_add                bf16_fp32_add_574                                                                      1427    106.492     0.000      106.492 <none> (D)  
        u_mul                bf16_mul_574                                                                            513     40.853     0.000       40.853 <none> (D)  
    g_row[17].g_col[31].u_pe pe_575                                                                                 1940    163.865     0.000      163.865 <none> (D)  
      u_mac                  bf16_mac_unit_575                                                                      1843    141.426     0.000      141.426 <none> (D)  
        u_add                bf16_fp32_add_575                                                                      1343    101.287     0.000      101.287 <none> (D)  
        u_mul                bf16_mul_575                                                                            500     40.139     0.000       40.139 <none> (D)  
    g_row[17].g_col[3].u_pe  pe_547                                                                                 1939    163.646     0.000      163.646 <none> (D)  
      u_mac                  bf16_mac_unit_547                                                                      1842    141.207     0.000      141.207 <none> (D)  
        u_add                bf16_fp32_add_547                                                                      1330    100.500     0.000      100.500 <none> (D)  
        u_mul                bf16_mul_547                                                                            512     40.707     0.000       40.707 <none> (D)  
    g_row[17].g_col[4].u_pe  pe_548                                                                                 1935    164.025     0.000      164.025 <none> (D)  
      u_mac                  bf16_mac_unit_548                                                                      1838    141.586     0.000      141.586 <none> (D)  
        u_add                bf16_fp32_add_548                                                                      1327    100.835     0.000      100.835 <none> (D)  
        u_mul                bf16_mul_548                                                                            511     40.751     0.000       40.751 <none> (D)  
    g_row[17].g_col[5].u_pe  pe_549                                                                                 1927    163.515     0.000      163.515 <none> (D)  
      u_mac                  bf16_mac_unit_549                                                                      1830    141.076     0.000      141.076 <none> (D)  
        u_add                bf16_fp32_add_549                                                                      1319    100.325     0.000      100.325 <none> (D)  
        u_mul                bf16_mul_549                                                                            511     40.751     0.000       40.751 <none> (D)  
    g_row[17].g_col[6].u_pe  pe_550                                                                                 1926    163.398     0.000      163.398 <none> (D)  
      u_mac                  bf16_mac_unit_550                                                                      1829    140.959     0.000      140.959 <none> (D)  
        u_add                bf16_fp32_add_550                                                                      1319    100.340     0.000      100.340 <none> (D)  
        u_mul                bf16_mul_550                                                                            510     40.620     0.000       40.620 <none> (D)  
    g_row[17].g_col[7].u_pe  pe_551                                                                                 1920    163.281     0.000      163.281 <none> (D)  
      u_mac                  bf16_mac_unit_551                                                                      1823    140.843     0.000      140.843 <none> (D)  
        u_add                bf16_fp32_add_551                                                                      1317    100.296     0.000      100.296 <none> (D)  
        u_mul                bf16_mul_551                                                                            506     40.547     0.000       40.547 <none> (D)  
    g_row[17].g_col[8].u_pe  pe_552                                                                                 1927    163.661     0.000      163.661 <none> (D)  
      u_mac                  bf16_mac_unit_552                                                                      1830    141.222     0.000      141.222 <none> (D)  
        u_add                bf16_fp32_add_552                                                                      1319    100.383     0.000      100.383 <none> (D)  
        u_mul                bf16_mul_552                                                                            511     40.839     0.000       40.839 <none> (D)  
    g_row[17].g_col[9].u_pe  pe_553                                                                                 1927    163.340     0.000      163.340 <none> (D)  
      u_mac                  bf16_mac_unit_553                                                                      1830    140.901     0.000      140.901 <none> (D)  
        u_add                bf16_fp32_add_553                                                                      1324    100.398     0.000      100.398 <none> (D)  
        u_mul                bf16_mul_553                                                                            506     40.503     0.000       40.503 <none> (D)  
    g_row[18].g_col[0].u_pe  pe_576                                                                                 2044    169.099     0.000      169.099 <none> (D)  
      u_mac                  bf16_mac_unit_576                                                                      1947    146.646     0.000      146.646 <none> (D)  
        u_add                bf16_fp32_add_576                                                                      1457    106.638     0.000      106.638 <none> (D)  
        u_mul                bf16_mul_576                                                                            490     40.008     0.000       40.008 <none> (D)  
    g_row[18].g_col[10].u_pe pe_586                                                                                 2013    167.626     0.000      167.626 <none> (D)  
      u_mac                  bf16_mac_unit_586                                                                      1916    145.173     0.000      145.173 <none> (D)  
        u_add                bf16_fp32_add_586                                                                      1419    105.107     0.000      105.107 <none> (D)  
        u_mul                bf16_mul_586                                                                            497     40.066     0.000       40.066 <none> (D)  
    g_row[18].g_col[11].u_pe pe_587                                                                                 2003    166.664     0.000      166.664 <none> (D)  
      u_mac                  bf16_mac_unit_587                                                                      1906    144.211     0.000      144.211 <none> (D)  
        u_add                bf16_fp32_add_587                                                                      1417    104.466     0.000      104.466 <none> (D)  
        u_mul                bf16_mul_587                                                                            489     39.745     0.000       39.745 <none> (D)  
    g_row[18].g_col[12].u_pe pe_588                                                                                 2013    167.189     0.000      167.189 <none> (D)  
      u_mac                  bf16_mac_unit_588                                                                      1916    144.736     0.000      144.736 <none> (D)  
        u_add                bf16_fp32_add_588                                                                      1427    104.932     0.000      104.932 <none> (D)  
        u_mul                bf16_mul_588                                                                            489     39.803     0.000       39.803 <none> (D)  
    g_row[18].g_col[13].u_pe pe_589                                                                                 1965    165.439     0.000      165.439 <none> (D)  
      u_mac                  bf16_mac_unit_589                                                                      1868    142.986     0.000      142.986 <none> (D)  
        u_add                bf16_fp32_add_589                                                                      1387    103.751     0.000      103.751 <none> (D)  
        u_mul                bf16_mul_589                                                                            481     39.235     0.000       39.235 <none> (D)  
    g_row[18].g_col[14].u_pe pe_590                                                                                 2015    167.626     0.000      167.626 <none> (D)  
      u_mac                  bf16_mac_unit_590                                                                      1918    145.173     0.000      145.173 <none> (D)  
        u_add                bf16_fp32_add_590                                                                      1425    105.063     0.000      105.063 <none> (D)  
        u_mul                bf16_mul_590                                                                            493     40.110     0.000       40.110 <none> (D)  
    g_row[18].g_col[15].u_pe pe_591                                                                                 2003    166.679     0.000      166.679 <none> (D)  
      u_mac                  bf16_mac_unit_591                                                                      1906    144.225     0.000      144.225 <none> (D)  
        u_add                bf16_fp32_add_591                                                                      1413    104.451     0.000      104.451 <none> (D)  
        u_mul                bf16_mul_591                                                                            493     39.774     0.000       39.774 <none> (D)  
    g_row[18].g_col[16].u_pe pe_592                                                                                 2003    167.364     0.000      167.364 <none> (D)  
      u_mac                  bf16_mac_unit_592                                                                      1906    144.911     0.000      144.911 <none> (D)  
        u_add                bf16_fp32_add_592                                                                      1421    105.136     0.000      105.136 <none> (D)  
        u_mul                bf16_mul_592                                                                            485     39.774     0.000       39.774 <none> (D)  
    g_row[18].g_col[17].u_pe pe_593                                                                                 2002    166.708     0.000      166.708 <none> (D)  
      u_mac                  bf16_mac_unit_593                                                                      1905    144.255     0.000      144.255 <none> (D)  
        u_add                bf16_fp32_add_593                                                                      1412    104.276     0.000      104.276 <none> (D)  
        u_mul                bf16_mul_593                                                                            493     39.978     0.000       39.978 <none> (D)  
    g_row[18].g_col[18].u_pe pe_594                                                                                 2002    166.708     0.000      166.708 <none> (D)  
      u_mac                  bf16_mac_unit_594                                                                      1905    144.255     0.000      144.255 <none> (D)  
        u_add                bf16_fp32_add_594                                                                      1412    104.276     0.000      104.276 <none> (D)  
        u_mul                bf16_mul_594                                                                            493     39.978     0.000       39.978 <none> (D)  
    g_row[18].g_col[19].u_pe pe_595                                                                                 1977    166.110     0.000      166.110 <none> (D)  
      u_mac                  bf16_mac_unit_595                                                                      1880    143.657     0.000      143.657 <none> (D)  
        u_add                bf16_fp32_add_595                                                                      1398    104.203     0.000      104.203 <none> (D)  
        u_mul                bf16_mul_595                                                                            482     39.453     0.000       39.453 <none> (D)  
    g_row[18].g_col[1].u_pe  pe_577                                                                                 2033    168.486     0.000      168.486 <none> (D)  
      u_mac                  bf16_mac_unit_577                                                                      1936    146.033     0.000      146.033 <none> (D)  
        u_add                bf16_fp32_add_577                                                                      1447    106.113     0.000      106.113 <none> (D)  
        u_mul                bf16_mul_577                                                                            489     39.920     0.000       39.920 <none> (D)  
    g_row[18].g_col[20].u_pe pe_596                                                                                 2002    166.766     0.000      166.766 <none> (D)  
      u_mac                  bf16_mac_unit_596                                                                      1905    144.313     0.000      144.313 <none> (D)  
        u_add                bf16_fp32_add_596                                                                      1412    104.305     0.000      104.305 <none> (D)  
        u_mul                bf16_mul_596                                                                            493     40.008     0.000       40.008 <none> (D)  
    g_row[18].g_col[21].u_pe pe_597                                                                                 1996    166.649     0.000      166.649 <none> (D)  
      u_mac                  bf16_mac_unit_597                                                                      1899    144.196     0.000      144.196 <none> (D)  
        u_add                bf16_fp32_add_597                                                                      1409    104.393     0.000      104.393 <none> (D)  
        u_mul                bf16_mul_597                                                                            490     39.803     0.000       39.803 <none> (D)  
    g_row[18].g_col[22].u_pe pe_598                                                                                 1998    167.247     0.000      167.247 <none> (D)  
      u_mac                  bf16_mac_unit_598                                                                      1901    144.794     0.000      144.794 <none> (D)  
        u_add                bf16_fp32_add_598                                                                      1408    104.641     0.000      104.641 <none> (D)  
        u_mul                bf16_mul_598                                                                            493     40.153     0.000       40.153 <none> (D)  
    g_row[18].g_col[23].u_pe pe_599                                                                                 1983    166.824     0.000      166.824 <none> (D)  
      u_mac                  bf16_mac_unit_599                                                                      1886    144.371     0.000      144.371 <none> (D)  
        u_add                bf16_fp32_add_599                                                                      1399    104.291     0.000      104.291 <none> (D)  
        u_mul                bf16_mul_599                                                                            486     40.008     0.000       40.008 <none> (D)  
    g_row[18].g_col[24].u_pe pe_600                                                                                 2017    167.539     0.000      167.539 <none> (D)  
      u_mac                  bf16_mac_unit_600                                                                      1920    145.086     0.000      145.086 <none> (D)  
        u_add                bf16_fp32_add_600                                                                      1426    105.078     0.000      105.078 <none> (D)  
        u_mul                bf16_mul_600                                                                            494     40.008     0.000       40.008 <none> (D)  
    g_row[18].g_col[25].u_pe pe_601                                                                                 2000    166.897     0.000      166.897 <none> (D)  
      u_mac                  bf16_mac_unit_601                                                                      1903    144.444     0.000      144.444 <none> (D)  
        u_add                bf16_fp32_add_601                                                                      1412    104.612     0.000      104.612 <none> (D)  
        u_mul                bf16_mul_601                                                                            491     39.833     0.000       39.833 <none> (D)  
    g_row[18].g_col[26].u_pe pe_602                                                                                 2002    166.708     0.000      166.708 <none> (D)  
      u_mac                  bf16_mac_unit_602                                                                      1905    144.255     0.000      144.255 <none> (D)  
        u_add                bf16_fp32_add_602                                                                      1412    104.305     0.000      104.305 <none> (D)  
        u_mul                bf16_mul_602                                                                            493     39.949     0.000       39.949 <none> (D)  
    g_row[18].g_col[27].u_pe pe_603                                                                                 1988    166.372     0.000      166.372 <none> (D)  
      u_mac                  bf16_mac_unit_603                                                                      1891    143.919     0.000      143.919 <none> (D)  
        u_add                bf16_fp32_add_603                                                                      1403    104.130     0.000      104.130 <none> (D)  
        u_mul                bf16_mul_603                                                                            488     39.789     0.000       39.789 <none> (D)  
    g_row[18].g_col[28].u_pe pe_604                                                                                 1983    166.722     0.000      166.722 <none> (D)  
      u_mac                  bf16_mac_unit_604                                                                      1886    144.269     0.000      144.269 <none> (D)  
        u_add                bf16_fp32_add_604                                                                      1399    104.160     0.000      104.160 <none> (D)  
        u_mul                bf16_mul_604                                                                            486     40.037     0.000       40.037 <none> (D)  
    g_row[18].g_col[29].u_pe pe_605                                                                                 1995    166.620     0.000      166.620 <none> (D)  
      u_mac                  bf16_mac_unit_605                                                                      1898    144.167     0.000      144.167 <none> (D)  
        u_add                bf16_fp32_add_605                                                                      1409    104.334     0.000      104.334 <none> (D)  
        u_mul                bf16_mul_605                                                                            489     39.833     0.000       39.833 <none> (D)  
    g_row[18].g_col[2].u_pe  pe_578                                                                                 1994    167.233     0.000      167.233 <none> (D)  
      u_mac                  bf16_mac_unit_578                                                                      1897    144.779     0.000      144.779 <none> (D)  
        u_add                bf16_fp32_add_578                                                                      1408    104.743     0.000      104.743 <none> (D)  
        u_mul                bf16_mul_578                                                                            488     39.964     0.000       39.964 <none> (D)  
    g_row[18].g_col[30].u_pe pe_606                                                                                 2003    167.393     0.000      167.393 <none> (D)  
      u_mac                  bf16_mac_unit_606                                                                      1906    144.940     0.000      144.940 <none> (D)  
        u_add                bf16_fp32_add_606                                                                      1422    105.180     0.000      105.180 <none> (D)  
        u_mul                bf16_mul_606                                                                            484     39.760     0.000       39.760 <none> (D)  
    g_row[18].g_col[31].u_pe pe_607                                                                                 2057    169.755     0.000      169.755 <none> (D)  
      u_mac                  bf16_mac_unit_607                                                                      1960    147.302     0.000      147.302 <none> (D)  
        u_add                bf16_fp32_add_607                                                                      1474    107.557     0.000      107.557 <none> (D)  
        u_mul                bf16_mul_607                                                                            486     39.745     0.000       39.745 <none> (D)  
    g_row[18].g_col[3].u_pe  pe_579                                                                                 2001    167.043     0.000      167.043 <none> (D)  
      u_mac                  bf16_mac_unit_579                                                                      1904    144.590     0.000      144.590 <none> (D)  
        u_add                bf16_fp32_add_579                                                                      1412    104.684     0.000      104.684 <none> (D)  
        u_mul                bf16_mul_579                                                                            492     39.905     0.000       39.905 <none> (D)  
    g_row[18].g_col[4].u_pe  pe_580                                                                                 2059    169.974     0.000      169.974 <none> (D)  
      u_mac                  bf16_mac_unit_580                                                                      1962    147.520     0.000      147.520 <none> (D)  
        u_add                bf16_fp32_add_580                                                                      1474    107.630     0.000      107.630 <none> (D)  
        u_mul                bf16_mul_580                                                                            487     39.818     0.000       39.818 <none> (D)  
    g_row[18].g_col[5].u_pe  pe_581                                                                                 2012    167.291     0.000      167.291 <none> (D)  
      u_mac                  bf16_mac_unit_581                                                                      1915    144.838     0.000      144.838 <none> (D)  
        u_add                bf16_fp32_add_581                                                                      1422    104.991     0.000      104.991 <none> (D)  
        u_mul                bf16_mul_581                                                                            493     39.847     0.000       39.847 <none> (D)  
    g_row[18].g_col[6].u_pe  pe_582                                                                                 1991    167.131     0.000      167.131 <none> (D)  
      u_mac                  bf16_mac_unit_582                                                                      1894    144.677     0.000      144.677 <none> (D)  
        u_add                bf16_fp32_add_582                                                                      1405    104.612     0.000      104.612 <none> (D)  
        u_mul                bf16_mul_582                                                                            488     39.993     0.000       39.993 <none> (D)  
    g_row[18].g_col[7].u_pe  pe_583                                                                                 1988    166.329     0.000      166.329 <none> (D)  
      u_mac                  bf16_mac_unit_583                                                                      1891    143.875     0.000      143.875 <none> (D)  
        u_add                bf16_fp32_add_583                                                                      1396    103.708     0.000      103.708 <none> (D)  
        u_mul                bf16_mul_583                                                                            495     40.168     0.000       40.168 <none> (D)  
    g_row[18].g_col[8].u_pe  pe_584                                                                                 2012    167.699     0.000      167.699 <none> (D)  
      u_mac                  bf16_mac_unit_584                                                                      1915    145.246     0.000      145.246 <none> (D)  
        u_add                bf16_fp32_add_584                                                                      1420    105.093     0.000      105.093 <none> (D)  
        u_mul                bf16_mul_584                                                                            495     40.153     0.000       40.153 <none> (D)  
    g_row[18].g_col[9].u_pe  pe_585                                                                                 2008    167.335     0.000      167.335 <none> (D)  
      u_mac                  bf16_mac_unit_585                                                                      1911    144.881     0.000      144.881 <none> (D)  
        u_add                bf16_fp32_add_585                                                                      1423    105.005     0.000      105.005 <none> (D)  
        u_mul                bf16_mul_585                                                                            488     39.876     0.000       39.876 <none> (D)  
    g_row[19].g_col[0].u_pe  pe_608                                                                                 2045    169.011     0.000      169.011 <none> (D)  
      u_mac                  bf16_mac_unit_608                                                                      1948    146.558     0.000      146.558 <none> (D)  
        u_add                bf16_fp32_add_608                                                                      1463    106.988     0.000      106.988 <none> (D)  
        u_mul                bf16_mul_608                                                                            485     39.570     0.000       39.570 <none> (D)  
    g_row[19].g_col[10].u_pe pe_618                                                                                 1992    166.474     0.000      166.474 <none> (D)  
      u_mac                  bf16_mac_unit_618                                                                      1895    144.021     0.000      144.021 <none> (D)  
        u_add                bf16_fp32_add_618                                                                      1408    104.364     0.000      104.364 <none> (D)  
        u_mul                bf16_mul_618                                                                            487     39.658     0.000       39.658 <none> (D)  
    g_row[19].g_col[11].u_pe pe_619                                                                                 2005    167.072     0.000      167.072 <none> (D)  
      u_mac                  bf16_mac_unit_619                                                                      1908    144.619     0.000      144.619 <none> (D)  
        u_add                bf16_fp32_add_619                                                                      1418    104.641     0.000      104.641 <none> (D)  
        u_mul                bf16_mul_619                                                                            490     39.978     0.000       39.978 <none> (D)  
    g_row[19].g_col[12].u_pe pe_620                                                                                 2004    166.824     0.000      166.824 <none> (D)  
      u_mac                  bf16_mac_unit_620                                                                      1907    144.371     0.000      144.371 <none> (D)  
        u_add                bf16_fp32_add_620                                                                      1418    104.597     0.000      104.597 <none> (D)  
        u_mul                bf16_mul_620                                                                            489     39.774     0.000       39.774 <none> (D)  
    g_row[19].g_col[13].u_pe pe_621                                                                                 1991    166.518     0.000      166.518 <none> (D)  
      u_mac                  bf16_mac_unit_621                                                                      1894    144.065     0.000      144.065 <none> (D)  
        u_add                bf16_fp32_add_621                                                                      1406    104.320     0.000      104.320 <none> (D)  
        u_mul                bf16_mul_621                                                                            488     39.745     0.000       39.745 <none> (D)  
    g_row[19].g_col[14].u_pe pe_622                                                                                 2049    169.318     0.000      169.318 <none> (D)  
      u_mac                  bf16_mac_unit_622                                                                      1952    146.864     0.000      146.864 <none> (D)  
        u_add                bf16_fp32_add_622                                                                      1451    106.492     0.000      106.492 <none> (D)  
        u_mul                bf16_mul_622                                                                            501     40.372     0.000       40.372 <none> (D)  
    g_row[19].g_col[15].u_pe pe_623                                                                                 1974    166.125     0.000      166.125 <none> (D)  
      u_mac                  bf16_mac_unit_623                                                                      1877    143.671     0.000      143.671 <none> (D)  
        u_add                bf16_fp32_add_623                                                                      1394    104.364     0.000      104.364 <none> (D)  
        u_mul                bf16_mul_623                                                                            483     39.308     0.000       39.308 <none> (D)  
    g_row[19].g_col[16].u_pe pe_624                                                                                 2016    167.568     0.000      167.568 <none> (D)  
      u_mac                  bf16_mac_unit_624                                                                      1919    145.115     0.000      145.115 <none> (D)  
        u_add                bf16_fp32_add_624                                                                      1430    105.443     0.000      105.443 <none> (D)  
        u_mul                bf16_mul_624                                                                            489     39.672     0.000       39.672 <none> (D)  
    g_row[19].g_col[17].u_pe pe_625                                                                                 2037    168.574     0.000      168.574 <none> (D)  
      u_mac                  bf16_mac_unit_625                                                                      1940    146.121     0.000      146.121 <none> (D)  
        u_add                bf16_fp32_add_625                                                                      1452    106.419     0.000      106.419 <none> (D)  
        u_mul                bf16_mul_625                                                                            488     39.701     0.000       39.701 <none> (D)  
    g_row[19].g_col[18].u_pe pe_626                                                                                 2022    167.962     0.000      167.962 <none> (D)  
      u_mac                  bf16_mac_unit_626                                                                      1925    145.508     0.000      145.508 <none> (D)  
        u_add                bf16_fp32_add_626                                                                      1433    105.515     0.000      105.515 <none> (D)  
        u_mul                bf16_mul_626                                                                            492     39.993     0.000       39.993 <none> (D)  
    g_row[19].g_col[19].u_pe pe_627                                                                                 1989    166.606     0.000      166.606 <none> (D)  
      u_mac                  bf16_mac_unit_627                                                                      1892    144.152     0.000      144.152 <none> (D)  
        u_add                bf16_fp32_add_627                                                                      1405    104.407     0.000      104.407 <none> (D)  
        u_mul                bf16_mul_627                                                                            487     39.745     0.000       39.745 <none> (D)  
    g_row[19].g_col[1].u_pe  pe_609                                                                                 2017    167.947     0.000      167.947 <none> (D)  
      u_mac                  bf16_mac_unit_609                                                                      1920    145.494     0.000      145.494 <none> (D)  
        u_add                bf16_fp32_add_609                                                                      1435    105.909     0.000      105.909 <none> (D)  
        u_mul                bf16_mul_609                                                                            485     39.585     0.000       39.585 <none> (D)  
    g_row[19].g_col[20].u_pe pe_628                                                                                 2010    167.276     0.000      167.276 <none> (D)  
      u_mac                  bf16_mac_unit_628                                                                      1913    144.823     0.000      144.823 <none> (D)  
        u_add                bf16_fp32_add_628                                                                      1426    105.034     0.000      105.034 <none> (D)  
        u_mul                bf16_mul_628                                                                            487     39.789     0.000       39.789 <none> (D)  
    g_row[19].g_col[21].u_pe pe_629                                                                                 1992    167.014     0.000      167.014 <none> (D)  
      u_mac                  bf16_mac_unit_629                                                                      1895    144.561     0.000      144.561 <none> (D)  
        u_add                bf16_fp32_add_629                                                                      1413    105.180     0.000      105.180 <none> (D)  
        u_mul                bf16_mul_629                                                                            482     39.381     0.000       39.381 <none> (D)  
    g_row[19].g_col[22].u_pe pe_630                                                                                 1991    166.547     0.000      166.547 <none> (D)  
      u_mac                  bf16_mac_unit_630                                                                      1894    144.094     0.000      144.094 <none> (D)  
        u_add                bf16_fp32_add_630                                                                      1406    104.320     0.000      104.320 <none> (D)  
        u_mul                bf16_mul_630                                                                            488     39.774     0.000       39.774 <none> (D)  
    g_row[19].g_col[23].u_pe pe_631                                                                                 1992    167.247     0.000      167.247 <none> (D)  
      u_mac                  bf16_mac_unit_631                                                                      1895    144.794     0.000      144.794 <none> (D)  
        u_add                bf16_fp32_add_631                                                                      1406    104.699     0.000      104.699 <none> (D)  
        u_mul                bf16_mul_631                                                                            488     40.022     0.000       40.022 <none> (D)  
    g_row[19].g_col[24].u_pe pe_632                                                                                 2013    167.641     0.000      167.641 <none> (D)  
      u_mac                  bf16_mac_unit_632                                                                      1916    145.188     0.000      145.188 <none> (D)  
        u_add                bf16_fp32_add_632                                                                      1425    105.370     0.000      105.370 <none> (D)  
        u_mul                bf16_mul_632                                                                            491     39.818     0.000       39.818 <none> (D)  
    g_row[19].g_col[25].u_pe pe_633                                                                                 1993    166.635     0.000      166.635 <none> (D)  
      u_mac                  bf16_mac_unit_633                                                                      1896    144.182     0.000      144.182 <none> (D)  
        u_add                bf16_fp32_add_633                                                                      1406    104.378     0.000      104.378 <none> (D)  
        u_mul                bf16_mul_633                                                                            490     39.803     0.000       39.803 <none> (D)  
    g_row[19].g_col[26].u_pe pe_634                                                                                 2023    167.714     0.000      167.714 <none> (D)  
      u_mac                  bf16_mac_unit_634                                                                      1926    145.261     0.000      145.261 <none> (D)  
        u_add                bf16_fp32_add_634                                                                      1439    105.647     0.000      105.647 <none> (D)  
        u_mul                bf16_mul_634                                                                            487     39.614     0.000       39.614 <none> (D)  
    g_row[19].g_col[27].u_pe pe_635                                                                                 1994    166.562     0.000      166.562 <none> (D)  
      u_mac                  bf16_mac_unit_635                                                                      1897    144.109     0.000      144.109 <none> (D)  
        u_add                bf16_fp32_add_635                                                                      1408    104.437     0.000      104.437 <none> (D)  
        u_mul                bf16_mul_635                                                                            489     39.672     0.000       39.672 <none> (D)  
    g_row[19].g_col[28].u_pe pe_636                                                                                 1992    167.203     0.000      167.203 <none> (D)  
      u_mac                  bf16_mac_unit_636                                                                      1895    144.750     0.000      144.750 <none> (D)  
        u_add                bf16_fp32_add_636                                                                      1406    104.626     0.000      104.626 <none> (D)  
        u_mul                bf16_mul_636                                                                            488     40.051     0.000       40.051 <none> (D)  
    g_row[19].g_col[29].u_pe pe_637                                                                                 1980    166.533     0.000      166.533 <none> (D)  
      u_mac                  bf16_mac_unit_637                                                                      1883    144.080     0.000      144.080 <none> (D)  
        u_add                bf16_fp32_add_637                                                                      1402    104.743     0.000      104.743 <none> (D)  
        u_mul                bf16_mul_637                                                                            481     39.337     0.000       39.337 <none> (D)  
    g_row[19].g_col[2].u_pe  pe_610                                                                                 1992    167.233     0.000      167.233 <none> (D)  
      u_mac                  bf16_mac_unit_610                                                                      1895    144.779     0.000      144.779 <none> (D)  
        u_add                bf16_fp32_add_610                                                                      1406    104.655     0.000      104.655 <none> (D)  
        u_mul                bf16_mul_610                                                                            488     40.051     0.000       40.051 <none> (D)  
    g_row[19].g_col[30].u_pe pe_638                                                                                 2045    169.011     0.000      169.011 <none> (D)  
      u_mac                  bf16_mac_unit_638                                                                      1948    146.558     0.000      146.558 <none> (D)  
        u_add                bf16_fp32_add_638                                                                      1463    106.988     0.000      106.988 <none> (D)  
        u_mul                bf16_mul_638                                                                            485     39.570     0.000       39.570 <none> (D)  
    g_row[19].g_col[31].u_pe pe_639                                                                                 2046    169.041     0.000      169.041 <none> (D)  
      u_mac                  bf16_mac_unit_639                                                                      1949    146.587     0.000      146.587 <none> (D)  
        u_add                bf16_fp32_add_639                                                                      1463    106.988     0.000      106.988 <none> (D)  
        u_mul                bf16_mul_639                                                                            486     39.599     0.000       39.599 <none> (D)  
    g_row[19].g_col[3].u_pe  pe_611                                                                                 2013    167.641     0.000      167.641 <none> (D)  
      u_mac                  bf16_mac_unit_611                                                                      1916    145.188     0.000      145.188 <none> (D)  
        u_add                bf16_fp32_add_611                                                                      1425    105.370     0.000      105.370 <none> (D)  
        u_mul                bf16_mul_611                                                                            491     39.818     0.000       39.818 <none> (D)  
    g_row[19].g_col[4].u_pe  pe_612                                                                                 1996    166.591     0.000      166.591 <none> (D)  
      u_mac                  bf16_mac_unit_612                                                                      1899    144.138     0.000      144.138 <none> (D)  
        u_add                bf16_fp32_add_612                                                                      1411    104.437     0.000      104.437 <none> (D)  
        u_mul                bf16_mul_612                                                                            488     39.701     0.000       39.701 <none> (D)  
    g_row[19].g_col[5].u_pe  pe_613                                                                                 2007    167.466     0.000      167.466 <none> (D)  
      u_mac                  bf16_mac_unit_613                                                                      1910    145.013     0.000      145.013 <none> (D)  
        u_add                bf16_fp32_add_613                                                                      1417    104.903     0.000      104.903 <none> (D)  
        u_mul                bf16_mul_613                                                                            493     40.110     0.000       40.110 <none> (D)  
    g_row[19].g_col[6].u_pe  pe_614                                                                                 1992    167.189     0.000      167.189 <none> (D)  
      u_mac                  bf16_mac_unit_614                                                                      1895    144.736     0.000      144.736 <none> (D)  
        u_add                bf16_fp32_add_614                                                                      1406    104.641     0.000      104.641 <none> (D)  
        u_mul                bf16_mul_614                                                                            488     40.022     0.000       40.022 <none> (D)  
    g_row[19].g_col[7].u_pe  pe_615                                                                                 2043    169.157     0.000      169.157 <none> (D)  
      u_mac                  bf16_mac_unit_615                                                                      1946    146.704     0.000      146.704 <none> (D)  
        u_add                bf16_fp32_add_615                                                                      1457    106.828     0.000      106.828 <none> (D)  
        u_mul                bf16_mul_615                                                                            489     39.876     0.000       39.876 <none> (D)  
    g_row[19].g_col[8].u_pe  pe_616                                                                                 1991    166.533     0.000      166.533 <none> (D)  
      u_mac                  bf16_mac_unit_616                                                                      1894    144.080     0.000      144.080 <none> (D)  
        u_add                bf16_fp32_add_616                                                                      1407    104.364     0.000      104.364 <none> (D)  
        u_mul                bf16_mul_616                                                                            487     39.716     0.000       39.716 <none> (D)  
    g_row[19].g_col[9].u_pe  pe_617                                                                                 2005    167.160     0.000      167.160 <none> (D)  
      u_mac                  bf16_mac_unit_617                                                                      1908    144.707     0.000      144.707 <none> (D)  
        u_add                bf16_fp32_add_617                                                                      1419    104.947     0.000      104.947 <none> (D)  
        u_mul                bf16_mul_617                                                                            489     39.760     0.000       39.760 <none> (D)  
    g_row[1].g_col[0].u_pe   pe_32                                                                                  1985    167.757     0.000      167.757 <none> (D)  
      u_mac                  bf16_mac_unit_32                                                                       1888    145.304     0.000      145.304 <none> (D)  
        u_add                bf16_fp32_add_32                                                                       1379    104.991     0.000      104.991 <none> (D)  
        u_mul                bf16_mul_32                                                                             509     40.314     0.000       40.314 <none> (D)  
    g_row[1].g_col[10].u_pe  pe_42                                                                                  1996    168.151     0.000      168.151 <none> (D)  
      u_mac                  bf16_mac_unit_42                                                                       1898    145.640     0.000      145.640 <none> (D)  
        u_add                bf16_fp32_add_42                                                                       1378    104.830     0.000      104.830 <none> (D)  
        u_mul                bf16_mul_42                                                                             519     40.737     0.000       40.737 <none> (D)  
    g_row[1].g_col[11].u_pe  pe_43                                                                                  1997    168.137     0.000      168.137 <none> (D)  
      u_mac                  bf16_mac_unit_43                                                                       1900    145.683     0.000      145.683 <none> (D)  
        u_add                bf16_fp32_add_43                                                                       1382    104.757     0.000      104.757 <none> (D)  
        u_mul                bf16_mul_43                                                                             517     40.853     0.000       40.853 <none> (D)  
    g_row[1].g_col[12].u_pe  pe_44                                                                                  1996    168.239     0.000      168.239 <none> (D)  
      u_mac                  bf16_mac_unit_44                                                                       1899    145.785     0.000      145.785 <none> (D)  
        u_add                bf16_fp32_add_44                                                                       1382    104.932     0.000      104.932 <none> (D)  
        u_mul                bf16_mul_44                                                                             516     40.780     0.000       40.780 <none> (D)  
    g_row[1].g_col[13].u_pe  pe_45                                                                                  1999    168.428     0.000      168.428 <none> (D)  
      u_mac                  bf16_mac_unit_45                                                                       1901    145.917     0.000      145.917 <none> (D)  
        u_add                bf16_fp32_add_45                                                                       1381    105.049     0.000      105.049 <none> (D)  
        u_mul                bf16_mul_45                                                                             519     40.795     0.000       40.795 <none> (D)  
    g_row[1].g_col[14].u_pe  pe_46                                                                                  1987    167.685     0.000      167.685 <none> (D)  
      u_mac                  bf16_mac_unit_46                                                                       1890    145.231     0.000      145.231 <none> (D)  
        u_add                bf16_fp32_add_46                                                                       1378    104.932     0.000      104.932 <none> (D)  
        u_mul                bf16_mul_46                                                                             512     40.299     0.000       40.299 <none> (D)  
    g_row[1].g_col[15].u_pe  pe_47                                                                                  1989    167.801     0.000      167.801 <none> (D)  
      u_mac                  bf16_mac_unit_47                                                                       1892    145.348     0.000      145.348 <none> (D)  
        u_add                bf16_fp32_add_47                                                                       1380    104.830     0.000      104.830 <none> (D)  
        u_mul                bf16_mul_47                                                                             511     40.445     0.000       40.445 <none> (D)  
    g_row[1].g_col[16].u_pe  pe_48                                                                                  1986    167.903     0.000      167.903 <none> (D)  
      u_mac                  bf16_mac_unit_48                                                                       1889    145.450     0.000      145.450 <none> (D)  
        u_add                bf16_fp32_add_48                                                                       1377    104.932     0.000      104.932 <none> (D)  
        u_mul                bf16_mul_48                                                                             511     40.445     0.000       40.445 <none> (D)  
    g_row[1].g_col[17].u_pe  pe_49                                                                                  1995    168.224     0.000      168.224 <none> (D)  
      u_mac                  bf16_mac_unit_49                                                                       1898    145.771     0.000      145.771 <none> (D)  
        u_add                bf16_fp32_add_49                                                                       1381    104.918     0.000      104.918 <none> (D)  
        u_mul                bf16_mul_49                                                                             516     40.780     0.000       40.780 <none> (D)  
    g_row[1].g_col[18].u_pe  pe_50                                                                                  1995    168.224     0.000      168.224 <none> (D)  
      u_mac                  bf16_mac_unit_50                                                                       1898    145.771     0.000      145.771 <none> (D)  
        u_add                bf16_fp32_add_50                                                                       1381    104.918     0.000      104.918 <none> (D)  
        u_mul                bf16_mul_50                                                                             516     40.780     0.000       40.780 <none> (D)  
    g_row[1].g_col[19].u_pe  pe_51                                                                                  1999    168.428     0.000      168.428 <none> (D)  
      u_mac                  bf16_mac_unit_51                                                                       1901    145.917     0.000      145.917 <none> (D)  
        u_add                bf16_fp32_add_51                                                                       1381    105.049     0.000      105.049 <none> (D)  
        u_mul                bf16_mul_51                                                                             519     40.795     0.000       40.795 <none> (D)  
    g_row[1].g_col[1].u_pe   pe_33                                                                                  1988    167.641     0.000      167.641 <none> (D)  
      u_mac                  bf16_mac_unit_33                                                                       1891    145.188     0.000      145.188 <none> (D)  
        u_add                bf16_fp32_add_33                                                                       1379    104.874     0.000      104.874 <none> (D)  
        u_mul                bf16_mul_33                                                                             512     40.314     0.000       40.314 <none> (D)  
    g_row[1].g_col[20].u_pe  pe_52                                                                                  1998    168.428     0.000      168.428 <none> (D)  
      u_mac                  bf16_mac_unit_52                                                                       1900    145.917     0.000      145.917 <none> (D)  
        u_add                bf16_fp32_add_52                                                                       1380    104.976     0.000      104.976 <none> (D)  
        u_mul                bf16_mul_52                                                                             519     40.868     0.000       40.868 <none> (D)  
    g_row[1].g_col[21].u_pe  pe_53                                                                                  1983    167.218     0.000      167.218 <none> (D)  
      u_mac                  bf16_mac_unit_53                                                                       1886    144.765     0.000      144.765 <none> (D)  
        u_add                bf16_fp32_add_53                                                                       1372    104.160     0.000      104.160 <none> (D)  
        u_mul                bf16_mul_53                                                                             513     40.518     0.000       40.518 <none> (D)  
    g_row[1].g_col[22].u_pe  pe_54                                                                                  2033    169.726     0.000      169.726 <none> (D)  
      u_mac                  bf16_mac_unit_54                                                                       1936    147.273     0.000      147.273 <none> (D)  
        u_add                bf16_fp32_add_54                                                                       1419    106.580     0.000      106.580 <none> (D)  
        u_mul                bf16_mul_54                                                                             517     40.693     0.000       40.693 <none> (D)  
    g_row[1].g_col[23].u_pe  pe_55                                                                                  1995    167.787     0.000      167.787 <none> (D)  
      u_mac                  bf16_mac_unit_55                                                                       1898    145.333     0.000      145.333 <none> (D)  
        u_add                bf16_fp32_add_55                                                                       1380    104.699     0.000      104.699 <none> (D)  
        u_mul                bf16_mul_55                                                                             517     40.562     0.000       40.562 <none> (D)  
    g_row[1].g_col[24].u_pe  pe_56                                                                                  2005    168.530     0.000      168.530 <none> (D)  
      u_mac                  bf16_mac_unit_56                                                                       1908    146.077     0.000      146.077 <none> (D)  
        u_add                bf16_fp32_add_56                                                                       1385    105.136     0.000      105.136 <none> (D)  
        u_mul                bf16_mul_56                                                                             523     40.941     0.000       40.941 <none> (D)  
    g_row[1].g_col[25].u_pe  pe_57                                                                                  1999    168.428     0.000      168.428 <none> (D)  
      u_mac                  bf16_mac_unit_57                                                                       1901    145.917     0.000      145.917 <none> (D)  
        u_add                bf16_fp32_add_57                                                                       1381    105.049     0.000      105.049 <none> (D)  
        u_mul                bf16_mul_57                                                                             519     40.795     0.000       40.795 <none> (D)  
    g_row[1].g_col[26].u_pe  pe_58                                                                                  1991    167.976     0.000      167.976 <none> (D)  
      u_mac                  bf16_mac_unit_58                                                                       1894    145.523     0.000      145.523 <none> (D)  
        u_add                bf16_fp32_add_58                                                                       1377    104.830     0.000      104.830 <none> (D)  
        u_mul                bf16_mul_58                                                                             516     40.620     0.000       40.620 <none> (D)  
    g_row[1].g_col[27].u_pe  pe_59                                                                                  1991    167.874     0.000      167.874 <none> (D)  
      u_mac                  bf16_mac_unit_59                                                                       1894    145.421     0.000      145.421 <none> (D)  
        u_add                bf16_fp32_add_59                                                                       1382    105.034     0.000      105.034 <none> (D)  
        u_mul                bf16_mul_59                                                                             512     40.387     0.000       40.387 <none> (D)  
    g_row[1].g_col[28].u_pe  pe_60                                                                                  1991    167.685     0.000      167.685 <none> (D)  
      u_mac                  bf16_mac_unit_60                                                                       1894    145.231     0.000      145.231 <none> (D)  
        u_add                bf16_fp32_add_60                                                                       1379    104.786     0.000      104.786 <none> (D)  
        u_mul                bf16_mul_60                                                                             515     40.445     0.000       40.445 <none> (D)  
    g_row[1].g_col[29].u_pe  pe_61                                                                                  1981    167.014     0.000      167.014 <none> (D)  
      u_mac                  bf16_mac_unit_61                                                                       1884    144.561     0.000      144.561 <none> (D)  
        u_add                bf16_fp32_add_61                                                                       1370    103.999     0.000      103.999 <none> (D)  
        u_mul                bf16_mul_61                                                                             513     40.474     0.000       40.474 <none> (D)  
    g_row[1].g_col[2].u_pe   pe_34                                                                                  2005    168.486     0.000      168.486 <none> (D)  
      u_mac                  bf16_mac_unit_34                                                                       1908    146.033     0.000      146.033 <none> (D)  
        u_add                bf16_fp32_add_34                                                                       1385    105.136     0.000      105.136 <none> (D)  
        u_mul                bf16_mul_34                                                                             523     40.897     0.000       40.897 <none> (D)  
    g_row[1].g_col[30].u_pe  pe_62                                                                                  1985    167.685     0.000      167.685 <none> (D)  
      u_mac                  bf16_mac_unit_62                                                                       1888    145.231     0.000      145.231 <none> (D)  
        u_add                bf16_fp32_add_62                                                                       1379    104.918     0.000      104.918 <none> (D)  
        u_mul                bf16_mul_62                                                                             509     40.314     0.000       40.314 <none> (D)  
    g_row[1].g_col[31].u_pe  pe_63                                                                                  1997    168.209     0.000      168.209 <none> (D)  
      u_mac                  bf16_mac_unit_63                                                                       1900    145.756     0.000      145.756 <none> (D)  
        u_add                bf16_fp32_add_63                                                                       1382    105.005     0.000      105.005 <none> (D)  
        u_mul                bf16_mul_63                                                                             517     40.678     0.000       40.678 <none> (D)  
    g_row[1].g_col[3].u_pe   pe_35                                                                                  1992    167.874     0.000      167.874 <none> (D)  
      u_mac                  bf16_mac_unit_35                                                                       1895    145.421     0.000      145.421 <none> (D)  
        u_add                bf16_fp32_add_35                                                                       1379    104.889     0.000      104.889 <none> (D)  
        u_mul                bf16_mul_35                                                                             516     40.532     0.000       40.532 <none> (D)  
    g_row[1].g_col[4].u_pe   pe_36                                                                                  1984    167.568     0.000      167.568 <none> (D)  
      u_mac                  bf16_mac_unit_36                                                                       1887    145.115     0.000      145.115 <none> (D)  
        u_add                bf16_fp32_add_36                                                                       1373    104.509     0.000      104.509 <none> (D)  
        u_mul                bf16_mul_36                                                                             513     40.532     0.000       40.532 <none> (D)  
    g_row[1].g_col[5].u_pe   pe_37                                                                                  1987    167.787     0.000      167.787 <none> (D)  
      u_mac                  bf16_mac_unit_37                                                                       1890    145.333     0.000      145.333 <none> (D)  
        u_add                bf16_fp32_add_37                                                                       1378    104.816     0.000      104.816 <none> (D)  
        u_mul                bf16_mul_37                                                                             511     40.445     0.000       40.445 <none> (D)  
    g_row[1].g_col[6].u_pe   pe_38                                                                                  1993    167.612     0.000      167.612 <none> (D)  
      u_mac                  bf16_mac_unit_38                                                                       1896    145.158     0.000      145.158 <none> (D)  
        u_add                bf16_fp32_add_38                                                                       1378    104.524     0.000      104.524 <none> (D)  
        u_mul                bf16_mul_38                                                                             517     40.562     0.000       40.562 <none> (D)  
    g_row[1].g_col[7].u_pe   pe_39                                                                                  1987    167.349     0.000      167.349 <none> (D)  
      u_mac                  bf16_mac_unit_39                                                                       1890    144.896     0.000      144.896 <none> (D)  
        u_add                bf16_fp32_add_39                                                                       1374    104.480     0.000      104.480 <none> (D)  
        u_mul                bf16_mul_39                                                                             516     40.416     0.000       40.416 <none> (D)  
    g_row[1].g_col[8].u_pe   pe_40                                                                                  1999    168.384     0.000      168.384 <none> (D)  
      u_mac                  bf16_mac_unit_40                                                                       1901    145.873     0.000      145.873 <none> (D)  
        u_add                bf16_fp32_add_40                                                                       1381    105.005     0.000      105.005 <none> (D)  
        u_mul                bf16_mul_40                                                                             519     40.795     0.000       40.795 <none> (D)  
    g_row[1].g_col[9].u_pe   pe_41                                                                                  1989    167.787     0.000      167.787 <none> (D)  
      u_mac                  bf16_mac_unit_41                                                                       1892    145.333     0.000      145.333 <none> (D)  
        u_add                bf16_fp32_add_41                                                                       1380    104.947     0.000      104.947 <none> (D)  
        u_mul                bf16_mul_41                                                                             512     40.387     0.000       40.387 <none> (D)  
    g_row[20].g_col[0].u_pe  pe_640                                                                                 1977    166.591     0.000      166.591 <none> (D)  
      u_mac                  bf16_mac_unit_640                                                                      1880    144.138     0.000      144.138 <none> (D)  
        u_add                bf16_fp32_add_640                                                                      1402    104.641     0.000      104.641 <none> (D)  
        u_mul                bf16_mul_640                                                                            478     39.497     0.000       39.497 <none> (D)  
    g_row[20].g_col[10].u_pe pe_650                                                                                 1984    166.285     0.000      166.285 <none> (D)  
      u_mac                  bf16_mac_unit_650                                                                      1887    143.832     0.000      143.832 <none> (D)  
        u_add                bf16_fp32_add_650                                                                      1408    104.786     0.000      104.786 <none> (D)  
        u_mul                bf16_mul_650                                                                            479     39.045     0.000       39.045 <none> (D)  
    g_row[20].g_col[11].u_pe pe_651                                                                                 2001    167.233     0.000      167.233 <none> (D)  
      u_mac                  bf16_mac_unit_651                                                                      1904    144.779     0.000      144.779 <none> (D)  
        u_add                bf16_fp32_add_651                                                                      1413    104.714     0.000      104.714 <none> (D)  
        u_mul                bf16_mul_651                                                                            490     39.993     0.000       39.993 <none> (D)  
    g_row[20].g_col[12].u_pe pe_652                                                                                 1963    165.673     0.000      165.673 <none> (D)  
      u_mac                  bf16_mac_unit_652                                                                      1866    143.219     0.000      143.219 <none> (D)  
        u_add                bf16_fp32_add_652                                                                      1388    103.737     0.000      103.737 <none> (D)  
        u_mul                bf16_mul_652                                                                            478     39.483     0.000       39.483 <none> (D)  
    g_row[20].g_col[13].u_pe pe_653                                                                                 2001    167.043     0.000      167.043 <none> (D)  
      u_mac                  bf16_mac_unit_653                                                                      1904    144.590     0.000      144.590 <none> (D)  
        u_add                bf16_fp32_add_653                                                                      1421    104.976     0.000      104.976 <none> (D)  
        u_mul                bf16_mul_653                                                                            483     39.614     0.000       39.614 <none> (D)  
    g_row[20].g_col[14].u_pe pe_654                                                                                 1989    166.241     0.000      166.241 <none> (D)  
      u_mac                  bf16_mac_unit_654                                                                      1892    143.788     0.000      143.788 <none> (D)  
        u_add                bf16_fp32_add_654                                                                      1404    103.999     0.000      103.999 <none> (D)  
        u_mul                bf16_mul_654                                                                            488     39.789     0.000       39.789 <none> (D)  
    g_row[20].g_col[15].u_pe pe_655                                                                                 2014    167.510     0.000      167.510 <none> (D)  
      u_mac                  bf16_mac_unit_655                                                                      1917    145.056     0.000      145.056 <none> (D)  
        u_add                bf16_fp32_add_655                                                                      1426    105.049     0.000      105.049 <none> (D)  
        u_mul                bf16_mul_655                                                                            491     40.008     0.000       40.008 <none> (D)  
    g_row[20].g_col[16].u_pe pe_656                                                                                 1981    166.489     0.000      166.489 <none> (D)  
      u_mac                  bf16_mac_unit_656                                                                      1884    144.036     0.000      144.036 <none> (D)  
        u_add                bf16_fp32_add_656                                                                      1395    104.130     0.000      104.130 <none> (D)  
        u_mul                bf16_mul_656                                                                            488     39.833     0.000       39.833 <none> (D)  
    g_row[20].g_col[17].u_pe pe_657                                                                                 2068    169.799     0.000      169.799 <none> (D)  
      u_mac                  bf16_mac_unit_657                                                                      1971    147.345     0.000      147.345 <none> (D)  
        u_add                bf16_fp32_add_657                                                                      1477    107.440     0.000      107.440 <none> (D)  
        u_mul                bf16_mul_657                                                                            494     39.905     0.000       39.905 <none> (D)  
    g_row[20].g_col[18].u_pe pe_658                                                                                 2019    167.583     0.000      167.583 <none> (D)  
      u_mac                  bf16_mac_unit_658                                                                      1922    145.129     0.000      145.129 <none> (D)  
        u_add                bf16_fp32_add_658                                                                      1436    105.515     0.000      105.515 <none> (D)  
        u_mul                bf16_mul_658                                                                            486     39.614     0.000       39.614 <none> (D)  
    g_row[20].g_col[19].u_pe pe_659                                                                                 2033    168.312     0.000      168.312 <none> (D)  
      u_mac                  bf16_mac_unit_659                                                                      1936    145.858     0.000      145.858 <none> (D)  
        u_add                bf16_fp32_add_659                                                                      1449    106.230     0.000      106.230 <none> (D)  
        u_mul                bf16_mul_659                                                                            487     39.628     0.000       39.628 <none> (D)  
    g_row[20].g_col[1].u_pe  pe_641                                                                                 1967    165.950     0.000      165.950 <none> (D)  
      u_mac                  bf16_mac_unit_641                                                                      1870    143.496     0.000      143.496 <none> (D)  
        u_add                bf16_fp32_add_641                                                                      1391    104.028     0.000      104.028 <none> (D)  
        u_mul                bf16_mul_641                                                                            478     39.395     0.000       39.395 <none> (D)  
    g_row[20].g_col[20].u_pe pe_660                                                                                 2009    167.495     0.000      167.495 <none> (D)  
      u_mac                  bf16_mac_unit_660                                                                      1912    145.042     0.000      145.042 <none> (D)  
        u_add                bf16_fp32_add_660                                                                      1432    105.851     0.000      105.851 <none> (D)  
        u_mul                bf16_mul_660                                                                            480     39.191     0.000       39.191 <none> (D)  
    g_row[20].g_col[21].u_pe pe_661                                                                                 1985    166.751     0.000      166.751 <none> (D)  
      u_mac                  bf16_mac_unit_661                                                                      1888    144.298     0.000      144.298 <none> (D)  
        u_add                bf16_fp32_add_661                                                                      1400    104.218     0.000      104.218 <none> (D)  
        u_mul                bf16_mul_661                                                                            487     40.008     0.000       40.008 <none> (D)  
    g_row[20].g_col[22].u_pe pe_662                                                                                 1982    166.256     0.000      166.256 <none> (D)  
      u_mac                  bf16_mac_unit_662                                                                      1885    143.803     0.000      143.803 <none> (D)  
        u_add                bf16_fp32_add_662                                                                      1408    104.816     0.000      104.816 <none> (D)  
        u_mul                bf16_mul_662                                                                            477     38.987     0.000       38.987 <none> (D)  
    g_row[20].g_col[23].u_pe pe_663                                                                                 1993    166.416     0.000      166.416 <none> (D)  
      u_mac                  bf16_mac_unit_663                                                                      1896    143.963     0.000      143.963 <none> (D)  
        u_add                bf16_fp32_add_663                                                                      1404    103.912     0.000      103.912 <none> (D)  
        u_mul                bf16_mul_663                                                                            492     40.051     0.000       40.051 <none> (D)  
    g_row[20].g_col[24].u_pe pe_664                                                                                 2010    167.131     0.000      167.131 <none> (D)  
      u_mac                  bf16_mac_unit_664                                                                      1913    144.677     0.000      144.677 <none> (D)  
        u_add                bf16_fp32_add_664                                                                      1420    104.714     0.000      104.714 <none> (D)  
        u_mul                bf16_mul_664                                                                            493     39.964     0.000       39.964 <none> (D)  
    g_row[20].g_col[25].u_pe pe_665                                                                                 2032    168.632     0.000      168.632 <none> (D)  
      u_mac                  bf16_mac_unit_665                                                                      1935    146.179     0.000      146.179 <none> (D)  
        u_add                bf16_fp32_add_665                                                                      1447    106.463     0.000      106.463 <none> (D)  
        u_mul                bf16_mul_665                                                                            488     39.716     0.000       39.716 <none> (D)  
    g_row[20].g_col[26].u_pe pe_666                                                                                 1984    166.081     0.000      166.081 <none> (D)  
      u_mac                  bf16_mac_unit_666                                                                      1887    143.628     0.000      143.628 <none> (D)  
        u_add                bf16_fp32_add_666                                                                      1401    103.970     0.000      103.970 <none> (D)  
        u_mul                bf16_mul_666                                                                            486     39.658     0.000       39.658 <none> (D)  
    g_row[20].g_col[27].u_pe pe_667                                                                                 1981    166.227     0.000      166.227 <none> (D)  
      u_mac                  bf16_mac_unit_667                                                                      1884    143.773     0.000      143.773 <none> (D)  
        u_add                bf16_fp32_add_667                                                                      1400    104.320     0.000      104.320 <none> (D)  
        u_mul                bf16_mul_667                                                                            484     39.453     0.000       39.453 <none> (D)  
    g_row[20].g_col[28].u_pe pe_668                                                                                 1993    166.416     0.000      166.416 <none> (D)  
      u_mac                  bf16_mac_unit_668                                                                      1896    143.963     0.000      143.963 <none> (D)  
        u_add                bf16_fp32_add_668                                                                      1404    103.912     0.000      103.912 <none> (D)  
        u_mul                bf16_mul_668                                                                            492     40.051     0.000       40.051 <none> (D)  
    g_row[20].g_col[29].u_pe pe_669                                                                                 1994    167.058     0.000      167.058 <none> (D)  
      u_mac                  bf16_mac_unit_669                                                                      1897    144.604     0.000      144.604 <none> (D)  
        u_add                bf16_fp32_add_669                                                                      1410    104.655     0.000      104.655 <none> (D)  
        u_mul                bf16_mul_669                                                                            486     39.876     0.000       39.876 <none> (D)  
    g_row[20].g_col[2].u_pe  pe_642                                                                                 1984    166.197     0.000      166.197 <none> (D)  
      u_mac                  bf16_mac_unit_642                                                                      1887    143.744     0.000      143.744 <none> (D)  
        u_add                bf16_fp32_add_642                                                                      1398    103.868     0.000      103.868 <none> (D)  
        u_mul                bf16_mul_642                                                                            489     39.876     0.000       39.876 <none> (D)  
    g_row[20].g_col[30].u_pe pe_670                                                                                 1989    166.985     0.000      166.985 <none> (D)  
      u_mac                  bf16_mac_unit_670                                                                      1892    144.532     0.000      144.532 <none> (D)  
        u_add                bf16_fp32_add_670                                                                      1405    104.684     0.000      104.684 <none> (D)  
        u_mul                bf16_mul_670                                                                            486     39.774     0.000       39.774 <none> (D)  
    g_row[20].g_col[31].u_pe pe_671                                                                                 1974    165.964     0.000      165.964 <none> (D)  
      u_mac                  bf16_mac_unit_671                                                                      1877    143.511     0.000      143.511 <none> (D)  
        u_add                bf16_fp32_add_671                                                                      1386    103.547     0.000      103.547 <none> (D)  
        u_mul                bf16_mul_671                                                                            490     39.891     0.000       39.891 <none> (D)  
    g_row[20].g_col[3].u_pe  pe_643                                                                                 2010    167.131     0.000      167.131 <none> (D)  
      u_mac                  bf16_mac_unit_643                                                                      1913    144.677     0.000      144.677 <none> (D)  
        u_add                bf16_fp32_add_643                                                                      1420    104.714     0.000      104.714 <none> (D)  
        u_mul                bf16_mul_643                                                                            493     39.964     0.000       39.964 <none> (D)  
    g_row[20].g_col[4].u_pe  pe_644                                                                                 2009    167.976     0.000      167.976 <none> (D)  
      u_mac                  bf16_mac_unit_644                                                                      1912    145.523     0.000      145.523 <none> (D)  
        u_add                bf16_fp32_add_644                                                                      1422    105.355     0.000      105.355 <none> (D)  
        u_mul                bf16_mul_644                                                                            489     40.095     0.000       40.095 <none> (D)  
    g_row[20].g_col[5].u_pe  pe_645                                                                                 1988    166.212     0.000      166.212 <none> (D)  
      u_mac                  bf16_mac_unit_645                                                                      1891    143.759     0.000      143.759 <none> (D)  
        u_add                bf16_fp32_add_645                                                                      1402    103.926     0.000      103.926 <none> (D)  
        u_mul                bf16_mul_645                                                                            489     39.833     0.000       39.833 <none> (D)  
    g_row[20].g_col[6].u_pe  pe_646                                                                                 1989    166.285     0.000      166.285 <none> (D)  
      u_mac                  bf16_mac_unit_646                                                                      1892    143.832     0.000      143.832 <none> (D)  
        u_add                bf16_fp32_add_646                                                                      1404    104.014     0.000      104.014 <none> (D)  
        u_mul                bf16_mul_646                                                                            488     39.818     0.000       39.818 <none> (D)  
    g_row[20].g_col[7].u_pe  pe_647                                                                                 2005    166.926     0.000      166.926 <none> (D)  
      u_mac                  bf16_mac_unit_647                                                                      1908    144.473     0.000      144.473 <none> (D)  
        u_add                bf16_fp32_add_647                                                                      1418    104.612     0.000      104.612 <none> (D)  
        u_mul                bf16_mul_647                                                                            490     39.862     0.000       39.862 <none> (D)  
    g_row[20].g_col[8].u_pe  pe_648                                                                                 2005    167.408     0.000      167.408 <none> (D)  
      u_mac                  bf16_mac_unit_648                                                                      1908    144.954     0.000      144.954 <none> (D)  
        u_add                bf16_fp32_add_648                                                                      1420    105.034     0.000      105.034 <none> (D)  
        u_mul                bf16_mul_648                                                                            488     39.920     0.000       39.920 <none> (D)  
    g_row[20].g_col[9].u_pe  pe_649                                                                                 1986    166.445     0.000      166.445 <none> (D)  
      u_mac                  bf16_mac_unit_649                                                                      1889    143.992     0.000      143.992 <none> (D)  
        u_add                bf16_fp32_add_649                                                                      1405    104.480     0.000      104.480 <none> (D)  
        u_mul                bf16_mul_649                                                                            484     39.512     0.000       39.512 <none> (D)  
    g_row[21].g_col[0].u_pe  pe_672                                                                                 2048    169.157     0.000      169.157 <none> (D)  
      u_mac                  bf16_mac_unit_672                                                                      1951    146.704     0.000      146.704 <none> (D)  
        u_add                bf16_fp32_add_672                                                                      1459    106.740     0.000      106.740 <none> (D)  
        u_mul                bf16_mul_672                                                                            492     39.964     0.000       39.964 <none> (D)  
    g_row[21].g_col[10].u_pe pe_682                                                                                 2010    167.641     0.000      167.641 <none> (D)  
      u_mac                  bf16_mac_unit_682                                                                      1913    145.188     0.000      145.188 <none> (D)  
        u_add                bf16_fp32_add_682                                                                      1424    105.282     0.000      105.282 <none> (D)  
        u_mul                bf16_mul_682                                                                            489     39.905     0.000       39.905 <none> (D)  
    g_row[21].g_col[11].u_pe pe_683                                                                                 2046    169.113     0.000      169.113 <none> (D)  
      u_mac                  bf16_mac_unit_683                                                                      1949    146.660     0.000      146.660 <none> (D)  
        u_add                bf16_fp32_add_683                                                                      1455    106.536     0.000      106.536 <none> (D)  
        u_mul                bf16_mul_683                                                                            494     40.124     0.000       40.124 <none> (D)  
    g_row[21].g_col[12].u_pe pe_684                                                                                 2046    169.113     0.000      169.113 <none> (D)  
      u_mac                  bf16_mac_unit_684                                                                      1949    146.660     0.000      146.660 <none> (D)  
        u_add                bf16_fp32_add_684                                                                      1455    106.536     0.000      106.536 <none> (D)  
        u_mul                bf16_mul_684                                                                            494     40.124     0.000       40.124 <none> (D)  
    g_row[21].g_col[13].u_pe pe_685                                                                                 2005    167.145     0.000      167.145 <none> (D)  
      u_mac                  bf16_mac_unit_685                                                                      1908    144.692     0.000      144.692 <none> (D)  
        u_add                bf16_fp32_add_685                                                                      1420    104.903     0.000      104.903 <none> (D)  
        u_mul                bf16_mul_685                                                                            488     39.789     0.000       39.789 <none> (D)  
    g_row[21].g_col[14].u_pe pe_686                                                                                 2024    168.618     0.000      168.618 <none> (D)  
      u_mac                  bf16_mac_unit_686                                                                      1927    146.165     0.000      146.165 <none> (D)  
        u_add                bf16_fp32_add_686                                                                      1445    106.799     0.000      106.799 <none> (D)  
        u_mul                bf16_mul_686                                                                            482     39.366     0.000       39.366 <none> (D)  
    g_row[21].g_col[15].u_pe pe_687                                                                                 2039    168.661     0.000      168.661 <none> (D)  
      u_mac                  bf16_mac_unit_687                                                                      1942    146.208     0.000      146.208 <none> (D)  
        u_add                bf16_fp32_add_687                                                                      1450    106.419     0.000      106.419 <none> (D)  
        u_mul                bf16_mul_687                                                                            492     39.789     0.000       39.789 <none> (D)  
    g_row[21].g_col[16].u_pe pe_688                                                                                 1984    166.518     0.000      166.518 <none> (D)  
      u_mac                  bf16_mac_unit_688                                                                      1887    144.065     0.000      144.065 <none> (D)  
        u_add                bf16_fp32_add_688                                                                      1407    104.699     0.000      104.699 <none> (D)  
        u_mul                bf16_mul_688                                                                            480     39.366     0.000       39.366 <none> (D)  
    g_row[21].g_col[17].u_pe pe_689                                                                                 1994    166.693     0.000      166.693 <none> (D)  
      u_mac                  bf16_mac_unit_689                                                                      1897    144.240     0.000      144.240 <none> (D)  
        u_add                bf16_fp32_add_689                                                                      1405    104.334     0.000      104.334 <none> (D)  
        u_mul                bf16_mul_689                                                                            492     39.905     0.000       39.905 <none> (D)  
    g_row[21].g_col[18].u_pe pe_690                                                                                 1968    165.818     0.000      165.818 <none> (D)  
      u_mac                  bf16_mac_unit_690                                                                      1871    143.365     0.000      143.365 <none> (D)  
        u_add                bf16_fp32_add_690                                                                      1393    104.232     0.000      104.232 <none> (D)  
        u_mul                bf16_mul_690                                                                            478     39.133     0.000       39.133 <none> (D)  
    g_row[21].g_col[19].u_pe pe_691                                                                                 1991    166.737     0.000      166.737 <none> (D)  
      u_mac                  bf16_mac_unit_691                                                                      1894    144.284     0.000      144.284 <none> (D)  
        u_add                bf16_fp32_add_691                                                                      1402    104.262     0.000      104.262 <none> (D)  
        u_mul                bf16_mul_691                                                                            492     40.022     0.000       40.022 <none> (D)  
    g_row[21].g_col[1].u_pe  pe_673                                                                                 1991    166.912     0.000      166.912 <none> (D)  
      u_mac                  bf16_mac_unit_673                                                                      1894    144.459     0.000      144.459 <none> (D)  
        u_add                bf16_fp32_add_673                                                                      1409    104.641     0.000      104.641 <none> (D)  
        u_mul                bf16_mul_673                                                                            484     39.745     0.000       39.745 <none> (D)  
    g_row[21].g_col[20].u_pe pe_692                                                                                 2021    167.816     0.000      167.816 <none> (D)  
      u_mac                  bf16_mac_unit_692                                                                      1924    145.363     0.000      145.363 <none> (D)  
        u_add                bf16_fp32_add_692                                                                      1439    105.880     0.000      105.880 <none> (D)  
        u_mul                bf16_mul_692                                                                            485     39.483     0.000       39.483 <none> (D)  
    g_row[21].g_col[21].u_pe pe_693                                                                                 1989    166.766     0.000      166.766 <none> (D)  
      u_mac                  bf16_mac_unit_693                                                                      1892    144.313     0.000      144.313 <none> (D)  
        u_add                bf16_fp32_add_693                                                                      1400    104.291     0.000      104.291 <none> (D)  
        u_mul                bf16_mul_693                                                                            492     40.022     0.000       40.022 <none> (D)  
    g_row[21].g_col[22].u_pe pe_694                                                                                 2010    167.670     0.000      167.670 <none> (D)  
      u_mac                  bf16_mac_unit_694                                                                      1913    145.217     0.000      145.217 <none> (D)  
        u_add                bf16_fp32_add_694                                                                      1424    105.282     0.000      105.282 <none> (D)  
        u_mul                bf16_mul_694                                                                            489     39.935     0.000       39.935 <none> (D)  
    g_row[21].g_col[23].u_pe pe_695                                                                                 1964    166.066     0.000      166.066 <none> (D)  
      u_mac                  bf16_mac_unit_695                                                                      1867    143.613     0.000      143.613 <none> (D)  
        u_add                bf16_fp32_add_695                                                                      1391    104.247     0.000      104.247 <none> (D)  
        u_mul                bf16_mul_695                                                                            476     39.366     0.000       39.366 <none> (D)  
    g_row[21].g_col[24].u_pe pe_696                                                                                 2021    167.962     0.000      167.962 <none> (D)  
      u_mac                  bf16_mac_unit_696                                                                      1924    145.508     0.000      145.508 <none> (D)  
        u_add                bf16_fp32_add_696                                                                      1436    105.749     0.000      105.749 <none> (D)  
        u_mul                bf16_mul_696                                                                            488     39.760     0.000       39.760 <none> (D)  
    g_row[21].g_col[25].u_pe pe_697                                                                                 1968    165.818     0.000      165.818 <none> (D)  
      u_mac                  bf16_mac_unit_697                                                                      1871    143.365     0.000      143.365 <none> (D)  
        u_add                bf16_fp32_add_697                                                                      1393    104.232     0.000      104.232 <none> (D)  
        u_mul                bf16_mul_697                                                                            478     39.133     0.000       39.133 <none> (D)  
    g_row[21].g_col[26].u_pe pe_698                                                                                 1969    166.125     0.000      166.125 <none> (D)  
      u_mac                  bf16_mac_unit_698                                                                      1872    143.671     0.000      143.671 <none> (D)  
        u_add                bf16_fp32_add_698                                                                      1390    104.232     0.000      104.232 <none> (D)  
        u_mul                bf16_mul_698                                                                            482     39.439     0.000       39.439 <none> (D)  
    g_row[21].g_col[27].u_pe pe_699                                                                                 1994    166.693     0.000      166.693 <none> (D)  
      u_mac                  bf16_mac_unit_699                                                                      1897    144.240     0.000      144.240 <none> (D)  
        u_add                bf16_fp32_add_699                                                                      1405    104.334     0.000      104.334 <none> (D)  
        u_mul                bf16_mul_699                                                                            492     39.905     0.000       39.905 <none> (D)  
    g_row[21].g_col[28].u_pe pe_700                                                                                 2006    167.699     0.000      167.699 <none> (D)  
      u_mac                  bf16_mac_unit_700                                                                      1909    145.246     0.000      145.246 <none> (D)  
        u_add                bf16_fp32_add_700                                                                      1418    105.122     0.000      105.122 <none> (D)  
        u_mul                bf16_mul_700                                                                            490     40.051     0.000       40.051 <none> (D)  
    g_row[21].g_col[29].u_pe pe_701                                                                                 2009    167.728     0.000      167.728 <none> (D)  
      u_mac                  bf16_mac_unit_701                                                                      1912    145.275     0.000      145.275 <none> (D)  
        u_add                bf16_fp32_add_701                                                                      1422    105.253     0.000      105.253 <none> (D)  
        u_mul                bf16_mul_701                                                                            490     40.022     0.000       40.022 <none> (D)  
    g_row[21].g_col[2].u_pe  pe_674                                                                                 1965    166.110     0.000      166.110 <none> (D)  
      u_mac                  bf16_mac_unit_674                                                                      1868    143.657     0.000      143.657 <none> (D)  
        u_add                bf16_fp32_add_674                                                                      1392    104.276     0.000      104.276 <none> (D)  
        u_mul                bf16_mul_674                                                                            476     39.381     0.000       39.381 <none> (D)  
    g_row[21].g_col[30].u_pe pe_702                                                                                 2014    167.830     0.000      167.830 <none> (D)  
      u_mac                  bf16_mac_unit_702                                                                      1917    145.377     0.000      145.377 <none> (D)  
        u_add                bf16_fp32_add_702                                                                      1428    105.486     0.000      105.486 <none> (D)  
        u_mul                bf16_mul_702                                                                            489     39.891     0.000       39.891 <none> (D)  
    g_row[21].g_col[31].u_pe pe_703                                                                                 1993    166.999     0.000      166.999 <none> (D)  
      u_mac                  bf16_mac_unit_703                                                                      1896    144.546     0.000      144.546 <none> (D)  
        u_add                bf16_fp32_add_703                                                                      1415    105.136     0.000      105.136 <none> (D)  
        u_mul                bf16_mul_703                                                                            481     39.410     0.000       39.410 <none> (D)  
    g_row[21].g_col[3].u_pe  pe_675                                                                                 2021    168.020     0.000      168.020 <none> (D)  
      u_mac                  bf16_mac_unit_675                                                                      1924    145.567     0.000      145.567 <none> (D)  
        u_add                bf16_fp32_add_675                                                                      1434    105.734     0.000      105.734 <none> (D)  
        u_mul                bf16_mul_675                                                                            490     39.833     0.000       39.833 <none> (D)  
    g_row[21].g_col[4].u_pe  pe_676                                                                                 1954    165.702     0.000      165.702 <none> (D)  
      u_mac                  bf16_mac_unit_676                                                                      1857    143.249     0.000      143.249 <none> (D)  
        u_add                bf16_fp32_add_676                                                                      1384    104.028     0.000      104.028 <none> (D)  
        u_mul                bf16_mul_676                                                                            473     39.220     0.000       39.220 <none> (D)  
    g_row[21].g_col[5].u_pe  pe_677                                                                                 2024    168.618     0.000      168.618 <none> (D)  
      u_mac                  bf16_mac_unit_677                                                                      1927    146.165     0.000      146.165 <none> (D)  
        u_add                bf16_fp32_add_677                                                                      1445    106.799     0.000      106.799 <none> (D)  
        u_mul                bf16_mul_677                                                                            482     39.366     0.000       39.366 <none> (D)  
    g_row[21].g_col[6].u_pe  pe_678                                                                                 2001    167.393     0.000      167.393 <none> (D)  
      u_mac                  bf16_mac_unit_678                                                                      1904    144.940     0.000      144.940 <none> (D)  
        u_add                bf16_fp32_add_678                                                                      1413    104.845     0.000      104.845 <none> (D)  
        u_mul                bf16_mul_678                                                                            490     40.022     0.000       40.022 <none> (D)  
    g_row[21].g_col[7].u_pe  pe_679                                                                                 2070    169.857     0.000      169.857 <none> (D)  
      u_mac                  bf16_mac_unit_679                                                                      1973    147.404     0.000      147.404 <none> (D)  
        u_add                bf16_fp32_add_679                                                                      1482    107.644     0.000      107.644 <none> (D)  
        u_mul                bf16_mul_679                                                                            491     39.760     0.000       39.760 <none> (D)  
    g_row[21].g_col[8].u_pe  pe_680                                                                                 1990    166.416     0.000      166.416 <none> (D)  
      u_mac                  bf16_mac_unit_680                                                                      1893    143.963     0.000      143.963 <none> (D)  
        u_add                bf16_fp32_add_680                                                                      1405    104.291     0.000      104.291 <none> (D)  
        u_mul                bf16_mul_680                                                                            488     39.672     0.000       39.672 <none> (D)  
    g_row[21].g_col[9].u_pe  pe_681                                                                                 2007    167.364     0.000      167.364 <none> (D)  
      u_mac                  bf16_mac_unit_681                                                                      1910    144.911     0.000      144.911 <none> (D)  
        u_add                bf16_fp32_add_681                                                                      1419    105.034     0.000      105.034 <none> (D)  
        u_mul                bf16_mul_681                                                                            491     39.876     0.000       39.876 <none> (D)  
    g_row[22].g_col[0].u_pe  pe_704                                                                                 2028    170.076     0.000      170.076 <none> (D)  
      u_mac                  bf16_mac_unit_704                                                                      1931    147.608     0.000      147.608 <none> (D)  
        u_add                bf16_fp32_add_704                                                                      1412    106.419     0.000      106.419 <none> (D)  
        u_mul                bf16_mul_704                                                                            519     41.188     0.000       41.188 <none> (D)  
    g_row[22].g_col[10].u_pe pe_714                                                                                 2029    169.011     0.000      169.011 <none> (D)  
      u_mac                  bf16_mac_unit_714                                                                      1932    146.544     0.000      146.544 <none> (D)  
        u_add                bf16_fp32_add_714                                                                      1412    105.661     0.000      105.661 <none> (D)  
        u_mul                bf16_mul_714                                                                            520     40.882     0.000       40.882 <none> (D)  
    g_row[22].g_col[11].u_pe pe_715                                                                                 2017    169.230     0.000      169.230 <none> (D)  
      u_mac                  bf16_mac_unit_715                                                                      1920    146.762     0.000      146.762 <none> (D)  
        u_add                bf16_fp32_add_715                                                                      1402    105.574     0.000      105.574 <none> (D)  
        u_mul                bf16_mul_715                                                                            518     41.188     0.000       41.188 <none> (D)  
    g_row[22].g_col[12].u_pe pe_716                                                                                 2039    170.338     0.000      170.338 <none> (D)  
      u_mac                  bf16_mac_unit_716                                                                      1942    147.870     0.000      147.870 <none> (D)  
        u_add                bf16_fp32_add_716                                                                      1420    106.244     0.000      106.244 <none> (D)  
        u_mul                bf16_mul_716                                                                            522     41.626     0.000       41.626 <none> (D)  
    g_row[22].g_col[13].u_pe pe_717                                                                                 2020    168.457     0.000      168.457 <none> (D)  
      u_mac                  bf16_mac_unit_717                                                                      1923    145.990     0.000      145.990 <none> (D)  
        u_add                bf16_fp32_add_717                                                                      1404    105.151     0.000      105.151 <none> (D)  
        u_mul                bf16_mul_717                                                                            519     40.839     0.000       40.839 <none> (D)  
    g_row[22].g_col[14].u_pe pe_718                                                                                 2032    169.099     0.000      169.099 <none> (D)  
      u_mac                  bf16_mac_unit_718                                                                      1935    146.631     0.000      146.631 <none> (D)  
        u_add                bf16_fp32_add_718                                                                      1413    105.574     0.000      105.574 <none> (D)  
        u_mul                bf16_mul_718                                                                            522     41.057     0.000       41.057 <none> (D)  
    g_row[22].g_col[15].u_pe pe_719                                                                                 2045    169.507     0.000      169.507 <none> (D)  
      u_mac                  bf16_mac_unit_719                                                                      1948    147.039     0.000      147.039 <none> (D)  
        u_add                bf16_fp32_add_719                                                                      1427    106.070     0.000      106.070 <none> (D)  
        u_mul                bf16_mul_719                                                                            521     40.970     0.000       40.970 <none> (D)  
    g_row[22].g_col[16].u_pe pe_720                                                                                 2034    169.493     0.000      169.493 <none> (D)  
      u_mac                  bf16_mac_unit_720                                                                      1937    147.025     0.000      147.025 <none> (D)  
        u_add                bf16_fp32_add_720                                                                      1411    105.705     0.000      105.705 <none> (D)  
        u_mul                bf16_mul_720                                                                            526     41.320     0.000       41.320 <none> (D)  
    g_row[22].g_col[17].u_pe pe_721                                                                                 2002    167.349     0.000      167.349 <none> (D)  
      u_mac                  bf16_mac_unit_721                                                                      1905    144.896     0.000      144.896 <none> (D)  
        u_add                bf16_fp32_add_721                                                                      1415    105.457     0.000      105.457 <none> (D)  
        u_mul                bf16_mul_721                                                                            490     39.439     0.000       39.439 <none> (D)  
    g_row[22].g_col[18].u_pe pe_722                                                                                 2054    169.988     0.000      169.988 <none> (D)  
      u_mac                  bf16_mac_unit_722                                                                      1957    147.520     0.000      147.520 <none> (D)  
        u_add                bf16_fp32_add_722                                                                      1438    106.726     0.000      106.726 <none> (D)  
        u_mul                bf16_mul_722                                                                            519     40.795     0.000       40.795 <none> (D)  
    g_row[22].g_col[19].u_pe pe_723                                                                                 2038    169.143     0.000      169.143 <none> (D)  
      u_mac                  bf16_mac_unit_723                                                                      1941    146.675     0.000      146.675 <none> (D)  
        u_add                bf16_fp32_add_723                                                                      1422    105.997     0.000      105.997 <none> (D)  
        u_mul                bf16_mul_723                                                                            519     40.678     0.000       40.678 <none> (D)  
    g_row[22].g_col[1].u_pe  pe_705                                                                                 2149    174.668     0.000      174.668 <none> (D)  
      u_mac                  bf16_mac_unit_705                                                                      2052    152.201     0.000      152.201 <none> (D)  
        u_add                bf16_fp32_add_705                                                                      1524    110.793     0.000      110.793 <none> (D)  
        u_mul                bf16_mul_705                                                                            528     41.407     0.000       41.407 <none> (D)  
    g_row[22].g_col[20].u_pe pe_724                                                                                 2026    168.720     0.000      168.720 <none> (D)  
      u_mac                  bf16_mac_unit_724                                                                      1929    146.252     0.000      146.252 <none> (D)  
        u_add                bf16_fp32_add_724                                                                      1405    105.268     0.000      105.268 <none> (D)  
        u_mul                bf16_mul_724                                                                            524     40.984     0.000       40.984 <none> (D)  
    g_row[22].g_col[21].u_pe pe_725                                                                                 2027    170.061     0.000      170.061 <none> (D)  
      u_mac                  bf16_mac_unit_725                                                                      1930    147.593     0.000      147.593 <none> (D)  
        u_add                bf16_fp32_add_725                                                                      1413    106.449     0.000      106.449 <none> (D)  
        u_mul                bf16_mul_725                                                                            517     41.145     0.000       41.145 <none> (D)  
    g_row[22].g_col[22].u_pe pe_726                                                                                 2029    169.011     0.000      169.011 <none> (D)  
      u_mac                  bf16_mac_unit_726                                                                      1932    146.544     0.000      146.544 <none> (D)  
        u_add                bf16_fp32_add_726                                                                      1412    105.661     0.000      105.661 <none> (D)  
        u_mul                bf16_mul_726                                                                            520     40.882     0.000       40.882 <none> (D)  
    g_row[22].g_col[23].u_pe pe_727                                                                                 2054    170.003     0.000      170.003 <none> (D)  
      u_mac                  bf16_mac_unit_727                                                                      1956    147.477     0.000      147.477 <none> (D)  
        u_add                bf16_fp32_add_727                                                                      1436    106.624     0.000      106.624 <none> (D)  
        u_mul                bf16_mul_727                                                                            520     40.853     0.000       40.853 <none> (D)  
    g_row[22].g_col[24].u_pe pe_728                                                                                 2053    169.405     0.000      169.405 <none> (D)  
      u_mac                  bf16_mac_unit_728                                                                      1956    146.952     0.000      146.952 <none> (D)  
        u_add                bf16_fp32_add_728                                                                      1460    107.090     0.000      107.090 <none> (D)  
        u_mul                bf16_mul_728                                                                            496     39.862     0.000       39.862 <none> (D)  
    g_row[22].g_col[25].u_pe pe_729                                                                                 2036    169.011     0.000      169.011 <none> (D)  
      u_mac                  bf16_mac_unit_729                                                                      1939    146.544     0.000      146.544 <none> (D)  
        u_add                bf16_fp32_add_729                                                                      1420    105.865     0.000      105.865 <none> (D)  
        u_mul                bf16_mul_729                                                                            519     40.678     0.000       40.678 <none> (D)  
    g_row[22].g_col[26].u_pe pe_730                                                                                 2026    168.632     0.000      168.632 <none> (D)  
      u_mac                  bf16_mac_unit_730                                                                      1929    146.165     0.000      146.165 <none> (D)  
        u_add                bf16_fp32_add_730                                                                      1405    105.238     0.000      105.238 <none> (D)  
        u_mul                bf16_mul_730                                                                            524     40.926     0.000       40.926 <none> (D)  
    g_row[22].g_col[27].u_pe pe_731                                                                                 2053    170.061     0.000      170.061 <none> (D)  
      u_mac                  bf16_mac_unit_731                                                                      1956    147.593     0.000      147.593 <none> (D)  
        u_add                bf16_fp32_add_731                                                                      1436    106.726     0.000      106.726 <none> (D)  
        u_mul                bf16_mul_731                                                                            520     40.868     0.000       40.868 <none> (D)  
    g_row[22].g_col[28].u_pe pe_732                                                                                 2026    168.355     0.000      168.355 <none> (D)  
      u_mac                  bf16_mac_unit_732                                                                      1929    145.902     0.000      145.902 <none> (D)  
        u_add                bf16_fp32_add_732                                                                      1437    106.186     0.000      106.186 <none> (D)  
        u_mul                bf16_mul_732                                                                            492     39.716     0.000       39.716 <none> (D)  
    g_row[22].g_col[29].u_pe pe_733                                                                                 2037    170.528     0.000      170.528 <none> (D)  
      u_mac                  bf16_mac_unit_733                                                                      1940    148.060     0.000      148.060 <none> (D)  
        u_add                bf16_fp32_add_733                                                                      1419    106.609     0.000      106.609 <none> (D)  
        u_mul                bf16_mul_733                                                                            520     41.378     0.000       41.378 <none> (D)  
    g_row[22].g_col[2].u_pe  pe_706                                                                                 2107    173.035     0.000      173.035 <none> (D)  
      u_mac                  bf16_mac_unit_706                                                                      2009    150.509     0.000      150.509 <none> (D)  
        u_add                bf16_fp32_add_706                                                                      1489    109.394     0.000      109.394 <none> (D)  
        u_mul                bf16_mul_706                                                                            520     41.116     0.000       41.116 <none> (D)  
    g_row[22].g_col[30].u_pe pe_734                                                                                 2040    170.382     0.000      170.382 <none> (D)  
      u_mac                  bf16_mac_unit_734                                                                      1943    147.914     0.000      147.914 <none> (D)  
        u_add                bf16_fp32_add_734                                                                      1421    106.288     0.000      106.288 <none> (D)  
        u_mul                bf16_mul_734                                                                            522     41.626     0.000       41.626 <none> (D)  
    g_row[22].g_col[31].u_pe pe_735                                                                                 2037    169.682     0.000      169.682 <none> (D)  
      u_mac                  bf16_mac_unit_735                                                                      1940    147.214     0.000      147.214 <none> (D)  
        u_add                bf16_fp32_add_735                                                                      1413    105.792     0.000      105.792 <none> (D)  
        u_mul                bf16_mul_735                                                                            527     41.422     0.000       41.422 <none> (D)  
    g_row[22].g_col[3].u_pe  pe_707                                                                                 2017    168.472     0.000      168.472 <none> (D)  
      u_mac                  bf16_mac_unit_707                                                                      1920    146.004     0.000      146.004 <none> (D)  
        u_add                bf16_fp32_add_707                                                                      1403    105.195     0.000      105.195 <none> (D)  
        u_mul                bf16_mul_707                                                                            517     40.809     0.000       40.809 <none> (D)  
    g_row[22].g_col[4].u_pe  pe_708                                                                                 2101    172.904     0.000      172.904 <none> (D)  
      u_mac                  bf16_mac_unit_708                                                                      2004    150.436     0.000      150.436 <none> (D)  
        u_add                bf16_fp32_add_708                                                                      1480    109.029     0.000      109.029 <none> (D)  
        u_mul                bf16_mul_708                                                                            524     41.407     0.000       41.407 <none> (D)  
    g_row[22].g_col[5].u_pe  pe_709                                                                                 2024    168.822     0.000      168.822 <none> (D)  
      u_mac                  bf16_mac_unit_709                                                                      1927    146.354     0.000      146.354 <none> (D)  
        u_add                bf16_fp32_add_709                                                                      1402    105.311     0.000      105.311 <none> (D)  
        u_mul                bf16_mul_709                                                                            525     41.043     0.000       41.043 <none> (D)  
    g_row[22].g_col[6].u_pe  pe_710                                                                                 2054    170.032     0.000      170.032 <none> (D)  
      u_mac                  bf16_mac_unit_710                                                                      1956    147.506     0.000      147.506 <none> (D)  
        u_add                bf16_fp32_add_710                                                                      1436    106.653     0.000      106.653 <none> (D)  
        u_mul                bf16_mul_710                                                                            520     40.853     0.000       40.853 <none> (D)  
    g_row[22].g_col[7].u_pe  pe_711                                                                                 2040    169.857     0.000      169.857 <none> (D)  
      u_mac                  bf16_mac_unit_711                                                                      1943    147.389     0.000      147.389 <none> (D)  
        u_add                bf16_fp32_add_711                                                                      1425    106.492     0.000      106.492 <none> (D)  
        u_mul                bf16_mul_711                                                                            518     40.897     0.000       40.897 <none> (D)  
    g_row[22].g_col[8].u_pe  pe_712                                                                                 2020    168.457     0.000      168.457 <none> (D)  
      u_mac                  bf16_mac_unit_712                                                                      1923    145.990     0.000      145.990 <none> (D)  
        u_add                bf16_fp32_add_712                                                                      1404    105.151     0.000      105.151 <none> (D)  
        u_mul                bf16_mul_712                                                                            519     40.839     0.000       40.839 <none> (D)  
    g_row[22].g_col[9].u_pe  pe_713                                                                                 2060    170.280     0.000      170.280 <none> (D)  
      u_mac                  bf16_mac_unit_713                                                                      1963    147.812     0.000      147.812 <none> (D)  
        u_add                bf16_fp32_add_713                                                                      1443    106.944     0.000      106.944 <none> (D)  
        u_mul                bf16_mul_713                                                                            520     40.868     0.000       40.868 <none> (D)  
    g_row[23].g_col[0].u_pe  pe_736                                                                                 2001    166.868     0.000      166.868 <none> (D)  
      u_mac                  bf16_mac_unit_736                                                                      1904    144.415     0.000      144.415 <none> (D)  
        u_add                bf16_fp32_add_736                                                                      1414    104.334     0.000      104.334 <none> (D)  
        u_mul                bf16_mul_736                                                                            490     40.080     0.000       40.080 <none> (D)  
    g_row[23].g_col[10].u_pe pe_746                                                                                 2022    167.728     0.000      167.728 <none> (D)  
      u_mac                  bf16_mac_unit_746                                                                      1925    145.275     0.000      145.275 <none> (D)  
        u_add                bf16_fp32_add_746                                                                      1434    105.341     0.000      105.341 <none> (D)  
        u_mul                bf16_mul_746                                                                            491     39.935     0.000       39.935 <none> (D)  
    g_row[23].g_col[11].u_pe pe_747                                                                                 2001    166.941     0.000      166.941 <none> (D)  
      u_mac                  bf16_mac_unit_747                                                                      1904    144.488     0.000      144.488 <none> (D)  
        u_add                bf16_fp32_add_747                                                                      1414    104.378     0.000      104.378 <none> (D)  
        u_mul                bf16_mul_747                                                                            490     40.110     0.000       40.110 <none> (D)  
    g_row[23].g_col[12].u_pe pe_748                                                                                 2002    166.941     0.000      166.941 <none> (D)  
      u_mac                  bf16_mac_unit_748                                                                      1905    144.488     0.000      144.488 <none> (D)  
        u_add                bf16_fp32_add_748                                                                      1414    104.378     0.000      104.378 <none> (D)  
        u_mul                bf16_mul_748                                                                            490     40.037     0.000       40.037 <none> (D)  
    g_row[23].g_col[13].u_pe pe_749                                                                                 2010    167.189     0.000      167.189 <none> (D)  
      u_mac                  bf16_mac_unit_749                                                                      1913    144.736     0.000      144.736 <none> (D)  
        u_add                bf16_fp32_add_749                                                                      1418    104.655     0.000      104.655 <none> (D)  
        u_mul                bf16_mul_749                                                                            495     40.080     0.000       40.080 <none> (D)  
    g_row[23].g_col[14].u_pe pe_750                                                                                 2055    169.215     0.000      169.215 <none> (D)  
      u_mac                  bf16_mac_unit_750                                                                      1958    146.762     0.000      146.762 <none> (D)  
        u_add                bf16_fp32_add_750                                                                      1467    106.901     0.000      106.901 <none> (D)  
        u_mul                bf16_mul_750                                                                            491     39.862     0.000       39.862 <none> (D)  
    g_row[23].g_col[15].u_pe pe_751                                                                                 2035    168.399     0.000      168.399 <none> (D)  
      u_mac                  bf16_mac_unit_751                                                                      1938    145.946     0.000      145.946 <none> (D)  
        u_add                bf16_fp32_add_751                                                                      1449    106.274     0.000      106.274 <none> (D)  
        u_mul                bf16_mul_751                                                                            489     39.672     0.000       39.672 <none> (D)  
    g_row[23].g_col[16].u_pe pe_752                                                                                 2008    167.466     0.000      167.466 <none> (D)  
      u_mac                  bf16_mac_unit_752                                                                      1911    145.013     0.000      145.013 <none> (D)  
        u_add                bf16_fp32_add_752                                                                      1421    105.005     0.000      105.005 <none> (D)  
        u_mul                bf16_mul_752                                                                            489     39.935     0.000       39.935 <none> (D)  
    g_row[23].g_col[17].u_pe pe_753                                                                                 2017    167.816     0.000      167.816 <none> (D)  
      u_mac                  bf16_mac_unit_753                                                                      1920    145.363     0.000      145.363 <none> (D)  
        u_add                bf16_fp32_add_753                                                                      1429    105.530     0.000      105.530 <none> (D)  
        u_mul                bf16_mul_753                                                                            491     39.833     0.000       39.833 <none> (D)  
    g_row[23].g_col[18].u_pe pe_754                                                                                 2017    167.816     0.000      167.816 <none> (D)  
      u_mac                  bf16_mac_unit_754                                                                      1920    145.363     0.000      145.363 <none> (D)  
        u_add                bf16_fp32_add_754                                                                      1429    105.530     0.000      105.530 <none> (D)  
        u_mul                bf16_mul_754                                                                            491     39.833     0.000       39.833 <none> (D)  
    g_row[23].g_col[19].u_pe pe_755                                                                                 2018    168.020     0.000      168.020 <none> (D)  
      u_mac                  bf16_mac_unit_755                                                                      1921    145.567     0.000      145.567 <none> (D)  
        u_add                bf16_fp32_add_755                                                                      1429    105.574     0.000      105.574 <none> (D)  
        u_mul                bf16_mul_755                                                                            492     39.993     0.000       39.993 <none> (D)  
    g_row[23].g_col[1].u_pe  pe_737                                                                                 2007    167.320     0.000      167.320 <none> (D)  
      u_mac                  bf16_mac_unit_737                                                                      1910    144.867     0.000      144.867 <none> (D)  
        u_add                bf16_fp32_add_737                                                                      1418    104.772     0.000      104.772 <none> (D)  
        u_mul                bf16_mul_737                                                                            491     40.022     0.000       40.022 <none> (D)  
    g_row[23].g_col[20].u_pe pe_756                                                                                 1998    166.810     0.000      166.810 <none> (D)  
      u_mac                  bf16_mac_unit_756                                                                      1901    144.357     0.000      144.357 <none> (D)  
        u_add                bf16_fp32_add_756                                                                      1413    104.655     0.000      104.655 <none> (D)  
        u_mul                bf16_mul_756                                                                            488     39.701     0.000       39.701 <none> (D)  
    g_row[23].g_col[21].u_pe pe_757                                                                                 2001    166.926     0.000      166.926 <none> (D)  
      u_mac                  bf16_mac_unit_757                                                                      1904    144.473     0.000      144.473 <none> (D)  
        u_add                bf16_fp32_add_757                                                                      1414    104.364     0.000      104.364 <none> (D)  
        u_mul                bf16_mul_757                                                                            490     40.110     0.000       40.110 <none> (D)  
    g_row[23].g_col[22].u_pe pe_758                                                                                 2010    167.218     0.000      167.218 <none> (D)  
      u_mac                  bf16_mac_unit_758                                                                      1913    144.765     0.000      144.765 <none> (D)  
        u_add                bf16_fp32_add_758                                                                      1418    104.655     0.000      104.655 <none> (D)  
        u_mul                bf16_mul_758                                                                            495     40.110     0.000       40.110 <none> (D)  
    g_row[23].g_col[23].u_pe pe_759                                                                                 1982    166.693     0.000      166.693 <none> (D)  
      u_mac                  bf16_mac_unit_759                                                                      1885    144.240     0.000      144.240 <none> (D)  
        u_add                bf16_fp32_add_759                                                                      1400    104.218     0.000      104.218 <none> (D)  
        u_mul                bf16_mul_759                                                                            484     39.949     0.000       39.949 <none> (D)  
    g_row[23].g_col[24].u_pe pe_760                                                                                 1993    166.518     0.000      166.518 <none> (D)  
      u_mac                  bf16_mac_unit_760                                                                      1896    144.065     0.000      144.065 <none> (D)  
        u_add                bf16_fp32_add_760                                                                      1407    104.247     0.000      104.247 <none> (D)  
        u_mul                bf16_mul_760                                                                            489     39.818     0.000       39.818 <none> (D)  
    g_row[23].g_col[25].u_pe pe_761                                                                                 2018    167.991     0.000      167.991 <none> (D)  
      u_mac                  bf16_mac_unit_761                                                                      1921    145.538     0.000      145.538 <none> (D)  
        u_add                bf16_fp32_add_761                                                                      1429    105.574     0.000      105.574 <none> (D)  
        u_mul                bf16_mul_761                                                                            492     39.964     0.000       39.964 <none> (D)  
    g_row[23].g_col[26].u_pe pe_762                                                                                 1979    165.833     0.000      165.833 <none> (D)  
      u_mac                  bf16_mac_unit_762                                                                      1882    143.380     0.000      143.380 <none> (D)  
        u_add                bf16_fp32_add_762                                                                      1393    103.708     0.000      103.708 <none> (D)  
        u_mul                bf16_mul_762                                                                            489     39.672     0.000       39.672 <none> (D)  
    g_row[23].g_col[27].u_pe pe_763                                                                                 2017    167.816     0.000      167.816 <none> (D)  
      u_mac                  bf16_mac_unit_763                                                                      1920    145.363     0.000      145.363 <none> (D)  
        u_add                bf16_fp32_add_763                                                                      1429    105.530     0.000      105.530 <none> (D)  
        u_mul                bf16_mul_763                                                                            491     39.833     0.000       39.833 <none> (D)  
    g_row[23].g_col[28].u_pe pe_764                                                                                 1982    166.649     0.000      166.649 <none> (D)  
      u_mac                  bf16_mac_unit_764                                                                      1885    144.196     0.000      144.196 <none> (D)  
        u_add                bf16_fp32_add_764                                                                      1400    104.145     0.000      104.145 <none> (D)  
        u_mul                bf16_mul_764                                                                            484     39.978     0.000       39.978 <none> (D)  
    g_row[23].g_col[29].u_pe pe_765                                                                                 2002    166.956     0.000      166.956 <none> (D)  
      u_mac                  bf16_mac_unit_765                                                                      1905    144.502     0.000      144.502 <none> (D)  
        u_add                bf16_fp32_add_765                                                                      1414    104.393     0.000      104.393 <none> (D)  
        u_mul                bf16_mul_765                                                                            490     40.037     0.000       40.037 <none> (D)  
    g_row[23].g_col[2].u_pe  pe_738                                                                                 1982    166.679     0.000      166.679 <none> (D)  
      u_mac                  bf16_mac_unit_738                                                                      1885    144.225     0.000      144.225 <none> (D)  
        u_add                bf16_fp32_add_738                                                                      1400    104.174     0.000      104.174 <none> (D)  
        u_mul                bf16_mul_738                                                                            484     39.978     0.000       39.978 <none> (D)  
    g_row[23].g_col[30].u_pe pe_766                                                                                 2002    166.956     0.000      166.956 <none> (D)  
      u_mac                  bf16_mac_unit_766                                                                      1905    144.502     0.000      144.502 <none> (D)  
        u_add                bf16_fp32_add_766                                                                      1414    104.393     0.000      104.393 <none> (D)  
        u_mul                bf16_mul_766                                                                            490     40.037     0.000       40.037 <none> (D)  
    g_row[23].g_col[31].u_pe pe_767                                                                                 2007    167.262     0.000      167.262 <none> (D)  
      u_mac                  bf16_mac_unit_767                                                                      1910    144.809     0.000      144.809 <none> (D)  
        u_add                bf16_fp32_add_767                                                                      1418    104.714     0.000      104.714 <none> (D)  
        u_mul                bf16_mul_767                                                                            491     40.022     0.000       40.022 <none> (D)  
    g_row[23].g_col[3].u_pe  pe_739                                                                                 1993    166.489     0.000      166.489 <none> (D)  
      u_mac                  bf16_mac_unit_739                                                                      1896    144.036     0.000      144.036 <none> (D)  
        u_add                bf16_fp32_add_739                                                                      1407    104.276     0.000      104.276 <none> (D)  
        u_mul                bf16_mul_739                                                                            489     39.760     0.000       39.760 <none> (D)  
    g_row[23].g_col[4].u_pe  pe_740                                                                                 2007    167.291     0.000      167.291 <none> (D)  
      u_mac                  bf16_mac_unit_740                                                                      1910    144.838     0.000      144.838 <none> (D)  
        u_add                bf16_fp32_add_740                                                                      1418    104.743     0.000      104.743 <none> (D)  
        u_mul                bf16_mul_740                                                                            491     40.022     0.000       40.022 <none> (D)  
    g_row[23].g_col[5].u_pe  pe_741                                                                                 2059    169.347     0.000      169.347 <none> (D)  
      u_mac                  bf16_mac_unit_741                                                                      1962    146.893     0.000      146.893 <none> (D)  
        u_add                bf16_fp32_add_741                                                                      1472    107.090     0.000      107.090 <none> (D)  
        u_mul                bf16_mul_741                                                                            490     39.803     0.000       39.803 <none> (D)  
    g_row[23].g_col[6].u_pe  pe_742                                                                                 1982    166.664     0.000      166.664 <none> (D)  
      u_mac                  bf16_mac_unit_742                                                                      1885    144.211     0.000      144.211 <none> (D)  
        u_add                bf16_fp32_add_742                                                                      1400    104.189     0.000      104.189 <none> (D)  
        u_mul                bf16_mul_742                                                                            484     39.949     0.000       39.949 <none> (D)  
    g_row[23].g_col[7].u_pe  pe_743                                                                                 2055    169.215     0.000      169.215 <none> (D)  
      u_mac                  bf16_mac_unit_743                                                                      1958    146.762     0.000      146.762 <none> (D)  
        u_add                bf16_fp32_add_743                                                                      1467    106.901     0.000      106.901 <none> (D)  
        u_mul                bf16_mul_743                                                                            491     39.862     0.000       39.862 <none> (D)  
    g_row[23].g_col[8].u_pe  pe_744                                                                                 1993    166.562     0.000      166.562 <none> (D)  
      u_mac                  bf16_mac_unit_744                                                                      1896    144.109     0.000      144.109 <none> (D)  
        u_add                bf16_fp32_add_744                                                                      1404    104.116     0.000      104.116 <none> (D)  
        u_mul                bf16_mul_744                                                                            492     39.993     0.000       39.993 <none> (D)  
    g_row[23].g_col[9].u_pe  pe_745                                                                                 2017    167.845     0.000      167.845 <none> (D)  
      u_mac                  bf16_mac_unit_745                                                                      1920    145.392     0.000      145.392 <none> (D)  
        u_add                bf16_fp32_add_745                                                                      1429    105.559     0.000      105.559 <none> (D)  
        u_mul                bf16_mul_745                                                                            491     39.833     0.000       39.833 <none> (D)  
    g_row[24].g_col[0].u_pe  pe_768                                                                                 2025    167.437     0.000      167.437 <none> (D)  
      u_mac                  bf16_mac_unit_768                                                                      1928    144.984     0.000      144.984 <none> (D)  
        u_add                bf16_fp32_add_768                                                                      1420    104.655     0.000      104.655 <none> (D)  
        u_mul                bf16_mul_768                                                                            508     40.328     0.000       40.328 <none> (D)  
    g_row[24].g_col[10].u_pe pe_778                                                                                 2016    166.649     0.000      166.649 <none> (D)  
      u_mac                  bf16_mac_unit_778                                                                      1919    144.196     0.000      144.196 <none> (D)  
        u_add                bf16_fp32_add_778                                                                      1415    104.189     0.000      104.189 <none> (D)  
        u_mul                bf16_mul_778                                                                            504     40.008     0.000       40.008 <none> (D)  
    g_row[24].g_col[11].u_pe pe_779                                                                                 2023    167.145     0.000      167.145 <none> (D)  
      u_mac                  bf16_mac_unit_779                                                                      1926    144.692     0.000      144.692 <none> (D)  
        u_add                bf16_fp32_add_779                                                                      1419    104.364     0.000      104.364 <none> (D)  
        u_mul                bf16_mul_779                                                                            507     40.328     0.000       40.328 <none> (D)  
    g_row[24].g_col[12].u_pe pe_780                                                                                 2023    166.926     0.000      166.926 <none> (D)  
      u_mac                  bf16_mac_unit_780                                                                      1926    144.473     0.000      144.473 <none> (D)  
        u_add                bf16_fp32_add_780                                                                      1419    104.116     0.000      104.116 <none> (D)  
        u_mul                bf16_mul_780                                                                            507     40.357     0.000       40.357 <none> (D)  
    g_row[24].g_col[13].u_pe pe_781                                                                                 2011    166.518     0.000      166.518 <none> (D)  
      u_mac                  bf16_mac_unit_781                                                                      1914    144.065     0.000      144.065 <none> (D)  
        u_add                bf16_fp32_add_781                                                                      1410    104.028     0.000      104.028 <none> (D)  
        u_mul                bf16_mul_781                                                                            504     40.037     0.000       40.037 <none> (D)  
    g_row[24].g_col[14].u_pe pe_782                                                                                 2008    166.664     0.000      166.664 <none> (D)  
      u_mac                  bf16_mac_unit_782                                                                      1911    144.211     0.000      144.211 <none> (D)  
        u_add                bf16_fp32_add_782                                                                      1417    104.422     0.000      104.422 <none> (D)  
        u_mul                bf16_mul_782                                                                            494     39.789     0.000       39.789 <none> (D)  
    g_row[24].g_col[15].u_pe pe_783                                                                                 2044    167.743     0.000      167.743 <none> (D)  
      u_mac                  bf16_mac_unit_783                                                                      1947    145.290     0.000      145.290 <none> (D)  
        u_add                bf16_fp32_add_783                                                                      1444    105.428     0.000      105.428 <none> (D)  
        u_mul                bf16_mul_783                                                                            503     39.862     0.000       39.862 <none> (D)  
    g_row[24].g_col[16].u_pe pe_784                                                                                 2017    166.533     0.000      166.533 <none> (D)  
      u_mac                  bf16_mac_unit_784                                                                      1920    144.080     0.000      144.080 <none> (D)  
        u_add                bf16_fp32_add_784                                                                      1415    104.043     0.000      104.043 <none> (D)  
        u_mul                bf16_mul_784                                                                            505     40.037     0.000       40.037 <none> (D)  
    g_row[24].g_col[17].u_pe pe_785                                                                                 2009    166.227     0.000      166.227 <none> (D)  
      u_mac                  bf16_mac_unit_785                                                                      1912    143.773     0.000      143.773 <none> (D)  
        u_add                bf16_fp32_add_785                                                                      1410    103.751     0.000      103.751 <none> (D)  
        u_mul                bf16_mul_785                                                                            502     40.022     0.000       40.022 <none> (D)  
    g_row[24].g_col[18].u_pe pe_786                                                                                 2017    166.766     0.000      166.766 <none> (D)  
      u_mac                  bf16_mac_unit_786                                                                      1920    144.313     0.000      144.313 <none> (D)  
        u_add                bf16_fp32_add_786                                                                      1416    104.276     0.000      104.276 <none> (D)  
        u_mul                bf16_mul_786                                                                            504     40.037     0.000       40.037 <none> (D)  
    g_row[24].g_col[19].u_pe pe_787                                                                                 2023    166.868     0.000      166.868 <none> (D)  
      u_mac                  bf16_mac_unit_787                                                                      1926    144.415     0.000      144.415 <none> (D)  
        u_add                bf16_fp32_add_787                                                                      1419    104.116     0.000      104.116 <none> (D)  
        u_mul                bf16_mul_787                                                                            507     40.299     0.000       40.299 <none> (D)  
    g_row[24].g_col[1].u_pe  pe_769                                                                                 2050    168.049     0.000      168.049 <none> (D)  
      u_mac                  bf16_mac_unit_769                                                                      1953    145.596     0.000      145.596 <none> (D)  
        u_add                bf16_fp32_add_769                                                                      1448    105.370     0.000      105.370 <none> (D)  
        u_mul                bf16_mul_769                                                                            505     40.226     0.000       40.226 <none> (D)  
    g_row[24].g_col[20].u_pe pe_788                                                                                 2004    166.431     0.000      166.431 <none> (D)  
      u_mac                  bf16_mac_unit_788                                                                      1907    143.977     0.000      143.977 <none> (D)  
        u_add                bf16_fp32_add_788                                                                      1414    104.334     0.000      104.334 <none> (D)  
        u_mul                bf16_mul_788                                                                            493     39.643     0.000       39.643 <none> (D)  
    g_row[24].g_col[21].u_pe pe_789                                                                                 2021    167.145     0.000      167.145 <none> (D)  
      u_mac                  bf16_mac_unit_789                                                                      1924    144.692     0.000      144.692 <none> (D)  
        u_add                bf16_fp32_add_789                                                                      1417    104.437     0.000      104.437 <none> (D)  
        u_mul                bf16_mul_789                                                                            507     40.255     0.000       40.255 <none> (D)  
    g_row[24].g_col[22].u_pe pe_790                                                                                 2020    166.795     0.000      166.795 <none> (D)  
      u_mac                  bf16_mac_unit_790                                                                      1923    144.342     0.000      144.342 <none> (D)  
        u_add                bf16_fp32_add_790                                                                      1419    104.305     0.000      104.305 <none> (D)  
        u_mul                bf16_mul_790                                                                            504     40.037     0.000       40.037 <none> (D)  
    g_row[24].g_col[23].u_pe pe_791                                                                                 2008    166.504     0.000      166.504 <none> (D)  
      u_mac                  bf16_mac_unit_791                                                                      1911    144.050     0.000      144.050 <none> (D)  
        u_add                bf16_fp32_add_791                                                                      1407    103.882     0.000      103.882 <none> (D)  
        u_mul                bf16_mul_791                                                                            504     40.168     0.000       40.168 <none> (D)  
    g_row[24].g_col[24].u_pe pe_792                                                                                 2029    167.028     0.000      167.028 <none> (D)  
      u_mac                  bf16_mac_unit_792                                                                      1932    144.575     0.000      144.575 <none> (D)  
        u_add                bf16_fp32_add_792                                                                      1431    104.786     0.000      104.786 <none> (D)  
        u_mul                bf16_mul_792                                                                            501     39.789     0.000       39.789 <none> (D)  
    g_row[24].g_col[25].u_pe pe_793                                                                                 2023    166.941     0.000      166.941 <none> (D)  
      u_mac                  bf16_mac_unit_793                                                                      1926    144.488     0.000      144.488 <none> (D)  
        u_add                bf16_fp32_add_793                                                                      1419    104.130     0.000      104.130 <none> (D)  
        u_mul                bf16_mul_793                                                                            507     40.357     0.000       40.357 <none> (D)  
    g_row[24].g_col[26].u_pe pe_794                                                                                 2004    166.577     0.000      166.577 <none> (D)  
      u_mac                  bf16_mac_unit_794                                                                      1907    144.123     0.000      144.123 <none> (D)  
        u_add                bf16_fp32_add_794                                                                      1414    104.480     0.000      104.480 <none> (D)  
        u_mul                bf16_mul_794                                                                            493     39.643     0.000       39.643 <none> (D)  
    g_row[24].g_col[27].u_pe pe_795                                                                                 2026    167.174     0.000      167.174 <none> (D)  
      u_mac                  bf16_mac_unit_795                                                                      1929    144.721     0.000      144.721 <none> (D)  
        u_add                bf16_fp32_add_795                                                                      1420    104.291     0.000      104.291 <none> (D)  
        u_mul                bf16_mul_795                                                                            509     40.430     0.000       40.430 <none> (D)  
    g_row[24].g_col[28].u_pe pe_796                                                                                 2012    166.299     0.000      166.299 <none> (D)  
      u_mac                  bf16_mac_unit_796                                                                      1915    143.846     0.000      143.846 <none> (D)  
        u_add                bf16_fp32_add_796                                                                      1411    103.810     0.000      103.810 <none> (D)  
        u_mul                bf16_mul_796                                                                            504     40.037     0.000       40.037 <none> (D)  
    g_row[24].g_col[29].u_pe pe_797                                                                                 2080    169.842     0.000      169.842 <none> (D)  
      u_mac                  bf16_mac_unit_797                                                                      1983    147.389     0.000      147.389 <none> (D)  
        u_add                bf16_fp32_add_797                                                                      1478    107.192     0.000      107.192 <none> (D)  
        u_mul                bf16_mul_797                                                                            505     40.197     0.000       40.197 <none> (D)  
    g_row[24].g_col[2].u_pe  pe_770                                                                                 2023    166.722     0.000      166.722 <none> (D)  
      u_mac                  bf16_mac_unit_770                                                                      1926    144.269     0.000      144.269 <none> (D)  
        u_add                bf16_fp32_add_770                                                                      1422    104.232     0.000      104.232 <none> (D)  
        u_mul                bf16_mul_770                                                                            504     40.037     0.000       40.037 <none> (D)  
    g_row[24].g_col[30].u_pe pe_798                                                                                 2092    170.338     0.000      170.338 <none> (D)  
      u_mac                  bf16_mac_unit_798                                                                      1995    147.885     0.000      147.885 <none> (D)  
        u_add                bf16_fp32_add_798                                                                      1490    107.644     0.000      107.644 <none> (D)  
        u_mul                bf16_mul_798                                                                            505     40.241     0.000       40.241 <none> (D)  
    g_row[24].g_col[31].u_pe pe_799                                                                                 2048    168.282     0.000      168.282 <none> (D)  
      u_mac                  bf16_mac_unit_799                                                                      1951    145.829     0.000      145.829 <none> (D)  
        u_add                bf16_fp32_add_799                                                                      1446    105.603     0.000      105.603 <none> (D)  
        u_mul                bf16_mul_799                                                                            505     40.226     0.000       40.226 <none> (D)  
    g_row[24].g_col[3].u_pe  pe_771                                                                                 2016    166.489     0.000      166.489 <none> (D)  
      u_mac                  bf16_mac_unit_771                                                                      1919    144.036     0.000      144.036 <none> (D)  
        u_add                bf16_fp32_add_771                                                                      1418    104.203     0.000      104.203 <none> (D)  
        u_mul                bf16_mul_771                                                                            501     39.833     0.000       39.833 <none> (D)  
    g_row[24].g_col[4].u_pe  pe_772                                                                                 2013    166.329     0.000      166.329 <none> (D)  
      u_mac                  bf16_mac_unit_772                                                                      1916    143.875     0.000      143.875 <none> (D)  
        u_add                bf16_fp32_add_772                                                                      1411    103.868     0.000      103.868 <none> (D)  
        u_mul                bf16_mul_772                                                                            505     40.008     0.000       40.008 <none> (D)  
    g_row[24].g_col[5].u_pe  pe_773                                                                                 2027    166.897     0.000      166.897 <none> (D)  
      u_mac                  bf16_mac_unit_773                                                                      1930    144.444     0.000      144.444 <none> (D)  
        u_add                bf16_fp32_add_773                                                                      1428    104.641     0.000      104.641 <none> (D)  
        u_mul                bf16_mul_773                                                                            502     39.803     0.000       39.803 <none> (D)  
    g_row[24].g_col[6].u_pe  pe_774                                                                                 2008    166.620     0.000      166.620 <none> (D)  
      u_mac                  bf16_mac_unit_774                                                                      1911    144.167     0.000      144.167 <none> (D)  
        u_add                bf16_fp32_add_774                                                                      1407    103.999     0.000      103.999 <none> (D)  
        u_mul                bf16_mul_774                                                                            504     40.168     0.000       40.168 <none> (D)  
    g_row[24].g_col[7].u_pe  pe_775                                                                                 2010    166.664     0.000      166.664 <none> (D)  
      u_mac                  bf16_mac_unit_775                                                                      1913    144.211     0.000      144.211 <none> (D)  
        u_add                bf16_fp32_add_775                                                                      1419    104.451     0.000      104.451 <none> (D)  
        u_mul                bf16_mul_775                                                                            494     39.760     0.000       39.760 <none> (D)  
    g_row[24].g_col[8].u_pe  pe_776                                                                                 2011    166.518     0.000      166.518 <none> (D)  
      u_mac                  bf16_mac_unit_776                                                                      1914    144.065     0.000      144.065 <none> (D)  
        u_add                bf16_fp32_add_776                                                                      1410    104.028     0.000      104.028 <none> (D)  
        u_mul                bf16_mul_776                                                                            504     40.037     0.000       40.037 <none> (D)  
    g_row[24].g_col[9].u_pe  pe_777                                                                                 2025    167.043     0.000      167.043 <none> (D)  
      u_mac                  bf16_mac_unit_777                                                                      1928    144.590     0.000      144.590 <none> (D)  
        u_add                bf16_fp32_add_777                                                                      1419    104.203     0.000      104.203 <none> (D)  
        u_mul                bf16_mul_777                                                                            509     40.387     0.000       40.387 <none> (D)  
    g_row[25].g_col[0].u_pe  pe_800                                                                                 1999    167.174     0.000      167.174 <none> (D)  
      u_mac                  bf16_mac_unit_800                                                                      1901    144.677     0.000      144.677 <none> (D)  
        u_add                bf16_fp32_add_800                                                                      1383    103.897     0.000      103.897 <none> (D)  
        u_mul                bf16_mul_800                                                                            518     40.780     0.000       40.780 <none> (D)  
    g_row[25].g_col[10].u_pe pe_810                                                                                 2006    167.349     0.000      167.349 <none> (D)  
      u_mac                  bf16_mac_unit_810                                                                      1909    144.911     0.000      144.911 <none> (D)  
        u_add                bf16_fp32_add_810                                                                      1390    104.043     0.000      104.043 <none> (D)  
        u_mul                bf16_mul_810                                                                            519     40.868     0.000       40.868 <none> (D)  
    g_row[25].g_col[11].u_pe pe_811                                                                                 2004    167.553     0.000      167.553 <none> (D)  
      u_mac                  bf16_mac_unit_811                                                                      1907    145.115     0.000      145.115 <none> (D)  
        u_add                bf16_fp32_add_811                                                                      1382    103.882     0.000      103.882 <none> (D)  
        u_mul                bf16_mul_811                                                                            525     41.232     0.000       41.232 <none> (D)  
    g_row[25].g_col[12].u_pe pe_812                                                                                 2003    167.553     0.000      167.553 <none> (D)  
      u_mac                  bf16_mac_unit_812                                                                      1906    145.115     0.000      145.115 <none> (D)  
        u_add                bf16_fp32_add_812                                                                      1380    103.810     0.000      103.810 <none> (D)  
        u_mul                bf16_mul_812                                                                            526     41.305     0.000       41.305 <none> (D)  
    g_row[25].g_col[13].u_pe pe_813                                                                                 2006    167.349     0.000      167.349 <none> (D)  
      u_mac                  bf16_mac_unit_813                                                                      1909    144.911     0.000      144.911 <none> (D)  
        u_add                bf16_fp32_add_813                                                                      1390    104.043     0.000      104.043 <none> (D)  
        u_mul                bf16_mul_813                                                                            519     40.868     0.000       40.868 <none> (D)  
    g_row[25].g_col[14].u_pe pe_814                                                                                 2005    167.218     0.000      167.218 <none> (D)  
      u_mac                  bf16_mac_unit_814                                                                      1908    144.779     0.000      144.779 <none> (D)  
        u_add                bf16_fp32_add_814                                                                      1389    103.912     0.000      103.912 <none> (D)  
        u_mul                bf16_mul_814                                                                            519     40.868     0.000       40.868 <none> (D)  
    g_row[25].g_col[15].u_pe pe_815                                                                                 2002    167.364     0.000      167.364 <none> (D)  
      u_mac                  bf16_mac_unit_815                                                                      1905    144.925     0.000      144.925 <none> (D)  
        u_add                bf16_fp32_add_815                                                                      1389    104.378     0.000      104.378 <none> (D)  
        u_mul                bf16_mul_815                                                                            516     40.547     0.000       40.547 <none> (D)  
    g_row[25].g_col[16].u_pe pe_816                                                                                 2006    167.335     0.000      167.335 <none> (D)  
      u_mac                  bf16_mac_unit_816                                                                      1909    144.896     0.000      144.896 <none> (D)  
        u_add                bf16_fp32_add_816                                                                      1390    104.101     0.000      104.101 <none> (D)  
        u_mul                bf16_mul_816                                                                            519     40.795     0.000       40.795 <none> (D)  
    g_row[25].g_col[17].u_pe pe_817                                                                                 2001    167.203     0.000      167.203 <none> (D)  
      u_mac                  bf16_mac_unit_817                                                                      1904    144.765     0.000      144.765 <none> (D)  
        u_add                bf16_fp32_add_817                                                                      1381    103.722     0.000      103.722 <none> (D)  
        u_mul                bf16_mul_817                                                                            523     41.043     0.000       41.043 <none> (D)  
    g_row[25].g_col[18].u_pe pe_818                                                                                 2001    167.203     0.000      167.203 <none> (D)  
      u_mac                  bf16_mac_unit_818                                                                      1904    144.765     0.000      144.765 <none> (D)  
        u_add                bf16_fp32_add_818                                                                      1381    103.722     0.000      103.722 <none> (D)  
        u_mul                bf16_mul_818                                                                            523     41.043     0.000       41.043 <none> (D)  
    g_row[25].g_col[19].u_pe pe_819                                                                                 2009    168.049     0.000      168.049 <none> (D)  
      u_mac                  bf16_mac_unit_819                                                                      1912    145.610     0.000      145.610 <none> (D)  
        u_add                bf16_fp32_add_819                                                                      1390    104.612     0.000      104.612 <none> (D)  
        u_mul                bf16_mul_819                                                                            522     40.999     0.000       40.999 <none> (D)  
    g_row[25].g_col[1].u_pe  pe_801                                                                                 1999    166.854     0.000      166.854 <none> (D)  
      u_mac                  bf16_mac_unit_801                                                                      1902    144.415     0.000      144.415 <none> (D)  
        u_add                bf16_fp32_add_801                                                                      1381    103.562     0.000      103.562 <none> (D)  
        u_mul                bf16_mul_801                                                                            521     40.853     0.000       40.853 <none> (D)  
    g_row[25].g_col[20].u_pe pe_820                                                                                 2005    167.305     0.000      167.305 <none> (D)  
      u_mac                  bf16_mac_unit_820                                                                      1908    144.867     0.000      144.867 <none> (D)  
        u_add                bf16_fp32_add_820                                                                      1389    103.999     0.000      103.999 <none> (D)  
        u_mul                bf16_mul_820                                                                            519     40.868     0.000       40.868 <none> (D)  
    g_row[25].g_col[21].u_pe pe_821                                                                                 2001    167.699     0.000      167.699 <none> (D)  
      u_mac                  bf16_mac_unit_821                                                                      1903    145.202     0.000      145.202 <none> (D)  
        u_add                bf16_fp32_add_821                                                                      1384    104.349     0.000      104.349 <none> (D)  
        u_mul                bf16_mul_821                                                                            519     40.853     0.000       40.853 <none> (D)  
    g_row[25].g_col[22].u_pe pe_822                                                                                 2006    167.349     0.000      167.349 <none> (D)  
      u_mac                  bf16_mac_unit_822                                                                      1909    144.911     0.000      144.911 <none> (D)  
        u_add                bf16_fp32_add_822                                                                      1390    104.043     0.000      104.043 <none> (D)  
        u_mul                bf16_mul_822                                                                            519     40.868     0.000       40.868 <none> (D)  
    g_row[25].g_col[23].u_pe pe_823                                                                                 2015    168.107     0.000      168.107 <none> (D)  
      u_mac                  bf16_mac_unit_823                                                                      1918    145.669     0.000      145.669 <none> (D)  
        u_add                bf16_fp32_add_823                                                                      1395    104.699     0.000      104.699 <none> (D)  
        u_mul                bf16_mul_823                                                                            523     40.970     0.000       40.970 <none> (D)  
    g_row[25].g_col[24].u_pe pe_824                                                                                 2001    167.364     0.000      167.364 <none> (D)  
      u_mac                  bf16_mac_unit_824                                                                      1904    144.925     0.000      144.925 <none> (D)  
        u_add                bf16_fp32_add_824                                                                      1381    104.014     0.000      104.014 <none> (D)  
        u_mul                bf16_mul_824                                                                            523     40.911     0.000       40.911 <none> (D)  
    g_row[25].g_col[25].u_pe pe_825                                                                                 2005    167.801     0.000      167.801 <none> (D)  
      u_mac                  bf16_mac_unit_825                                                                      1908    145.363     0.000      145.363 <none> (D)  
        u_add                bf16_fp32_add_825                                                                      1383    104.116     0.000      104.116 <none> (D)  
        u_mul                bf16_mul_825                                                                            525     41.247     0.000       41.247 <none> (D)  
    g_row[25].g_col[26].u_pe pe_826                                                                                 2005    167.218     0.000      167.218 <none> (D)  
      u_mac                  bf16_mac_unit_826                                                                      1908    144.779     0.000      144.779 <none> (D)  
        u_add                bf16_fp32_add_826                                                                      1389    103.912     0.000      103.912 <none> (D)  
        u_mul                bf16_mul_826                                                                            519     40.868     0.000       40.868 <none> (D)  
    g_row[25].g_col[27].u_pe pe_827                                                                                 2005    167.685     0.000      167.685 <none> (D)  
      u_mac                  bf16_mac_unit_827                                                                      1908    145.246     0.000      145.246 <none> (D)  
        u_add                bf16_fp32_add_827                                                                      1383    103.999     0.000      103.999 <none> (D)  
        u_mul                bf16_mul_827                                                                            525     41.247     0.000       41.247 <none> (D)  
    g_row[25].g_col[28].u_pe pe_828                                                                                 2006    167.262     0.000      167.262 <none> (D)  
      u_mac                  bf16_mac_unit_828                                                                      1909    144.823     0.000      144.823 <none> (D)  
        u_add                bf16_fp32_add_828                                                                      1390    104.028     0.000      104.028 <none> (D)  
        u_mul                bf16_mul_828                                                                            519     40.795     0.000       40.795 <none> (D)  
    g_row[25].g_col[29].u_pe pe_829                                                                                 1997    167.568     0.000      167.568 <none> (D)  
      u_mac                  bf16_mac_unit_829                                                                      1899    145.071     0.000      145.071 <none> (D)  
        u_add                bf16_fp32_add_829                                                                      1381    104.262     0.000      104.262 <none> (D)  
        u_mul                bf16_mul_829                                                                            518     40.809     0.000       40.809 <none> (D)  
    g_row[25].g_col[2].u_pe  pe_802                                                                                 2007    167.335     0.000      167.335 <none> (D)  
      u_mac                  bf16_mac_unit_802                                                                      1910    144.896     0.000      144.896 <none> (D)  
        u_add                bf16_fp32_add_802                                                                      1391    104.101     0.000      104.101 <none> (D)  
        u_mul                bf16_mul_802                                                                            519     40.795     0.000       40.795 <none> (D)  
    g_row[25].g_col[30].u_pe pe_830                                                                                 2001    167.393     0.000      167.393 <none> (D)  
      u_mac                  bf16_mac_unit_830                                                                      1903    144.896     0.000      144.896 <none> (D)  
        u_add                bf16_fp32_add_830                                                                      1384    104.028     0.000      104.028 <none> (D)  
        u_mul                bf16_mul_830                                                                            518     40.809     0.000       40.809 <none> (D)  
    g_row[25].g_col[31].u_pe pe_831                                                                                 1995    166.737     0.000      166.737 <none> (D)  
      u_mac                  bf16_mac_unit_831                                                                      1898    144.298     0.000      144.298 <none> (D)  
        u_add                bf16_fp32_add_831                                                                      1376    103.416     0.000      103.416 <none> (D)  
        u_mul                bf16_mul_831                                                                            522     40.882     0.000       40.882 <none> (D)  
    g_row[25].g_col[3].u_pe  pe_803                                                                                 2002    167.335     0.000      167.335 <none> (D)  
      u_mac                  bf16_mac_unit_803                                                                      1905    144.896     0.000      144.896 <none> (D)  
        u_add                bf16_fp32_add_803                                                                      1386    104.130     0.000      104.130 <none> (D)  
        u_mul                bf16_mul_803                                                                            519     40.766     0.000       40.766 <none> (D)  
    g_row[25].g_col[4].u_pe  pe_804                                                                                 2009    167.524     0.000      167.524 <none> (D)  
      u_mac                  bf16_mac_unit_804                                                                      1912    145.086     0.000      145.086 <none> (D)  
        u_add                bf16_fp32_add_804                                                                      1393    104.218     0.000      104.218 <none> (D)  
        u_mul                bf16_mul_804                                                                            519     40.868     0.000       40.868 <none> (D)  
    g_row[25].g_col[5].u_pe  pe_805                                                                                 2021    168.370     0.000      168.370 <none> (D)  
      u_mac                  bf16_mac_unit_805                                                                      1924    145.931     0.000      145.931 <none> (D)  
        u_add                bf16_fp32_add_805                                                                      1400    104.830     0.000      104.830 <none> (D)  
        u_mul                bf16_mul_805                                                                            524     41.101     0.000       41.101 <none> (D)  
    g_row[25].g_col[6].u_pe  pe_806                                                                                 2002    167.393     0.000      167.393 <none> (D)  
      u_mac                  bf16_mac_unit_806                                                                      1905    144.954     0.000      144.954 <none> (D)  
        u_add                bf16_fp32_add_806                                                                      1384    103.955     0.000      103.955 <none> (D)  
        u_mul                bf16_mul_806                                                                            521     40.999     0.000       40.999 <none> (D)  
    g_row[25].g_col[7].u_pe  pe_807                                                                                 2021    167.962     0.000      167.962 <none> (D)  
      u_mac                  bf16_mac_unit_807                                                                      1924    145.523     0.000      145.523 <none> (D)  
        u_add                bf16_fp32_add_807                                                                      1405    104.626     0.000      104.626 <none> (D)  
        u_mul                bf16_mul_807                                                                            519     40.897     0.000       40.897 <none> (D)  
    g_row[25].g_col[8].u_pe  pe_808                                                                                 2005    167.335     0.000      167.335 <none> (D)  
      u_mac                  bf16_mac_unit_808                                                                      1908    144.896     0.000      144.896 <none> (D)  
        u_add                bf16_fp32_add_808                                                                      1389    104.028     0.000      104.028 <none> (D)  
        u_mul                bf16_mul_808                                                                            519     40.868     0.000       40.868 <none> (D)  
    g_row[25].g_col[9].u_pe  pe_809                                                                                 2011    168.166     0.000      168.166 <none> (D)  
      u_mac                  bf16_mac_unit_809                                                                      1914    145.727     0.000      145.727 <none> (D)  
        u_add                bf16_fp32_add_809                                                                      1391    104.670     0.000      104.670 <none> (D)  
        u_mul                bf16_mul_809                                                                            523     41.057     0.000       41.057 <none> (D)  
    g_row[26].g_col[0].u_pe  pe_832                                                                                 2035    168.472     0.000      168.472 <none> (D)  
      u_mac                  bf16_mac_unit_832                                                                      1938    146.019     0.000      146.019 <none> (D)  
        u_add                bf16_fp32_add_832                                                                      1454    106.492     0.000      106.492 <none> (D)  
        u_mul                bf16_mul_832                                                                            484     39.526     0.000       39.526 <none> (D)  
    g_row[26].g_col[10].u_pe pe_842                                                                                 2039    168.851     0.000      168.851 <none> (D)  
      u_mac                  bf16_mac_unit_842                                                                      1942    146.398     0.000      146.398 <none> (D)  
        u_add                bf16_fp32_add_842                                                                      1451    106.449     0.000      106.449 <none> (D)  
        u_mul                bf16_mul_842                                                                            491     39.949     0.000       39.949 <none> (D)  
    g_row[26].g_col[11].u_pe pe_843                                                                                 2019    167.466     0.000      167.466 <none> (D)  
      u_mac                  bf16_mac_unit_843                                                                      1922    145.013     0.000      145.013 <none> (D)  
        u_add                bf16_fp32_add_843                                                                      1433    105.282     0.000      105.282 <none> (D)  
        u_mul                bf16_mul_843                                                                            489     39.730     0.000       39.730 <none> (D)  
    g_row[26].g_col[12].u_pe pe_844                                                                                 2016    167.305     0.000      167.305 <none> (D)  
      u_mac                  bf16_mac_unit_844                                                                      1919    144.852     0.000      144.852 <none> (D)  
        u_add                bf16_fp32_add_844                                                                      1429    104.991     0.000      104.991 <none> (D)  
        u_mul                bf16_mul_844                                                                            490     39.862     0.000       39.862 <none> (D)  
    g_row[26].g_col[13].u_pe pe_845                                                                                 1995    166.854     0.000      166.854 <none> (D)  
      u_mac                  bf16_mac_unit_845                                                                      1898    144.400     0.000      144.400 <none> (D)  
        u_add                bf16_fp32_add_845                                                                      1410    104.597     0.000      104.597 <none> (D)  
        u_mul                bf16_mul_845                                                                            488     39.803     0.000       39.803 <none> (D)  
    g_row[26].g_col[14].u_pe pe_846                                                                                 1993    166.941     0.000      166.941 <none> (D)  
      u_mac                  bf16_mac_unit_846                                                                      1896    144.488     0.000      144.488 <none> (D)  
        u_add                bf16_fp32_add_846                                                                      1408    104.684     0.000      104.684 <none> (D)  
        u_mul                bf16_mul_846                                                                            488     39.803     0.000       39.803 <none> (D)  
    g_row[26].g_col[15].u_pe pe_847                                                                                 1981    165.847     0.000      165.847 <none> (D)  
      u_mac                  bf16_mac_unit_847                                                                      1884    143.394     0.000      143.394 <none> (D)  
        u_add                bf16_fp32_add_847                                                                      1397    103.693     0.000      103.693 <none> (D)  
        u_mul                bf16_mul_847                                                                            487     39.701     0.000       39.701 <none> (D)  
    g_row[26].g_col[16].u_pe pe_848                                                                                 1995    166.839     0.000      166.839 <none> (D)  
      u_mac                  bf16_mac_unit_848                                                                      1898    144.386     0.000      144.386 <none> (D)  
        u_add                bf16_fp32_add_848                                                                      1410    104.582     0.000      104.582 <none> (D)  
        u_mul                bf16_mul_848                                                                            488     39.803     0.000       39.803 <none> (D)  
    g_row[26].g_col[17].u_pe pe_849                                                                                 1993    167.131     0.000      167.131 <none> (D)  
      u_mac                  bf16_mac_unit_849                                                                      1896    144.677     0.000      144.677 <none> (D)  
        u_add                bf16_fp32_add_849                                                                      1408    104.670     0.000      104.670 <none> (D)  
        u_mul                bf16_mul_849                                                                            487     39.935     0.000       39.935 <none> (D)  
    g_row[26].g_col[18].u_pe pe_850                                                                                 1993    167.174     0.000      167.174 <none> (D)  
      u_mac                  bf16_mac_unit_850                                                                      1896    144.721     0.000      144.721 <none> (D)  
        u_add                bf16_fp32_add_850                                                                      1408    104.670     0.000      104.670 <none> (D)  
        u_mul                bf16_mul_850                                                                            487     39.978     0.000       39.978 <none> (D)  
    g_row[26].g_col[19].u_pe pe_851                                                                                 2020    167.597     0.000      167.597 <none> (D)  
      u_mac                  bf16_mac_unit_851                                                                      1923    145.144     0.000      145.144 <none> (D)  
        u_add                bf16_fp32_add_851                                                                      1424    104.874     0.000      104.874 <none> (D)  
        u_mul                bf16_mul_851                                                                            499     40.270     0.000       40.270 <none> (D)  
    g_row[26].g_col[1].u_pe  pe_833                                                                                 1989    166.781     0.000      166.781 <none> (D)  
      u_mac                  bf16_mac_unit_833                                                                      1892    144.327     0.000      144.327 <none> (D)  
        u_add                bf16_fp32_add_833                                                                      1401    104.262     0.000      104.262 <none> (D)  
        u_mul                bf16_mul_833                                                                            491     40.066     0.000       40.066 <none> (D)  
    g_row[26].g_col[20].u_pe pe_852                                                                                 1993    166.897     0.000      166.897 <none> (D)  
      u_mac                  bf16_mac_unit_852                                                                      1896    144.444     0.000      144.444 <none> (D)  
        u_add                bf16_fp32_add_852                                                                      1408    104.641     0.000      104.641 <none> (D)  
        u_mul                bf16_mul_852                                                                            488     39.803     0.000       39.803 <none> (D)  
    g_row[26].g_col[21].u_pe pe_853                                                                                 2023    167.699     0.000      167.699 <none> (D)  
      u_mac                  bf16_mac_unit_853                                                                      1926    145.246     0.000      145.246 <none> (D)  
        u_add                bf16_fp32_add_853                                                                      1439    105.603     0.000      105.603 <none> (D)  
        u_mul                bf16_mul_853                                                                            487     39.643     0.000       39.643 <none> (D)  
    g_row[26].g_col[22].u_pe pe_854                                                                                 1995    166.824     0.000      166.824 <none> (D)  
      u_mac                  bf16_mac_unit_854                                                                      1898    144.371     0.000      144.371 <none> (D)  
        u_add                bf16_fp32_add_854                                                                      1410    104.568     0.000      104.568 <none> (D)  
        u_mul                bf16_mul_854                                                                            488     39.803     0.000       39.803 <none> (D)  
    g_row[26].g_col[23].u_pe pe_855                                                                                 1991    166.431     0.000      166.431 <none> (D)  
      u_mac                  bf16_mac_unit_855                                                                      1894    143.977     0.000      143.977 <none> (D)  
        u_add                bf16_fp32_add_855                                                                      1408    104.320     0.000      104.320 <none> (D)  
        u_mul                bf16_mul_855                                                                            486     39.658     0.000       39.658 <none> (D)  
    g_row[26].g_col[24].u_pe pe_856                                                                                 1984    166.139     0.000      166.139 <none> (D)  
      u_mac                  bf16_mac_unit_856                                                                      1887    143.686     0.000      143.686 <none> (D)  
        u_add                bf16_fp32_add_856                                                                      1402    104.087     0.000      104.087 <none> (D)  
        u_mul                bf16_mul_856                                                                            485     39.599     0.000       39.599 <none> (D)  
    g_row[26].g_col[25].u_pe pe_857                                                                                 2020    167.626     0.000      167.626 <none> (D)  
      u_mac                  bf16_mac_unit_857                                                                      1923    145.173     0.000      145.173 <none> (D)  
        u_add                bf16_fp32_add_857                                                                      1424    104.874     0.000      104.874 <none> (D)  
        u_mul                bf16_mul_857                                                                            499     40.299     0.000       40.299 <none> (D)  
    g_row[26].g_col[26].u_pe pe_858                                                                                 1995    166.999     0.000      166.999 <none> (D)  
      u_mac                  bf16_mac_unit_858                                                                      1898    144.546     0.000      144.546 <none> (D)  
        u_add                bf16_fp32_add_858                                                                      1410    104.772     0.000      104.772 <none> (D)  
        u_mul                bf16_mul_858                                                                            488     39.774     0.000       39.774 <none> (D)  
    g_row[26].g_col[27].u_pe pe_859                                                                                 2020    167.626     0.000      167.626 <none> (D)  
      u_mac                  bf16_mac_unit_859                                                                      1923    145.173     0.000      145.173 <none> (D)  
        u_add                bf16_fp32_add_859                                                                      1424    104.874     0.000      104.874 <none> (D)  
        u_mul                bf16_mul_859                                                                            499     40.299     0.000       40.299 <none> (D)  
    g_row[26].g_col[28].u_pe pe_860                                                                                 1995    166.839     0.000      166.839 <none> (D)  
      u_mac                  bf16_mac_unit_860                                                                      1898    144.386     0.000      144.386 <none> (D)  
        u_add                bf16_fp32_add_860                                                                      1410    104.582     0.000      104.582 <none> (D)  
        u_mul                bf16_mul_860                                                                            488     39.803     0.000       39.803 <none> (D)  
    g_row[26].g_col[29].u_pe pe_861                                                                                 2024    168.064     0.000      168.064 <none> (D)  
      u_mac                  bf16_mac_unit_861                                                                      1927    145.610     0.000      145.610 <none> (D)  
        u_add                bf16_fp32_add_861                                                                      1437    105.705     0.000      105.705 <none> (D)  
        u_mul                bf16_mul_861                                                                            490     39.905     0.000       39.905 <none> (D)  
    g_row[26].g_col[2].u_pe  pe_834                                                                                 2038    168.763     0.000      168.763 <none> (D)  
      u_mac                  bf16_mac_unit_834                                                                      1941    146.310     0.000      146.310 <none> (D)  
        u_add                bf16_fp32_add_834                                                                      1451    106.434     0.000      106.434 <none> (D)  
        u_mul                bf16_mul_834                                                                            490     39.876     0.000       39.876 <none> (D)  
    g_row[26].g_col[30].u_pe pe_862                                                                                 2024    168.064     0.000      168.064 <none> (D)  
      u_mac                  bf16_mac_unit_862                                                                      1927    145.610     0.000      145.610 <none> (D)  
        u_add                bf16_fp32_add_862                                                                      1437    105.705     0.000      105.705 <none> (D)  
        u_mul                bf16_mul_862                                                                            490     39.905     0.000       39.905 <none> (D)  
    g_row[26].g_col[31].u_pe pe_863                                                                                 1993    167.174     0.000      167.174 <none> (D)  
      u_mac                  bf16_mac_unit_863                                                                      1896    144.721     0.000      144.721 <none> (D)  
        u_add                bf16_fp32_add_863                                                                      1408    104.670     0.000      104.670 <none> (D)  
        u_mul                bf16_mul_863                                                                            487     39.978     0.000       39.978 <none> (D)  
    g_row[26].g_col[3].u_pe  pe_835                                                                                 1994    166.329     0.000      166.329 <none> (D)  
      u_mac                  bf16_mac_unit_835                                                                      1897    143.875     0.000      143.875 <none> (D)  
        u_add                bf16_fp32_add_835                                                                      1409    104.057     0.000      104.057 <none> (D)  
        u_mul                bf16_mul_835                                                                            488     39.818     0.000       39.818 <none> (D)  
    g_row[26].g_col[4].u_pe  pe_836                                                                                 2020    167.699     0.000      167.699 <none> (D)  
      u_mac                  bf16_mac_unit_836                                                                      1923    145.246     0.000      145.246 <none> (D)  
        u_add                bf16_fp32_add_836                                                                      1433    105.370     0.000      105.370 <none> (D)  
        u_mul                bf16_mul_836                                                                            490     39.876     0.000       39.876 <none> (D)  
    g_row[26].g_col[5].u_pe  pe_837                                                                                 2029    168.472     0.000      168.472 <none> (D)  
      u_mac                  bf16_mac_unit_837                                                                      1932    146.019     0.000      146.019 <none> (D)  
        u_add                bf16_fp32_add_837                                                                      1434    105.778     0.000      105.778 <none> (D)  
        u_mul                bf16_mul_837                                                                            498     40.241     0.000       40.241 <none> (D)  
    g_row[26].g_col[6].u_pe  pe_838                                                                                 2024    167.947     0.000      167.947 <none> (D)  
      u_mac                  bf16_mac_unit_838                                                                      1927    145.494     0.000      145.494 <none> (D)  
        u_add                bf16_fp32_add_838                                                                      1442    105.792     0.000      105.792 <none> (D)  
        u_mul                bf16_mul_838                                                                            485     39.701     0.000       39.701 <none> (D)  
    g_row[26].g_col[7].u_pe  pe_839                                                                                 1998    166.635     0.000      166.635 <none> (D)  
      u_mac                  bf16_mac_unit_839                                                                      1901    144.182     0.000      144.182 <none> (D)  
        u_add                bf16_fp32_add_839                                                                      1405    104.057     0.000      104.057 <none> (D)  
        u_mul                bf16_mul_839                                                                            496     40.124     0.000       40.124 <none> (D)  
    g_row[26].g_col[8].u_pe  pe_840                                                                                 2039    168.836     0.000      168.836 <none> (D)  
      u_mac                  bf16_mac_unit_840                                                                      1942    146.383     0.000      146.383 <none> (D)  
        u_add                bf16_fp32_add_840                                                                      1451    106.449     0.000      106.449 <none> (D)  
        u_mul                bf16_mul_840                                                                            491     39.935     0.000       39.935 <none> (D)  
    g_row[26].g_col[9].u_pe  pe_841                                                                                 1988    166.008     0.000      166.008 <none> (D)  
      u_mac                  bf16_mac_unit_841                                                                      1891    143.555     0.000      143.555 <none> (D)  
        u_add                bf16_fp32_add_841                                                                      1404    104.043     0.000      104.043 <none> (D)  
        u_mul                bf16_mul_841                                                                            487     39.512     0.000       39.512 <none> (D)  
    g_row[27].g_col[0].u_pe  pe_864                                                                                 2004    166.533     0.000      166.533 <none> (D)  
      u_mac                  bf16_mac_unit_864                                                                      1907    144.080     0.000      144.080 <none> (D)  
        u_add                bf16_fp32_add_864                                                                      1404    103.926     0.000      103.926 <none> (D)  
        u_mul                bf16_mul_864                                                                            503     40.153     0.000       40.153 <none> (D)  
    g_row[27].g_col[10].u_pe pe_874                                                                                 2018    166.897     0.000      166.897 <none> (D)  
      u_mac                  bf16_mac_unit_874                                                                      1921    144.444     0.000      144.444 <none> (D)  
        u_add                bf16_fp32_add_874                                                                      1418    104.291     0.000      104.291 <none> (D)  
        u_mul                bf16_mul_874                                                                            503     40.153     0.000       40.153 <none> (D)  
    g_row[27].g_col[11].u_pe pe_875                                                                                 1987    165.643     0.000      165.643 <none> (D)  
      u_mac                  bf16_mac_unit_875                                                                      1890    143.190     0.000      143.190 <none> (D)  
        u_add                bf16_fp32_add_875                                                                      1389    103.183     0.000      103.183 <none> (D)  
        u_mul                bf16_mul_875                                                                            501     40.008     0.000       40.008 <none> (D)  
    g_row[27].g_col[12].u_pe pe_876                                                                                 2005    166.256     0.000      166.256 <none> (D)  
      u_mac                  bf16_mac_unit_876                                                                      1908    143.803     0.000      143.803 <none> (D)  
        u_add                bf16_fp32_add_876                                                                      1403    103.751     0.000      103.751 <none> (D)  
        u_mul                bf16_mul_876                                                                            505     40.051     0.000       40.051 <none> (D)  
    g_row[27].g_col[13].u_pe pe_877                                                                                 2014    166.737     0.000      166.737 <none> (D)  
      u_mac                  bf16_mac_unit_877                                                                      1917    144.284     0.000      144.284 <none> (D)  
        u_add                bf16_fp32_add_877                                                                      1413    104.116     0.000      104.116 <none> (D)  
        u_mul                bf16_mul_877                                                                            504     40.168     0.000       40.168 <none> (D)  
    g_row[27].g_col[14].u_pe pe_878                                                                                 2004    166.431     0.000      166.431 <none> (D)  
      u_mac                  bf16_mac_unit_878                                                                      1907    143.977     0.000      143.977 <none> (D)  
        u_add                bf16_fp32_add_878                                                                      1414    104.334     0.000      104.334 <none> (D)  
        u_mul                bf16_mul_878                                                                            493     39.643     0.000       39.643 <none> (D)  
    g_row[27].g_col[15].u_pe pe_879                                                                                 2031    167.568     0.000      167.568 <none> (D)  
      u_mac                  bf16_mac_unit_879                                                                      1934    145.115     0.000      145.115 <none> (D)  
        u_add                bf16_fp32_add_879                                                                      1430    104.918     0.000      104.918 <none> (D)  
        u_mul                bf16_mul_879                                                                            504     40.197     0.000       40.197 <none> (D)  
    g_row[27].g_col[16].u_pe pe_880                                                                                 2067    169.084     0.000      169.084 <none> (D)  
      u_mac                  bf16_mac_unit_880                                                                      1970    146.631     0.000      146.631 <none> (D)  
        u_add                bf16_fp32_add_880                                                                      1468    106.609     0.000      106.609 <none> (D)  
        u_mul                bf16_mul_880                                                                            502     40.022     0.000       40.022 <none> (D)  
    g_row[27].g_col[17].u_pe pe_881                                                                                 2067    169.172     0.000      169.172 <none> (D)  
      u_mac                  bf16_mac_unit_881                                                                      1970    146.719     0.000      146.719 <none> (D)  
        u_add                bf16_fp32_add_881                                                                      1468    106.696     0.000      106.696 <none> (D)  
        u_mul                bf16_mul_881                                                                            502     40.022     0.000       40.022 <none> (D)  
    g_row[27].g_col[18].u_pe pe_882                                                                                 2067    169.172     0.000      169.172 <none> (D)  
      u_mac                  bf16_mac_unit_882                                                                      1970    146.719     0.000      146.719 <none> (D)  
        u_add                bf16_fp32_add_882                                                                      1468    106.696     0.000      106.696 <none> (D)  
        u_mul                bf16_mul_882                                                                            502     40.022     0.000       40.022 <none> (D)  
    g_row[27].g_col[19].u_pe pe_883                                                                                 1985    165.556     0.000      165.556 <none> (D)  
      u_mac                  bf16_mac_unit_883                                                                      1888    143.103     0.000      143.103 <none> (D)  
        u_add                bf16_fp32_add_883                                                                      1388    103.124     0.000      103.124 <none> (D)  
        u_mul                bf16_mul_883                                                                            500     39.978     0.000       39.978 <none> (D)  
    g_row[27].g_col[1].u_pe  pe_865                                                                                 2001    166.372     0.000      166.372 <none> (D)  
      u_mac                  bf16_mac_unit_865                                                                      1904    143.919     0.000      143.919 <none> (D)  
        u_add                bf16_fp32_add_865                                                                      1401    103.810     0.000      103.810 <none> (D)  
        u_mul                bf16_mul_865                                                                            503     40.110     0.000       40.110 <none> (D)  
    g_row[27].g_col[20].u_pe pe_884                                                                                 2004    166.577     0.000      166.577 <none> (D)  
      u_mac                  bf16_mac_unit_884                                                                      1907    144.123     0.000      144.123 <none> (D)  
        u_add                bf16_fp32_add_884                                                                      1414    104.480     0.000      104.480 <none> (D)  
        u_mul                bf16_mul_884                                                                            493     39.643     0.000       39.643 <none> (D)  
    g_row[27].g_col[21].u_pe pe_885                                                                                 2004    166.547     0.000      166.547 <none> (D)  
      u_mac                  bf16_mac_unit_885                                                                      1907    144.094     0.000      144.094 <none> (D)  
        u_add                bf16_fp32_add_885                                                                      1404    103.941     0.000      103.941 <none> (D)  
        u_mul                bf16_mul_885                                                                            503     40.153     0.000       40.153 <none> (D)  
    g_row[27].g_col[22].u_pe pe_886                                                                                 2017    166.854     0.000      166.854 <none> (D)  
      u_mac                  bf16_mac_unit_886                                                                      1920    144.400     0.000      144.400 <none> (D)  
        u_add                bf16_fp32_add_886                                                                      1416    104.232     0.000      104.232 <none> (D)  
        u_mul                bf16_mul_886                                                                            504     40.168     0.000       40.168 <none> (D)  
    g_row[27].g_col[23].u_pe pe_887                                                                                 2036    167.889     0.000      167.889 <none> (D)  
      u_mac                  bf16_mac_unit_887                                                                      1939    145.435     0.000      145.435 <none> (D)  
        u_add                bf16_fp32_add_887                                                                      1437    105.341     0.000      105.341 <none> (D)  
        u_mul                bf16_mul_887                                                                            502     40.095     0.000       40.095 <none> (D)  
    g_row[27].g_col[24].u_pe pe_888                                                                                 2032    167.685     0.000      167.685 <none> (D)  
      u_mac                  bf16_mac_unit_888                                                                      1935    145.231     0.000      145.231 <none> (D)  
        u_add                bf16_fp32_add_888                                                                      1433    105.136     0.000      105.136 <none> (D)  
        u_mul                bf16_mul_888                                                                            502     40.095     0.000       40.095 <none> (D)  
    g_row[27].g_col[25].u_pe pe_889                                                                                 1985    165.716     0.000      165.716 <none> (D)  
      u_mac                  bf16_mac_unit_889                                                                      1888    143.263     0.000      143.263 <none> (D)  
        u_add                bf16_fp32_add_889                                                                      1388    103.445     0.000      103.445 <none> (D)  
        u_mul                bf16_mul_889                                                                            500     39.818     0.000       39.818 <none> (D)  
    g_row[27].g_col[26].u_pe pe_890                                                                                 2004    166.577     0.000      166.577 <none> (D)  
      u_mac                  bf16_mac_unit_890                                                                      1907    144.123     0.000      144.123 <none> (D)  
        u_add                bf16_fp32_add_890                                                                      1414    104.480     0.000      104.480 <none> (D)  
        u_mul                bf16_mul_890                                                                            493     39.643     0.000       39.643 <none> (D)  
    g_row[27].g_col[27].u_pe pe_891                                                                                 1986    165.600     0.000      165.600 <none> (D)  
      u_mac                  bf16_mac_unit_891                                                                      1889    143.146     0.000      143.146 <none> (D)  
        u_add                bf16_fp32_add_891                                                                      1389    103.183     0.000      103.183 <none> (D)  
        u_mul                bf16_mul_891                                                                            500     39.964     0.000       39.964 <none> (D)  
    g_row[27].g_col[28].u_pe pe_892                                                                                 2063    168.880     0.000      168.880 <none> (D)  
      u_mac                  bf16_mac_unit_892                                                                      1966    146.427     0.000      146.427 <none> (D)  
        u_add                bf16_fp32_add_892                                                                      1464    106.405     0.000      106.405 <none> (D)  
        u_mul                bf16_mul_892                                                                            502     40.022     0.000       40.022 <none> (D)  
    g_row[27].g_col[29].u_pe pe_893                                                                                 2004    166.533     0.000      166.533 <none> (D)  
      u_mac                  bf16_mac_unit_893                                                                      1907    144.080     0.000      144.080 <none> (D)  
        u_add                bf16_fp32_add_893                                                                      1404    103.926     0.000      103.926 <none> (D)  
        u_mul                bf16_mul_893                                                                            503     40.153     0.000       40.153 <none> (D)  
    g_row[27].g_col[2].u_pe  pe_866                                                                                 2064    168.924     0.000      168.924 <none> (D)  
      u_mac                  bf16_mac_unit_866                                                                      1967    146.471     0.000      146.471 <none> (D)  
        u_add                bf16_fp32_add_866                                                                      1465    106.449     0.000      106.449 <none> (D)  
        u_mul                bf16_mul_866                                                                            502     40.022     0.000       40.022 <none> (D)  
    g_row[27].g_col[30].u_pe pe_894                                                                                 2004    166.533     0.000      166.533 <none> (D)  
      u_mac                  bf16_mac_unit_894                                                                      1907    144.080     0.000      144.080 <none> (D)  
        u_add                bf16_fp32_add_894                                                                      1404    103.926     0.000      103.926 <none> (D)  
        u_mul                bf16_mul_894                                                                            503     40.153     0.000       40.153 <none> (D)  
    g_row[27].g_col[31].u_pe pe_895                                                                                 2003    166.358     0.000      166.358 <none> (D)  
      u_mac                  bf16_mac_unit_895                                                                      1906    143.905     0.000      143.905 <none> (D)  
        u_add                bf16_fp32_add_895                                                                      1403    103.824     0.000      103.824 <none> (D)  
        u_mul                bf16_mul_895                                                                            503     40.080     0.000       40.080 <none> (D)  
    g_row[27].g_col[3].u_pe  pe_867                                                                                 2032    167.699     0.000      167.699 <none> (D)  
      u_mac                  bf16_mac_unit_867                                                                      1935    145.246     0.000      145.246 <none> (D)  
        u_add                bf16_fp32_add_867                                                                      1433    105.151     0.000      105.151 <none> (D)  
        u_mul                bf16_mul_867                                                                            502     40.095     0.000       40.095 <none> (D)  
    g_row[27].g_col[4].u_pe  pe_868                                                                                 2063    168.997     0.000      168.997 <none> (D)  
      u_mac                  bf16_mac_unit_868                                                                      1966    146.544     0.000      146.544 <none> (D)  
        u_add                bf16_fp32_add_868                                                                      1464    106.521     0.000      106.521 <none> (D)  
        u_mul                bf16_mul_868                                                                            502     40.022     0.000       40.022 <none> (D)  
    g_row[27].g_col[5].u_pe  pe_869                                                                                 2031    167.480     0.000      167.480 <none> (D)  
      u_mac                  bf16_mac_unit_869                                                                      1934    145.027     0.000      145.027 <none> (D)  
        u_add                bf16_fp32_add_869                                                                      1430    104.830     0.000      104.830 <none> (D)  
        u_mul                bf16_mul_869                                                                            504     40.197     0.000       40.197 <none> (D)  
    g_row[27].g_col[6].u_pe  pe_870                                                                                 2036    167.889     0.000      167.889 <none> (D)  
      u_mac                  bf16_mac_unit_870                                                                      1939    145.435     0.000      145.435 <none> (D)  
        u_add                bf16_fp32_add_870                                                                      1437    105.341     0.000      105.341 <none> (D)  
        u_mul                bf16_mul_870                                                                            502     40.095     0.000       40.095 <none> (D)  
    g_row[27].g_col[7].u_pe  pe_871                                                                                 2005    166.649     0.000      166.649 <none> (D)  
      u_mac                  bf16_mac_unit_871                                                                      1908    144.196     0.000      144.196 <none> (D)  
        u_add                bf16_fp32_add_871                                                                      1414    104.539     0.000      104.539 <none> (D)  
        u_mul                bf16_mul_871                                                                            494     39.658     0.000       39.658 <none> (D)  
    g_row[27].g_col[8].u_pe  pe_872                                                                                 2018    166.897     0.000      166.897 <none> (D)  
      u_mac                  bf16_mac_unit_872                                                                      1921    144.444     0.000      144.444 <none> (D)  
        u_add                bf16_fp32_add_872                                                                      1418    104.291     0.000      104.291 <none> (D)  
        u_mul                bf16_mul_872                                                                            503     40.153     0.000       40.153 <none> (D)  
    g_row[27].g_col[9].u_pe  pe_873                                                                                 1985    165.702     0.000      165.702 <none> (D)  
      u_mac                  bf16_mac_unit_873                                                                      1888    143.249     0.000      143.249 <none> (D)  
        u_add                bf16_fp32_add_873                                                                      1388    103.445     0.000      103.445 <none> (D)  
        u_mul                bf16_mul_873                                                                            500     39.803     0.000       39.803 <none> (D)  
    g_row[28].g_col[0].u_pe  pe_896                                                                                 2000    167.247     0.000      167.247 <none> (D)  
      u_mac                  bf16_mac_unit_896                                                                      1902    144.750     0.000      144.750 <none> (D)  
        u_add                bf16_fp32_add_896                                                                      1383    103.897     0.000      103.897 <none> (D)  
        u_mul                bf16_mul_896                                                                            519     40.853     0.000       40.853 <none> (D)  
    g_row[28].g_col[10].u_pe pe_906                                                                                 2001    167.918     0.000      167.918 <none> (D)  
      u_mac                  bf16_mac_unit_906                                                                      1904    145.479     0.000      145.479 <none> (D)  
        u_add                bf16_fp32_add_906                                                                      1385    104.612     0.000      104.612 <none> (D)  
        u_mul                bf16_mul_906                                                                            519     40.868     0.000       40.868 <none> (D)  
    g_row[28].g_col[11].u_pe pe_907                                                                                 2019    168.137     0.000      168.137 <none> (D)  
      u_mac                  bf16_mac_unit_907                                                                      1922    145.698     0.000      145.698 <none> (D)  
        u_add                bf16_fp32_add_907                                                                      1400    104.714     0.000      104.714 <none> (D)  
        u_mul                bf16_mul_907                                                                            522     40.984     0.000       40.984 <none> (D)  
    g_row[28].g_col[12].u_pe pe_908                                                                                 2010    167.670     0.000      167.670 <none> (D)  
      u_mac                  bf16_mac_unit_908                                                                      1913    145.231     0.000      145.231 <none> (D)  
        u_add                bf16_fp32_add_908                                                                      1393    104.305     0.000      104.305 <none> (D)  
        u_mul                bf16_mul_908                                                                            520     40.926     0.000       40.926 <none> (D)  
    g_row[28].g_col[13].u_pe pe_909                                                                                 2001    167.932     0.000      167.932 <none> (D)  
      u_mac                  bf16_mac_unit_909                                                                      1904    145.494     0.000      145.494 <none> (D)  
        u_add                bf16_fp32_add_909                                                                      1385    104.626     0.000      104.626 <none> (D)  
        u_mul                bf16_mul_909                                                                            519     40.868     0.000       40.868 <none> (D)  
    g_row[28].g_col[14].u_pe pe_910                                                                                 2005    167.393     0.000      167.393 <none> (D)  
      u_mac                  bf16_mac_unit_910                                                                      1908    144.954     0.000      144.954 <none> (D)  
        u_add                bf16_fp32_add_910                                                                      1389    104.057     0.000      104.057 <none> (D)  
        u_mul                bf16_mul_910                                                                            519     40.897     0.000       40.897 <none> (D)  
    g_row[28].g_col[15].u_pe pe_911                                                                                 2000    167.160     0.000      167.160 <none> (D)  
      u_mac                  bf16_mac_unit_911                                                                      1903    144.721     0.000      144.721 <none> (D)  
        u_add                bf16_fp32_add_911                                                                      1387    104.043     0.000      104.043 <none> (D)  
        u_mul                bf16_mul_911                                                                            516     40.678     0.000       40.678 <none> (D)  
    g_row[28].g_col[16].u_pe pe_912                                                                                 2007    167.422     0.000      167.422 <none> (D)  
      u_mac                  bf16_mac_unit_912                                                                      1910    144.984     0.000      144.984 <none> (D)  
        u_add                bf16_fp32_add_912                                                                      1390    104.101     0.000      104.101 <none> (D)  
        u_mul                bf16_mul_912                                                                            520     40.882     0.000       40.882 <none> (D)  
    g_row[28].g_col[17].u_pe pe_913                                                                                 2004    167.276     0.000      167.276 <none> (D)  
      u_mac                  bf16_mac_unit_913                                                                      1907    144.838     0.000      144.838 <none> (D)  
        u_add                bf16_fp32_add_913                                                                      1384    103.853     0.000      103.853 <none> (D)  
        u_mul                bf16_mul_913                                                                            523     40.984     0.000       40.984 <none> (D)  
    g_row[28].g_col[18].u_pe pe_914                                                                                 2004    167.276     0.000      167.276 <none> (D)  
      u_mac                  bf16_mac_unit_914                                                                      1907    144.838     0.000      144.838 <none> (D)  
        u_add                bf16_fp32_add_914                                                                      1384    103.853     0.000      103.853 <none> (D)  
        u_mul                bf16_mul_914                                                                            523     40.984     0.000       40.984 <none> (D)  
    g_row[28].g_col[19].u_pe pe_915                                                                                 2013    167.772     0.000      167.772 <none> (D)  
      u_mac                  bf16_mac_unit_915                                                                      1916    145.333     0.000      145.333 <none> (D)  
        u_add                bf16_fp32_add_915                                                                      1394    104.247     0.000      104.247 <none> (D)  
        u_mul                bf16_mul_915                                                                            521     41.014     0.000       41.014 <none> (D)  
    g_row[28].g_col[1].u_pe  pe_897                                                                                 1998    167.014     0.000      167.014 <none> (D)  
      u_mac                  bf16_mac_unit_897                                                                      1901    144.575     0.000      144.575 <none> (D)  
        u_add                bf16_fp32_add_897                                                                      1382    103.882     0.000      103.882 <none> (D)  
        u_mul                bf16_mul_897                                                                            519     40.693     0.000       40.693 <none> (D)  
    g_row[28].g_col[20].u_pe pe_916                                                                                 2005    167.305     0.000      167.305 <none> (D)  
      u_mac                  bf16_mac_unit_916                                                                      1908    144.867     0.000      144.867 <none> (D)  
        u_add                bf16_fp32_add_916                                                                      1389    103.970     0.000      103.970 <none> (D)  
        u_mul                bf16_mul_916                                                                            519     40.897     0.000       40.897 <none> (D)  
    g_row[28].g_col[21].u_pe pe_917                                                                                 1997    167.233     0.000      167.233 <none> (D)  
      u_mac                  bf16_mac_unit_917                                                                      1899    144.736     0.000      144.736 <none> (D)  
        u_add                bf16_fp32_add_917                                                                      1379    103.810     0.000      103.810 <none> (D)  
        u_mul                bf16_mul_917                                                                            520     40.926     0.000       40.926 <none> (D)  
    g_row[28].g_col[22].u_pe pe_918                                                                                 2001    167.932     0.000      167.932 <none> (D)  
      u_mac                  bf16_mac_unit_918                                                                      1904    145.494     0.000      145.494 <none> (D)  
        u_add                bf16_fp32_add_918                                                                      1385    104.626     0.000      104.626 <none> (D)  
        u_mul                bf16_mul_918                                                                            519     40.868     0.000       40.868 <none> (D)  
    g_row[28].g_col[23].u_pe pe_919                                                                                 2000    166.897     0.000      166.897 <none> (D)  
      u_mac                  bf16_mac_unit_919                                                                      1903    144.459     0.000      144.459 <none> (D)  
        u_add                bf16_fp32_add_919                                                                      1384    103.751     0.000      103.751 <none> (D)  
        u_mul                bf16_mul_919                                                                            519     40.707     0.000       40.707 <none> (D)  
    g_row[28].g_col[24].u_pe pe_920                                                                                 2000    166.897     0.000      166.897 <none> (D)  
      u_mac                  bf16_mac_unit_920                                                                      1903    144.459     0.000      144.459 <none> (D)  
        u_add                bf16_fp32_add_920                                                                      1384    103.751     0.000      103.751 <none> (D)  
        u_mul                bf16_mul_920                                                                            519     40.707     0.000       40.707 <none> (D)  
    g_row[28].g_col[25].u_pe pe_921                                                                                 2014    167.991     0.000      167.991 <none> (D)  
      u_mac                  bf16_mac_unit_921                                                                      1917    145.552     0.000      145.552 <none> (D)  
        u_add                bf16_fp32_add_921                                                                      1395    104.480     0.000      104.480 <none> (D)  
        u_mul                bf16_mul_921                                                                            521     40.999     0.000       40.999 <none> (D)  
    g_row[28].g_col[26].u_pe pe_922                                                                                 2005    167.393     0.000      167.393 <none> (D)  
      u_mac                  bf16_mac_unit_922                                                                      1908    144.954     0.000      144.954 <none> (D)  
        u_add                bf16_fp32_add_922                                                                      1389    104.057     0.000      104.057 <none> (D)  
        u_mul                bf16_mul_922                                                                            519     40.897     0.000       40.897 <none> (D)  
    g_row[28].g_col[27].u_pe pe_923                                                                                 1997    167.116     0.000      167.116 <none> (D)  
      u_mac                  bf16_mac_unit_923                                                                      1900    144.677     0.000      144.677 <none> (D)  
        u_add                bf16_fp32_add_923                                                                      1378    103.576     0.000      103.576 <none> (D)  
        u_mul                bf16_mul_923                                                                            521     41.028     0.000       41.028 <none> (D)  
    g_row[28].g_col[28].u_pe pe_924                                                                                 2007    167.378     0.000      167.378 <none> (D)  
      u_mac                  bf16_mac_unit_924                                                                      1910    144.940     0.000      144.940 <none> (D)  
        u_add                bf16_fp32_add_924                                                                      1390    104.057     0.000      104.057 <none> (D)  
        u_mul                bf16_mul_924                                                                            520     40.882     0.000       40.882 <none> (D)  
    g_row[28].g_col[29].u_pe pe_925                                                                                 1998    167.612     0.000      167.612 <none> (D)  
      u_mac                  bf16_mac_unit_925                                                                      1900    145.115     0.000      145.115 <none> (D)  
        u_add                bf16_fp32_add_925                                                                      1381    104.232     0.000      104.232 <none> (D)  
        u_mul                bf16_mul_925                                                                            519     40.882     0.000       40.882 <none> (D)  
    g_row[28].g_col[2].u_pe  pe_898                                                                                 2008    167.393     0.000      167.393 <none> (D)  
      u_mac                  bf16_mac_unit_898                                                                      1911    144.954     0.000      144.954 <none> (D)  
        u_add                bf16_fp32_add_898                                                                      1391    104.101     0.000      104.101 <none> (D)  
        u_mul                bf16_mul_898                                                                            520     40.853     0.000       40.853 <none> (D)  
    g_row[28].g_col[30].u_pe pe_926                                                                                 2002    167.466     0.000      167.466 <none> (D)  
      u_mac                  bf16_mac_unit_926                                                                      1904    144.969     0.000      144.969 <none> (D)  
        u_add                bf16_fp32_add_926                                                                      1384    104.028     0.000      104.028 <none> (D)  
        u_mul                bf16_mul_926                                                                            519     40.882     0.000       40.882 <none> (D)  
    g_row[28].g_col[31].u_pe pe_927                                                                                 1995    166.708     0.000      166.708 <none> (D)  
      u_mac                  bf16_mac_unit_927                                                                      1898    144.269     0.000      144.269 <none> (D)  
        u_add                bf16_fp32_add_927                                                                      1376    103.387     0.000      103.387 <none> (D)  
        u_mul                bf16_mul_927                                                                            522     40.882     0.000       40.882 <none> (D)  
    g_row[28].g_col[3].u_pe  pe_899                                                                                 1996    166.693     0.000      166.693 <none> (D)  
      u_mac                  bf16_mac_unit_899                                                                      1899    144.255     0.000      144.255 <none> (D)  
        u_add                bf16_fp32_add_899                                                                      1378    103.328     0.000      103.328 <none> (D)  
        u_mul                bf16_mul_899                                                                            521     40.926     0.000       40.926 <none> (D)  
    g_row[28].g_col[4].u_pe  pe_900                                                                                 2007    167.437     0.000      167.437 <none> (D)  
      u_mac                  bf16_mac_unit_900                                                                      1910    144.998     0.000      144.998 <none> (D)  
        u_add                bf16_fp32_add_900                                                                      1390    104.116     0.000      104.116 <none> (D)  
        u_mul                bf16_mul_900                                                                            520     40.882     0.000       40.882 <none> (D)  
    g_row[28].g_col[5].u_pe  pe_901                                                                                 1991    166.679     0.000      166.679 <none> (D)  
      u_mac                  bf16_mac_unit_901                                                                      1894    144.240     0.000      144.240 <none> (D)  
        u_add                bf16_fp32_add_901                                                                      1373    103.212     0.000      103.212 <none> (D)  
        u_mul                bf16_mul_901                                                                            521     41.028     0.000       41.028 <none> (D)  
    g_row[28].g_col[6].u_pe  pe_902                                                                                 2000    166.897     0.000      166.897 <none> (D)  
      u_mac                  bf16_mac_unit_902                                                                      1903    144.459     0.000      144.459 <none> (D)  
        u_add                bf16_fp32_add_902                                                                      1384    103.751     0.000      103.751 <none> (D)  
        u_mul                bf16_mul_902                                                                            519     40.707     0.000       40.707 <none> (D)  
    g_row[28].g_col[7].u_pe  pe_903                                                                                 2005    167.276     0.000      167.276 <none> (D)  
      u_mac                  bf16_mac_unit_903                                                                      1908    144.838     0.000      144.838 <none> (D)  
        u_add                bf16_fp32_add_903                                                                      1389    103.941     0.000      103.941 <none> (D)  
        u_mul                bf16_mul_903                                                                            519     40.897     0.000       40.897 <none> (D)  
    g_row[28].g_col[8].u_pe  pe_904                                                                                 2001    167.918     0.000      167.918 <none> (D)  
      u_mac                  bf16_mac_unit_904                                                                      1904    145.479     0.000      145.479 <none> (D)  
        u_add                bf16_fp32_add_904                                                                      1385    104.612     0.000      104.612 <none> (D)  
        u_mul                bf16_mul_904                                                                            519     40.868     0.000       40.868 <none> (D)  
    g_row[28].g_col[9].u_pe  pe_905                                                                                 2013    167.962     0.000      167.962 <none> (D)  
      u_mac                  bf16_mac_unit_905                                                                      1916    145.523     0.000      145.523 <none> (D)  
        u_add                bf16_fp32_add_905                                                                      1394    104.451     0.000      104.451 <none> (D)  
        u_mul                bf16_mul_905                                                                            521     40.999     0.000       40.999 <none> (D)  
    g_row[29].g_col[0].u_pe  pe_928                                                                                 2094    172.642     0.000      172.642 <none> (D)  
      u_mac                  bf16_mac_unit_928                                                                      1997    150.174     0.000      150.174 <none> (D)  
        u_add                bf16_fp32_add_928                                                                      1463    108.286     0.000      108.286 <none> (D)  
        u_mul                bf16_mul_928                                                                            534     41.888     0.000       41.888 <none> (D)  
    g_row[29].g_col[10].u_pe pe_938                                                                                 2040    169.624     0.000      169.624 <none> (D)  
      u_mac                  bf16_mac_unit_938                                                                      1943    147.156     0.000      147.156 <none> (D)  
        u_add                bf16_fp32_add_938                                                                      1421    106.055     0.000      106.055 <none> (D)  
        u_mul                bf16_mul_938                                                                            522     41.101     0.000       41.101 <none> (D)  
    g_row[29].g_col[11].u_pe pe_939                                                                                 2028    169.245     0.000      169.245 <none> (D)  
      u_mac                  bf16_mac_unit_939                                                                      1930    146.719     0.000      146.719 <none> (D)  
        u_add                bf16_fp32_add_939                                                                      1408    105.574     0.000      105.574 <none> (D)  
        u_mul                bf16_mul_939                                                                            522     41.145     0.000       41.145 <none> (D)  
    g_row[29].g_col[12].u_pe pe_940                                                                                 2027    169.084     0.000      169.084 <none> (D)  
      u_mac                  bf16_mac_unit_940                                                                      1930    146.616     0.000      146.616 <none> (D)  
        u_add                bf16_fp32_add_940                                                                      1407    105.486     0.000      105.486 <none> (D)  
        u_mul                bf16_mul_940                                                                            523     41.130     0.000       41.130 <none> (D)  
    g_row[29].g_col[13].u_pe pe_941                                                                                 2028    169.245     0.000      169.245 <none> (D)  
      u_mac                  bf16_mac_unit_941                                                                      1930    146.719     0.000      146.719 <none> (D)  
        u_add                bf16_fp32_add_941                                                                      1408    105.574     0.000      105.574 <none> (D)  
        u_mul                bf16_mul_941                                                                            522     41.145     0.000       41.145 <none> (D)  
    g_row[29].g_col[14].u_pe pe_942                                                                                 2029    169.011     0.000      169.011 <none> (D)  
      u_mac                  bf16_mac_unit_942                                                                      1932    146.544     0.000      146.544 <none> (D)  
        u_add                bf16_fp32_add_942                                                                      1411    105.559     0.000      105.559 <none> (D)  
        u_mul                bf16_mul_942                                                                            521     40.984     0.000       40.984 <none> (D)  
    g_row[29].g_col[15].u_pe pe_943                                                                                 2038    169.332     0.000      169.332 <none> (D)  
      u_mac                  bf16_mac_unit_943                                                                      1941    146.864     0.000      146.864 <none> (D)  
        u_add                bf16_fp32_add_943                                                                      1418    105.807     0.000      105.807 <none> (D)  
        u_mul                bf16_mul_943                                                                            523     41.057     0.000       41.057 <none> (D)  
    g_row[29].g_col[16].u_pe pe_944                                                                                 2031    169.215     0.000      169.215 <none> (D)  
      u_mac                  bf16_mac_unit_944                                                                      1934    146.748     0.000      146.748 <none> (D)  
        u_add                bf16_fp32_add_944                                                                      1411    105.676     0.000      105.676 <none> (D)  
        u_mul                bf16_mul_944                                                                            523     41.072     0.000       41.072 <none> (D)  
    g_row[29].g_col[17].u_pe pe_945                                                                                 2036    170.440     0.000      170.440 <none> (D)  
      u_mac                  bf16_mac_unit_945                                                                      1939    147.972     0.000      147.972 <none> (D)  
        u_add                bf16_fp32_add_945                                                                      1417    106.653     0.000      106.653 <none> (D)  
        u_mul                bf16_mul_945                                                                            522     41.320     0.000       41.320 <none> (D)  
    g_row[29].g_col[18].u_pe pe_946                                                                                 2036    170.440     0.000      170.440 <none> (D)  
      u_mac                  bf16_mac_unit_946                                                                      1939    147.972     0.000      147.972 <none> (D)  
        u_add                bf16_fp32_add_946                                                                      1417    106.653     0.000      106.653 <none> (D)  
        u_mul                bf16_mul_946                                                                            522     41.320     0.000       41.320 <none> (D)  
    g_row[29].g_col[19].u_pe pe_947                                                                                 2031    169.084     0.000      169.084 <none> (D)  
      u_mac                  bf16_mac_unit_947                                                                      1934    146.616     0.000      146.616 <none> (D)  
        u_add                bf16_fp32_add_947                                                                      1413    105.603     0.000      105.603 <none> (D)  
        u_mul                bf16_mul_947                                                                            521     41.014     0.000       41.014 <none> (D)  
    g_row[29].g_col[1].u_pe  pe_929                                                                                 2035    170.367     0.000      170.367 <none> (D)  
      u_mac                  bf16_mac_unit_929                                                                      1938    147.900     0.000      147.900 <none> (D)  
        u_add                bf16_fp32_add_929                                                                      1417    106.653     0.000      106.653 <none> (D)  
        u_mul                bf16_mul_929                                                                            521     41.247     0.000       41.247 <none> (D)  
    g_row[29].g_col[20].u_pe pe_948                                                                                 2029    169.011     0.000      169.011 <none> (D)  
      u_mac                  bf16_mac_unit_948                                                                      1932    146.544     0.000      146.544 <none> (D)  
        u_add                bf16_fp32_add_948                                                                      1411    105.559     0.000      105.559 <none> (D)  
        u_mul                bf16_mul_948                                                                            521     40.984     0.000       40.984 <none> (D)  
    g_row[29].g_col[21].u_pe pe_949                                                                                 2120    173.954     0.000      173.954 <none> (D)  
      u_mac                  bf16_mac_unit_949                                                                      2023    151.486     0.000      151.486 <none> (D)  
        u_add                bf16_fp32_add_949                                                                      1497    110.006     0.000      110.006 <none> (D)  
        u_mul                bf16_mul_949                                                                            526     41.480     0.000       41.480 <none> (D)  
    g_row[29].g_col[22].u_pe pe_950                                                                                 2028    169.245     0.000      169.245 <none> (D)  
      u_mac                  bf16_mac_unit_950                                                                      1930    146.719     0.000      146.719 <none> (D)  
        u_add                bf16_fp32_add_950                                                                      1408    105.574     0.000      105.574 <none> (D)  
        u_mul                bf16_mul_950                                                                            522     41.145     0.000       41.145 <none> (D)  
    g_row[29].g_col[23].u_pe pe_951                                                                                 2032    169.143     0.000      169.143 <none> (D)  
      u_mac                  bf16_mac_unit_951                                                                      1935    146.675     0.000      146.675 <none> (D)  
        u_add                bf16_fp32_add_951                                                                      1414    105.690     0.000      105.690 <none> (D)  
        u_mul                bf16_mul_951                                                                            521     40.984     0.000       40.984 <none> (D)  
    g_row[29].g_col[24].u_pe pe_952                                                                                 2032    169.143     0.000      169.143 <none> (D)  
      u_mac                  bf16_mac_unit_952                                                                      1935    146.675     0.000      146.675 <none> (D)  
        u_add                bf16_fp32_add_952                                                                      1414    105.690     0.000      105.690 <none> (D)  
        u_mul                bf16_mul_952                                                                            521     40.984     0.000       40.984 <none> (D)  
    g_row[29].g_col[25].u_pe pe_953                                                                                 2031    169.084     0.000      169.084 <none> (D)  
      u_mac                  bf16_mac_unit_953                                                                      1934    146.616     0.000      146.616 <none> (D)  
        u_add                bf16_fp32_add_953                                                                      1413    105.603     0.000      105.603 <none> (D)  
        u_mul                bf16_mul_953                                                                            521     41.014     0.000       41.014 <none> (D)  
    g_row[29].g_col[26].u_pe pe_954                                                                                 2029    169.011     0.000      169.011 <none> (D)  
      u_mac                  bf16_mac_unit_954                                                                      1932    146.544     0.000      146.544 <none> (D)  
        u_add                bf16_fp32_add_954                                                                      1411    105.559     0.000      105.559 <none> (D)  
        u_mul                bf16_mul_954                                                                            521     40.984     0.000       40.984 <none> (D)  
    g_row[29].g_col[27].u_pe pe_955                                                                                 2031    169.084     0.000      169.084 <none> (D)  
      u_mac                  bf16_mac_unit_955                                                                      1934    146.616     0.000      146.616 <none> (D)  
        u_add                bf16_fp32_add_955                                                                      1413    105.603     0.000      105.603 <none> (D)  
        u_mul                bf16_mul_955                                                                            521     41.014     0.000       41.014 <none> (D)  
    g_row[29].g_col[28].u_pe pe_956                                                                                 2031    169.215     0.000      169.215 <none> (D)  
      u_mac                  bf16_mac_unit_956                                                                      1934    146.748     0.000      146.748 <none> (D)  
        u_add                bf16_fp32_add_956                                                                      1411    105.676     0.000      105.676 <none> (D)  
        u_mul                bf16_mul_956                                                                            523     41.072     0.000       41.072 <none> (D)  
    g_row[29].g_col[29].u_pe pe_957                                                                                 2046    170.528     0.000      170.528 <none> (D)  
      u_mac                  bf16_mac_unit_957                                                                      1949    148.060     0.000      148.060 <none> (D)  
        u_add                bf16_fp32_add_957                                                                      1421    106.434     0.000      106.434 <none> (D)  
        u_mul                bf16_mul_957                                                                            528     41.626     0.000       41.626 <none> (D)  
    g_row[29].g_col[2].u_pe  pe_930                                                                                 2031    169.186     0.000      169.186 <none> (D)  
      u_mac                  bf16_mac_unit_930                                                                      1934    146.719     0.000      146.719 <none> (D)  
        u_add                bf16_fp32_add_930                                                                      1411    105.647     0.000      105.647 <none> (D)  
        u_mul                bf16_mul_930                                                                            523     41.072     0.000       41.072 <none> (D)  
    g_row[29].g_col[30].u_pe pe_958                                                                                 2048    170.513     0.000      170.513 <none> (D)  
      u_mac                  bf16_mac_unit_958                                                                      1951    148.045     0.000      148.045 <none> (D)  
        u_add                bf16_fp32_add_958                                                                      1420    106.376     0.000      106.376 <none> (D)  
        u_mul                bf16_mul_958                                                                            531     41.670     0.000       41.670 <none> (D)  
    g_row[29].g_col[31].u_pe pe_959                                                                                 2036    170.440     0.000      170.440 <none> (D)  
      u_mac                  bf16_mac_unit_959                                                                      1939    147.972     0.000      147.972 <none> (D)  
        u_add                bf16_fp32_add_959                                                                      1417    106.653     0.000      106.653 <none> (D)  
        u_mul                bf16_mul_959                                                                            522     41.320     0.000       41.320 <none> (D)  
    g_row[29].g_col[3].u_pe  pe_931                                                                                 2033    169.580     0.000      169.580 <none> (D)  
      u_mac                  bf16_mac_unit_931                                                                      1936    147.112     0.000      147.112 <none> (D)  
        u_add                bf16_fp32_add_931                                                                      1414    106.099     0.000      106.099 <none> (D)  
        u_mul                bf16_mul_931                                                                            522     41.014     0.000       41.014 <none> (D)  
    g_row[29].g_col[4].u_pe  pe_932                                                                                 2031    169.215     0.000      169.215 <none> (D)  
      u_mac                  bf16_mac_unit_932                                                                      1934    146.748     0.000      146.748 <none> (D)  
        u_add                bf16_fp32_add_932                                                                      1411    105.676     0.000      105.676 <none> (D)  
        u_mul                bf16_mul_932                                                                            523     41.072     0.000       41.072 <none> (D)  
    g_row[29].g_col[5].u_pe  pe_933                                                                                 2059    170.309     0.000      170.309 <none> (D)  
      u_mac                  bf16_mac_unit_933                                                                      1962    147.841     0.000      147.841 <none> (D)  
        u_add                bf16_fp32_add_933                                                                      1438    106.726     0.000      106.726 <none> (D)  
        u_mul                bf16_mul_933                                                                            524     41.116     0.000       41.116 <none> (D)  
    g_row[29].g_col[6].u_pe  pe_934                                                                                 2032    169.143     0.000      169.143 <none> (D)  
      u_mac                  bf16_mac_unit_934                                                                      1935    146.675     0.000      146.675 <none> (D)  
        u_add                bf16_fp32_add_934                                                                      1414    105.690     0.000      105.690 <none> (D)  
        u_mul                bf16_mul_934                                                                            521     40.984     0.000       40.984 <none> (D)  
    g_row[29].g_col[7].u_pe  pe_935                                                                                 2029    169.011     0.000      169.011 <none> (D)  
      u_mac                  bf16_mac_unit_935                                                                      1932    146.544     0.000      146.544 <none> (D)  
        u_add                bf16_fp32_add_935                                                                      1411    105.559     0.000      105.559 <none> (D)  
        u_mul                bf16_mul_935                                                                            521     40.984     0.000       40.984 <none> (D)  
    g_row[29].g_col[8].u_pe  pe_936                                                                                 2040    169.624     0.000      169.624 <none> (D)  
      u_mac                  bf16_mac_unit_936                                                                      1943    147.156     0.000      147.156 <none> (D)  
        u_add                bf16_fp32_add_936                                                                      1421    106.055     0.000      106.055 <none> (D)  
        u_mul                bf16_mul_936                                                                            522     41.101     0.000       41.101 <none> (D)  
    g_row[29].g_col[9].u_pe  pe_937                                                                                 2031    169.084     0.000      169.084 <none> (D)  
      u_mac                  bf16_mac_unit_937                                                                      1934    146.616     0.000      146.616 <none> (D)  
        u_add                bf16_fp32_add_937                                                                      1413    105.603     0.000      105.603 <none> (D)  
        u_mul                bf16_mul_937                                                                            521     41.014     0.000       41.014 <none> (D)  
    g_row[2].g_col[0].u_pe   pe_64                                                                                  2018    167.991     0.000      167.991 <none> (D)  
      u_mac                  bf16_mac_unit_64                                                                       1921    145.538     0.000      145.538 <none> (D)  
        u_add                bf16_fp32_add_64                                                                       1428    105.574     0.000      105.574 <none> (D)  
        u_mul                bf16_mul_64                                                                             493     39.964     0.000       39.964 <none> (D)  
    g_row[2].g_col[10].u_pe  pe_74                                                                                  2010    167.101     0.000      167.101 <none> (D)  
      u_mac                  bf16_mac_unit_74                                                                       1913    144.648     0.000      144.648 <none> (D)  
        u_add                bf16_fp32_add_74                                                                       1424    104.976     0.000      104.976 <none> (D)  
        u_mul                bf16_mul_74                                                                             489     39.672     0.000       39.672 <none> (D)  
    g_row[2].g_col[11].u_pe  pe_75                                                                                  1997    166.708     0.000      166.708 <none> (D)  
      u_mac                  bf16_mac_unit_75                                                                       1900    144.255     0.000      144.255 <none> (D)  
        u_add                bf16_fp32_add_75                                                                       1407    104.262     0.000      104.262 <none> (D)  
        u_mul                bf16_mul_75                                                                             493     39.993     0.000       39.993 <none> (D)  
    g_row[2].g_col[12].u_pe  pe_76                                                                                  1997    166.679     0.000      166.679 <none> (D)  
      u_mac                  bf16_mac_unit_76                                                                       1900    144.225     0.000      144.225 <none> (D)  
        u_add                bf16_fp32_add_76                                                                       1407    104.232     0.000      104.232 <none> (D)  
        u_mul                bf16_mul_76                                                                             493     39.993     0.000       39.993 <none> (D)  
    g_row[2].g_col[13].u_pe  pe_77                                                                                  2006    167.028     0.000      167.028 <none> (D)  
      u_mac                  bf16_mac_unit_77                                                                       1909    144.575     0.000      144.575 <none> (D)  
        u_add                bf16_fp32_add_77                                                                       1420    104.859     0.000      104.859 <none> (D)  
        u_mul                bf16_mul_77                                                                             489     39.716     0.000       39.716 <none> (D)  
    g_row[2].g_col[14].u_pe  pe_78                                                                                  1990    166.416     0.000      166.416 <none> (D)  
      u_mac                  bf16_mac_unit_78                                                                       1893    143.963     0.000      143.963 <none> (D)  
        u_add                bf16_fp32_add_78                                                                       1404    104.203     0.000      104.203 <none> (D)  
        u_mul                bf16_mul_78                                                                             489     39.760     0.000       39.760 <none> (D)  
    g_row[2].g_col[15].u_pe  pe_79                                                                                  1991    166.606     0.000      166.606 <none> (D)  
      u_mac                  bf16_mac_unit_79                                                                       1894    144.152     0.000      144.152 <none> (D)  
        u_add                bf16_fp32_add_79                                                                       1409    104.582     0.000      104.582 <none> (D)  
        u_mul                bf16_mul_79                                                                             485     39.570     0.000       39.570 <none> (D)  
    g_row[2].g_col[16].u_pe  pe_80                                                                                  2022    167.583     0.000      167.583 <none> (D)  
      u_mac                  bf16_mac_unit_80                                                                       1925    145.129     0.000      145.129 <none> (D)  
        u_add                bf16_fp32_add_80                                                                       1422    104.757     0.000      104.757 <none> (D)  
        u_mul                bf16_mul_80                                                                             503     40.372     0.000       40.372 <none> (D)  
    g_row[2].g_col[17].u_pe  pe_81                                                                                  1991    166.985     0.000      166.985 <none> (D)  
      u_mac                  bf16_mac_unit_81                                                                       1894    144.532     0.000      144.532 <none> (D)  
        u_add                bf16_fp32_add_81                                                                       1405    104.451     0.000      104.451 <none> (D)  
        u_mul                bf16_mul_81                                                                             487     39.935     0.000       39.935 <none> (D)  
    g_row[2].g_col[18].u_pe  pe_82                                                                                  1992    166.941     0.000      166.941 <none> (D)  
      u_mac                  bf16_mac_unit_82                                                                       1895    144.488     0.000      144.488 <none> (D)  
        u_add                bf16_fp32_add_82                                                                       1406    104.407     0.000      104.407 <none> (D)  
        u_mul                bf16_mul_82                                                                             487     39.935     0.000       39.935 <none> (D)  
    g_row[2].g_col[19].u_pe  pe_83                                                                                  1997    166.737     0.000      166.737 <none> (D)  
      u_mac                  bf16_mac_unit_83                                                                       1900    144.284     0.000      144.284 <none> (D)  
        u_add                bf16_fp32_add_83                                                                       1413    104.612     0.000      104.612 <none> (D)  
        u_mul                bf16_mul_83                                                                             487     39.672     0.000       39.672 <none> (D)  
    g_row[2].g_col[1].u_pe   pe_65                                                                                  1992    166.985     0.000      166.985 <none> (D)  
      u_mac                  bf16_mac_unit_65                                                                       1895    144.532     0.000      144.532 <none> (D)  
        u_add                bf16_fp32_add_65                                                                       1406    104.451     0.000      104.451 <none> (D)  
        u_mul                bf16_mul_65                                                                             487     39.935     0.000       39.935 <none> (D)  
    g_row[2].g_col[20].u_pe  pe_84                                                                                  1992    166.693     0.000      166.693 <none> (D)  
      u_mac                  bf16_mac_unit_84                                                                       1895    144.240     0.000      144.240 <none> (D)  
        u_add                bf16_fp32_add_84                                                                       1407    104.378     0.000      104.378 <none> (D)  
        u_mul                bf16_mul_84                                                                             488     39.862     0.000       39.862 <none> (D)  
    g_row[2].g_col[21].u_pe  pe_85                                                                                  1996    166.649     0.000      166.649 <none> (D)  
      u_mac                  bf16_mac_unit_85                                                                       1899    144.196     0.000      144.196 <none> (D)  
        u_add                bf16_fp32_add_85                                                                       1411    104.509     0.000      104.509 <none> (D)  
        u_mul                bf16_mul_85                                                                             488     39.687     0.000       39.687 <none> (D)  
    g_row[2].g_col[22].u_pe  pe_86                                                                                  2018    167.495     0.000      167.495 <none> (D)  
      u_mac                  bf16_mac_unit_86                                                                       1921    145.042     0.000      145.042 <none> (D)  
        u_add                bf16_fp32_add_86                                                                       1435    105.457     0.000      105.457 <none> (D)  
        u_mul                bf16_mul_86                                                                             486     39.585     0.000       39.585 <none> (D)  
    g_row[2].g_col[23].u_pe  pe_87                                                                                  2002    167.072     0.000      167.072 <none> (D)  
      u_mac                  bf16_mac_unit_87                                                                       1905    144.619     0.000      144.619 <none> (D)  
        u_add                bf16_fp32_add_87                                                                       1406    104.276     0.000      104.276 <none> (D)  
        u_mul                bf16_mul_87                                                                             499     40.343     0.000       40.343 <none> (D)  
    g_row[2].g_col[24].u_pe  pe_88                                                                                  2005    167.189     0.000      167.189 <none> (D)  
      u_mac                  bf16_mac_unit_88                                                                       1908    144.736     0.000      144.736 <none> (D)  
        u_add                bf16_fp32_add_88                                                                       1424    105.195     0.000      105.195 <none> (D)  
        u_mul                bf16_mul_88                                                                             484     39.541     0.000       39.541 <none> (D)  
    g_row[2].g_col[25].u_pe  pe_89                                                                                  1997    166.737     0.000      166.737 <none> (D)  
      u_mac                  bf16_mac_unit_89                                                                       1900    144.284     0.000      144.284 <none> (D)  
        u_add                bf16_fp32_add_89                                                                       1413    104.612     0.000      104.612 <none> (D)  
        u_mul                bf16_mul_89                                                                             487     39.672     0.000       39.672 <none> (D)  
    g_row[2].g_col[26].u_pe  pe_90                                                                                  1998    166.781     0.000      166.781 <none> (D)  
      u_mac                  bf16_mac_unit_90                                                                       1901    144.327     0.000      144.327 <none> (D)  
        u_add                bf16_fp32_add_90                                                                       1413    104.568     0.000      104.568 <none> (D)  
        u_mul                bf16_mul_90                                                                             488     39.760     0.000       39.760 <none> (D)  
    g_row[2].g_col[27].u_pe  pe_91                                                                                  2017    167.918     0.000      167.918 <none> (D)  
      u_mac                  bf16_mac_unit_91                                                                       1920    145.465     0.000      145.465 <none> (D)  
        u_add                bf16_fp32_add_91                                                                       1427    105.501     0.000      105.501 <none> (D)  
        u_mul                bf16_mul_91                                                                             493     39.964     0.000       39.964 <none> (D)  
    g_row[2].g_col[28].u_pe  pe_92                                                                                  2011    167.145     0.000      167.145 <none> (D)  
      u_mac                  bf16_mac_unit_92                                                                       1914    144.692     0.000      144.692 <none> (D)  
        u_add                bf16_fp32_add_92                                                                       1430    105.151     0.000      105.151 <none> (D)  
        u_mul                bf16_mul_92                                                                             484     39.541     0.000       39.541 <none> (D)  
    g_row[2].g_col[29].u_pe  pe_93                                                                                  1996    166.649     0.000      166.649 <none> (D)  
      u_mac                  bf16_mac_unit_93                                                                       1899    144.196     0.000      144.196 <none> (D)  
        u_add                bf16_fp32_add_93                                                                       1411    104.509     0.000      104.509 <none> (D)  
        u_mul                bf16_mul_93                                                                             488     39.687     0.000       39.687 <none> (D)  
    g_row[2].g_col[2].u_pe   pe_66                                                                                  1992    166.402     0.000      166.402 <none> (D)  
      u_mac                  bf16_mac_unit_66                                                                       1895    143.948     0.000      143.948 <none> (D)  
        u_add                bf16_fp32_add_66                                                                       1411    104.407     0.000      104.407 <none> (D)  
        u_mul                bf16_mul_66                                                                             484     39.541     0.000       39.541 <none> (D)  
    g_row[2].g_col[30].u_pe  pe_94                                                                                  2024    168.224     0.000      168.224 <none> (D)  
      u_mac                  bf16_mac_unit_94                                                                       1927    145.771     0.000      145.771 <none> (D)  
        u_add                bf16_fp32_add_94                                                                       1432    105.632     0.000      105.632 <none> (D)  
        u_mul                bf16_mul_94                                                                             495     40.139     0.000       40.139 <none> (D)  
    g_row[2].g_col[31].u_pe  pe_95                                                                                  1992    166.985     0.000      166.985 <none> (D)  
      u_mac                  bf16_mac_unit_95                                                                       1895    144.532     0.000      144.532 <none> (D)  
        u_add                bf16_fp32_add_95                                                                       1406    104.451     0.000      104.451 <none> (D)  
        u_mul                bf16_mul_95                                                                             487     39.935     0.000       39.935 <none> (D)  
    g_row[2].g_col[3].u_pe   pe_67                                                                                  1992    166.518     0.000      166.518 <none> (D)  
      u_mac                  bf16_mac_unit_67                                                                       1895    144.065     0.000      144.065 <none> (D)  
        u_add                bf16_fp32_add_67                                                                       1411    104.524     0.000      104.524 <none> (D)  
        u_mul                bf16_mul_67                                                                             484     39.541     0.000       39.541 <none> (D)  
    g_row[2].g_col[4].u_pe   pe_68                                                                                  2022    167.524     0.000      167.524 <none> (D)  
      u_mac                  bf16_mac_unit_68                                                                       1925    145.071     0.000      145.071 <none> (D)  
        u_add                bf16_fp32_add_68                                                                       1422    104.728     0.000      104.728 <none> (D)  
        u_mul                bf16_mul_68                                                                             503     40.343     0.000       40.343 <none> (D)  
    g_row[2].g_col[5].u_pe   pe_69                                                                                  1991    166.635     0.000      166.635 <none> (D)  
      u_mac                  bf16_mac_unit_69                                                                       1894    144.182     0.000      144.182 <none> (D)  
        u_add                bf16_fp32_add_69                                                                       1409    104.582     0.000      104.582 <none> (D)  
        u_mul                bf16_mul_69                                                                             485     39.599     0.000       39.599 <none> (D)  
    g_row[2].g_col[6].u_pe   pe_70                                                                                  2002    167.072     0.000      167.072 <none> (D)  
      u_mac                  bf16_mac_unit_70                                                                       1905    144.619     0.000      144.619 <none> (D)  
        u_add                bf16_fp32_add_70                                                                       1406    104.276     0.000      104.276 <none> (D)  
        u_mul                bf16_mul_70                                                                             499     40.343     0.000       40.343 <none> (D)  
    g_row[2].g_col[7].u_pe   pe_71                                                                                  1984    166.022     0.000      166.022 <none> (D)  
      u_mac                  bf16_mac_unit_71                                                                       1887    143.569     0.000      143.569 <none> (D)  
        u_add                bf16_fp32_add_71                                                                       1399    103.882     0.000      103.882 <none> (D)  
        u_mul                bf16_mul_71                                                                             488     39.687     0.000       39.687 <none> (D)  
    g_row[2].g_col[8].u_pe   pe_72                                                                                  1982    166.022     0.000      166.022 <none> (D)  
      u_mac                  bf16_mac_unit_72                                                                       1885    143.569     0.000      143.569 <none> (D)  
        u_add                bf16_fp32_add_72                                                                       1396    103.751     0.000      103.751 <none> (D)  
        u_mul                bf16_mul_72                                                                             489     39.818     0.000       39.818 <none> (D)  
    g_row[2].g_col[9].u_pe   pe_73                                                                                  1996    166.956     0.000      166.956 <none> (D)  
      u_mac                  bf16_mac_unit_73                                                                       1899    144.502     0.000      144.502 <none> (D)  
        u_add                bf16_fp32_add_73                                                                       1405    104.393     0.000      104.393 <none> (D)  
        u_mul                bf16_mul_73                                                                             494     40.110     0.000       40.110 <none> (D)  
    g_row[30].g_col[0].u_pe  pe_960                                                                                 1959    165.060     0.000      165.060 <none> (D)  
      u_mac                  bf16_mac_unit_960                                                                      1862    142.607     0.000      142.607 <none> (D)  
        u_add                bf16_fp32_add_960                                                                      1373    103.547     0.000      103.547 <none> (D)  
        u_mul                bf16_mul_960                                                                            489     39.060     0.000       39.060 <none> (D)  
    g_row[30].g_col[10].u_pe pe_970                                                                                 1957    164.535     0.000      164.535 <none> (D)  
      u_mac                  bf16_mac_unit_970                                                                      1860    142.082     0.000      142.082 <none> (D)  
        u_add                bf16_fp32_add_970                                                                      1371    103.037     0.000      103.037 <none> (D)  
        u_mul                bf16_mul_970                                                                            489     39.045     0.000       39.045 <none> (D)  
    g_row[30].g_col[11].u_pe pe_971                                                                                 1930    163.792     0.000      163.792 <none> (D)  
      u_mac                  bf16_mac_unit_971                                                                      1833    141.339     0.000      141.339 <none> (D)  
        u_add                bf16_fp32_add_971                                                                      1349    102.381     0.000      102.381 <none> (D)  
        u_mul                bf16_mul_971                                                                            484     38.958     0.000       38.958 <none> (D)  
    g_row[30].g_col[12].u_pe pe_972                                                                                 1940    164.215     0.000      164.215 <none> (D)  
      u_mac                  bf16_mac_unit_972                                                                      1843    141.761     0.000      141.761 <none> (D)  
        u_add                bf16_fp32_add_972                                                                      1358    102.847     0.000      102.847 <none> (D)  
        u_mul                bf16_mul_972                                                                            485     38.914     0.000       38.914 <none> (D)  
    g_row[30].g_col[13].u_pe pe_973                                                                                 1939    163.661     0.000      163.661 <none> (D)  
      u_mac                  bf16_mac_unit_973                                                                      1842    141.207     0.000      141.207 <none> (D)  
        u_add                bf16_fp32_add_973                                                                      1352    102.206     0.000      102.206 <none> (D)  
        u_mul                bf16_mul_973                                                                            490     39.002     0.000       39.002 <none> (D)  
    g_row[30].g_col[14].u_pe pe_974                                                                                 1939    163.865     0.000      163.865 <none> (D)  
      u_mac                  bf16_mac_unit_974                                                                      1842    141.411     0.000      141.411 <none> (D)  
        u_add                bf16_fp32_add_974                                                                      1355    102.585     0.000      102.585 <none> (D)  
        u_mul                bf16_mul_974                                                                            487     38.827     0.000       38.827 <none> (D)  
    g_row[30].g_col[15].u_pe pe_975                                                                                 1962    165.323     0.000      165.323 <none> (D)  
      u_mac                  bf16_mac_unit_975                                                                      1865    142.869     0.000      142.869 <none> (D)  
        u_add                bf16_fp32_add_975                                                                      1377    103.868     0.000      103.868 <none> (D)  
        u_mul                bf16_mul_975                                                                            488     39.002     0.000       39.002 <none> (D)  
    g_row[30].g_col[16].u_pe pe_976                                                                                 1941    163.981     0.000      163.981 <none> (D)  
      u_mac                  bf16_mac_unit_976                                                                      1844    141.528     0.000      141.528 <none> (D)  
        u_add                bf16_fp32_add_976                                                                      1355    102.410     0.000      102.410 <none> (D)  
        u_mul                bf16_mul_976                                                                            489     39.118     0.000       39.118 <none> (D)  
    g_row[30].g_col[17].u_pe pe_977                                                                                 1946    164.258     0.000      164.258 <none> (D)  
      u_mac                  bf16_mac_unit_977                                                                      1849    141.805     0.000      141.805 <none> (D)  
        u_add                bf16_fp32_add_977                                                                      1362    102.774     0.000      102.774 <none> (D)  
        u_mul                bf16_mul_977                                                                            487     39.031     0.000       39.031 <none> (D)  
    g_row[30].g_col[18].u_pe pe_978                                                                                 1947    164.346     0.000      164.346 <none> (D)  
      u_mac                  bf16_mac_unit_978                                                                      1850    141.893     0.000      141.893 <none> (D)  
        u_add                bf16_fp32_add_978                                                                      1362    102.760     0.000      102.760 <none> (D)  
        u_mul                bf16_mul_978                                                                            488     39.133     0.000       39.133 <none> (D)  
    g_row[30].g_col[19].u_pe pe_979                                                                                 1934    163.923     0.000      163.923 <none> (D)  
      u_mac                  bf16_mac_unit_979                                                                      1837    141.470     0.000      141.470 <none> (D)  
        u_add                bf16_fp32_add_979                                                                      1353    102.789     0.000      102.789 <none> (D)  
        u_mul                bf16_mul_979                                                                            484     38.681     0.000       38.681 <none> (D)  
    g_row[30].g_col[1].u_pe  pe_961                                                                                 1943    164.142     0.000      164.142 <none> (D)  
      u_mac                  bf16_mac_unit_961                                                                      1846    141.688     0.000      141.688 <none> (D)  
        u_add                bf16_fp32_add_961                                                                      1361    102.745     0.000      102.745 <none> (D)  
        u_mul                bf16_mul_961                                                                            485     38.943     0.000       38.943 <none> (D)  
    g_row[30].g_col[20].u_pe pe_980                                                                                 1937    163.821     0.000      163.821 <none> (D)  
      u_mac                  bf16_mac_unit_980                                                                      1840    141.368     0.000      141.368 <none> (D)  
        u_add                bf16_fp32_add_980                                                                      1352    102.235     0.000      102.235 <none> (D)  
        u_mul                bf16_mul_980                                                                            488     39.133     0.000       39.133 <none> (D)  
    g_row[30].g_col[21].u_pe pe_981                                                                                 1977    165.862     0.000      165.862 <none> (D)  
      u_mac                  bf16_mac_unit_981                                                                      1880    143.409     0.000      143.409 <none> (D)  
        u_add                bf16_fp32_add_981                                                                      1391    104.437     0.000      104.437 <none> (D)  
        u_mul                bf16_mul_981                                                                            489     38.972     0.000       38.972 <none> (D)  
    g_row[30].g_col[22].u_pe pe_982                                                                                 1940    163.719     0.000      163.719 <none> (D)  
      u_mac                  bf16_mac_unit_982                                                                      1843    141.266     0.000      141.266 <none> (D)  
        u_add                bf16_fp32_add_982                                                                      1352    102.206     0.000      102.206 <none> (D)  
        u_mul                bf16_mul_982                                                                            491     39.060     0.000       39.060 <none> (D)  
    g_row[30].g_col[23].u_pe pe_983                                                                                 1949    164.258     0.000      164.258 <none> (D)  
      u_mac                  bf16_mac_unit_983                                                                      1852    141.805     0.000      141.805 <none> (D)  
        u_add                bf16_fp32_add_983                                                                      1360    102.570     0.000      102.570 <none> (D)  
        u_mul                bf16_mul_983                                                                            492     39.235     0.000       39.235 <none> (D)  
    g_row[30].g_col[24].u_pe pe_984                                                                                 1949    164.258     0.000      164.258 <none> (D)  
      u_mac                  bf16_mac_unit_984                                                                      1852    141.805     0.000      141.805 <none> (D)  
        u_add                bf16_fp32_add_984                                                                      1360    102.570     0.000      102.570 <none> (D)  
        u_mul                bf16_mul_984                                                                            492     39.235     0.000       39.235 <none> (D)  
    g_row[30].g_col[25].u_pe pe_985                                                                                 1935    164.185     0.000      164.185 <none> (D)  
      u_mac                  bf16_mac_unit_985                                                                      1838    141.732     0.000      141.732 <none> (D)  
        u_add                bf16_fp32_add_985                                                                      1354    103.051     0.000      103.051 <none> (D)  
        u_mul                bf16_mul_985                                                                            484     38.681     0.000       38.681 <none> (D)  
    g_row[30].g_col[26].u_pe pe_986                                                                                 1939    163.835     0.000      163.835 <none> (D)  
      u_mac                  bf16_mac_unit_986                                                                      1842    141.382     0.000      141.382 <none> (D)  
        u_add                bf16_fp32_add_986                                                                      1355    102.556     0.000      102.556 <none> (D)  
        u_mul                bf16_mul_986                                                                            487     38.827     0.000       38.827 <none> (D)  
    g_row[30].g_col[27].u_pe pe_987                                                                                 1939    164.229     0.000      164.229 <none> (D)  
      u_mac                  bf16_mac_unit_987                                                                      1842    141.776     0.000      141.776 <none> (D)  
        u_add                bf16_fp32_add_987                                                                      1358    103.037     0.000      103.037 <none> (D)  
        u_mul                bf16_mul_987                                                                            484     38.739     0.000       38.739 <none> (D)  
    g_row[30].g_col[28].u_pe pe_988                                                                                 1941    163.981     0.000      163.981 <none> (D)  
      u_mac                  bf16_mac_unit_988                                                                      1844    141.528     0.000      141.528 <none> (D)  
        u_add                bf16_fp32_add_988                                                                      1355    102.410     0.000      102.410 <none> (D)  
        u_mul                bf16_mul_988                                                                            489     39.118     0.000       39.118 <none> (D)  
    g_row[30].g_col[29].u_pe pe_989                                                                                 1945    164.375     0.000      164.375 <none> (D)  
      u_mac                  bf16_mac_unit_989                                                                      1848    141.922     0.000      141.922 <none> (D)  
        u_add                bf16_fp32_add_989                                                                      1359    102.935     0.000      102.935 <none> (D)  
        u_mul                bf16_mul_989                                                                            489     38.987     0.000       38.987 <none> (D)  
    g_row[30].g_col[2].u_pe  pe_962                                                                                 1957    164.550     0.000      164.550 <none> (D)  
      u_mac                  bf16_mac_unit_962                                                                      1860    142.097     0.000      142.097 <none> (D)  
        u_add                bf16_fp32_add_962                                                                      1371    103.008     0.000      103.008 <none> (D)  
        u_mul                bf16_mul_962                                                                            489     39.089     0.000       39.089 <none> (D)  
    g_row[30].g_col[30].u_pe pe_990                                                                                 1945    164.360     0.000      164.360 <none> (D)  
      u_mac                  bf16_mac_unit_990                                                                      1848    141.907     0.000      141.907 <none> (D)  
        u_add                bf16_fp32_add_990                                                                      1359    102.935     0.000      102.935 <none> (D)  
        u_mul                bf16_mul_990                                                                            489     38.972     0.000       38.972 <none> (D)  
    g_row[30].g_col[31].u_pe pe_991                                                                                 1947    164.346     0.000      164.346 <none> (D)  
      u_mac                  bf16_mac_unit_991                                                                      1850    141.893     0.000      141.893 <none> (D)  
        u_add                bf16_fp32_add_991                                                                      1362    102.760     0.000      102.760 <none> (D)  
        u_mul                bf16_mul_991                                                                            488     39.133     0.000       39.133 <none> (D)  
    g_row[30].g_col[3].u_pe  pe_963                                                                                 1944    164.156     0.000      164.156 <none> (D)  
      u_mac                  bf16_mac_unit_963                                                                      1847    141.703     0.000      141.703 <none> (D)  
        u_add                bf16_fp32_add_963                                                                      1359    102.672     0.000      102.672 <none> (D)  
        u_mul                bf16_mul_963                                                                            488     39.031     0.000       39.031 <none> (D)  
    g_row[30].g_col[4].u_pe  pe_964                                                                                 1940    163.967     0.000      163.967 <none> (D)  
      u_mac                  bf16_mac_unit_964                                                                      1843    141.513     0.000      141.513 <none> (D)  
        u_add                bf16_fp32_add_964                                                                      1354    102.395     0.000      102.395 <none> (D)  
        u_mul                bf16_mul_964                                                                            489     39.118     0.000       39.118 <none> (D)  
    g_row[30].g_col[5].u_pe  pe_965                                                                                 1962    165.323     0.000      165.323 <none> (D)  
      u_mac                  bf16_mac_unit_965                                                                      1865    142.869     0.000      142.869 <none> (D)  
        u_add                bf16_fp32_add_965                                                                      1377    103.868     0.000      103.868 <none> (D)  
        u_mul                bf16_mul_965                                                                            488     39.002     0.000       39.002 <none> (D)  
    g_row[30].g_col[6].u_pe  pe_966                                                                                 1949    164.258     0.000      164.258 <none> (D)  
      u_mac                  bf16_mac_unit_966                                                                      1852    141.805     0.000      141.805 <none> (D)  
        u_add                bf16_fp32_add_966                                                                      1360    102.570     0.000      102.570 <none> (D)  
        u_mul                bf16_mul_966                                                                            492     39.235     0.000       39.235 <none> (D)  
    g_row[30].g_col[7].u_pe  pe_967                                                                                 1935    164.010     0.000      164.010 <none> (D)  
      u_mac                  bf16_mac_unit_967                                                                      1838    141.557     0.000      141.557 <none> (D)  
        u_add                bf16_fp32_add_967                                                                      1351    102.468     0.000      102.468 <none> (D)  
        u_mul                bf16_mul_967                                                                            487     39.089     0.000       39.089 <none> (D)  
    g_row[30].g_col[8].u_pe  pe_968                                                                                 1961    164.637     0.000      164.637 <none> (D)  
      u_mac                  bf16_mac_unit_968                                                                      1864    142.184     0.000      142.184 <none> (D)  
        u_add                bf16_fp32_add_968                                                                      1372    102.979     0.000      102.979 <none> (D)  
        u_mul                bf16_mul_968                                                                            492     39.206     0.000       39.206 <none> (D)  
    g_row[30].g_col[9].u_pe  pe_969                                                                                 2041    169.332     0.000      169.332 <none> (D)  
      u_mac                  bf16_mac_unit_969                                                                      1944    146.879     0.000      146.879 <none> (D)  
        u_add                bf16_fp32_add_969                                                                      1460    107.863     0.000      107.863 <none> (D)  
        u_mul                bf16_mul_969                                                                            484     39.016     0.000       39.016 <none> (D)  
    g_row[31].g_col[0].u_pe  pe_992                                                                                 1948    165.396     0.000      165.396 <none> (D)  
      u_mac                  bf16_mac_unit_992                                                                      1851    142.942     0.000      142.942 <none> (D)  
        u_add                bf16_fp32_add_992                                                                      1357    103.533     0.000      103.533 <none> (D)  
        u_mul                bf16_mul_992                                                                            494     39.410     0.000       39.410 <none> (D)  
    g_row[31].g_col[10].u_pe pe_1002                                                                                1942    164.696     0.000      164.696 <none> (D)  
      u_mac                  bf16_mac_unit_1002                                                                     1845    142.242     0.000      142.242 <none> (D)  
        u_add                bf16_fp32_add_1002                                                                     1359    103.226     0.000      103.226 <none> (D)  
        u_mul                bf16_mul_1002                                                                           486     39.016     0.000       39.016 <none> (D)  
    g_row[31].g_col[11].u_pe pe_1003                                                                                1921    163.486     0.000      163.486 <none> (D)  
      u_mac                  bf16_mac_unit_1003                                                                     1824    141.032     0.000      141.032 <none> (D)  
        u_add                bf16_fp32_add_1003                                                                     1338    102.177     0.000      102.177 <none> (D)  
        u_mul                bf16_mul_1003                                                                           486     38.856     0.000       38.856 <none> (D)  
    g_row[31].g_col[12].u_pe pe_1004                                                                                1946    164.973     0.000      164.973 <none> (D)  
      u_mac                  bf16_mac_unit_1004                                                                     1849    142.519     0.000      142.519 <none> (D)  
        u_add                bf16_fp32_add_1004                                                                     1357    103.183     0.000      103.183 <none> (D)  
        u_mul                bf16_mul_1004                                                                           492     39.337     0.000       39.337 <none> (D)  
    g_row[31].g_col[13].u_pe pe_1005                                                                                1923    164.185     0.000      164.185 <none> (D)  
      u_mac                  bf16_mac_unit_1005                                                                     1825    141.659     0.000      141.659 <none> (D)  
        u_add                bf16_fp32_add_1005                                                                     1336    102.410     0.000      102.410 <none> (D)  
        u_mul                bf16_mul_1005                                                                           489     39.249     0.000       39.249 <none> (D)  
    g_row[31].g_col[14].u_pe pe_1006                                                                                1935    164.404     0.000      164.404 <none> (D)  
      u_mac                  bf16_mac_unit_1006                                                                     1837    141.878     0.000      141.878 <none> (D)  
        u_add                bf16_fp32_add_1006                                                                     1357    103.226     0.000      103.226 <none> (D)  
        u_mul                bf16_mul_1006                                                                           480     38.652     0.000       38.652 <none> (D)  
    g_row[31].g_col[15].u_pe pe_1007                                                                                1941    164.739     0.000      164.739 <none> (D)  
      u_mac                  bf16_mac_unit_1007                                                                     1843    142.213     0.000      142.213 <none> (D)  
        u_add                bf16_fp32_add_1007                                                                     1352    103.037     0.000      103.037 <none> (D)  
        u_mul                bf16_mul_1007                                                                           491     39.176     0.000       39.176 <none> (D)  
    g_row[31].g_col[16].u_pe pe_1008                                                                                1942    164.739     0.000      164.739 <none> (D)  
      u_mac                  bf16_mac_unit_1008                                                                     1844    142.213     0.000      142.213 <none> (D)  
        u_add                bf16_fp32_add_1008                                                                     1352    103.022     0.000      103.022 <none> (D)  
        u_mul                bf16_mul_1008                                                                           492     39.191     0.000       39.191 <none> (D)  
    g_row[31].g_col[17].u_pe pe_1009                                                                                1928    164.360     0.000      164.360 <none> (D)  
      u_mac                  bf16_mac_unit_1009                                                                     1830    141.834     0.000      141.834 <none> (D)  
        u_add                bf16_fp32_add_1009                                                                     1337    102.264     0.000      102.264 <none> (D)  
        u_mul                bf16_mul_1009                                                                           492     39.497     0.000       39.497 <none> (D)  
    g_row[31].g_col[18].u_pe pe_1010                                                                                1931    164.419     0.000      164.419 <none> (D)  
      u_mac                  bf16_mac_unit_1010                                                                     1833    141.893     0.000      141.893 <none> (D)  
        u_add                bf16_fp32_add_1010                                                                     1337    102.264     0.000      102.264 <none> (D)  
        u_mul                bf16_mul_1010                                                                           495     39.556     0.000       39.556 <none> (D)  
    g_row[31].g_col[19].u_pe pe_1011                                                                                1937    164.783     0.000      164.783 <none> (D)  
      u_mac                  bf16_mac_unit_1011                                                                     1839    142.257     0.000      142.257 <none> (D)  
        u_add                bf16_fp32_add_1011                                                                     1350    103.022     0.000      103.022 <none> (D)  
        u_mul                bf16_mul_1011                                                                           489     39.235     0.000       39.235 <none> (D)  
    g_row[31].g_col[1].u_pe  pe_993                                                                                 1977    167.218     0.000      167.218 <none> (D)  
      u_mac                  bf16_mac_unit_993                                                                      1880    144.765     0.000      144.765 <none> (D)  
        u_add                bf16_fp32_add_993                                                                      1384    105.224     0.000      105.224 <none> (D)  
        u_mul                bf16_mul_993                                                                            496     39.541     0.000       39.541 <none> (D)  
    g_row[31].g_col[20].u_pe pe_1012                                                                                1936    164.346     0.000      164.346 <none> (D)  
      u_mac                  bf16_mac_unit_1012                                                                     1838    141.820     0.000      141.820 <none> (D)  
        u_add                bf16_fp32_add_1012                                                                     1357    103.153     0.000      103.153 <none> (D)  
        u_mul                bf16_mul_1012                                                                           481     38.666     0.000       38.666 <none> (D)  
    g_row[31].g_col[21].u_pe pe_1013                                                                                1920    163.602     0.000      163.602 <none> (D)  
      u_mac                  bf16_mac_unit_1013                                                                     1822    141.076     0.000      141.076 <none> (D)  
        u_add                bf16_fp32_add_1013                                                                     1337    102.235     0.000      102.235 <none> (D)  
        u_mul                bf16_mul_1013                                                                           485     38.841     0.000       38.841 <none> (D)  
    g_row[31].g_col[22].u_pe pe_1014                                                                                1946    164.973     0.000      164.973 <none> (D)  
      u_mac                  bf16_mac_unit_1014                                                                     1849    142.519     0.000      142.519 <none> (D)  
        u_add                bf16_fp32_add_1014                                                                     1357    103.183     0.000      103.183 <none> (D)  
        u_mul                bf16_mul_1014                                                                           492     39.337     0.000       39.337 <none> (D)  
    g_row[31].g_col[23].u_pe pe_1015                                                                                1914    163.573     0.000      163.573 <none> (D)  
      u_mac                  bf16_mac_unit_1015                                                                     1817    141.120     0.000      141.120 <none> (D)  
        u_add                bf16_fp32_add_1015                                                                     1331    102.264     0.000      102.264 <none> (D)  
        u_mul                bf16_mul_1015                                                                           486     38.856     0.000       38.856 <none> (D)  
    g_row[31].g_col[24].u_pe pe_1016                                                                                1907    163.179     0.000      163.179 <none> (D)  
      u_mac                  bf16_mac_unit_1016                                                                     1810    140.726     0.000      140.726 <none> (D)  
        u_add                bf16_fp32_add_1016                                                                     1330    101.943     0.000      101.943 <none> (D)  
        u_mul                bf16_mul_1016                                                                           480     38.783     0.000       38.783 <none> (D)  
    g_row[31].g_col[25].u_pe pe_1017                                                                                1925    163.777     0.000      163.777 <none> (D)  
      u_mac                  bf16_mac_unit_1017                                                                     1828    141.324     0.000      141.324 <none> (D)  
        u_add                bf16_fp32_add_1017                                                                     1335    102.031     0.000      102.031 <none> (D)  
        u_mul                bf16_mul_1017                                                                           493     39.293     0.000       39.293 <none> (D)  
    g_row[31].g_col[26].u_pe pe_1018                                                                                1936    164.375     0.000      164.375 <none> (D)  
      u_mac                  bf16_mac_unit_1018                                                                     1838    141.849     0.000      141.849 <none> (D)  
        u_add                bf16_fp32_add_1018                                                                     1357    103.183     0.000      103.183 <none> (D)  
        u_mul                bf16_mul_1018                                                                           481     38.666     0.000       38.666 <none> (D)  
    g_row[31].g_col[27].u_pe pe_1019                                                                                1916    163.821     0.000      163.821 <none> (D)  
      u_mac                  bf16_mac_unit_1019                                                                     1818    141.295     0.000      141.295 <none> (D)  
        u_add                bf16_fp32_add_1019                                                                     1330    102.060     0.000      102.060 <none> (D)  
        u_mul                bf16_mul_1019                                                                           488     39.235     0.000       39.235 <none> (D)  
    g_row[31].g_col[28].u_pe pe_1020                                                                                1919    163.748     0.000      163.748 <none> (D)  
      u_mac                  bf16_mac_unit_1020                                                                     1821    141.222     0.000      141.222 <none> (D)  
        u_add                bf16_fp32_add_1020                                                                     1331    102.031     0.000      102.031 <none> (D)  
        u_mul                bf16_mul_1020                                                                           490     39.191     0.000       39.191 <none> (D)  
    g_row[31].g_col[29].u_pe pe_1021                                                                                1938    164.360     0.000      164.360 <none> (D)  
      u_mac                  bf16_mac_unit_1021                                                                     1840    141.834     0.000      141.834 <none> (D)  
        u_add                bf16_fp32_add_1021                                                                     1350    102.687     0.000      102.687 <none> (D)  
        u_mul                bf16_mul_1021                                                                           490     39.147     0.000       39.147 <none> (D)  
    g_row[31].g_col[2].u_pe  pe_994                                                                                 1994    167.495     0.000      167.495 <none> (D)  
      u_mac                  bf16_mac_unit_994                                                                      1897    145.042     0.000      145.042 <none> (D)  
        u_add                bf16_fp32_add_994                                                                      1398    105.443     0.000      105.443 <none> (D)  
        u_mul                bf16_mul_994                                                                            499     39.599     0.000       39.599 <none> (D)  
    g_row[31].g_col[30].u_pe pe_1022                                                                                1913    162.946     0.000      162.946 <none> (D)  
      u_mac                  bf16_mac_unit_1022                                                                     1816    140.493     0.000      140.493 <none> (D)  
        u_add                bf16_fp32_add_1022                                                                     1333    101.827     0.000      101.827 <none> (D)  
        u_mul                bf16_mul_1022                                                                           482     38.593     0.000       38.593 <none> (D)  
    g_row[31].g_col[31].u_pe pe_1023                                                                                1928    164.112     0.000      164.112 <none> (D)  
      u_mac                  bf16_mac_unit_1023                                                                     1830    141.586     0.000      141.586 <none> (D)  
        u_add                bf16_fp32_add_1023                                                                     1339    102.279     0.000      102.279 <none> (D)  
        u_mul                bf16_mul_1023                                                                           490     39.235     0.000       39.235 <none> (D)  
    g_row[31].g_col[3].u_pe  pe_995                                                                                 2022    169.274     0.000      169.274 <none> (D)  
      u_mac                  bf16_mac_unit_995                                                                      1924    146.748     0.000      146.748 <none> (D)  
        u_add                bf16_fp32_add_995                                                                      1431    107.338     0.000      107.338 <none> (D)  
        u_mul                bf16_mul_995                                                                            493     39.410     0.000       39.410 <none> (D)  
    g_row[31].g_col[4].u_pe  pe_996                                                                                 2010    168.486     0.000      168.486 <none> (D)  
      u_mac                  bf16_mac_unit_996                                                                      1913    146.033     0.000      146.033 <none> (D)  
        u_add                bf16_fp32_add_996                                                                      1414    106.405     0.000      106.405 <none> (D)  
        u_mul                bf16_mul_996                                                                            499     39.628     0.000       39.628 <none> (D)  
    g_row[31].g_col[5].u_pe  pe_997                                                                                 1964    166.387     0.000      166.387 <none> (D)  
      u_mac                  bf16_mac_unit_997                                                                      1867    143.934     0.000      143.934 <none> (D)  
        u_add                bf16_fp32_add_997                                                                      1371    104.582     0.000      104.582 <none> (D)  
        u_mul                bf16_mul_997                                                                            496     39.351     0.000       39.351 <none> (D)  
    g_row[31].g_col[6].u_pe  pe_998                                                                                 1998    167.830     0.000      167.830 <none> (D)  
      u_mac                  bf16_mac_unit_998                                                                      1901    145.377     0.000      145.377 <none> (D)  
        u_add                bf16_fp32_add_998                                                                      1407    105.997     0.000      105.997 <none> (D)  
        u_mul                bf16_mul_998                                                                            494     39.381     0.000       39.381 <none> (D)  
    g_row[31].g_col[7].u_pe  pe_999                                                                                 2038    169.959     0.000      169.959 <none> (D)  
      u_mac                  bf16_mac_unit_999                                                                      1941    147.506     0.000      147.506 <none> (D)  
        u_add                bf16_fp32_add_999                                                                      1449    108.242     0.000      108.242 <none> (D)  
        u_mul                bf16_mul_999                                                                            492     39.264     0.000       39.264 <none> (D)  
    g_row[31].g_col[8].u_pe  pe_1000                                                                                1962    165.527     0.000      165.527 <none> (D)  
      u_mac                  bf16_mac_unit_1000                                                                     1864    142.986     0.000      142.986 <none> (D)  
        u_add                bf16_fp32_add_1000                                                                     1374    103.810     0.000      103.810 <none> (D)  
        u_mul                bf16_mul_1000                                                                           489     39.104     0.000       39.104 <none> (D)  
    g_row[31].g_col[9].u_pe  pe_1001                                                                                1924    163.748     0.000      163.748 <none> (D)  
      u_mac                  bf16_mac_unit_1001                                                                     1827    141.295     0.000      141.295 <none> (D)  
        u_add                bf16_fp32_add_1001                                                                     1335    102.045     0.000      102.045 <none> (D)  
        u_mul                bf16_mul_1001                                                                           492     39.249     0.000       39.249 <none> (D)  
    g_row[3].g_col[0].u_pe   pe_96                                                                                  1987    166.372     0.000      166.372 <none> (D)  
      u_mac                  bf16_mac_unit_96                                                                       1890    143.919     0.000      143.919 <none> (D)  
        u_add                bf16_fp32_add_96                                                                       1403    104.160     0.000      104.160 <none> (D)  
        u_mul                bf16_mul_96                                                                             486     39.687     0.000       39.687 <none> (D)  
    g_row[3].g_col[10].u_pe  pe_106                                                                                 2005    167.203     0.000      167.203 <none> (D)  
      u_mac                  bf16_mac_unit_106                                                                      1908    144.750     0.000      144.750 <none> (D)  
        u_add                bf16_fp32_add_106                                                                      1423    105.034     0.000      105.034 <none> (D)  
        u_mul                bf16_mul_106                                                                            484     39.643     0.000       39.643 <none> (D)  
    g_row[3].g_col[11].u_pe  pe_107                                                                                 2021    167.889     0.000      167.889 <none> (D)  
      u_mac                  bf16_mac_unit_107                                                                      1924    145.435     0.000      145.435 <none> (D)  
        u_add                bf16_fp32_add_107                                                                      1437    105.676     0.000      105.676 <none> (D)  
        u_mul                bf16_mul_107                                                                            485     39.614     0.000       39.614 <none> (D)  
    g_row[3].g_col[12].u_pe  pe_108                                                                                 2021    167.889     0.000      167.889 <none> (D)  
      u_mac                  bf16_mac_unit_108                                                                      1924    145.435     0.000      145.435 <none> (D)  
        u_add                bf16_fp32_add_108                                                                      1437    105.676     0.000      105.676 <none> (D)  
        u_mul                bf16_mul_108                                                                            485     39.614     0.000       39.614 <none> (D)  
    g_row[3].g_col[13].u_pe  pe_109                                                                                 1999    166.795     0.000      166.795 <none> (D)  
      u_mac                  bf16_mac_unit_109                                                                      1902    144.342     0.000      144.342 <none> (D)  
        u_add                bf16_fp32_add_109                                                                      1416    104.816     0.000      104.816 <none> (D)  
        u_mul                bf16_mul_109                                                                            485     39.453     0.000       39.453 <none> (D)  
    g_row[3].g_col[14].u_pe  pe_110                                                                                 1994    166.824     0.000      166.824 <none> (D)  
      u_mac                  bf16_mac_unit_110                                                                      1897    144.371     0.000      144.371 <none> (D)  
        u_add                bf16_fp32_add_110                                                                      1405    104.349     0.000      104.349 <none> (D)  
        u_mul                bf16_mul_110                                                                            490     39.876     0.000       39.876 <none> (D)  
    g_row[3].g_col[15].u_pe  pe_111                                                                                 2023    168.064     0.000      168.064 <none> (D)  
      u_mac                  bf16_mac_unit_111                                                                      1926    145.610     0.000      145.610 <none> (D)  
        u_add                bf16_fp32_add_111                                                                      1436    105.792     0.000      105.792 <none> (D)  
        u_mul                bf16_mul_111                                                                            489     39.745     0.000       39.745 <none> (D)  
    g_row[3].g_col[16].u_pe  pe_112                                                                                 1994    166.533     0.000      166.533 <none> (D)  
      u_mac                  bf16_mac_unit_112                                                                      1897    144.080     0.000      144.080 <none> (D)  
        u_add                bf16_fp32_add_112                                                                      1413    104.509     0.000      104.509 <none> (D)  
        u_mul                bf16_mul_112                                                                            484     39.570     0.000       39.570 <none> (D)  
    g_row[3].g_col[17].u_pe  pe_113                                                                                 1978    166.504     0.000      166.504 <none> (D)  
      u_mac                  bf16_mac_unit_113                                                                      1881    144.050     0.000      144.050 <none> (D)  
        u_add                bf16_fp32_add_113                                                                      1393    104.130     0.000      104.130 <none> (D)  
        u_mul                bf16_mul_113                                                                            487     39.847     0.000       39.847 <none> (D)  
    g_row[3].g_col[18].u_pe  pe_114                                                                                 1980    166.708     0.000      166.708 <none> (D)  
      u_mac                  bf16_mac_unit_114                                                                      1883    144.255     0.000      144.255 <none> (D)  
        u_add                bf16_fp32_add_114                                                                      1396    104.378     0.000      104.378 <none> (D)  
        u_mul                bf16_mul_114                                                                            487     39.876     0.000       39.876 <none> (D)  
    g_row[3].g_col[19].u_pe  pe_115                                                                                 1989    166.431     0.000      166.431 <none> (D)  
      u_mac                  bf16_mac_unit_115                                                                      1892    143.977     0.000      143.977 <none> (D)  
        u_add                bf16_fp32_add_115                                                                      1408    104.451     0.000      104.451 <none> (D)  
        u_mul                bf16_mul_115                                                                            484     39.526     0.000       39.526 <none> (D)  
    g_row[3].g_col[1].u_pe   pe_97                                                                                  1985    167.014     0.000      167.014 <none> (D)  
      u_mac                  bf16_mac_unit_97                                                                       1888    144.561     0.000      144.561 <none> (D)  
        u_add                bf16_fp32_add_97                                                                       1400    104.641     0.000      104.641 <none> (D)  
        u_mul                bf16_mul_97                                                                             487     39.847     0.000       39.847 <none> (D)  
    g_row[3].g_col[20].u_pe  pe_116                                                                                 1996    166.766     0.000      166.766 <none> (D)  
      u_mac                  bf16_mac_unit_116                                                                      1899    144.313     0.000      144.313 <none> (D)  
        u_add                bf16_fp32_add_116                                                                      1413    104.612     0.000      104.612 <none> (D)  
        u_mul                bf16_mul_116                                                                            485     39.628     0.000       39.628 <none> (D)  
    g_row[3].g_col[21].u_pe  pe_117                                                                                 1989    166.956     0.000      166.956 <none> (D)  
      u_mac                  bf16_mac_unit_117                                                                      1892    144.502     0.000      144.502 <none> (D)  
        u_add                bf16_fp32_add_117                                                                      1400    104.451     0.000      104.451 <none> (D)  
        u_mul                bf16_mul_117                                                                            490     39.905     0.000       39.905 <none> (D)  
    g_row[3].g_col[22].u_pe  pe_118                                                                                 1995    166.970     0.000      166.970 <none> (D)  
      u_mac                  bf16_mac_unit_118                                                                      1898    144.517     0.000      144.517 <none> (D)  
        u_add                bf16_fp32_add_118                                                                      1408    104.495     0.000      104.495 <none> (D)  
        u_mul                bf16_mul_118                                                                            489     39.949     0.000       39.949 <none> (D)  
    g_row[3].g_col[23].u_pe  pe_119                                                                                 2000    166.912     0.000      166.912 <none> (D)  
      u_mac                  bf16_mac_unit_119                                                                      1903    144.459     0.000      144.459 <none> (D)  
        u_add                bf16_fp32_add_119                                                                      1413    104.553     0.000      104.553 <none> (D)  
        u_mul                bf16_mul_119                                                                            488     39.760     0.000       39.760 <none> (D)  
    g_row[3].g_col[24].u_pe  pe_120                                                                                 2017    167.860     0.000      167.860 <none> (D)  
      u_mac                  bf16_mac_unit_120                                                                      1920    145.406     0.000      145.406 <none> (D)  
        u_add                bf16_fp32_add_120                                                                      1426    105.282     0.000      105.282 <none> (D)  
        u_mul                bf16_mul_120                                                                            492     39.978     0.000       39.978 <none> (D)  
    g_row[3].g_col[25].u_pe  pe_121                                                                                 2005    167.291     0.000      167.291 <none> (D)  
      u_mac                  bf16_mac_unit_121                                                                      1908    144.838     0.000      144.838 <none> (D)  
        u_add                bf16_fp32_add_121                                                                      1422    105.107     0.000      105.107 <none> (D)  
        u_mul                bf16_mul_121                                                                            485     39.658     0.000       39.658 <none> (D)  
    g_row[3].g_col[26].u_pe  pe_122                                                                                 2000    166.941     0.000      166.941 <none> (D)  
      u_mac                  bf16_mac_unit_122                                                                      1903    144.488     0.000      144.488 <none> (D)  
        u_add                bf16_fp32_add_122                                                                      1413    104.582     0.000      104.582 <none> (D)  
        u_mul                bf16_mul_122                                                                            488     39.760     0.000       39.760 <none> (D)  
    g_row[3].g_col[27].u_pe  pe_123                                                                                 1987    166.416     0.000      166.416 <none> (D)  
      u_mac                  bf16_mac_unit_123                                                                      1890    143.963     0.000      143.963 <none> (D)  
        u_add                bf16_fp32_add_123                                                                      1403    104.203     0.000      104.203 <none> (D)  
        u_mul                bf16_mul_123                                                                            486     39.687     0.000       39.687 <none> (D)  
    g_row[3].g_col[28].u_pe  pe_124                                                                                 1993    166.693     0.000      166.693 <none> (D)  
      u_mac                  bf16_mac_unit_124                                                                      1896    144.240     0.000      144.240 <none> (D)  
        u_add                bf16_fp32_add_124                                                                      1404    104.262     0.000      104.262 <none> (D)  
        u_mul                bf16_mul_124                                                                            490     39.833     0.000       39.833 <none> (D)  
    g_row[3].g_col[29].u_pe  pe_125                                                                                 2002    167.116     0.000      167.116 <none> (D)  
      u_mac                  bf16_mac_unit_125                                                                      1905    144.663     0.000      144.663 <none> (D)  
        u_add                bf16_fp32_add_125                                                                      1415    104.684     0.000      104.684 <none> (D)  
        u_mul                bf16_mul_125                                                                            488     39.833     0.000       39.833 <none> (D)  
    g_row[3].g_col[2].u_pe   pe_98                                                                                  1994    166.679     0.000      166.679 <none> (D)  
      u_mac                  bf16_mac_unit_98                                                                       1897    144.225     0.000      144.225 <none> (D)  
        u_add                bf16_fp32_add_98                                                                       1405    104.247     0.000      104.247 <none> (D)  
        u_mul                bf16_mul_98                                                                             490     39.833     0.000       39.833 <none> (D)  
    g_row[3].g_col[30].u_pe  pe_126                                                                                 1987    166.372     0.000      166.372 <none> (D)  
      u_mac                  bf16_mac_unit_126                                                                      1890    143.919     0.000      143.919 <none> (D)  
        u_add                bf16_fp32_add_126                                                                      1403    104.160     0.000      104.160 <none> (D)  
        u_mul                bf16_mul_126                                                                            486     39.687     0.000       39.687 <none> (D)  
    g_row[3].g_col[31].u_pe  pe_127                                                                                 1985    167.014     0.000      167.014 <none> (D)  
      u_mac                  bf16_mac_unit_127                                                                      1888    144.561     0.000      144.561 <none> (D)  
        u_add                bf16_fp32_add_127                                                                      1400    104.641     0.000      104.641 <none> (D)  
        u_mul                bf16_mul_127                                                                            487     39.847     0.000       39.847 <none> (D)  
    g_row[3].g_col[3].u_pe   pe_99                                                                                  2017    167.860     0.000      167.860 <none> (D)  
      u_mac                  bf16_mac_unit_99                                                                       1920    145.406     0.000      145.406 <none> (D)  
        u_add                bf16_fp32_add_99                                                                       1426    105.282     0.000      105.282 <none> (D)  
        u_mul                bf16_mul_99                                                                             492     39.978     0.000       39.978 <none> (D)  
    g_row[3].g_col[4].u_pe   pe_100                                                                                 1994    166.474     0.000      166.474 <none> (D)  
      u_mac                  bf16_mac_unit_100                                                                      1897    144.021     0.000      144.021 <none> (D)  
        u_add                bf16_fp32_add_100                                                                      1413    104.480     0.000      104.480 <none> (D)  
        u_mul                bf16_mul_100                                                                            484     39.541     0.000       39.541 <none> (D)  
    g_row[3].g_col[5].u_pe   pe_101                                                                                 1984    166.037     0.000      166.037 <none> (D)  
      u_mac                  bf16_mac_unit_101                                                                      1887    143.584     0.000      143.584 <none> (D)  
        u_add                bf16_fp32_add_101                                                                      1403    104.160     0.000      104.160 <none> (D)  
        u_mul                bf16_mul_101                                                                            484     39.424     0.000       39.424 <none> (D)  
    g_row[3].g_col[6].u_pe   pe_102                                                                                 1994    166.824     0.000      166.824 <none> (D)  
      u_mac                  bf16_mac_unit_102                                                                      1897    144.371     0.000      144.371 <none> (D)  
        u_add                bf16_fp32_add_102                                                                      1405    104.349     0.000      104.349 <none> (D)  
        u_mul                bf16_mul_102                                                                            490     39.876     0.000       39.876 <none> (D)  
    g_row[3].g_col[7].u_pe   pe_103                                                                                 1995    166.883     0.000      166.883 <none> (D)  
      u_mac                  bf16_mac_unit_103                                                                      1898    144.429     0.000      144.429 <none> (D)  
        u_add                bf16_fp32_add_103                                                                      1406    104.407     0.000      104.407 <none> (D)  
        u_mul                bf16_mul_103                                                                            490     39.876     0.000       39.876 <none> (D)  
    g_row[3].g_col[8].u_pe   pe_104                                                                                 1997    166.737     0.000      166.737 <none> (D)  
      u_mac                  bf16_mac_unit_104                                                                      1900    144.284     0.000      144.284 <none> (D)  
        u_add                bf16_fp32_add_104                                                                      1416    104.816     0.000      104.816 <none> (D)  
        u_mul                bf16_mul_104                                                                            484     39.468     0.000       39.468 <none> (D)  
    g_row[3].g_col[9].u_pe   pe_105                                                                                 1987    166.387     0.000      166.387 <none> (D)  
      u_mac                  bf16_mac_unit_105                                                                      1890    143.934     0.000      143.934 <none> (D)  
        u_add                bf16_fp32_add_105                                                                      1403    104.174     0.000      104.174 <none> (D)  
        u_mul                bf16_mul_105                                                                            486     39.687     0.000       39.687 <none> (D)  
    g_row[4].g_col[0].u_pe   pe_128                                                                                 1976    165.541     0.000      165.541 <none> (D)  
      u_mac                  bf16_mac_unit_128                                                                      1879    143.088     0.000      143.088 <none> (D)  
        u_add                bf16_fp32_add_128                                                                      1391    103.256     0.000      103.256 <none> (D)  
        u_mul                bf16_mul_128                                                                            488     39.833     0.000       39.833 <none> (D)  
    g_row[4].g_col[10].u_pe  pe_138                                                                                 2014    167.408     0.000      167.408 <none> (D)  
      u_mac                  bf16_mac_unit_138                                                                      1917    144.954     0.000      144.954 <none> (D)  
        u_add                bf16_fp32_add_138                                                                      1418    104.699     0.000      104.699 <none> (D)  
        u_mul                bf16_mul_138                                                                            499     40.255     0.000       40.255 <none> (D)  
    g_row[4].g_col[11].u_pe  pe_139                                                                                 1995    166.518     0.000      166.518 <none> (D)  
      u_mac                  bf16_mac_unit_139                                                                      1898    144.065     0.000      144.065 <none> (D)  
        u_add                bf16_fp32_add_139                                                                      1405    104.072     0.000      104.072 <none> (D)  
        u_mul                bf16_mul_139                                                                            493     39.993     0.000       39.993 <none> (D)  
    g_row[4].g_col[12].u_pe  pe_140                                                                                 1995    166.489     0.000      166.489 <none> (D)  
      u_mac                  bf16_mac_unit_140                                                                      1898    144.036     0.000      144.036 <none> (D)  
        u_add                bf16_fp32_add_140                                                                      1405    104.043     0.000      104.043 <none> (D)  
        u_mul                bf16_mul_140                                                                            493     39.993     0.000       39.993 <none> (D)  
    g_row[4].g_col[13].u_pe  pe_141                                                                                 1999    166.693     0.000      166.693 <none> (D)  
      u_mac                  bf16_mac_unit_141                                                                      1902    144.240     0.000      144.240 <none> (D)  
        u_add                bf16_fp32_add_141                                                                      1414    104.553     0.000      104.553 <none> (D)  
        u_mul                bf16_mul_141                                                                            488     39.687     0.000       39.687 <none> (D)  
    g_row[4].g_col[14].u_pe  pe_142                                                                                 2015    167.524     0.000      167.524 <none> (D)  
      u_mac                  bf16_mac_unit_142                                                                      1918    145.071     0.000      145.071 <none> (D)  
        u_add                bf16_fp32_add_142                                                                      1414    104.582     0.000      104.582 <none> (D)  
        u_mul                bf16_mul_142                                                                            504     40.489     0.000       40.489 <none> (D)  
    g_row[4].g_col[15].u_pe  pe_143                                                                                 1999    166.708     0.000      166.708 <none> (D)  
      u_mac                  bf16_mac_unit_143                                                                      1902    144.255     0.000      144.255 <none> (D)  
        u_add                bf16_fp32_add_143                                                                      1414    104.509     0.000      104.509 <none> (D)  
        u_mul                bf16_mul_143                                                                            488     39.745     0.000       39.745 <none> (D)  
    g_row[4].g_col[16].u_pe  pe_144                                                                                 1999    166.693     0.000      166.693 <none> (D)  
      u_mac                  bf16_mac_unit_144                                                                      1902    144.240     0.000      144.240 <none> (D)  
        u_add                bf16_fp32_add_144                                                                      1414    104.495     0.000      104.495 <none> (D)  
        u_mul                bf16_mul_144                                                                            488     39.745     0.000       39.745 <none> (D)  
    g_row[4].g_col[17].u_pe  pe_145                                                                                 1990    166.999     0.000      166.999 <none> (D)  
      u_mac                  bf16_mac_unit_145                                                                      1893    144.546     0.000      144.546 <none> (D)  
        u_add                bf16_fp32_add_145                                                                      1406    104.509     0.000      104.509 <none> (D)  
        u_mul                bf16_mul_145                                                                            485     39.891     0.000       39.891 <none> (D)  
    g_row[4].g_col[18].u_pe  pe_146                                                                                 1990    166.883     0.000      166.883 <none> (D)  
      u_mac                  bf16_mac_unit_146                                                                      1893    144.429     0.000      144.429 <none> (D)  
        u_add                bf16_fp32_add_146                                                                      1406    104.437     0.000      104.437 <none> (D)  
        u_mul                bf16_mul_146                                                                            485     39.847     0.000       39.847 <none> (D)  
    g_row[4].g_col[19].u_pe  pe_147                                                                                 2011    167.320     0.000      167.320 <none> (D)  
      u_mac                  bf16_mac_unit_147                                                                      1914    144.867     0.000      144.867 <none> (D)  
        u_add                bf16_fp32_add_147                                                                      1417    104.728     0.000      104.728 <none> (D)  
        u_mul                bf16_mul_147                                                                            497     40.139     0.000       40.139 <none> (D)  
    g_row[4].g_col[1].u_pe   pe_129                                                                                 1991    166.999     0.000      166.999 <none> (D)  
      u_mac                  bf16_mac_unit_129                                                                      1894    144.546     0.000      144.546 <none> (D)  
        u_add                bf16_fp32_add_129                                                                      1407    104.509     0.000      104.509 <none> (D)  
        u_mul                bf16_mul_129                                                                            485     39.891     0.000       39.891 <none> (D)  
    g_row[4].g_col[20].u_pe  pe_148                                                                                 2006    167.160     0.000      167.160 <none> (D)  
      u_mac                  bf16_mac_unit_148                                                                      1909    144.707     0.000      144.707 <none> (D)  
        u_add                bf16_fp32_add_148                                                                      1416    104.714     0.000      104.714 <none> (D)  
        u_mul                bf16_mul_148                                                                            493     39.993     0.000       39.993 <none> (D)  
    g_row[4].g_col[21].u_pe  pe_149                                                                                 2021    168.341     0.000      168.341 <none> (D)  
      u_mac                  bf16_mac_unit_149                                                                      1924    145.887     0.000      145.887 <none> (D)  
        u_add                bf16_fp32_add_149                                                                      1431    105.895     0.000      105.895 <none> (D)  
        u_mul                bf16_mul_149                                                                            493     39.993     0.000       39.993 <none> (D)  
    g_row[4].g_col[22].u_pe  pe_150                                                                                 2014    167.466     0.000      167.466 <none> (D)  
      u_mac                  bf16_mac_unit_150                                                                      1917    145.013     0.000      145.013 <none> (D)  
        u_add                bf16_fp32_add_150                                                                      1418    104.757     0.000      104.757 <none> (D)  
        u_mul                bf16_mul_150                                                                            499     40.255     0.000       40.255 <none> (D)  
    g_row[4].g_col[23].u_pe  pe_151                                                                                 2015    167.495     0.000      167.495 <none> (D)  
      u_mac                  bf16_mac_unit_151                                                                      1918    145.042     0.000      145.042 <none> (D)  
        u_add                bf16_fp32_add_151                                                                      1414    104.582     0.000      104.582 <none> (D)  
        u_mul                bf16_mul_151                                                                            504     40.459     0.000       40.459 <none> (D)  
    g_row[4].g_col[24].u_pe  pe_152                                                                                 2026    168.020     0.000      168.020 <none> (D)  
      u_mac                  bf16_mac_unit_152                                                                      1929    145.567     0.000      145.567 <none> (D)  
        u_add                bf16_fp32_add_152                                                                      1443    105.938     0.000      105.938 <none> (D)  
        u_mul                bf16_mul_152                                                                            486     39.628     0.000       39.628 <none> (D)  
    g_row[4].g_col[25].u_pe  pe_153                                                                                 2011    167.320     0.000      167.320 <none> (D)  
      u_mac                  bf16_mac_unit_153                                                                      1914    144.867     0.000      144.867 <none> (D)  
        u_add                bf16_fp32_add_153                                                                      1417    104.728     0.000      104.728 <none> (D)  
        u_mul                bf16_mul_153                                                                            497     40.139     0.000       40.139 <none> (D)  
    g_row[4].g_col[26].u_pe  pe_154                                                                                 2028    168.268     0.000      168.268 <none> (D)  
      u_mac                  bf16_mac_unit_154                                                                      1931    145.815     0.000      145.815 <none> (D)  
        u_add                bf16_fp32_add_154                                                                      1438    105.763     0.000      105.763 <none> (D)  
        u_mul                bf16_mul_154                                                                            493     40.051     0.000       40.051 <none> (D)  
    g_row[4].g_col[27].u_pe  pe_155                                                                                 2040    169.172     0.000      169.172 <none> (D)  
      u_mac                  bf16_mac_unit_155                                                                      1943    146.719     0.000      146.719 <none> (D)  
        u_add                bf16_fp32_add_155                                                                      1458    106.842     0.000      106.842 <none> (D)  
        u_mul                bf16_mul_155                                                                            485     39.876     0.000       39.876 <none> (D)  
    g_row[4].g_col[28].u_pe  pe_156                                                                                 2017    167.626     0.000      167.626 <none> (D)  
      u_mac                  bf16_mac_unit_156                                                                      1920    145.173     0.000      145.173 <none> (D)  
        u_add                bf16_fp32_add_156                                                                      1431    105.399     0.000      105.399 <none> (D)  
        u_mul                bf16_mul_156                                                                            489     39.774     0.000       39.774 <none> (D)  
    g_row[4].g_col[29].u_pe  pe_157                                                                                 2021    168.341     0.000      168.341 <none> (D)  
      u_mac                  bf16_mac_unit_157                                                                      1924    145.887     0.000      145.887 <none> (D)  
        u_add                bf16_fp32_add_157                                                                      1431    105.895     0.000      105.895 <none> (D)  
        u_mul                bf16_mul_157                                                                            493     39.993     0.000       39.993 <none> (D)  
    g_row[4].g_col[2].u_pe   pe_130                                                                                 2014    167.291     0.000      167.291 <none> (D)  
      u_mac                  bf16_mac_unit_130                                                                      1917    144.838     0.000      144.838 <none> (D)  
        u_add                bf16_fp32_add_130                                                                      1428    105.063     0.000      105.063 <none> (D)  
        u_mul                bf16_mul_130                                                                            489     39.774     0.000       39.774 <none> (D)  
    g_row[4].g_col[30].u_pe  pe_158                                                                                 2045    169.347     0.000      169.347 <none> (D)  
      u_mac                  bf16_mac_unit_158                                                                      1948    146.893     0.000      146.893 <none> (D)  
        u_add                bf16_fp32_add_158                                                                      1463    107.017     0.000      107.017 <none> (D)  
        u_mul                bf16_mul_158                                                                            485     39.876     0.000       39.876 <none> (D)  
    g_row[4].g_col[31].u_pe  pe_159                                                                                 1990    166.999     0.000      166.999 <none> (D)  
      u_mac                  bf16_mac_unit_159                                                                      1893    144.546     0.000      144.546 <none> (D)  
        u_add                bf16_fp32_add_159                                                                      1406    104.509     0.000      104.509 <none> (D)  
        u_mul                bf16_mul_159                                                                            485     39.891     0.000       39.891 <none> (D)  
    g_row[4].g_col[3].u_pe   pe_131                                                                                 2016    167.568     0.000      167.568 <none> (D)  
      u_mac                  bf16_mac_unit_131                                                                      1919    145.115     0.000      145.115 <none> (D)  
        u_add                bf16_fp32_add_131                                                                      1430    105.355     0.000      105.355 <none> (D)  
        u_mul                bf16_mul_131                                                                            489     39.760     0.000       39.760 <none> (D)  
    g_row[4].g_col[4].u_pe   pe_132                                                                                 1999    166.649     0.000      166.649 <none> (D)  
      u_mac                  bf16_mac_unit_132                                                                      1902    144.196     0.000      144.196 <none> (D)  
        u_add                bf16_fp32_add_132                                                                      1414    104.509     0.000      104.509 <none> (D)  
        u_mul                bf16_mul_132                                                                            488     39.687     0.000       39.687 <none> (D)  
    g_row[4].g_col[5].u_pe   pe_133                                                                                 1999    166.649     0.000      166.649 <none> (D)  
      u_mac                  bf16_mac_unit_133                                                                      1902    144.196     0.000      144.196 <none> (D)  
        u_add                bf16_fp32_add_133                                                                      1414    104.509     0.000      104.509 <none> (D)  
        u_mul                bf16_mul_133                                                                            488     39.687     0.000       39.687 <none> (D)  
    g_row[4].g_col[6].u_pe   pe_134                                                                                 2015    167.495     0.000      167.495 <none> (D)  
      u_mac                  bf16_mac_unit_134                                                                      1918    145.042     0.000      145.042 <none> (D)  
        u_add                bf16_fp32_add_134                                                                      1414    104.582     0.000      104.582 <none> (D)  
        u_mul                bf16_mul_134                                                                            504     40.459     0.000       40.459 <none> (D)  
    g_row[4].g_col[7].u_pe   pe_135                                                                                 2015    167.495     0.000      167.495 <none> (D)  
      u_mac                  bf16_mac_unit_135                                                                      1918    145.042     0.000      145.042 <none> (D)  
        u_add                bf16_fp32_add_135                                                                      1414    104.553     0.000      104.553 <none> (D)  
        u_mul                bf16_mul_135                                                                            504     40.489     0.000       40.489 <none> (D)  
    g_row[4].g_col[8].u_pe   pe_136                                                                                 2006    167.116     0.000      167.116 <none> (D)  
      u_mac                  bf16_mac_unit_136                                                                      1909    144.663     0.000      144.663 <none> (D)  
        u_add                bf16_fp32_add_136                                                                      1421    104.889     0.000      104.889 <none> (D)  
        u_mul                bf16_mul_136                                                                            488     39.774     0.000       39.774 <none> (D)  
    g_row[4].g_col[9].u_pe   pe_137                                                                                 2001    166.897     0.000      166.897 <none> (D)  
      u_mac                  bf16_mac_unit_137                                                                      1904    144.444     0.000      144.444 <none> (D)  
        u_add                bf16_fp32_add_137                                                                      1416    104.612     0.000      104.612 <none> (D)  
        u_mul                bf16_mul_137                                                                            488     39.833     0.000       39.833 <none> (D)  
    g_row[5].g_col[0].u_pe   pe_160                                                                                 2050    170.047     0.000      170.047 <none> (D)  
      u_mac                  bf16_mac_unit_160                                                                      1952    147.520     0.000      147.520 <none> (D)  
        u_add                bf16_fp32_add_160                                                                      1429    106.390     0.000      106.390 <none> (D)  
        u_mul                bf16_mul_160                                                                            523     41.130     0.000       41.130 <none> (D)  
    g_row[5].g_col[10].u_pe  pe_170                                                                                 2027    168.749     0.000      168.749 <none> (D)  
      u_mac                  bf16_mac_unit_170                                                                      1930    146.281     0.000      146.281 <none> (D)  
        u_add                bf16_fp32_add_170                                                                      1408    105.457     0.000      105.457 <none> (D)  
        u_mul                bf16_mul_170                                                                            522     40.824     0.000       40.824 <none> (D)  
    g_row[5].g_col[11].u_pe  pe_171                                                                                 2024    168.370     0.000      168.370 <none> (D)  
      u_mac                  bf16_mac_unit_171                                                                      1927    145.902     0.000      145.902 <none> (D)  
        u_add                bf16_fp32_add_171                                                                      1409    105.311     0.000      105.311 <none> (D)  
        u_mul                bf16_mul_171                                                                            518     40.591     0.000       40.591 <none> (D)  
    g_row[5].g_col[12].u_pe  pe_172                                                                                 2030    168.705     0.000      168.705 <none> (D)  
      u_mac                  bf16_mac_unit_172                                                                      1933    146.237     0.000      146.237 <none> (D)  
        u_add                bf16_fp32_add_172                                                                      1413    105.515     0.000      105.515 <none> (D)  
        u_mul                bf16_mul_172                                                                            520     40.722     0.000       40.722 <none> (D)  
    g_row[5].g_col[13].u_pe  pe_173                                                                                 2048    169.886     0.000      169.886 <none> (D)  
      u_mac                  bf16_mac_unit_173                                                                      1951    147.418     0.000      147.418 <none> (D)  
        u_add                bf16_fp32_add_173                                                                      1428    106.288     0.000      106.288 <none> (D)  
        u_mul                bf16_mul_173                                                                            523     41.130     0.000       41.130 <none> (D)  
    g_row[5].g_col[14].u_pe  pe_174                                                                                 2021    168.399     0.000      168.399 <none> (D)  
      u_mac                  bf16_mac_unit_174                                                                      1924    145.931     0.000      145.931 <none> (D)  
        u_add                bf16_fp32_add_174                                                                      1403    105.020     0.000      105.020 <none> (D)  
        u_mul                bf16_mul_174                                                                            521     40.911     0.000       40.911 <none> (D)  
    g_row[5].g_col[15].u_pe  pe_175                                                                                 2032    169.376     0.000      169.376 <none> (D)  
      u_mac                  bf16_mac_unit_175                                                                      1934    146.850     0.000      146.850 <none> (D)  
        u_add                bf16_fp32_add_175                                                                      1413    105.705     0.000      105.705 <none> (D)  
        u_mul                bf16_mul_175                                                                            521     41.145     0.000       41.145 <none> (D)  
    g_row[5].g_col[16].u_pe  pe_176                                                                                 2027    168.836     0.000      168.836 <none> (D)  
      u_mac                  bf16_mac_unit_176                                                                      1930    146.369     0.000      146.369 <none> (D)  
        u_add                bf16_fp32_add_176                                                                      1411    105.515     0.000      105.515 <none> (D)  
        u_mul                bf16_mul_176                                                                            519     40.853     0.000       40.853 <none> (D)  
    g_row[5].g_col[17].u_pe  pe_177                                                                                 2023    169.361     0.000      169.361 <none> (D)  
      u_mac                  bf16_mac_unit_177                                                                      1926    146.893     0.000      146.893 <none> (D)  
        u_add                bf16_fp32_add_177                                                                      1410    105.938     0.000      105.938 <none> (D)  
        u_mul                bf16_mul_177                                                                            516     40.955     0.000       40.955 <none> (D)  
    g_row[5].g_col[18].u_pe  pe_178                                                                                 2038    170.396     0.000      170.396 <none> (D)  
      u_mac                  bf16_mac_unit_178                                                                      1940    147.870     0.000      147.870 <none> (D)  
        u_add                bf16_fp32_add_178                                                                      1420    106.492     0.000      106.492 <none> (D)  
        u_mul                bf16_mul_178                                                                            519     41.305     0.000       41.305 <none> (D)  
    g_row[5].g_col[19].u_pe  pe_179                                                                                 2022    168.618     0.000      168.618 <none> (D)  
      u_mac                  bf16_mac_unit_179                                                                      1925    146.150     0.000      146.150 <none> (D)  
        u_add                bf16_fp32_add_179                                                                      1404    105.384     0.000      105.384 <none> (D)  
        u_mul                bf16_mul_179                                                                            521     40.766     0.000       40.766 <none> (D)  
    g_row[5].g_col[1].u_pe   pe_161                                                                                 2025    169.682     0.000      169.682 <none> (D)  
      u_mac                  bf16_mac_unit_161                                                                      1928    147.214     0.000      147.214 <none> (D)  
        u_add                bf16_fp32_add_161                                                                      1412    106.244     0.000      106.244 <none> (D)  
        u_mul                bf16_mul_161                                                                            516     40.970     0.000       40.970 <none> (D)  
    g_row[5].g_col[20].u_pe  pe_180                                                                                 2034    169.434     0.000      169.434 <none> (D)  
      u_mac                  bf16_mac_unit_180                                                                      1937    146.966     0.000      146.966 <none> (D)  
        u_add                bf16_fp32_add_180                                                                      1413    105.865     0.000      105.865 <none> (D)  
        u_mul                bf16_mul_180                                                                            524     41.101     0.000       41.101 <none> (D)  
    g_row[5].g_col[21].u_pe  pe_181                                                                                 2021    168.559     0.000      168.559 <none> (D)  
      u_mac                  bf16_mac_unit_181                                                                      1924    146.092     0.000      146.092 <none> (D)  
        u_add                bf16_fp32_add_181                                                                      1401    104.932     0.000      104.932 <none> (D)  
        u_mul                bf16_mul_181                                                                            523     41.159     0.000       41.159 <none> (D)  
    g_row[5].g_col[22].u_pe  pe_182                                                                                 2022    168.428     0.000      168.428 <none> (D)  
      u_mac                  bf16_mac_unit_182                                                                      1925    145.960     0.000      145.960 <none> (D)  
        u_add                bf16_fp32_add_182                                                                      1403    105.034     0.000      105.034 <none> (D)  
        u_mul                bf16_mul_182                                                                            522     40.926     0.000       40.926 <none> (D)  
    g_row[5].g_col[23].u_pe  pe_183                                                                                 2020    168.428     0.000      168.428 <none> (D)  
      u_mac                  bf16_mac_unit_183                                                                      1923    145.960     0.000      145.960 <none> (D)  
        u_add                bf16_fp32_add_183                                                                      1399    104.918     0.000      104.918 <none> (D)  
        u_mul                bf16_mul_183                                                                            524     41.043     0.000       41.043 <none> (D)  
    g_row[5].g_col[24].u_pe  pe_184                                                                                 2041    169.434     0.000      169.434 <none> (D)  
      u_mac                  bf16_mac_unit_184                                                                      1944    146.966     0.000      146.966 <none> (D)  
        u_add                bf16_fp32_add_184                                                                      1423    106.084     0.000      106.084 <none> (D)  
        u_mul                bf16_mul_184                                                                            521     40.882     0.000       40.882 <none> (D)  
    g_row[5].g_col[25].u_pe  pe_185                                                                                 2022    168.603     0.000      168.603 <none> (D)  
      u_mac                  bf16_mac_unit_185                                                                      1925    146.135     0.000      146.135 <none> (D)  
        u_add                bf16_fp32_add_185                                                                      1406    105.472     0.000      105.472 <none> (D)  
        u_mul                bf16_mul_185                                                                            519     40.664     0.000       40.664 <none> (D)  
    g_row[5].g_col[26].u_pe  pe_186                                                                                 2047    169.813     0.000      169.813 <none> (D)  
      u_mac                  bf16_mac_unit_186                                                                      1950    147.345     0.000      147.345 <none> (D)  
        u_add                bf16_fp32_add_186                                                                      1427    106.186     0.000      106.186 <none> (D)  
        u_mul                bf16_mul_186                                                                            523     41.159     0.000       41.159 <none> (D)  
    g_row[5].g_col[27].u_pe  pe_187                                                                                 2047    169.580     0.000      169.580 <none> (D)  
      u_mac                  bf16_mac_unit_187                                                                      1950    147.112     0.000      147.112 <none> (D)  
        u_add                bf16_fp32_add_187                                                                      1433    106.449     0.000      106.449 <none> (D)  
        u_mul                bf16_mul_187                                                                            517     40.664     0.000       40.664 <none> (D)  
    g_row[5].g_col[28].u_pe  pe_188                                                                                 2041    169.434     0.000      169.434 <none> (D)  
      u_mac                  bf16_mac_unit_188                                                                      1944    146.966     0.000      146.966 <none> (D)  
        u_add                bf16_fp32_add_188                                                                      1423    106.084     0.000      106.084 <none> (D)  
        u_mul                bf16_mul_188                                                                            521     40.882     0.000       40.882 <none> (D)  
    g_row[5].g_col[29].u_pe  pe_189                                                                                 2021    168.559     0.000      168.559 <none> (D)  
      u_mac                  bf16_mac_unit_189                                                                      1924    146.092     0.000      146.092 <none> (D)  
        u_add                bf16_fp32_add_189                                                                      1401    104.932     0.000      104.932 <none> (D)  
        u_mul                bf16_mul_189                                                                            523     41.159     0.000       41.159 <none> (D)  
    g_row[5].g_col[2].u_pe   pe_162                                                                                 2041    169.434     0.000      169.434 <none> (D)  
      u_mac                  bf16_mac_unit_162                                                                      1944    146.966     0.000      146.966 <none> (D)  
        u_add                bf16_fp32_add_162                                                                      1423    106.084     0.000      106.084 <none> (D)  
        u_mul                bf16_mul_162                                                                            521     40.882     0.000       40.882 <none> (D)  
    g_row[5].g_col[30].u_pe  pe_190                                                                                 2024    168.545     0.000      168.545 <none> (D)  
      u_mac                  bf16_mac_unit_190                                                                      1927    146.077     0.000      146.077 <none> (D)  
        u_add                bf16_fp32_add_190                                                                      1410    105.399     0.000      105.399 <none> (D)  
        u_mul                bf16_mul_190                                                                            517     40.678     0.000       40.678 <none> (D)  
    g_row[5].g_col[31].u_pe  pe_191                                                                                 2038    170.396     0.000      170.396 <none> (D)  
      u_mac                  bf16_mac_unit_191                                                                      1940    147.870     0.000      147.870 <none> (D)  
        u_add                bf16_fp32_add_191                                                                      1420    106.492     0.000      106.492 <none> (D)  
        u_mul                bf16_mul_191                                                                            519     41.305     0.000       41.305 <none> (D)  
    g_row[5].g_col[3].u_pe   pe_163                                                                                 2035    169.288     0.000      169.288 <none> (D)  
      u_mac                  bf16_mac_unit_163                                                                      1938    146.821     0.000      146.821 <none> (D)  
        u_add                bf16_fp32_add_163                                                                      1417    105.909     0.000      105.909 <none> (D)  
        u_mul                bf16_mul_163                                                                            521     40.911     0.000       40.911 <none> (D)  
    g_row[5].g_col[4].u_pe   pe_164                                                                                 2026    168.895     0.000      168.895 <none> (D)  
      u_mac                  bf16_mac_unit_164                                                                      1929    146.427     0.000      146.427 <none> (D)  
        u_add                bf16_fp32_add_164                                                                      1411    105.545     0.000      105.545 <none> (D)  
        u_mul                bf16_mul_164                                                                            518     40.882     0.000       40.882 <none> (D)  
    g_row[5].g_col[5].u_pe   pe_165                                                                                 2031    169.070     0.000      169.070 <none> (D)  
      u_mac                  bf16_mac_unit_165                                                                      1933    146.544     0.000      146.544 <none> (D)  
        u_add                bf16_fp32_add_165                                                                      1413    105.486     0.000      105.486 <none> (D)  
        u_mul                bf16_mul_165                                                                            520     41.057     0.000       41.057 <none> (D)  
    g_row[5].g_col[6].u_pe   pe_166                                                                                 2021    168.399     0.000      168.399 <none> (D)  
      u_mac                  bf16_mac_unit_166                                                                      1924    145.931     0.000      145.931 <none> (D)  
        u_add                bf16_fp32_add_166                                                                      1403    105.020     0.000      105.020 <none> (D)  
        u_mul                bf16_mul_166                                                                            521     40.911     0.000       40.911 <none> (D)  
    g_row[5].g_col[7].u_pe   pe_167                                                                                 2029    168.705     0.000      168.705 <none> (D)  
      u_mac                  bf16_mac_unit_167                                                                      1932    146.237     0.000      146.237 <none> (D)  
        u_add                bf16_fp32_add_167                                                                      1410    105.253     0.000      105.253 <none> (D)  
        u_mul                bf16_mul_167                                                                            522     40.984     0.000       40.984 <none> (D)  
    g_row[5].g_col[8].u_pe   pe_168                                                                                 2045    169.405     0.000      169.405 <none> (D)  
      u_mac                  bf16_mac_unit_168                                                                      1948    146.937     0.000      146.937 <none> (D)  
        u_add                bf16_fp32_add_168                                                                      1425    105.982     0.000      105.982 <none> (D)  
        u_mul                bf16_mul_168                                                                            523     40.955     0.000       40.955 <none> (D)  
    g_row[5].g_col[9].u_pe   pe_169                                                                                 2044    169.828     0.000      169.828 <none> (D)  
      u_mac                  bf16_mac_unit_169                                                                      1946    147.302     0.000      147.302 <none> (D)  
        u_add                bf16_fp32_add_169                                                                      1422    106.011     0.000      106.011 <none> (D)  
        u_mul                bf16_mul_169                                                                            524     41.291     0.000       41.291 <none> (D)  
    g_row[6].g_col[0].u_pe   pe_192                                                                                 2008    166.518     0.000      166.518 <none> (D)  
      u_mac                  bf16_mac_unit_192                                                                      1911    144.065     0.000      144.065 <none> (D)  
        u_add                bf16_fp32_add_192                                                                      1413    104.189     0.000      104.189 <none> (D)  
        u_mul                bf16_mul_192                                                                            498     39.876     0.000       39.876 <none> (D)  
    g_row[6].g_col[10].u_pe  pe_202                                                                                 2009    166.402     0.000      166.402 <none> (D)  
      u_mac                  bf16_mac_unit_202                                                                      1912    143.948     0.000      143.948 <none> (D)  
        u_add                bf16_fp32_add_202                                                                      1408    103.751     0.000      103.751 <none> (D)  
        u_mul                bf16_mul_202                                                                            504     40.197     0.000       40.197 <none> (D)  
    g_row[6].g_col[11].u_pe  pe_203                                                                                 2033    167.626     0.000      167.626 <none> (D)  
      u_mac                  bf16_mac_unit_203                                                                      1936    145.173     0.000      145.173 <none> (D)  
        u_add                bf16_fp32_add_203                                                                      1434    105.020     0.000      105.020 <none> (D)  
        u_mul                bf16_mul_203                                                                            502     40.153     0.000       40.153 <none> (D)  
    g_row[6].g_col[12].u_pe  pe_204                                                                                 2025    167.378     0.000      167.378 <none> (D)  
      u_mac                  bf16_mac_unit_204                                                                      1928    144.925     0.000      144.925 <none> (D)  
        u_add                bf16_fp32_add_204                                                                      1424    104.670     0.000      104.670 <none> (D)  
        u_mul                bf16_mul_204                                                                            504     40.255     0.000       40.255 <none> (D)  
    g_row[6].g_col[13].u_pe  pe_205                                                                                 2008    166.591     0.000      166.591 <none> (D)  
      u_mac                  bf16_mac_unit_205                                                                      1911    144.138     0.000      144.138 <none> (D)  
        u_add                bf16_fp32_add_205                                                                      1407    103.912     0.000      103.912 <none> (D)  
        u_mul                bf16_mul_205                                                                            504     40.226     0.000       40.226 <none> (D)  
    g_row[6].g_col[14].u_pe  pe_206                                                                                 2017    167.233     0.000      167.233 <none> (D)  
      u_mac                  bf16_mac_unit_206                                                                      1920    144.779     0.000      144.779 <none> (D)  
        u_add                bf16_fp32_add_206                                                                      1420    104.772     0.000      104.772 <none> (D)  
        u_mul                bf16_mul_206                                                                            500     40.008     0.000       40.008 <none> (D)  
    g_row[6].g_col[15].u_pe  pe_207                                                                                 2023    167.203     0.000      167.203 <none> (D)  
      u_mac                  bf16_mac_unit_207                                                                      1926    144.750     0.000      144.750 <none> (D)  
        u_add                bf16_fp32_add_207                                                                      1424    104.568     0.000      104.568 <none> (D)  
        u_mul                bf16_mul_207                                                                            502     40.182     0.000       40.182 <none> (D)  
    g_row[6].g_col[16].u_pe  pe_208                                                                                 2012    166.606     0.000      166.606 <none> (D)  
      u_mac                  bf16_mac_unit_208                                                                      1915    144.152     0.000      144.152 <none> (D)  
        u_add                bf16_fp32_add_208                                                                      1413    104.174     0.000      104.174 <none> (D)  
        u_mul                bf16_mul_208                                                                            502     39.978     0.000       39.978 <none> (D)  
    g_row[6].g_col[17].u_pe  pe_209                                                                                 2008    166.168     0.000      166.168 <none> (D)  
      u_mac                  bf16_mac_unit_209                                                                      1911    143.715     0.000      143.715 <none> (D)  
        u_add                bf16_fp32_add_209                                                                      1407    103.678     0.000      103.678 <none> (D)  
        u_mul                bf16_mul_209                                                                            504     40.037     0.000       40.037 <none> (D)  
    g_row[6].g_col[18].u_pe  pe_210                                                                                 2007    166.197     0.000      166.197 <none> (D)  
      u_mac                  bf16_mac_unit_210                                                                      1910    143.744     0.000      143.744 <none> (D)  
        u_add                bf16_fp32_add_210                                                                      1406    103.737     0.000      103.737 <none> (D)  
        u_mul                bf16_mul_210                                                                            504     40.008     0.000       40.008 <none> (D)  
    g_row[6].g_col[19].u_pe  pe_211                                                                                 2038    167.743     0.000      167.743 <none> (D)  
      u_mac                  bf16_mac_unit_211                                                                      1941    145.290     0.000      145.290 <none> (D)  
        u_add                bf16_fp32_add_211                                                                      1439    105.107     0.000      105.107 <none> (D)  
        u_mul                bf16_mul_211                                                                            502     40.182     0.000       40.182 <none> (D)  
    g_row[6].g_col[1].u_pe   pe_193                                                                                 2012    166.577     0.000      166.577 <none> (D)  
      u_mac                  bf16_mac_unit_193                                                                      1915    144.123     0.000      144.123 <none> (D)  
        u_add                bf16_fp32_add_193                                                                      1408    103.839     0.000      103.839 <none> (D)  
        u_mul                bf16_mul_193                                                                            507     40.285     0.000       40.285 <none> (D)  
    g_row[6].g_col[20].u_pe  pe_212                                                                                 2038    167.830     0.000      167.830 <none> (D)  
      u_mac                  bf16_mac_unit_212                                                                      1941    145.377     0.000      145.377 <none> (D)  
        u_add                bf16_fp32_add_212                                                                      1439    105.195     0.000      105.195 <none> (D)  
        u_mul                bf16_mul_212                                                                            502     40.182     0.000       40.182 <none> (D)  
    g_row[6].g_col[21].u_pe  pe_213                                                                                 2056    168.574     0.000      168.574 <none> (D)  
      u_mac                  bf16_mac_unit_213                                                                      1959    146.121     0.000      146.121 <none> (D)  
        u_add                bf16_fp32_add_213                                                                      1453    105.880     0.000      105.880 <none> (D)  
        u_mul                bf16_mul_213                                                                            506     40.241     0.000       40.241 <none> (D)  
    g_row[6].g_col[22].u_pe  pe_214                                                                                 2008    166.533     0.000      166.533 <none> (D)  
      u_mac                  bf16_mac_unit_214                                                                      1911    144.080     0.000      144.080 <none> (D)  
        u_add                bf16_fp32_add_214                                                                      1407    103.853     0.000      103.853 <none> (D)  
        u_mul                bf16_mul_214                                                                            504     40.226     0.000       40.226 <none> (D)  
    g_row[6].g_col[23].u_pe  pe_215                                                                                 2031    167.641     0.000      167.641 <none> (D)  
      u_mac                  bf16_mac_unit_215                                                                      1934    145.188     0.000      145.188 <none> (D)  
        u_add                bf16_fp32_add_215                                                                      1434    105.282     0.000      105.282 <none> (D)  
        u_mul                bf16_mul_215                                                                            500     39.905     0.000       39.905 <none> (D)  
    g_row[6].g_col[24].u_pe  pe_216                                                                                 2033    167.699     0.000      167.699 <none> (D)  
      u_mac                  bf16_mac_unit_216                                                                      1936    145.246     0.000      145.246 <none> (D)  
        u_add                bf16_fp32_add_216                                                                      1433    105.107     0.000      105.107 <none> (D)  
        u_mul                bf16_mul_216                                                                            503     40.139     0.000       40.139 <none> (D)  
    g_row[6].g_col[25].u_pe  pe_217                                                                                 2033    167.539     0.000      167.539 <none> (D)  
      u_mac                  bf16_mac_unit_217                                                                      1936    145.086     0.000      145.086 <none> (D)  
        u_add                bf16_fp32_add_217                                                                      1434    104.932     0.000      104.932 <none> (D)  
        u_mul                bf16_mul_217                                                                            502     40.153     0.000       40.153 <none> (D)  
    g_row[6].g_col[26].u_pe  pe_218                                                                                 2033    167.655     0.000      167.655 <none> (D)  
      u_mac                  bf16_mac_unit_218                                                                      1936    145.202     0.000      145.202 <none> (D)  
        u_add                bf16_fp32_add_218                                                                      1434    105.020     0.000      105.020 <none> (D)  
        u_mul                bf16_mul_218                                                                            502     40.182     0.000       40.182 <none> (D)  
    g_row[6].g_col[27].u_pe  pe_219                                                                                 2009    166.533     0.000      166.533 <none> (D)  
      u_mac                  bf16_mac_unit_219                                                                      1912    144.080     0.000      144.080 <none> (D)  
        u_add                bf16_fp32_add_219                                                                      1414    104.203     0.000      104.203 <none> (D)  
        u_mul                bf16_mul_219                                                                            498     39.876     0.000       39.876 <none> (D)  
    g_row[6].g_col[28].u_pe  pe_220                                                                                 2034    167.670     0.000      167.670 <none> (D)  
      u_mac                  bf16_mac_unit_220                                                                      1937    145.217     0.000      145.217 <none> (D)  
        u_add                bf16_fp32_add_220                                                                      1434    105.063     0.000      105.063 <none> (D)  
        u_mul                bf16_mul_220                                                                            503     40.153     0.000       40.153 <none> (D)  
    g_row[6].g_col[29].u_pe  pe_221                                                                                 2055    168.501     0.000      168.501 <none> (D)  
      u_mac                  bf16_mac_unit_221                                                                      1958    146.048     0.000      146.048 <none> (D)  
        u_add                bf16_fp32_add_221                                                                      1454    105.909     0.000      105.909 <none> (D)  
        u_mul                bf16_mul_221                                                                            504     40.139     0.000       40.139 <none> (D)  
    g_row[6].g_col[2].u_pe   pe_194                                                                                 2034    167.670     0.000      167.670 <none> (D)  
      u_mac                  bf16_mac_unit_194                                                                      1937    145.217     0.000      145.217 <none> (D)  
        u_add                bf16_fp32_add_194                                                                      1434    105.063     0.000      105.063 <none> (D)  
        u_mul                bf16_mul_194                                                                            503     40.153     0.000       40.153 <none> (D)  
    g_row[6].g_col[30].u_pe  pe_222                                                                                 2008    166.620     0.000      166.620 <none> (D)  
      u_mac                  bf16_mac_unit_222                                                                      1911    144.167     0.000      144.167 <none> (D)  
        u_add                bf16_fp32_add_222                                                                      1413    104.305     0.000      104.305 <none> (D)  
        u_mul                bf16_mul_222                                                                            498     39.862     0.000       39.862 <none> (D)  
    g_row[6].g_col[31].u_pe  pe_223                                                                                 2012    166.577     0.000      166.577 <none> (D)  
      u_mac                  bf16_mac_unit_223                                                                      1915    144.123     0.000      144.123 <none> (D)  
        u_add                bf16_fp32_add_223                                                                      1408    103.839     0.000      103.839 <none> (D)  
        u_mul                bf16_mul_223                                                                            507     40.285     0.000       40.285 <none> (D)  
    g_row[6].g_col[3].u_pe   pe_195                                                                                 2033    167.699     0.000      167.699 <none> (D)  
      u_mac                  bf16_mac_unit_195                                                                      1936    145.246     0.000      145.246 <none> (D)  
        u_add                bf16_fp32_add_195                                                                      1433    105.107     0.000      105.107 <none> (D)  
        u_mul                bf16_mul_195                                                                            503     40.139     0.000       40.139 <none> (D)  
    g_row[6].g_col[4].u_pe   pe_196                                                                                 2008    166.693     0.000      166.693 <none> (D)  
      u_mac                  bf16_mac_unit_196                                                                      1911    144.240     0.000      144.240 <none> (D)  
        u_add                bf16_fp32_add_196                                                                      1411    104.334     0.000      104.334 <none> (D)  
        u_mul                bf16_mul_196                                                                            500     39.905     0.000       39.905 <none> (D)  
    g_row[6].g_col[5].u_pe   pe_197                                                                                 2024    167.131     0.000      167.131 <none> (D)  
      u_mac                  bf16_mac_unit_197                                                                      1927    144.677     0.000      144.677 <none> (D)  
        u_add                bf16_fp32_add_197                                                                      1425    104.539     0.000      104.539 <none> (D)  
        u_mul                bf16_mul_197                                                                            502     40.139     0.000       40.139 <none> (D)  
    g_row[6].g_col[6].u_pe   pe_198                                                                                 2054    168.836     0.000      168.836 <none> (D)  
      u_mac                  bf16_mac_unit_198                                                                      1957    146.383     0.000      146.383 <none> (D)  
        u_add                bf16_fp32_add_198                                                                      1456    106.434     0.000      106.434 <none> (D)  
        u_mul                bf16_mul_198                                                                            501     39.949     0.000       39.949 <none> (D)  
    g_row[6].g_col[7].u_pe   pe_199                                                                                 2017    167.233     0.000      167.233 <none> (D)  
      u_mac                  bf16_mac_unit_199                                                                      1920    144.779     0.000      144.779 <none> (D)  
        u_add                bf16_fp32_add_199                                                                      1420    104.757     0.000      104.757 <none> (D)  
        u_mul                bf16_mul_199                                                                            500     40.022     0.000       40.022 <none> (D)  
    g_row[6].g_col[8].u_pe   pe_200                                                                                 2008    166.460     0.000      166.460 <none> (D)  
      u_mac                  bf16_mac_unit_200                                                                      1911    144.007     0.000      144.007 <none> (D)  
        u_add                bf16_fp32_add_200                                                                      1407    103.810     0.000      103.810 <none> (D)  
        u_mul                bf16_mul_200                                                                            504     40.197     0.000       40.197 <none> (D)  
    g_row[6].g_col[9].u_pe   pe_201                                                                                 2008    166.474     0.000      166.474 <none> (D)  
      u_mac                  bf16_mac_unit_201                                                                      1911    144.021     0.000      144.021 <none> (D)  
        u_add                bf16_fp32_add_201                                                                      1413    104.160     0.000      104.160 <none> (D)  
        u_mul                bf16_mul_201                                                                            498     39.862     0.000       39.862 <none> (D)  
    g_row[7].g_col[0].u_pe   pe_224                                                                                 1997    167.043     0.000      167.043 <none> (D)  
      u_mac                  bf16_mac_unit_224                                                                      1900    144.604     0.000      144.604 <none> (D)  
        u_add                bf16_fp32_add_224                                                                      1380    103.693     0.000      103.693 <none> (D)  
        u_mul                bf16_mul_224                                                                            520     40.911     0.000       40.911 <none> (D)  
    g_row[7].g_col[10].u_pe  pe_234                                                                                 2008    167.860     0.000      167.860 <none> (D)  
      u_mac                  bf16_mac_unit_234                                                                      1911    145.421     0.000      145.421 <none> (D)  
        u_add                bf16_fp32_add_234                                                                      1389    104.364     0.000      104.364 <none> (D)  
        u_mul                bf16_mul_234                                                                            522     41.057     0.000       41.057 <none> (D)  
    g_row[7].g_col[11].u_pe  pe_235                                                                                 2033    169.099     0.000      169.099 <none> (D)  
      u_mac                  bf16_mac_unit_235                                                                      1936    146.660     0.000      146.660 <none> (D)  
        u_add                bf16_fp32_add_235                                                                      1416    105.501     0.000      105.501 <none> (D)  
        u_mul                bf16_mul_235                                                                            520     41.159     0.000       41.159 <none> (D)  
    g_row[7].g_col[12].u_pe  pe_236                                                                                 2022    168.501     0.000      168.501 <none> (D)  
      u_mac                  bf16_mac_unit_236                                                                      1925    146.062     0.000      146.062 <none> (D)  
        u_add                bf16_fp32_add_236                                                                      1403    104.874     0.000      104.874 <none> (D)  
        u_mul                bf16_mul_236                                                                            522     41.188     0.000       41.188 <none> (D)  
    g_row[7].g_col[13].u_pe  pe_237                                                                                 2020    168.486     0.000      168.486 <none> (D)  
      u_mac                  bf16_mac_unit_237                                                                      1923    146.048     0.000      146.048 <none> (D)  
        u_add                bf16_fp32_add_237                                                                      1403    105.005     0.000      105.005 <none> (D)  
        u_mul                bf16_mul_237                                                                            520     41.043     0.000       41.043 <none> (D)  
    g_row[7].g_col[14].u_pe  pe_238                                                                                 2026    168.720     0.000      168.720 <none> (D)  
      u_mac                  bf16_mac_unit_238                                                                      1929    146.281     0.000      146.281 <none> (D)  
        u_add                bf16_fp32_add_238                                                                      1407    105.122     0.000      105.122 <none> (D)  
        u_mul                bf16_mul_238                                                                            522     41.159     0.000       41.159 <none> (D)  
    g_row[7].g_col[15].u_pe  pe_239                                                                                 2030    168.866     0.000      168.866 <none> (D)  
      u_mac                  bf16_mac_unit_239                                                                      1933    146.427     0.000      146.427 <none> (D)  
        u_add                bf16_fp32_add_239                                                                      1413    105.370     0.000      105.370 <none> (D)  
        u_mul                bf16_mul_239                                                                            520     41.057     0.000       41.057 <none> (D)  
    g_row[7].g_col[16].u_pe  pe_240                                                                                 2028    168.720     0.000      168.720 <none> (D)  
      u_mac                  bf16_mac_unit_240                                                                      1931    146.281     0.000      146.281 <none> (D)  
        u_add                bf16_fp32_add_240                                                                      1411    105.282     0.000      105.282 <none> (D)  
        u_mul                bf16_mul_240                                                                            520     40.999     0.000       40.999 <none> (D)  
    g_row[7].g_col[17].u_pe  pe_241                                                                                 2001    167.364     0.000      167.364 <none> (D)  
      u_mac                  bf16_mac_unit_241                                                                      1904    144.925     0.000      144.925 <none> (D)  
        u_add                bf16_fp32_add_241                                                                      1386    104.101     0.000      104.101 <none> (D)  
        u_mul                bf16_mul_241                                                                            518     40.824     0.000       40.824 <none> (D)  
    g_row[7].g_col[18].u_pe  pe_242                                                                                 2003    167.335     0.000      167.335 <none> (D)  
      u_mac                  bf16_mac_unit_242                                                                      1905    144.838     0.000      144.838 <none> (D)  
        u_add                bf16_fp32_add_242                                                                      1387    104.014     0.000      104.014 <none> (D)  
        u_mul                bf16_mul_242                                                                            518     40.824     0.000       40.824 <none> (D)  
    g_row[7].g_col[19].u_pe  pe_243                                                                                 2051    169.886     0.000      169.886 <none> (D)  
      u_mac                  bf16_mac_unit_243                                                                      1954    147.448     0.000      147.448 <none> (D)  
        u_add                bf16_fp32_add_243                                                                      1434    106.405     0.000      106.405 <none> (D)  
        u_mul                bf16_mul_243                                                                            520     41.043     0.000       41.043 <none> (D)  
    g_row[7].g_col[1].u_pe   pe_225                                                                                 2001    167.437     0.000      167.437 <none> (D)  
      u_mac                  bf16_mac_unit_225                                                                      1904    144.998     0.000      144.998 <none> (D)  
        u_add                bf16_fp32_add_225                                                                      1387    104.247     0.000      104.247 <none> (D)  
        u_mul                bf16_mul_225                                                                            516     40.678     0.000       40.678 <none> (D)  
    g_row[7].g_col[20].u_pe  pe_244                                                                                 2029    168.851     0.000      168.851 <none> (D)  
      u_mac                  bf16_mac_unit_244                                                                      1932    146.412     0.000      146.412 <none> (D)  
        u_add                bf16_fp32_add_244                                                                      1412    105.282     0.000      105.282 <none> (D)  
        u_mul                bf16_mul_244                                                                            520     41.130     0.000       41.130 <none> (D)  
    g_row[7].g_col[21].u_pe  pe_245                                                                                 2039    169.361     0.000      169.361 <none> (D)  
      u_mac                  bf16_mac_unit_245                                                                      1942    146.923     0.000      146.923 <none> (D)  
        u_add                bf16_fp32_add_245                                                                      1422    105.822     0.000      105.822 <none> (D)  
        u_mul                bf16_mul_245                                                                            520     41.101     0.000       41.101 <none> (D)  
    g_row[7].g_col[22].u_pe  pe_246                                                                                 2008    167.860     0.000      167.860 <none> (D)  
      u_mac                  bf16_mac_unit_246                                                                      1911    145.421     0.000      145.421 <none> (D)  
        u_add                bf16_fp32_add_246                                                                      1389    104.364     0.000      104.364 <none> (D)  
        u_mul                bf16_mul_246                                                                            522     41.057     0.000       41.057 <none> (D)  
    g_row[7].g_col[23].u_pe  pe_247                                                                                 2008    167.860     0.000      167.860 <none> (D)  
      u_mac                  bf16_mac_unit_247                                                                      1911    145.421     0.000      145.421 <none> (D)  
        u_add                bf16_fp32_add_247                                                                      1389    104.364     0.000      104.364 <none> (D)  
        u_mul                bf16_mul_247                                                                            522     41.057     0.000       41.057 <none> (D)  
    g_row[7].g_col[24].u_pe  pe_248                                                                                 2024    168.370     0.000      168.370 <none> (D)  
      u_mac                  bf16_mac_unit_248                                                                      1927    145.931     0.000      145.931 <none> (D)  
        u_add                bf16_fp32_add_248                                                                      1405    104.845     0.000      104.845 <none> (D)  
        u_mul                bf16_mul_248                                                                            522     41.086     0.000       41.086 <none> (D)  
    g_row[7].g_col[25].u_pe  pe_249                                                                                 2052    169.974     0.000      169.974 <none> (D)  
      u_mac                  bf16_mac_unit_249                                                                      1955    147.535     0.000      147.535 <none> (D)  
        u_add                bf16_fp32_add_249                                                                      1435    106.478     0.000      106.478 <none> (D)  
        u_mul                bf16_mul_249                                                                            520     41.057     0.000       41.057 <none> (D)  
    g_row[7].g_col[26].u_pe  pe_250                                                                                 2029    168.982     0.000      168.982 <none> (D)  
      u_mac                  bf16_mac_unit_250                                                                      1932    146.544     0.000      146.544 <none> (D)  
        u_add                bf16_fp32_add_250                                                                      1412    105.384     0.000      105.384 <none> (D)  
        u_mul                bf16_mul_250                                                                            520     41.159     0.000       41.159 <none> (D)  
    g_row[7].g_col[27].u_pe  pe_251                                                                                 2005    167.028     0.000      167.028 <none> (D)  
      u_mac                  bf16_mac_unit_251                                                                      1908    144.590     0.000      144.590 <none> (D)  
        u_add                bf16_fp32_add_251                                                                      1385    103.693     0.000      103.693 <none> (D)  
        u_mul                bf16_mul_251                                                                            523     40.897     0.000       40.897 <none> (D)  
    g_row[7].g_col[28].u_pe  pe_252                                                                                 2030    168.720     0.000      168.720 <none> (D)  
      u_mac                  bf16_mac_unit_252                                                                      1933    146.281     0.000      146.281 <none> (D)  
        u_add                bf16_fp32_add_252                                                                      1411    105.195     0.000      105.195 <none> (D)  
        u_mul                bf16_mul_252                                                                            522     41.086     0.000       41.086 <none> (D)  
    g_row[7].g_col[29].u_pe  pe_253                                                                                 2040    169.361     0.000      169.361 <none> (D)  
      u_mac                  bf16_mac_unit_253                                                                      1943    146.923     0.000      146.923 <none> (D)  
        u_add                bf16_fp32_add_253                                                                      1423    105.895     0.000      105.895 <none> (D)  
        u_mul                bf16_mul_253                                                                            520     41.028     0.000       41.028 <none> (D)  
    g_row[7].g_col[2].u_pe   pe_226                                                                                 2030    168.705     0.000      168.705 <none> (D)  
      u_mac                  bf16_mac_unit_226                                                                      1933    146.267     0.000      146.267 <none> (D)  
        u_add                bf16_fp32_add_226                                                                      1411    105.180     0.000      105.180 <none> (D)  
        u_mul                bf16_mul_226                                                                            522     41.086     0.000       41.086 <none> (D)  
    g_row[7].g_col[30].u_pe  pe_254                                                                                 2004    166.854     0.000      166.854 <none> (D)  
      u_mac                  bf16_mac_unit_254                                                                      1907    144.415     0.000      144.415 <none> (D)  
        u_add                bf16_fp32_add_254                                                                      1386    103.620     0.000      103.620 <none> (D)  
        u_mul                bf16_mul_254                                                                            521     40.795     0.000       40.795 <none> (D)  
    g_row[7].g_col[31].u_pe  pe_255                                                                                 2001    167.437     0.000      167.437 <none> (D)  
      u_mac                  bf16_mac_unit_255                                                                      1904    144.998     0.000      144.998 <none> (D)  
        u_add                bf16_fp32_add_255                                                                      1387    104.247     0.000      104.247 <none> (D)  
        u_mul                bf16_mul_255                                                                            516     40.678     0.000       40.678 <none> (D)  
    g_row[7].g_col[3].u_pe   pe_227                                                                                 2077    171.155     0.000      171.155 <none> (D)  
      u_mac                  bf16_mac_unit_227                                                                      1980    148.716     0.000      148.716 <none> (D)  
        u_add                bf16_fp32_add_227                                                                      1456    107.440     0.000      107.440 <none> (D)  
        u_mul                bf16_mul_227                                                                            524     41.276     0.000       41.276 <none> (D)  
    g_row[7].g_col[4].u_pe   pe_228                                                                                 2027    168.938     0.000      168.938 <none> (D)  
      u_mac                  bf16_mac_unit_228                                                                      1930    146.500     0.000      146.500 <none> (D)  
        u_add                bf16_fp32_add_228                                                                      1410    105.399     0.000      105.399 <none> (D)  
        u_mul                bf16_mul_228                                                                            520     41.101     0.000       41.101 <none> (D)  
    g_row[7].g_col[5].u_pe   pe_229                                                                                 2030    168.793     0.000      168.793 <none> (D)  
      u_mac                  bf16_mac_unit_229                                                                      1933    146.354     0.000      146.354 <none> (D)  
        u_add                bf16_fp32_add_229                                                                      1413    105.297     0.000      105.297 <none> (D)  
        u_mul                bf16_mul_229                                                                            520     41.057     0.000       41.057 <none> (D)  
    g_row[7].g_col[6].u_pe   pe_230                                                                                 2043    169.682     0.000      169.682 <none> (D)  
      u_mac                  bf16_mac_unit_230                                                                      1946    147.243     0.000      147.243 <none> (D)  
        u_add                bf16_fp32_add_230                                                                      1426    106.084     0.000      106.084 <none> (D)  
        u_mul                bf16_mul_230                                                                            520     41.159     0.000       41.159 <none> (D)  
    g_row[7].g_col[7].u_pe   pe_231                                                                                 2026    168.720     0.000      168.720 <none> (D)  
      u_mac                  bf16_mac_unit_231                                                                      1929    146.281     0.000      146.281 <none> (D)  
        u_add                bf16_fp32_add_231                                                                      1407    105.122     0.000      105.122 <none> (D)  
        u_mul                bf16_mul_231                                                                            522     41.159     0.000       41.159 <none> (D)  
    g_row[7].g_col[8].u_pe   pe_232                                                                                 2027    168.807     0.000      168.807 <none> (D)  
      u_mac                  bf16_mac_unit_232                                                                      1930    146.369     0.000      146.369 <none> (D)  
        u_add                bf16_fp32_add_232                                                                      1410    105.224     0.000      105.224 <none> (D)  
        u_mul                bf16_mul_232                                                                            520     41.145     0.000       41.145 <none> (D)  
    g_row[7].g_col[9].u_pe   pe_233                                                                                 1997    167.072     0.000      167.072 <none> (D)  
      u_mac                  bf16_mac_unit_233                                                                      1900    144.634     0.000      144.634 <none> (D)  
        u_add                bf16_fp32_add_233                                                                      1380    103.722     0.000      103.722 <none> (D)  
        u_mul                bf16_mul_233                                                                            520     40.911     0.000       40.911 <none> (D)  
    g_row[8].g_col[0].u_pe   pe_256                                                                                 1935    164.462     0.000      164.462 <none> (D)  
      u_mac                  bf16_mac_unit_256                                                                      1838    142.009     0.000      142.009 <none> (D)  
        u_add                bf16_fp32_add_256                                                                      1363    102.993     0.000      102.993 <none> (D)  
        u_mul                bf16_mul_256                                                                            475     39.016     0.000       39.016 <none> (D)  
    g_row[8].g_col[10].u_pe  pe_266                                                                                 1957    165.498     0.000      165.498 <none> (D)  
      u_mac                  bf16_mac_unit_266                                                                      1860    143.044     0.000      143.044 <none> (D)  
        u_add                bf16_fp32_add_266                                                                      1374    103.358     0.000      103.358 <none> (D)  
        u_mul                bf16_mul_266                                                                            486     39.687     0.000       39.687 <none> (D)  
    g_row[8].g_col[11].u_pe  pe_267                                                                                 1927    164.200     0.000      164.200 <none> (D)  
      u_mac                  bf16_mac_unit_267                                                                      1830    141.747     0.000      141.747 <none> (D)  
        u_add                bf16_fp32_add_267                                                                      1342    101.841     0.000      101.841 <none> (D)  
        u_mul                bf16_mul_267                                                                            488     39.905     0.000       39.905 <none> (D)  
    g_row[8].g_col[12].u_pe  pe_268                                                                                 1929    164.389     0.000      164.389 <none> (D)  
      u_mac                  bf16_mac_unit_268                                                                      1832    141.936     0.000      141.936 <none> (D)  
        u_add                bf16_fp32_add_268                                                                      1347    102.206     0.000      102.206 <none> (D)  
        u_mul                bf16_mul_268                                                                            485     39.730     0.000       39.730 <none> (D)  
    g_row[8].g_col[13].u_pe  pe_269                                                                                 1929    164.200     0.000      164.200 <none> (D)  
      u_mac                  bf16_mac_unit_269                                                                      1832    141.747     0.000      141.747 <none> (D)  
        u_add                bf16_fp32_add_269                                                                      1348    102.206     0.000      102.206 <none> (D)  
        u_mul                bf16_mul_269                                                                            484     39.541     0.000       39.541 <none> (D)  
    g_row[8].g_col[14].u_pe  pe_270                                                                                 1964    165.920     0.000      165.920 <none> (D)  
      u_mac                  bf16_mac_unit_270                                                                      1867    143.467     0.000      143.467 <none> (D)  
        u_add                bf16_fp32_add_270                                                                      1382    103.737     0.000      103.737 <none> (D)  
        u_mul                bf16_mul_270                                                                            485     39.730     0.000       39.730 <none> (D)  
    g_row[8].g_col[15].u_pe  pe_271                                                                                 1930    164.360     0.000      164.360 <none> (D)  
      u_mac                  bf16_mac_unit_271                                                                      1833    141.907     0.000      141.907 <none> (D)  
        u_add                bf16_fp32_add_271                                                                      1348    102.177     0.000      102.177 <none> (D)  
        u_mul                bf16_mul_271                                                                            485     39.730     0.000       39.730 <none> (D)  
    g_row[8].g_col[16].u_pe  pe_272                                                                                 1903    162.902     0.000      162.902 <none> (D)  
      u_mac                  bf16_mac_unit_272                                                                      1806    140.449     0.000      140.449 <none> (D)  
        u_add                bf16_fp32_add_272                                                                      1328    101.141     0.000      101.141 <none> (D)  
        u_mul                bf16_mul_272                                                                            478     39.308     0.000       39.308 <none> (D)  
    g_row[8].g_col[17].u_pe  pe_273                                                                                 1919    163.981     0.000      163.981 <none> (D)  
      u_mac                  bf16_mac_unit_273                                                                      1822    141.528     0.000      141.528 <none> (D)  
        u_add                bf16_fp32_add_273                                                                      1345    102.322     0.000      102.322 <none> (D)  
        u_mul                bf16_mul_273                                                                            477     39.206     0.000       39.206 <none> (D)  
    g_row[8].g_col[18].u_pe  pe_274                                                                                 1922    164.010     0.000      164.010 <none> (D)  
      u_mac                  bf16_mac_unit_274                                                                      1825    141.557     0.000      141.557 <none> (D)  
        u_add                bf16_fp32_add_274                                                                      1348    102.352     0.000      102.352 <none> (D)  
        u_mul                bf16_mul_274                                                                            477     39.206     0.000       39.206 <none> (D)  
    g_row[8].g_col[19].u_pe  pe_275                                                                                 1957    165.468     0.000      165.468 <none> (D)  
      u_mac                  bf16_mac_unit_275                                                                      1860    143.015     0.000      143.015 <none> (D)  
        u_add                bf16_fp32_add_275                                                                      1374    103.372     0.000      103.372 <none> (D)  
        u_mul                bf16_mul_275                                                                            486     39.643     0.000       39.643 <none> (D)  
    g_row[8].g_col[1].u_pe   pe_257                                                                                 1938    164.681     0.000      164.681 <none> (D)  
      u_mac                  bf16_mac_unit_257                                                                      1841    142.228     0.000      142.228 <none> (D)  
        u_add                bf16_fp32_add_257                                                                      1364    103.051     0.000      103.051 <none> (D)  
        u_mul                bf16_mul_257                                                                            477     39.176     0.000       39.176 <none> (D)  
    g_row[8].g_col[20].u_pe  pe_276                                                                                 1919    164.025     0.000      164.025 <none> (D)  
      u_mac                  bf16_mac_unit_276                                                                      1822    141.572     0.000      141.572 <none> (D)  
        u_add                bf16_fp32_add_276                                                                      1334    101.710     0.000      101.710 <none> (D)  
        u_mul                bf16_mul_276                                                                            488     39.862     0.000       39.862 <none> (D)  
    g_row[8].g_col[21].u_pe  pe_277                                                                                 1901    162.596     0.000      162.596 <none> (D)  
      u_mac                  bf16_mac_unit_277                                                                      1804    140.143     0.000      140.143 <none> (D)  
        u_add                bf16_fp32_add_277                                                                      1318    100.646     0.000      100.646 <none> (D)  
        u_mul                bf16_mul_277                                                                            486     39.497     0.000       39.497 <none> (D)  
    g_row[8].g_col[22].u_pe  pe_278                                                                                 1957    165.658     0.000      165.658 <none> (D)  
      u_mac                  bf16_mac_unit_278                                                                      1860    143.205     0.000      143.205 <none> (D)  
        u_add                bf16_fp32_add_278                                                                      1374    103.401     0.000      103.401 <none> (D)  
        u_mul                bf16_mul_278                                                                            486     39.803     0.000       39.803 <none> (D)  
    g_row[8].g_col[23].u_pe  pe_279                                                                                 1949    165.293     0.000      165.293 <none> (D)  
      u_mac                  bf16_mac_unit_279                                                                      1852    142.840     0.000      142.840 <none> (D)  
        u_add                bf16_fp32_add_279                                                                      1366    103.066     0.000      103.066 <none> (D)  
        u_mul                bf16_mul_279                                                                            486     39.774     0.000       39.774 <none> (D)  
    g_row[8].g_col[24].u_pe  pe_280                                                                                 1918    163.661     0.000      163.661 <none> (D)  
      u_mac                  bf16_mac_unit_280                                                                      1821    141.207     0.000      141.207 <none> (D)  
        u_add                bf16_fp32_add_280                                                                      1340    101.798     0.000      101.798 <none> (D)  
        u_mul                bf16_mul_280                                                                            481     39.410     0.000       39.410 <none> (D)  
    g_row[8].g_col[25].u_pe  pe_281                                                                                 1957    165.483     0.000      165.483 <none> (D)  
      u_mac                  bf16_mac_unit_281                                                                      1860    143.030     0.000      143.030 <none> (D)  
        u_add                bf16_fp32_add_281                                                                      1374    103.372     0.000      103.372 <none> (D)  
        u_mul                bf16_mul_281                                                                            486     39.658     0.000       39.658 <none> (D)  
    g_row[8].g_col[26].u_pe  pe_282                                                                                 1929    164.360     0.000      164.360 <none> (D)  
      u_mac                  bf16_mac_unit_282                                                                      1832    141.907     0.000      141.907 <none> (D)  
        u_add                bf16_fp32_add_282                                                                      1347    102.177     0.000      102.177 <none> (D)  
        u_mul                bf16_mul_282                                                                            485     39.730     0.000       39.730 <none> (D)  
    g_row[8].g_col[27].u_pe  pe_283                                                                                 1938    164.681     0.000      164.681 <none> (D)  
      u_mac                  bf16_mac_unit_283                                                                      1841    142.228     0.000      142.228 <none> (D)  
        u_add                bf16_fp32_add_283                                                                      1364    103.051     0.000      103.051 <none> (D)  
        u_mul                bf16_mul_283                                                                            477     39.176     0.000       39.176 <none> (D)  
    g_row[8].g_col[28].u_pe  pe_284                                                                                 1963    165.745     0.000      165.745 <none> (D)  
      u_mac                  bf16_mac_unit_284                                                                      1866    143.292     0.000      143.292 <none> (D)  
        u_add                bf16_fp32_add_284                                                                      1381    103.678     0.000      103.678 <none> (D)  
        u_mul                bf16_mul_284                                                                            485     39.614     0.000       39.614 <none> (D)  
    g_row[8].g_col[29].u_pe  pe_285                                                                                 1897    162.990     0.000      162.990 <none> (D)  
      u_mac                  bf16_mac_unit_285                                                                      1800    140.537     0.000      140.537 <none> (D)  
        u_add                bf16_fp32_add_285                                                                      1319    101.112     0.000      101.112 <none> (D)  
        u_mul                bf16_mul_285                                                                            481     39.424     0.000       39.424 <none> (D)  
    g_row[8].g_col[2].u_pe   pe_258                                                                                 1963    165.745     0.000      165.745 <none> (D)  
      u_mac                  bf16_mac_unit_258                                                                      1866    143.292     0.000      143.292 <none> (D)  
        u_add                bf16_fp32_add_258                                                                      1381    103.678     0.000      103.678 <none> (D)  
        u_mul                bf16_mul_258                                                                            485     39.614     0.000       39.614 <none> (D)  
    g_row[8].g_col[30].u_pe  pe_286                                                                                 1935    164.462     0.000      164.462 <none> (D)  
      u_mac                  bf16_mac_unit_286                                                                      1838    142.009     0.000      142.009 <none> (D)  
        u_add                bf16_fp32_add_286                                                                      1363    102.993     0.000      102.993 <none> (D)  
        u_mul                bf16_mul_286                                                                            475     39.016     0.000       39.016 <none> (D)  
    g_row[8].g_col[31].u_pe  pe_287                                                                                 1938    164.681     0.000      164.681 <none> (D)  
      u_mac                  bf16_mac_unit_287                                                                      1841    142.228     0.000      142.228 <none> (D)  
        u_add                bf16_fp32_add_287                                                                      1364    103.051     0.000      103.051 <none> (D)  
        u_mul                bf16_mul_287                                                                            477     39.176     0.000       39.176 <none> (D)  
    g_row[8].g_col[3].u_pe   pe_259                                                                                 1919    163.865     0.000      163.865 <none> (D)  
      u_mac                  bf16_mac_unit_259                                                                      1822    141.411     0.000      141.411 <none> (D)  
        u_add                bf16_fp32_add_259                                                                      1340    102.002     0.000      102.002 <none> (D)  
        u_mul                bf16_mul_259                                                                            482     39.410     0.000       39.410 <none> (D)  
    g_row[8].g_col[4].u_pe   pe_260                                                                                 1918    163.558     0.000      163.558 <none> (D)  
      u_mac                  bf16_mac_unit_260                                                                      1821    141.105     0.000      141.105 <none> (D)  
        u_add                bf16_fp32_add_260                                                                      1339    101.623     0.000      101.623 <none> (D)  
        u_mul                bf16_mul_260                                                                            482     39.483     0.000       39.483 <none> (D)  
    g_row[8].g_col[5].u_pe   pe_261                                                                                 1961    165.818     0.000      165.818 <none> (D)  
      u_mac                  bf16_mac_unit_261                                                                      1864    143.365     0.000      143.365 <none> (D)  
        u_add                bf16_fp32_add_261                                                                      1377    103.489     0.000      103.489 <none> (D)  
        u_mul                bf16_mul_261                                                                            487     39.876     0.000       39.876 <none> (D)  
    g_row[8].g_col[6].u_pe   pe_262                                                                                 1949    165.279     0.000      165.279 <none> (D)  
      u_mac                  bf16_mac_unit_262                                                                      1852    142.826     0.000      142.826 <none> (D)  
        u_add                bf16_fp32_add_262                                                                      1366    103.066     0.000      103.066 <none> (D)  
        u_mul                bf16_mul_262                                                                            486     39.760     0.000       39.760 <none> (D)  
    g_row[8].g_col[7].u_pe   pe_263                                                                                 1964    165.920     0.000      165.920 <none> (D)  
      u_mac                  bf16_mac_unit_263                                                                      1867    143.467     0.000      143.467 <none> (D)  
        u_add                bf16_fp32_add_263                                                                      1382    103.737     0.000      103.737 <none> (D)  
        u_mul                bf16_mul_263                                                                            485     39.730     0.000       39.730 <none> (D)  
    g_row[8].g_col[8].u_pe   pe_264                                                                                 1929    164.200     0.000      164.200 <none> (D)  
      u_mac                  bf16_mac_unit_264                                                                      1832    141.747     0.000      141.747 <none> (D)  
        u_add                bf16_fp32_add_264                                                                      1348    102.206     0.000      102.206 <none> (D)  
        u_mul                bf16_mul_264                                                                            484     39.541     0.000       39.541 <none> (D)  
    g_row[8].g_col[9].u_pe   pe_265                                                                                 1938    164.681     0.000      164.681 <none> (D)  
      u_mac                  bf16_mac_unit_265                                                                      1841    142.228     0.000      142.228 <none> (D)  
        u_add                bf16_fp32_add_265                                                                      1364    103.051     0.000      103.051 <none> (D)  
        u_mul                bf16_mul_265                                                                            477     39.176     0.000       39.176 <none> (D)  
    g_row[9].g_col[0].u_pe   pe_288                                                                                 1938    163.777     0.000      163.777 <none> (D)  
      u_mac                  bf16_mac_unit_288                                                                      1841    141.324     0.000      141.324 <none> (D)  
        u_add                bf16_fp32_add_288                                                                      1343    101.418     0.000      101.418 <none> (D)  
        u_mul                bf16_mul_288                                                                            497     39.833     0.000       39.833 <none> (D)  
    g_row[9].g_col[10].u_pe  pe_298                                                                                 1967    164.944     0.000      164.944 <none> (D)  
      u_mac                  bf16_mac_unit_298                                                                      1870    142.490     0.000      142.490 <none> (D)  
        u_add                bf16_fp32_add_298                                                                      1373    102.760     0.000      102.760 <none> (D)  
        u_mul                bf16_mul_298                                                                            497     39.730     0.000       39.730 <none> (D)  
    g_row[9].g_col[11].u_pe  pe_299                                                                                 1943    164.040     0.000      164.040 <none> (D)  
      u_mac                  bf16_mac_unit_299                                                                      1846    141.586     0.000      141.586 <none> (D)  
        u_add                bf16_fp32_add_299                                                                      1341    100.996     0.000      100.996 <none> (D)  
        u_mul                bf16_mul_299                                                                            505     40.591     0.000       40.591 <none> (D)  
    g_row[9].g_col[12].u_pe  pe_300                                                                                 1943    163.981     0.000      163.981 <none> (D)  
      u_mac                  bf16_mac_unit_300                                                                      1846    141.528     0.000      141.528 <none> (D)  
        u_add                bf16_fp32_add_300                                                                      1341    100.937     0.000      100.937 <none> (D)  
        u_mul                bf16_mul_300                                                                            505     40.591     0.000       40.591 <none> (D)  
    g_row[9].g_col[13].u_pe  pe_301                                                                                 1957    164.215     0.000      164.215 <none> (D)  
      u_mac                  bf16_mac_unit_301                                                                      1860    141.761     0.000      141.761 <none> (D)  
        u_add                bf16_fp32_add_301                                                                      1362    102.002     0.000      102.002 <none> (D)  
        u_mul                bf16_mul_301                                                                            498     39.760     0.000       39.760 <none> (D)  
    g_row[9].g_col[14].u_pe  pe_302                                                                                 1952    164.346     0.000      164.346 <none> (D)  
      u_mac                  bf16_mac_unit_302                                                                      1855    141.893     0.000      141.893 <none> (D)  
        u_add                bf16_fp32_add_302                                                                      1357    102.089     0.000      102.089 <none> (D)  
        u_mul                bf16_mul_302                                                                            498     39.803     0.000       39.803 <none> (D)  
    g_row[9].g_col[15].u_pe  pe_303                                                                                 1939    163.908     0.000      163.908 <none> (D)  
      u_mac                  bf16_mac_unit_303                                                                      1842    141.455     0.000      141.455 <none> (D)  
        u_add                bf16_fp32_add_303                                                                      1337    100.806     0.000      100.806 <none> (D)  
        u_mul                bf16_mul_303                                                                            505     40.649     0.000       40.649 <none> (D)  
    g_row[9].g_col[16].u_pe  pe_304                                                                                 2090    171.359     0.000      171.359 <none> (D)  
      u_mac                  bf16_mac_unit_304                                                                      1993    148.906     0.000      148.906 <none> (D)  
        u_add                bf16_fp32_add_304                                                                      1487    108.927     0.000      108.927 <none> (D)  
        u_mul                bf16_mul_304                                                                            506     39.978     0.000       39.978 <none> (D)  
    g_row[9].g_col[17].u_pe  pe_305                                                                                 1936    163.588     0.000      163.588 <none> (D)  
      u_mac                  bf16_mac_unit_305                                                                      1839    141.134     0.000      141.134 <none> (D)  
        u_add                bf16_fp32_add_305                                                                      1337    101.156     0.000      101.156 <none> (D)  
        u_mul                bf16_mul_305                                                                            502     39.978     0.000       39.978 <none> (D)  
    g_row[9].g_col[18].u_pe  pe_306                                                                                 2079    170.703     0.000      170.703 <none> (D)  
      u_mac                  bf16_mac_unit_306                                                                      1982    148.249     0.000      148.249 <none> (D)  
        u_add                bf16_fp32_add_306                                                                      1476    108.344     0.000      108.344 <none> (D)  
        u_mul                bf16_mul_306                                                                            506     39.905     0.000       39.905 <none> (D)  
    g_row[9].g_col[19].u_pe  pe_307                                                                                 1955    164.229     0.000      164.229 <none> (D)  
      u_mac                  bf16_mac_unit_307                                                                      1858    141.776     0.000      141.776 <none> (D)  
        u_add                bf16_fp32_add_307                                                                      1355    101.608     0.000      101.608 <none> (D)  
        u_mul                bf16_mul_307                                                                            503     40.168     0.000       40.168 <none> (D)  
    g_row[9].g_col[1].u_pe   pe_289                                                                                 2079    170.455     0.000      170.455 <none> (D)  
      u_mac                  bf16_mac_unit_289                                                                      1982    148.002     0.000      148.002 <none> (D)  
        u_add                bf16_fp32_add_289                                                                      1474    107.921     0.000      107.921 <none> (D)  
        u_mul                bf16_mul_289                                                                            508     40.080     0.000       40.080 <none> (D)  
    g_row[9].g_col[20].u_pe  pe_308                                                                                 1952    164.360     0.000      164.360 <none> (D)  
      u_mac                  bf16_mac_unit_308                                                                      1855    141.907     0.000      141.907 <none> (D)  
        u_add                bf16_fp32_add_308                                                                      1354    101.666     0.000      101.666 <none> (D)  
        u_mul                bf16_mul_308                                                                            501     40.241     0.000       40.241 <none> (D)  
    g_row[9].g_col[21].u_pe  pe_309                                                                                 1935    163.500     0.000      163.500 <none> (D)  
      u_mac                  bf16_mac_unit_309                                                                      1838    141.047     0.000      141.047 <none> (D)  
        u_add                bf16_fp32_add_309                                                                      1341    101.127     0.000      101.127 <none> (D)  
        u_mul                bf16_mul_309                                                                            497     39.920     0.000       39.920 <none> (D)  
    g_row[9].g_col[22].u_pe  pe_310                                                                                 2087    171.344     0.000      171.344 <none> (D)  
      u_mac                  bf16_mac_unit_310                                                                      1990    148.891     0.000      148.891 <none> (D)  
        u_add                bf16_fp32_add_310                                                                      1484    108.898     0.000      108.898 <none> (D)  
        u_mul                bf16_mul_310                                                                            506     39.993     0.000       39.993 <none> (D)  
    g_row[9].g_col[23].u_pe  pe_311                                                                                 1943    163.719     0.000      163.719 <none> (D)  
      u_mac                  bf16_mac_unit_311                                                                      1846    141.266     0.000      141.266 <none> (D)  
        u_add                bf16_fp32_add_311                                                                      1351    101.506     0.000      101.506 <none> (D)  
        u_mul                bf16_mul_311                                                                            495     39.760     0.000       39.760 <none> (D)  
    g_row[9].g_col[24].u_pe  pe_312                                                                                 1942    163.529     0.000      163.529 <none> (D)  
      u_mac                  bf16_mac_unit_312                                                                      1845    141.076     0.000      141.076 <none> (D)  
        u_add                bf16_fp32_add_312                                                                      1349    101.287     0.000      101.287 <none> (D)  
        u_mul                bf16_mul_312                                                                            496     39.789     0.000       39.789 <none> (D)  
    g_row[9].g_col[25].u_pe  pe_313                                                                                 2099    171.592     0.000      171.592 <none> (D)  
      u_mac                  bf16_mac_unit_313                                                                      2002    149.139     0.000      149.139 <none> (D)  
        u_add                bf16_fp32_add_313                                                                      1496    109.248     0.000      109.248 <none> (D)  
        u_mul                bf16_mul_313                                                                            506     39.891     0.000       39.891 <none> (D)  
    g_row[9].g_col[26].u_pe  pe_314                                                                                 2090    171.359     0.000      171.359 <none> (D)  
      u_mac                  bf16_mac_unit_314                                                                      1993    148.906     0.000      148.906 <none> (D)  
        u_add                bf16_fp32_add_314                                                                      1484    108.577     0.000      108.577 <none> (D)  
        u_mul                bf16_mul_314                                                                            509     40.328     0.000       40.328 <none> (D)  
    g_row[9].g_col[27].u_pe  pe_315                                                                                 1927    163.136     0.000      163.136 <none> (D)  
      u_mac                  bf16_mac_unit_315                                                                      1830    140.682     0.000      140.682 <none> (D)  
        u_add                bf16_fp32_add_315                                                                      1337    100.835     0.000      100.835 <none> (D)  
        u_mul                bf16_mul_315                                                                            493     39.847     0.000       39.847 <none> (D)  
    g_row[9].g_col[28].u_pe  pe_316                                                                                 1952    163.996     0.000      163.996 <none> (D)  
      u_mac                  bf16_mac_unit_316                                                                      1855    141.543     0.000      141.543 <none> (D)  
        u_add                bf16_fp32_add_316                                                                      1355    101.666     0.000      101.666 <none> (D)  
        u_mul                bf16_mul_316                                                                            500     39.876     0.000       39.876 <none> (D)  
    g_row[9].g_col[29].u_pe  pe_317                                                                                 1940    163.413     0.000      163.413 <none> (D)  
      u_mac                  bf16_mac_unit_317                                                                      1843    140.959     0.000      140.959 <none> (D)  
        u_add                bf16_fp32_add_317                                                                      1344    101.098     0.000      101.098 <none> (D)  
        u_mul                bf16_mul_317                                                                            499     39.862     0.000       39.862 <none> (D)  
    g_row[9].g_col[2].u_pe   pe_290                                                                                 1983    165.468     0.000      165.468 <none> (D)  
      u_mac                  bf16_mac_unit_290                                                                      1886    143.015     0.000      143.015 <none> (D)  
        u_add                bf16_fp32_add_290                                                                      1389    103.270     0.000      103.270 <none> (D)  
        u_mul                bf16_mul_290                                                                            497     39.745     0.000       39.745 <none> (D)  
    g_row[9].g_col[30].u_pe  pe_318                                                                                 1938    163.777     0.000      163.777 <none> (D)  
      u_mac                  bf16_mac_unit_318                                                                      1841    141.324     0.000      141.324 <none> (D)  
        u_add                bf16_fp32_add_318                                                                      1343    101.418     0.000      101.418 <none> (D)  
        u_mul                bf16_mul_318                                                                            497     39.833     0.000       39.833 <none> (D)  
    g_row[9].g_col[31].u_pe  pe_319                                                                                 1930    163.456     0.000      163.456 <none> (D)  
      u_mac                  bf16_mac_unit_319                                                                      1833    141.003     0.000      141.003 <none> (D)  
        u_add                bf16_fp32_add_319                                                                      1339    101.127     0.000      101.127 <none> (D)  
        u_mul                bf16_mul_319                                                                            494     39.876     0.000       39.876 <none> (D)  
    g_row[9].g_col[3].u_pe   pe_291                                                                                 1938    163.413     0.000      163.413 <none> (D)  
      u_mac                  bf16_mac_unit_291                                                                      1841    140.959     0.000      140.959 <none> (D)  
        u_add                bf16_fp32_add_291                                                                      1346    101.214     0.000      101.214 <none> (D)  
        u_mul                bf16_mul_291                                                                            495     39.745     0.000       39.745 <none> (D)  
    g_row[9].g_col[4].u_pe   pe_292                                                                                 1926    162.859     0.000      162.859 <none> (D)  
      u_mac                  bf16_mac_unit_292                                                                      1829    140.405     0.000      140.405 <none> (D)  
        u_add                bf16_fp32_add_292                                                                      1335    100.806     0.000      100.806 <none> (D)  
        u_mul                bf16_mul_292                                                                            494     39.599     0.000       39.599 <none> (D)  
    g_row[9].g_col[5].u_pe   pe_293                                                                                 1932    163.383     0.000      163.383 <none> (D)  
      u_mac                  bf16_mac_unit_293                                                                      1835    140.930     0.000      140.930 <none> (D)  
        u_add                bf16_fp32_add_293                                                                      1330    100.471     0.000      100.471 <none> (D)  
        u_mul                bf16_mul_293                                                                            505     40.459     0.000       40.459 <none> (D)  
    g_row[9].g_col[6].u_pe   pe_294                                                                                 1956    164.302     0.000      164.302 <none> (D)  
      u_mac                  bf16_mac_unit_294                                                                      1859    141.849     0.000      141.849 <none> (D)  
        u_add                bf16_fp32_add_294                                                                      1362    102.060     0.000      102.060 <none> (D)  
        u_mul                bf16_mul_294                                                                            497     39.789     0.000       39.789 <none> (D)  
    g_row[9].g_col[7].u_pe   pe_295                                                                                 1952    163.996     0.000      163.996 <none> (D)  
      u_mac                  bf16_mac_unit_295                                                                      1855    141.543     0.000      141.543 <none> (D)  
        u_add                bf16_fp32_add_295                                                                      1355    101.666     0.000      101.666 <none> (D)  
        u_mul                bf16_mul_295                                                                            500     39.876     0.000       39.876 <none> (D)  
    g_row[9].g_col[8].u_pe   pe_296                                                                                 1957    164.215     0.000      164.215 <none> (D)  
      u_mac                  bf16_mac_unit_296                                                                      1860    141.761     0.000      141.761 <none> (D)  
        u_add                bf16_fp32_add_296                                                                      1362    102.002     0.000      102.002 <none> (D)  
        u_mul                bf16_mul_296                                                                            498     39.760     0.000       39.760 <none> (D)  
    g_row[9].g_col[9].u_pe   pe_297                                                                                 2060    169.230     0.000      169.230 <none> (D)  
      u_mac                  bf16_mac_unit_297                                                                      1963    146.777     0.000      146.777 <none> (D)  
        u_add                bf16_fp32_add_297                                                                      1459    106.886     0.000      106.886 <none> (D)  
        u_mul                bf16_mul_297                                                                            504     39.891     0.000       39.891 <none> (D)  
  u_axi                      axi_sys_AXI_WIDTH512_TUSER_W3_COLS32_ROWS32_ACT_WIDTH16_WT_WIDTH16_ADDR_WIDTH5           52      6.721     0.000        6.721 <none> (D)  
  u_bias                     bias_sram_COLS32_DATA_WIDTH32                                                          2130    399.127     0.000      399.127 <none> (D)  
  u_bwd_wt_0                 weight_sram_COLS32_WT_WIDTH16_DEPTH32                                                 47298   7510.391     0.000     7510.391 <none> (D)  
  u_bwd_wt_1                 weight_sram_COLS32_WT_WIDTH16_DEPTH32_2                                               47321   7512.578     0.000     7512.578 <none> (D)  
  u_ctrl                     controller_ROWS32_COLS32_WT_WIDTH16_PSUM_WIDTH32_M_MAX256_ADDR_WIDTH5_M_ADDR_W9        2882    241.080     0.000      241.080 <none> (D)  
  u_fwd_wt_0                 weight_sram_COLS32_WT_WIDTH16_DEPTH32_3                                               47345   7513.613     0.000     7513.613 <none> (D)  
  u_fwd_wt_1                 weight_sram_COLS32_WT_WIDTH16_DEPTH32_1                                               47344   7514.095     0.000     7514.095 <none> (D)  
  u_rb                       axi_readback_COLS32_PSUM_WIDTH32_AXI_WIDTH512_M_MAX256_M_ADDR_W9                     402763  34200.291     0.000    34200.291 <none> (D)  
    g_postproc[0].u_bias     bf16_fp32_add_1303                                                                     1092     86.212     0.000       86.212 <none> (D)  
    g_postproc[0].u_gelu     gelu_unit                                                                             11088    945.265     0.000      945.265 <none> (D)  
      u_171                  bf16_mul_1030                                                                           146     13.501     0.000       13.501 <none> (D)  
      u_1t                   bf16_fp32_add_1031                                                                      614     44.834     0.000       44.834 <none> (D)  
      u_26                   bf16_mul_1033                                                                           117      8.879     0.000        8.879 <none> (D)  
      u_2x                   bf16_mul_1032                                                                            49      3.076     0.000        3.076 <none> (D)  
      u_666                  bf16_mul_1031                                                                           123     10.935     0.000       10.935 <none> (D)  
      u_a0                   bf16_fp32_add_1030                                                                     1287     90.644     0.000       90.644 <none> (D)  
      u_a1                   bf16_fp32_add_1029                                                                     1057     74.256     0.000       74.256 <none> (D)  
      u_a2                   bf16_mul_1042                                                                           129     11.314     0.000       11.314 <none> (D)  
      u_a4                   bf16_mul_1029                                                                           129     11.314     0.000       11.314 <none> (D)  
      u_arg                  bf16_mul_1027                                                                           145     10.250     0.000       10.250 <none> (D)  
      u_ct                   bf16_mul_1044                                                                           188     14.026     0.000       14.026 <none> (D)  
      u_dn                   bf16_fp32_add_1308                                                                      562     42.676     0.000       42.676 <none> (D)  
      u_hx                   bf16_mul_1040                                                                            38      2.770     0.000        2.770 <none> (D)  
      u_in                   bf16_fp32_add_1024                                                                      468     36.785     0.000       36.785 <none> (D)  
      u_m0                   bf16_mul_1035                                                                           573     47.895     0.000       47.895 <none> (D)  
      u_m1                   bf16_mul_1036                                                                           590     45.942     0.000       45.942 <none> (D)  
      u_m2                   bf16_mul_1037                                                                           499     39.862     0.000       39.862 <none> (D)  
      u_m3                   bf16_mul_1038                                                                           467     35.867     0.000       35.867 <none> (D)  
      u_ni                   bf16_fp32_add_1026                                                                      445     32.266     0.000       32.266 <none> (D)  
      u_nm                   bf16_mul_1034                                                                           417     32.907     0.000       32.907 <none> (D)  
      u_rs                   bf16_mul_1041                                                                           403     33.724     0.000       33.724 <none> (D)  
      u_t1                   bf16_fp32_add_1035                                                                      521     38.375     0.000       38.375 <none> (D)  
      u_t2                   bf16_fp32_add_1027                                                                      351     26.492     0.000       26.492 <none> (D)  
      u_tr                   bf16_mul_1039                                                                           309     29.029     0.000       29.029 <none> (D)  
      u_x2                   bf16_mul_1024                                                                           139     11.970     0.000       11.970 <none> (D)  
      u_x3                   bf16_mul_1043                                                                           288     26.988     0.000       26.988 <none> (D)  
    g_postproc[10].u_bias    bf16_fp32_add_1114                                                                     1075     85.526     0.000       85.526 <none> (D)  
    g_postproc[10].u_gelu    gelu_unit_10                                                                          11094    942.510     0.000      942.510 <none> (D)  
      u_171                  bf16_mul_1210                                                                           146     13.501     0.000       13.501 <none> (D)  
      u_1t                   bf16_fp32_add_1122                                                                      616     44.790     0.000       44.790 <none> (D)  
      u_26                   bf16_mul_1213                                                                           117      8.879     0.000        8.879 <none> (D)  
      u_2x                   bf16_mul_1212                                                                            49      3.076     0.000        3.076 <none> (D)  
      u_666                  bf16_mul_1211                                                                           123     10.935     0.000       10.935 <none> (D)  
      u_a0                   bf16_fp32_add_1120                                                                     1289     90.017     0.000       90.017 <none> (D)  
      u_a1                   bf16_fp32_add_1121                                                                     1056     74.212     0.000       74.212 <none> (D)  
      u_a2                   bf16_mul_1208                                                                           129     11.314     0.000       11.314 <none> (D)  
      u_a4                   bf16_mul_1209                                                                           129     11.314     0.000       11.314 <none> (D)  
      u_arg                  bf16_mul_1207                                                                           145     10.250     0.000       10.250 <none> (D)  
      u_ct                   bf16_mul_1206                                                                           188     14.026     0.000       14.026 <none> (D)  
      u_dn                   bf16_fp32_add_1119                                                                      562     42.617     0.000       42.617 <none> (D)  
      u_hx                   bf16_mul_1220                                                                            38      2.770     0.000        2.770 <none> (D)  
      u_in                   bf16_fp32_add_1115                                                                      469     36.654     0.000       36.654 <none> (D)  
      u_m0                   bf16_mul_1215                                                                           586     47.837     0.000       47.837 <none> (D)  
      u_m1                   bf16_mul_1216                                                                           573     44.382     0.000       44.382 <none> (D)  
      u_m2                   bf16_mul_1217                                                                           499     39.862     0.000       39.862 <none> (D)  
      u_m3                   bf16_mul_1218                                                                           467     35.896     0.000       35.896 <none> (D)  
      u_ni                   bf16_fp32_add_1117                                                                      445     32.207     0.000       32.207 <none> (D)  
      u_nm                   bf16_mul_1214                                                                           417     32.936     0.000       32.936 <none> (D)  
      u_rs                   bf16_mul_1221                                                                           407     33.724     0.000       33.724 <none> (D)  
      u_t1                   bf16_fp32_add_1116                                                                      522     38.462     0.000       38.462 <none> (D)  
      u_t2                   bf16_fp32_add_1118                                                                      349     26.244     0.000       26.244 <none> (D)  
      u_tr                   bf16_mul_1219                                                                           309     29.029     0.000       29.029 <none> (D)  
      u_x2                   bf16_mul_1204                                                                           138     11.912     0.000       11.912 <none> (D)  
      u_x3                   bf16_mul_1205                                                                           289     27.046     0.000       27.046 <none> (D)  
    g_postproc[11].u_bias    bf16_fp32_add_1123                                                                     1075     84.754     0.000       84.754 <none> (D)  
    g_postproc[11].u_gelu    gelu_unit_11                                                                          11407    967.296     0.000      967.296 <none> (D)  
      u_171                  bf16_mul_1228                                                                           146     13.501     0.000       13.501 <none> (D)  
      u_1t                   bf16_fp32_add_1131                                                                      908     65.814     0.000       65.814 <none> (D)  
      u_26                   bf16_mul_1231                                                                           117      8.879     0.000        8.879 <none> (D)  
      u_2x                   bf16_mul_1230                                                                            49      3.076     0.000        3.076 <none> (D)  
      u_666                  bf16_mul_1229                                                                           123     10.935     0.000       10.935 <none> (D)  
      u_a0                   bf16_fp32_add_1129                                                                     1298     91.985     0.000       91.985 <none> (D)  
      u_a1                   bf16_fp32_add_1130                                                                     1059     74.329     0.000       74.329 <none> (D)  
      u_a2                   bf16_mul_1226                                                                           129     11.314     0.000       11.314 <none> (D)  
      u_a4                   bf16_mul_1227                                                                           129     11.314     0.000       11.314 <none> (D)  
      u_arg                  bf16_mul_1225                                                                           151     10.541     0.000       10.541 <none> (D)  
      u_ct                   bf16_mul_1224                                                                           168     13.195     0.000       13.195 <none> (D)  
      u_dn                   bf16_fp32_add_1128                                                                      563     42.865     0.000       42.865 <none> (D)  
      u_hx                   bf16_mul_1238                                                                            38      2.770     0.000        2.770 <none> (D)  
      u_in                   bf16_fp32_add_1124                                                                      428     34.336     0.000       34.336 <none> (D)  
      u_m0                   bf16_mul_1233                                                                           617     48.245     0.000       48.245 <none> (D)  
      u_m1                   bf16_mul_1234                                                                           573     44.979     0.000       44.979 <none> (D)  
      u_m2                   bf16_mul_1235                                                                           498     39.949     0.000       39.949 <none> (D)  
      u_m3                   bf16_mul_1236                                                                           467     36.071     0.000       36.071 <none> (D)  
      u_ni                   bf16_fp32_add_1126                                                                      466     33.869     0.000       33.869 <none> (D)  
      u_nm                   bf16_mul_1232                                                                           406     32.105     0.000       32.105 <none> (D)  
      u_rs                   bf16_mul_1239                                                                           428     35.502     0.000       35.502 <none> (D)  
      u_t1                   bf16_fp32_add_1125                                                                      535     39.235     0.000       39.235 <none> (D)  
      u_t2                   bf16_fp32_add_1127                                                                      351     26.331     0.000       26.331 <none> (D)  
      u_tr                   bf16_mul_1237                                                                           309     29.029     0.000       29.029 <none> (D)  
      u_x2                   bf16_mul_1222                                                                           139     11.970     0.000       11.970 <none> (D)  
      u_x3                   bf16_mul_1223                                                                           288     26.988     0.000       26.988 <none> (D)  
    g_postproc[12].u_bias    bf16_fp32_add_1132                                                                     1122     87.203     0.000       87.203 <none> (D)  
    g_postproc[12].u_gelu    gelu_unit_12                                                                          11480    971.145     0.000      971.145 <none> (D)  
      u_171                  bf16_mul_1246                                                                           146     13.501     0.000       13.501 <none> (D)  
      u_1t                   bf16_fp32_add_1140                                                                      890     64.648     0.000       64.648 <none> (D)  
      u_26                   bf16_mul_1249                                                                           117      8.879     0.000        8.879 <none> (D)  
      u_2x                   bf16_mul_1248                                                                            49      3.076     0.000        3.076 <none> (D)  
      u_666                  bf16_mul_1247                                                                           123     10.935     0.000       10.935 <none> (D)  
      u_a0                   bf16_fp32_add_1138                                                                     1394     97.905     0.000       97.905 <none> (D)  
      u_a1                   bf16_fp32_add_1139                                                                     1059     74.329     0.000       74.329 <none> (D)  
      u_a2                   bf16_mul_1244                                                                           129     11.314     0.000       11.314 <none> (D)  
      u_a4                   bf16_mul_1245                                                                           129     11.314     0.000       11.314 <none> (D)  
      u_arg                  bf16_mul_1243                                                                           150     10.396     0.000       10.396 <none> (D)  
      u_ct                   bf16_mul_1242                                                                           191     14.201     0.000       14.201 <none> (D)  
      u_dn                   bf16_fp32_add_1137                                                                      563     42.792     0.000       42.792 <none> (D)  
      u_hx                   bf16_mul_1256                                                                            38      2.770     0.000        2.770 <none> (D)  
      u_in                   bf16_fp32_add_1133                                                                      458     36.537     0.000       36.537 <none> (D)  
      u_m0                   bf16_mul_1251                                                                           601     46.729     0.000       46.729 <none> (D)  
      u_m1                   bf16_mul_1252                                                                           540     43.040     0.000       43.040 <none> (D)  
      u_m2                   bf16_mul_1253                                                                           500     39.935     0.000       39.935 <none> (D)  
      u_m3                   bf16_mul_1254                                                                           467     36.071     0.000       36.071 <none> (D)  
      u_ni                   bf16_fp32_add_1135                                                                      467     33.811     0.000       33.811 <none> (D)  
      u_nm                   bf16_mul_1250                                                                           406     32.105     0.000       32.105 <none> (D)  
      u_rs                   bf16_mul_1257                                                                           427     35.663     0.000       35.663 <none> (D)  
      u_t1                   bf16_fp32_add_1134                                                                      531     39.235     0.000       39.235 <none> (D)  
      u_t2                   bf16_fp32_add_1136                                                                      350     26.288     0.000       26.288 <none> (D)  
      u_tr                   bf16_mul_1255                                                                           309     29.029     0.000       29.029 <none> (D)  
      u_x2                   bf16_mul_1240                                                                           139     11.970     0.000       11.970 <none> (D)  
      u_x3                   bf16_mul_1241                                                                           288     26.988     0.000       26.988 <none> (D)  
    g_postproc[13].u_bias    bf16_fp32_add_1141                                                                     1045     83.937     0.000       83.937 <none> (D)  
    g_postproc[13].u_gelu    gelu_unit_13                                                                          11496    971.597     0.000      971.597 <none> (D)  
      u_171                  bf16_mul_1264                                                                           146     13.501     0.000       13.501 <none> (D)  
      u_1t                   bf16_fp32_add_1149                                                                      898     65.493     0.000       65.493 <none> (D)  
      u_26                   bf16_mul_1267                                                                           115      8.865     0.000        8.865 <none> (D)  
      u_2x                   bf16_mul_1266                                                                            49      3.076     0.000        3.076 <none> (D)  
      u_666                  bf16_mul_1265                                                                           123     10.935     0.000       10.935 <none> (D)  
      u_a0                   bf16_fp32_add_1147                                                                     1365     95.368     0.000       95.368 <none> (D)  
      u_a1                   bf16_fp32_add_1148                                                                     1064     75.291     0.000       75.291 <none> (D)  
      u_a2                   bf16_mul_1262                                                                           129     11.314     0.000       11.314 <none> (D)  
      u_a4                   bf16_mul_1263                                                                           132     11.460     0.000       11.460 <none> (D)  
      u_arg                  bf16_mul_1261                                                                           143     10.162     0.000       10.162 <none> (D)  
      u_ct                   bf16_mul_1260                                                                           187     13.895     0.000       13.895 <none> (D)  
      u_dn                   bf16_fp32_add_1146                                                                      557     42.734     0.000       42.734 <none> (D)  
      u_hx                   bf16_mul_1274                                                                            38      2.770     0.000        2.770 <none> (D)  
      u_in                   bf16_fp32_add_1142                                                                      462     36.756     0.000       36.756 <none> (D)  
      u_m0                   bf16_mul_1269                                                                           619     48.566     0.000       48.566 <none> (D)  
      u_m1                   bf16_mul_1270                                                                           573     44.192     0.000       44.192 <none> (D)  
      u_m2                   bf16_mul_1271                                                                           489     38.287     0.000       38.287 <none> (D)  
      u_m3                   bf16_mul_1272                                                                           469     36.435     0.000       36.435 <none> (D)  
      u_ni                   bf16_fp32_add_1144                                                                      472     33.709     0.000       33.709 <none> (D)  
      u_nm                   bf16_mul_1268                                                                           396     31.420     0.000       31.420 <none> (D)  
      u_rs                   bf16_mul_1275                                                                           425     35.152     0.000       35.152 <none> (D)  
      u_t1                   bf16_fp32_add_1143                                                                      519     38.287     0.000       38.287 <none> (D)  
      u_t2                   bf16_fp32_add_1145                                                                      351     26.536     0.000       26.536 <none> (D)  
      u_tr                   bf16_mul_1273                                                                           309     29.029     0.000       29.029 <none> (D)  
      u_x2                   bf16_mul_1258                                                                           139     11.970     0.000       11.970 <none> (D)  
      u_x3                   bf16_mul_1259                                                                           287     26.988     0.000       26.988 <none> (D)  
    g_postproc[14].u_bias    bf16_fp32_add_1150                                                                     1126     88.019     0.000       88.019 <none> (D)  
    g_postproc[14].u_gelu    gelu_unit_14                                                                          11516    974.804     0.000      974.804 <none> (D)  
      u_171                  bf16_mul_1282                                                                           146     13.501     0.000       13.501 <none> (D)  
      u_1t                   bf16_fp32_add_1158                                                                      911     66.339     0.000       66.339 <none> (D)  
      u_26                   bf16_mul_1285                                                                           115      8.865     0.000        8.865 <none> (D)  
      u_2x                   bf16_mul_1284                                                                            49      3.076     0.000        3.076 <none> (D)  
      u_666                  bf16_mul_1283                                                                           123     10.935     0.000       10.935 <none> (D)  
      u_a0                   bf16_fp32_add_1156                                                                     1408     98.211     0.000       98.211 <none> (D)  
      u_a1                   bf16_fp32_add_1157                                                                     1018     73.469     0.000       73.469 <none> (D)  
      u_a2                   bf16_mul_1280                                                                           129     11.314     0.000       11.314 <none> (D)  
      u_a4                   bf16_mul_1281                                                                           132     11.460     0.000       11.460 <none> (D)  
      u_arg                  bf16_mul_1279                                                                           143     10.191     0.000       10.191 <none> (D)  
      u_ct                   bf16_mul_1278                                                                           188     13.836     0.000       13.836 <none> (D)  
      u_dn                   bf16_fp32_add_1155                                                                      558     42.559     0.000       42.559 <none> (D)  
      u_hx                   bf16_mul_1292                                                                            38      2.770     0.000        2.770 <none> (D)  
      u_in                   bf16_fp32_add_1151                                                                      462     36.815     0.000       36.815 <none> (D)  
      u_m0                   bf16_mul_1287                                                                           629     48.683     0.000       48.683 <none> (D)  
      u_m1                   bf16_mul_1288                                                                           577     45.242     0.000       45.242 <none> (D)  
      u_m2                   bf16_mul_1289                                                                           483     38.141     0.000       38.141 <none> (D)  
      u_m3                   bf16_mul_1290                                                                           459     35.896     0.000       35.896 <none> (D)  
      u_ni                   bf16_fp32_add_1153                                                                      472     34.190     0.000       34.190 <none> (D)  
      u_nm                   bf16_mul_1286                                                                           398     31.405     0.000       31.405 <none> (D)  
      u_rs                   bf16_mul_1293                                                                           438     36.173     0.000       36.173 <none> (D)  
      u_t1                   bf16_fp32_add_1152                                                                      516     38.127     0.000       38.127 <none> (D)  
      u_t2                   bf16_fp32_add_1154                                                                      351     26.565     0.000       26.565 <none> (D)  
      u_tr                   bf16_mul_1291                                                                           309     29.029     0.000       29.029 <none> (D)  
      u_x2                   bf16_mul_1276                                                                           139     11.970     0.000       11.970 <none> (D)  
      u_x3                   bf16_mul_1277                                                                           287     26.988     0.000       26.988 <none> (D)  
    g_postproc[15].u_bias    bf16_fp32_add_1159                                                                     1133     87.509     0.000       87.509 <none> (D)  
    g_postproc[15].u_gelu    gelu_unit_15                                                                          11452    966.085     0.000      966.085 <none> (D)  
      u_171                  bf16_mul_1300                                                                           146     13.501     0.000       13.501 <none> (D)  
      u_1t                   bf16_fp32_add_1167                                                                      870     63.890     0.000       63.890 <none> (D)  
      u_26                   bf16_mul_1303                                                                           118      8.850     0.000        8.850 <none> (D)  
      u_2x                   bf16_mul_1302                                                                            49      3.076     0.000        3.076 <none> (D)  
      u_666                  bf16_mul_1301                                                                           123     10.935     0.000       10.935 <none> (D)  
      u_a0                   bf16_fp32_add_1165                                                                     1380     95.922     0.000       95.922 <none> (D)  
      u_a1                   bf16_fp32_add_1166                                                                     1060     74.693     0.000       74.693 <none> (D)  
      u_a2                   bf16_mul_1298                                                                           129     11.314     0.000       11.314 <none> (D)  
      u_a4                   bf16_mul_1299                                                                           129     11.314     0.000       11.314 <none> (D)  
      u_arg                  bf16_mul_1297                                                                           143     10.162     0.000       10.162 <none> (D)  
      u_ct                   bf16_mul_1296                                                                           186     13.851     0.000       13.851 <none> (D)  
      u_dn                   bf16_fp32_add_1164                                                                      570     43.142     0.000       43.142 <none> (D)  
      u_hx                   bf16_mul_1310                                                                            38      2.770     0.000        2.770 <none> (D)  
      u_in                   bf16_fp32_add_1160                                                                      465     36.873     0.000       36.873 <none> (D)  
      u_m0                   bf16_mul_1305                                                                           579     45.898     0.000       45.898 <none> (D)  
      u_m1                   bf16_mul_1306                                                                           567     43.390     0.000       43.390 <none> (D)  
      u_m2                   bf16_mul_1307                                                                           491     39.599     0.000       39.599 <none> (D)  
      u_m3                   bf16_mul_1308                                                                           453     34.846     0.000       34.846 <none> (D)  
      u_ni                   bf16_fp32_add_1162                                                                      471     33.840     0.000       33.840 <none> (D)  
      u_nm                   bf16_mul_1304                                                                           397     31.347     0.000       31.347 <none> (D)  
      u_rs                   bf16_mul_1311                                                                           445     35.677     0.000       35.677 <none> (D)  
      u_t1                   bf16_fp32_add_1161                                                                      518     38.287     0.000       38.287 <none> (D)  
      u_t2                   bf16_fp32_add_1163                                                                      376     27.644     0.000       27.644 <none> (D)  
      u_tr                   bf16_mul_1309                                                                           309     29.029     0.000       29.029 <none> (D)  
      u_x2                   bf16_mul_1294                                                                           139     11.970     0.000       11.970 <none> (D)  
      u_x3                   bf16_mul_1295                                                                           288     26.988     0.000       26.988 <none> (D)  
    g_postproc[16].u_bias    bf16_fp32_add_1168                                                                     1099     86.270     0.000       86.270 <none> (D)  
    g_postproc[16].u_gelu    gelu_unit_16                                                                          11328    961.755     0.000      961.755 <none> (D)  
      u_171                  bf16_mul_1318                                                                           146     13.501     0.000       13.501 <none> (D)  
      u_1t                   bf16_fp32_add_1176                                                                      872     64.021     0.000       64.021 <none> (D)  
      u_26                   bf16_mul_1321                                                                           118      8.850     0.000        8.850 <none> (D)  
      u_2x                   bf16_mul_1320                                                                            49      3.076     0.000        3.076 <none> (D)  
      u_666                  bf16_mul_1319                                                                           123     10.935     0.000       10.935 <none> (D)  
      u_a0                   bf16_fp32_add_1174                                                                     1321     93.137     0.000       93.137 <none> (D)  
      u_a1                   bf16_fp32_add_1175                                                                     1044     73.993     0.000       73.993 <none> (D)  
      u_a2                   bf16_mul_1316                                                                           129     11.314     0.000       11.314 <none> (D)  
      u_a4                   bf16_mul_1317                                                                           129     11.314     0.000       11.314 <none> (D)  
      u_arg                  bf16_mul_1315                                                                           146     10.352     0.000       10.352 <none> (D)  
      u_ct                   bf16_mul_1314                                                                           167     13.282     0.000       13.282 <none> (D)  
      u_dn                   bf16_fp32_add_1173                                                                      569     43.040     0.000       43.040 <none> (D)  
      u_hx                   bf16_mul_1328                                                                            38      2.770     0.000        2.770 <none> (D)  
      u_in                   bf16_fp32_add_1169                                                                      426     34.073     0.000       34.073 <none> (D)  
      u_m0                   bf16_mul_1323                                                                           584     46.860     0.000       46.860 <none> (D)  
      u_m1                   bf16_mul_1324                                                                           576     44.163     0.000       44.163 <none> (D)  
      u_m2                   bf16_mul_1325                                                                           487     39.322     0.000       39.322 <none> (D)  
      u_m3                   bf16_mul_1326                                                                           454     34.832     0.000       34.832 <none> (D)  
      u_ni                   bf16_fp32_add_1171                                                                      472     33.942     0.000       33.942 <none> (D)  
      u_nm                   bf16_mul_1322                                                                           398     31.391     0.000       31.391 <none> (D)  
      u_rs                   bf16_mul_1329                                                                           434     35.327     0.000       35.327 <none> (D)  
      u_t1                   bf16_fp32_add_1170                                                                      517     38.258     0.000       38.258 <none> (D)  
      u_t2                   bf16_fp32_add_1172                                                                      376     27.644     0.000       27.644 <none> (D)  
      u_tr                   bf16_mul_1327                                                                           309     29.029     0.000       29.029 <none> (D)  
      u_x2                   bf16_mul_1312                                                                           139     11.970     0.000       11.970 <none> (D)  
      u_x3                   bf16_mul_1313                                                                           287     26.929     0.000       26.929 <none> (D)  
    g_postproc[17].u_bias    bf16_fp32_add_1177                                                                     1101     86.780     0.000       86.780 <none> (D)  
    g_postproc[17].u_gelu    gelu_unit_17                                                                          11419    967.733     0.000      967.733 <none> (D)  
      u_171                  bf16_mul_1336                                                                           146     13.501     0.000       13.501 <none> (D)  
      u_1t                   bf16_fp32_add_1185                                                                      904     65.129     0.000       65.129 <none> (D)  
      u_26                   bf16_mul_1339                                                                           115      8.865     0.000        8.865 <none> (D)  
      u_2x                   bf16_mul_1338                                                                            49      3.076     0.000        3.076 <none> (D)  
      u_666                  bf16_mul_1337                                                                           123     10.935     0.000       10.935 <none> (D)  
      u_a0                   bf16_fp32_add_1183                                                                     1338     94.624     0.000       94.624 <none> (D)  
      u_a1                   bf16_fp32_add_1184                                                                     1042     74.300     0.000       74.300 <none> (D)  
      u_a2                   bf16_mul_1334                                                                           129     11.314     0.000       11.314 <none> (D)  
      u_a4                   bf16_mul_1335                                                                           129     11.314     0.000       11.314 <none> (D)  
      u_arg                  bf16_mul_1333                                                                           143     10.191     0.000       10.191 <none> (D)  
      u_ct                   bf16_mul_1332                                                                           187     13.866     0.000       13.866 <none> (D)  
      u_dn                   bf16_fp32_add_1182                                                                      556     42.559     0.000       42.559 <none> (D)  
      u_hx                   bf16_mul_1346                                                                            38      2.770     0.000        2.770 <none> (D)  
      u_in                   bf16_fp32_add_1178                                                                      470     36.975     0.000       36.975 <none> (D)  
      u_m0                   bf16_mul_1341                                                                           625     48.712     0.000       48.712 <none> (D)  
      u_m1                   bf16_mul_1342                                                                           527     42.151     0.000       42.151 <none> (D)  
      u_m2                   bf16_mul_1343                                                                           477     37.923     0.000       37.923 <none> (D)  
      u_m3                   bf16_mul_1344                                                                           465     36.086     0.000       36.086 <none> (D)  
      u_ni                   bf16_fp32_add_1180                                                                      470     33.811     0.000       33.811 <none> (D)  
      u_nm                   bf16_mul_1340                                                                           404     32.076     0.000       32.076 <none> (D)  
      u_rs                   bf16_mul_1347                                                                           438     36.086     0.000       36.086 <none> (D)  
      u_t1                   bf16_fp32_add_1179                                                                      521     38.447     0.000       38.447 <none> (D)  
      u_t2                   bf16_fp32_add_1181                                                                      351     26.521     0.000       26.521 <none> (D)  
      u_tr                   bf16_mul_1345                                                                           309     29.029     0.000       29.029 <none> (D)  
      u_x2                   bf16_mul_1330                                                                           134     11.751     0.000       11.751 <none> (D)  
      u_x3                   bf16_mul_1331                                                                           292     27.133     0.000       27.133 <none> (D)  
    g_postproc[18].u_bias    bf16_fp32_add_1186                                                                     1126     88.165     0.000       88.165 <none> (D)  
    g_postproc[18].u_gelu    gelu_unit_18                                                                          11529    974.600     0.000      974.600 <none> (D)  
      u_171                  bf16_mul_1354                                                                           146     13.501     0.000       13.501 <none> (D)  
      u_1t                   bf16_fp32_add_1194                                                                      914     66.397     0.000       66.397 <none> (D)  
      u_26                   bf16_mul_1357                                                                           115      8.865     0.000        8.865 <none> (D)  
      u_2x                   bf16_mul_1356                                                                            49      3.076     0.000        3.076 <none> (D)  
      u_666                  bf16_mul_1355                                                                           123     10.935     0.000       10.935 <none> (D)  
      u_a0                   bf16_fp32_add_1192                                                                     1396     97.438     0.000       97.438 <none> (D)  
      u_a1                   bf16_fp32_add_1193                                                                     1042     74.154     0.000       74.154 <none> (D)  
      u_a2                   bf16_mul_1352                                                                           129     11.314     0.000       11.314 <none> (D)  
      u_a4                   bf16_mul_1353                                                                           129     11.314     0.000       11.314 <none> (D)  
      u_arg                  bf16_mul_1351                                                                           143     10.162     0.000       10.162 <none> (D)  
      u_ct                   bf16_mul_1350                                                                           187     13.938     0.000       13.938 <none> (D)  
      u_dn                   bf16_fp32_add_1191                                                                      556     42.472     0.000       42.472 <none> (D)  
      u_hx                   bf16_mul_1364                                                                            38      2.770     0.000        2.770 <none> (D)  
      u_in                   bf16_fp32_add_1187                                                                      469     36.975     0.000       36.975 <none> (D)  
      u_m0                   bf16_mul_1359                                                                           611     48.493     0.000       48.493 <none> (D)  
      u_m1                   bf16_mul_1360                                                                           586     45.519     0.000       45.519 <none> (D)  
      u_m2                   bf16_mul_1361                                                                           476     37.762     0.000       37.762 <none> (D)  
      u_m3                   bf16_mul_1362                                                                           465     36.275     0.000       36.275 <none> (D)  
      u_ni                   bf16_fp32_add_1189                                                                      470     33.753     0.000       33.753 <none> (D)  
      u_nm                   bf16_mul_1358                                                                           404     32.091     0.000       32.091 <none> (D)  
      u_rs                   bf16_mul_1365                                                                           434     35.838     0.000       35.838 <none> (D)  
      u_t1                   bf16_fp32_add_1188                                                                      521     38.535     0.000       38.535 <none> (D)  
      u_t2                   bf16_fp32_add_1190                                                                      351     26.550     0.000       26.550 <none> (D)  
      u_tr                   bf16_mul_1363                                                                           309     29.029     0.000       29.029 <none> (D)  
      u_x2                   bf16_mul_1348                                                                           132     11.577     0.000       11.577 <none> (D)  
      u_x3                   bf16_mul_1349                                                                           292     27.235     0.000       27.235 <none> (D)  
    g_postproc[19].u_bias    bf16_fp32_add_1195                                                                     1123     87.524     0.000       87.524 <none> (D)  
    g_postproc[19].u_gelu    gelu_unit_19                                                                          11334    960.632     0.000      960.632 <none> (D)  
      u_171                  bf16_mul_1372                                                                           146     13.501     0.000       13.501 <none> (D)  
      u_1t                   bf16_fp32_add_1203                                                                      873     63.933     0.000       63.933 <none> (D)  
      u_26                   bf16_mul_1375                                                                           118      8.850     0.000        8.850 <none> (D)  
      u_2x                   bf16_mul_1374                                                                            49      3.076     0.000        3.076 <none> (D)  
      u_666                  bf16_mul_1373                                                                           123     10.935     0.000       10.935 <none> (D)  
      u_a0                   bf16_fp32_add_1201                                                                     1364     94.070     0.000       94.070 <none> (D)  
      u_a1                   bf16_fp32_add_1202                                                                     1050     74.256     0.000       74.256 <none> (D)  
      u_a2                   bf16_mul_1370                                                                           129     11.314     0.000       11.314 <none> (D)  
      u_a4                   bf16_mul_1371                                                                           129     11.314     0.000       11.314 <none> (D)  
      u_arg                  bf16_mul_1369                                                                           146     10.352     0.000       10.352 <none> (D)  
      u_ct                   bf16_mul_1368                                                                           167     13.282     0.000       13.282 <none> (D)  
      u_dn                   bf16_fp32_add_1200                                                                      573     43.113     0.000       43.113 <none> (D)  
      u_hx                   bf16_mul_1382                                                                            38      2.770     0.000        2.770 <none> (D)  
      u_in                   bf16_fp32_add_1196                                                                      426     34.073     0.000       34.073 <none> (D)  
      u_m0                   bf16_mul_1377                                                                           582     46.087     0.000       46.087 <none> (D)  
      u_m1                   bf16_mul_1378                                                                           531     42.617     0.000       42.617 <none> (D)  
      u_m2                   bf16_mul_1379                                                                           487     39.293     0.000       39.293 <none> (D)  
      u_m3                   bf16_mul_1380                                                                           451     34.759     0.000       34.759 <none> (D)  
      u_ni                   bf16_fp32_add_1198                                                                      471     33.826     0.000       33.826 <none> (D)  
      u_nm                   bf16_mul_1376                                                                           398     31.391     0.000       31.391 <none> (D)  
      u_rs                   bf16_mul_1383                                                                           433     35.400     0.000       35.400 <none> (D)  
      u_t1                   bf16_fp32_add_1197                                                                      518     38.331     0.000       38.331 <none> (D)  
      u_t2                   bf16_fp32_add_1199                                                                      377     27.658     0.000       27.658 <none> (D)  
      u_tr                   bf16_mul_1381                                                                           309     29.029     0.000       29.029 <none> (D)  
      u_x2                   bf16_mul_1366                                                                           139     11.970     0.000       11.970 <none> (D)  
      u_x3                   bf16_mul_1367                                                                           287     26.929     0.000       26.929 <none> (D)  
    g_postproc[1].u_bias     bf16_fp32_add_1033                                                                     1063     85.191     0.000       85.191 <none> (D)  
    g_postproc[1].u_gelu     gelu_unit_1                                                                           11472    971.130     0.000      971.130 <none> (D)  
      u_171                  bf16_mul_1048                                                                           146     13.501     0.000       13.501 <none> (D)  
      u_1t                   bf16_fp32_add_1041                                                                      895     65.420     0.000       65.420 <none> (D)  
      u_26                   bf16_mul_1051                                                                           115      8.865     0.000        8.865 <none> (D)  
      u_2x                   bf16_mul_1050                                                                            49      3.076     0.000        3.076 <none> (D)  
      u_666                  bf16_mul_1049                                                                           123     10.935     0.000       10.935 <none> (D)  
      u_a0                   bf16_fp32_add_1039                                                                     1375     94.697     0.000       94.697 <none> (D)  
      u_a1                   bf16_fp32_add_1040                                                                     1032     73.819     0.000       73.819 <none> (D)  
      u_a2                   bf16_mul_1046                                                                           129     11.314     0.000       11.314 <none> (D)  
      u_a4                   bf16_mul_1047                                                                           132     11.460     0.000       11.460 <none> (D)  
      u_arg                  bf16_mul_1045                                                                           145     10.250     0.000       10.250 <none> (D)  
      u_ct                   bf16_mul_1026                                                                           188     13.880     0.000       13.880 <none> (D)  
      u_dn                   bf16_fp32_add_1038                                                                      558     42.442     0.000       42.442 <none> (D)  
      u_hx                   bf16_mul_1058                                                                            38      2.770     0.000        2.770 <none> (D)  
      u_in                   bf16_fp32_add_1034                                                                      464     36.887     0.000       36.887 <none> (D)  
      u_m0                   bf16_mul_1053                                                                           605     47.939     0.000       47.939 <none> (D)  
      u_m1                   bf16_mul_1054                                                                           588     45.475     0.000       45.475 <none> (D)  
      u_m2                   bf16_mul_1055                                                                           485     38.185     0.000       38.185 <none> (D)  
      u_m3                   bf16_mul_1056                                                                           460     36.202     0.000       36.202 <none> (D)  
      u_ni                   bf16_fp32_add_1036                                                                      471     34.088     0.000       34.088 <none> (D)  
      u_nm                   bf16_mul_1052                                                                           397     31.332     0.000       31.332 <none> (D)  
      u_rs                   bf16_mul_1059                                                                           434     36.086     0.000       36.086 <none> (D)  
      u_t1                   bf16_fp32_add_1025                                                                      516     38.273     0.000       38.273 <none> (D)  
      u_t2                   bf16_fp32_add_1037                                                                      351     26.536     0.000       26.536 <none> (D)  
      u_tr                   bf16_mul_1057                                                                           309     29.029     0.000       29.029 <none> (D)  
      u_x2                   bf16_mul_1028                                                                           139     11.970     0.000       11.970 <none> (D)  
      u_x3                   bf16_mul_1025                                                                           287     26.988     0.000       26.988 <none> (D)  
    g_postproc[20].u_bias    bf16_fp32_add_1204                                                                     1112     86.634     0.000       86.634 <none> (D)  
    g_postproc[20].u_gelu    gelu_unit_20                                                                          11022    938.733     0.000      938.733 <none> (D)  
      u_171                  bf16_mul_1390                                                                           146     13.501     0.000       13.501 <none> (D)  
      u_1t                   bf16_fp32_add_1212                                                                      597     44.032     0.000       44.032 <none> (D)  
      u_26                   bf16_mul_1393                                                                           119      8.894     0.000        8.894 <none> (D)  
      u_2x                   bf16_mul_1392                                                                            49      3.076     0.000        3.076 <none> (D)  
      u_666                  bf16_mul_1391                                                                           123     10.935     0.000       10.935 <none> (D)  
      u_a0                   bf16_fp32_add_1210                                                                     1305     92.321     0.000       92.321 <none> (D)  
      u_a1                   bf16_fp32_add_1211                                                                     1000     69.590     0.000       69.590 <none> (D)  
      u_a2                   bf16_mul_1388                                                                           129     11.314     0.000       11.314 <none> (D)  
      u_a4                   bf16_mul_1389                                                                           132     11.460     0.000       11.460 <none> (D)  
      u_arg                  bf16_mul_1387                                                                           146     10.352     0.000       10.352 <none> (D)  
      u_ct                   bf16_mul_1386                                                                           167     13.384     0.000       13.384 <none> (D)  
      u_dn                   bf16_fp32_add_1209                                                                      558     42.238     0.000       42.238 <none> (D)  
      u_hx                   bf16_mul_1400                                                                            38      2.770     0.000        2.770 <none> (D)  
      u_in                   bf16_fp32_add_1205                                                                      426     34.103     0.000       34.103 <none> (D)  
      u_m0                   bf16_mul_1395                                                                           573     46.656     0.000       46.656 <none> (D)  
      u_m1                   bf16_mul_1396                                                                           639     47.677     0.000       47.677 <none> (D)  
      u_m2                   bf16_mul_1397                                                                           480     38.681     0.000       38.681 <none> (D)  
      u_m3                   bf16_mul_1398                                                                           473     36.815     0.000       36.815 <none> (D)  
      u_ni                   bf16_fp32_add_1207                                                                      477     34.409     0.000       34.409 <none> (D)  
      u_nm                   bf16_mul_1394                                                                           415     32.674     0.000       32.674 <none> (D)  
      u_rs                   bf16_mul_1401                                                                           401     33.490     0.000       33.490 <none> (D)  
      u_t1                   bf16_fp32_add_1206                                                                      526     38.273     0.000       38.273 <none> (D)  
      u_t2                   bf16_fp32_add_1208                                                                      355     26.302     0.000       26.302 <none> (D)  
      u_tr                   bf16_mul_1399                                                                           309     29.029     0.000       29.029 <none> (D)  
      u_x2                   bf16_mul_1384                                                                           139     11.970     0.000       11.970 <none> (D)  
      u_x3                   bf16_mul_1385                                                                           287     26.988     0.000       26.988 <none> (D)  
    g_postproc[21].u_bias    bf16_fp32_add_1213                                                                     1121     87.786     0.000       87.786 <none> (D)  
    g_postproc[21].u_gelu    gelu_unit_21                                                                          11502    971.772     0.000      971.772 <none> (D)  
      u_171                  bf16_mul_1408                                                                           146     13.501     0.000       13.501 <none> (D)  
      u_1t                   bf16_fp32_add_1221                                                                      898     64.721     0.000       64.721 <none> (D)  
      u_26                   bf16_mul_1411                                                                           115      8.865     0.000        8.865 <none> (D)  
      u_2x                   bf16_mul_1410                                                                            49      3.076     0.000        3.076 <none> (D)  
      u_666                  bf16_mul_1409                                                                           123     10.935     0.000       10.935 <none> (D)  
      u_a0                   bf16_fp32_add_1219                                                                     1417     97.642     0.000       97.642 <none> (D)  
      u_a1                   bf16_fp32_add_1220                                                                     1020     73.571     0.000       73.571 <none> (D)  
      u_a2                   bf16_mul_1406                                                                           129     11.314     0.000       11.314 <none> (D)  
      u_a4                   bf16_mul_1407                                                                           132     11.460     0.000       11.460 <none> (D)  
      u_arg                  bf16_mul_1405                                                                           145     10.250     0.000       10.250 <none> (D)  
      u_ct                   bf16_mul_1404                                                                           188     13.851     0.000       13.851 <none> (D)  
      u_dn                   bf16_fp32_add_1218                                                                      558     42.574     0.000       42.574 <none> (D)  
      u_hx                   bf16_mul_1418                                                                            38      2.770     0.000        2.770 <none> (D)  
      u_in                   bf16_fp32_add_1214                                                                      464     36.829     0.000       36.829 <none> (D)  
      u_m0                   bf16_mul_1413                                                                           621     48.901     0.000       48.901 <none> (D)  
      u_m1                   bf16_mul_1414                                                                           577     44.425     0.000       44.425 <none> (D)  
      u_m2                   bf16_mul_1415                                                                           484     38.200     0.000       38.200 <none> (D)  
      u_m3                   bf16_mul_1416                                                                           459     35.896     0.000       35.896 <none> (D)  
      u_ni                   bf16_fp32_add_1216                                                                      471     34.117     0.000       34.117 <none> (D)  
      u_nm                   bf16_mul_1412                                                                           397     31.332     0.000       31.332 <none> (D)  
      u_rs                   bf16_mul_1419                                                                           431     35.808     0.000       35.808 <none> (D)  
      u_t1                   bf16_fp32_add_1215                                                                      518     38.200     0.000       38.200 <none> (D)  
      u_t2                   bf16_fp32_add_1217                                                                      351     26.536     0.000       26.536 <none> (D)  
      u_tr                   bf16_mul_1417                                                                           309     29.029     0.000       29.029 <none> (D)  
      u_x2                   bf16_mul_1402                                                                           139     11.970     0.000       11.970 <none> (D)  
      u_x3                   bf16_mul_1403                                                                           286     26.929     0.000       26.929 <none> (D)  
    g_postproc[22].u_bias    bf16_fp32_add_1222                                                                     1131     88.530     0.000       88.530 <none> (D)  
    g_postproc[22].u_gelu    gelu_unit_22                                                                          11482    969.643     0.000      969.643 <none> (D)  
      u_171                  bf16_mul_1426                                                                           146     13.501     0.000       13.501 <none> (D)  
      u_1t                   bf16_fp32_add_1230                                                                      922     66.412     0.000       66.412 <none> (D)  
      u_26                   bf16_mul_1429                                                                           115      8.865     0.000        8.865 <none> (D)  
      u_2x                   bf16_mul_1428                                                                            49      3.076     0.000        3.076 <none> (D)  
      u_666                  bf16_mul_1427                                                                           123     10.935     0.000       10.935 <none> (D)  
      u_a0                   bf16_fp32_add_1228                                                                     1371     95.645     0.000       95.645 <none> (D)  
      u_a1                   bf16_fp32_add_1229                                                                     1002     69.401     0.000       69.401 <none> (D)  
      u_a2                   bf16_mul_1424                                                                           129     11.314     0.000       11.314 <none> (D)  
      u_a4                   bf16_mul_1425                                                                           132     11.460     0.000       11.460 <none> (D)  
      u_arg                  bf16_mul_1423                                                                           143     10.191     0.000       10.191 <none> (D)  
      u_ct                   bf16_mul_1422                                                                           188     13.880     0.000       13.880 <none> (D)  
      u_dn                   bf16_fp32_add_1227                                                                      558     42.457     0.000       42.457 <none> (D)  
      u_hx                   bf16_mul_1436                                                                            38      2.770     0.000        2.770 <none> (D)  
      u_in                   bf16_fp32_add_1223                                                                      462     36.742     0.000       36.742 <none> (D)  
      u_m0                   bf16_mul_1431                                                                           625     49.018     0.000       49.018 <none> (D)  
      u_m1                   bf16_mul_1432                                                                           570     43.886     0.000       43.886 <none> (D)  
      u_m2                   bf16_mul_1433                                                                           491     39.483     0.000       39.483 <none> (D)  
      u_m3                   bf16_mul_1434                                                                           464     36.071     0.000       36.071 <none> (D)  
      u_ni                   bf16_fp32_add_1225                                                                      471     34.103     0.000       34.103 <none> (D)  
      u_nm                   bf16_mul_1430                                                                           398     31.391     0.000       31.391 <none> (D)  
      u_rs                   bf16_mul_1437                                                                           440     36.712     0.000       36.712 <none> (D)  
      u_t1                   bf16_fp32_add_1224                                                                      517     38.200     0.000       38.200 <none> (D)  
      u_t2                   bf16_fp32_add_1226                                                                      351     26.536     0.000       26.536 <none> (D)  
      u_tr                   bf16_mul_1435                                                                           309     29.029     0.000       29.029 <none> (D)  
      u_x2                   bf16_mul_1420                                                                           139     11.970     0.000       11.970 <none> (D)  
      u_x3                   bf16_mul_1421                                                                           287     26.988     0.000       26.988 <none> (D)  
    g_postproc[23].u_bias    bf16_fp32_add_1231                                                                     1069     85.235     0.000       85.235 <none> (D)  
    g_postproc[23].u_gelu    gelu_unit_23                                                                          11438    968.156     0.000      968.156 <none> (D)  
      u_171                  bf16_mul_1444                                                                           146     13.501     0.000       13.501 <none> (D)  
      u_1t                   bf16_fp32_add_1239                                                                      895     65.362     0.000       65.362 <none> (D)  
      u_26                   bf16_mul_1447                                                                           117      8.879     0.000        8.879 <none> (D)  
      u_2x                   bf16_mul_1446                                                                            49      3.076     0.000        3.076 <none> (D)  
      u_666                  bf16_mul_1445                                                                           123     10.935     0.000       10.935 <none> (D)  
      u_a0                   bf16_fp32_add_1237                                                                     1345     94.099     0.000       94.099 <none> (D)  
      u_a1                   bf16_fp32_add_1238                                                                     1059     74.373     0.000       74.373 <none> (D)  
      u_a2                   bf16_mul_1442                                                                           129     11.314     0.000       11.314 <none> (D)  
      u_a4                   bf16_mul_1443                                                                           129     11.314     0.000       11.314 <none> (D)  
      u_arg                  bf16_mul_1441                                                                           150     10.366     0.000       10.366 <none> (D)  
      u_ct                   bf16_mul_1440                                                                           191     14.230     0.000       14.230 <none> (D)  
      u_dn                   bf16_fp32_add_1236                                                                      563     42.705     0.000       42.705 <none> (D)  
      u_hx                   bf16_mul_1454                                                                            38      2.770     0.000        2.770 <none> (D)  
      u_in                   bf16_fp32_add_1232                                                                      459     36.479     0.000       36.479 <none> (D)  
      u_m0                   bf16_mul_1449                                                                           570     45.431     0.000       45.431 <none> (D)  
      u_m1                   bf16_mul_1450                                                                           573     44.965     0.000       44.965 <none> (D)  
      u_m2                   bf16_mul_1451                                                                           500     39.935     0.000       39.935 <none> (D)  
      u_m3                   bf16_mul_1452                                                                           467     36.071     0.000       36.071 <none> (D)  
      u_ni                   bf16_fp32_add_1234                                                                      467     33.884     0.000       33.884 <none> (D)  
      u_nm                   bf16_mul_1448                                                                           406     32.076     0.000       32.076 <none> (D)  
      u_rs                   bf16_mul_1455                                                                           428     35.648     0.000       35.648 <none> (D)  
      u_t1                   bf16_fp32_add_1233                                                                      533     39.162     0.000       39.162 <none> (D)  
      u_t2                   bf16_fp32_add_1235                                                                      350     26.317     0.000       26.317 <none> (D)  
      u_tr                   bf16_mul_1453                                                                           309     29.029     0.000       29.029 <none> (D)  
      u_x2                   bf16_mul_1438                                                                           139     11.970     0.000       11.970 <none> (D)  
      u_x3                   bf16_mul_1439                                                                           288     26.988     0.000       26.988 <none> (D)  
    g_postproc[24].u_bias    bf16_fp32_add_1240                                                                     1113     86.955     0.000       86.955 <none> (D)  
    g_postproc[24].u_gelu    gelu_unit_24                                                                          11412    967.660     0.000      967.660 <none> (D)  
      u_171                  bf16_mul_1462                                                                           146     13.501     0.000       13.501 <none> (D)  
      u_1t                   bf16_fp32_add_1248                                                                      892     64.575     0.000       64.575 <none> (D)  
      u_26                   bf16_mul_1465                                                                           117      8.879     0.000        8.879 <none> (D)  
      u_2x                   bf16_mul_1464                                                                            49      3.076     0.000        3.076 <none> (D)  
      u_666                  bf16_mul_1463                                                                           123     10.935     0.000       10.935 <none> (D)  
      u_a0                   bf16_fp32_add_1246                                                                     1323     93.808     0.000       93.808 <none> (D)  
      u_a1                   bf16_fp32_add_1247                                                                     1060     74.460     0.000       74.460 <none> (D)  
      u_a2                   bf16_mul_1460                                                                           129     11.314     0.000       11.314 <none> (D)  
      u_a4                   bf16_mul_1461                                                                           129     11.314     0.000       11.314 <none> (D)  
      u_arg                  bf16_mul_1459                                                                           150     10.366     0.000       10.366 <none> (D)  
      u_ct                   bf16_mul_1458                                                                           191     14.201     0.000       14.201 <none> (D)  
      u_dn                   bf16_fp32_add_1245                                                                      563     42.778     0.000       42.778 <none> (D)  
      u_hx                   bf16_mul_1472                                                                            38      2.770     0.000        2.770 <none> (D)  
      u_in                   bf16_fp32_add_1241                                                                      458     36.640     0.000       36.640 <none> (D)  
      u_m0                   bf16_mul_1467                                                                           593     46.685     0.000       46.685 <none> (D)  
      u_m1                   bf16_mul_1468                                                                           541     42.865     0.000       42.865 <none> (D)  
      u_m2                   bf16_mul_1469                                                                           500     39.935     0.000       39.935 <none> (D)  
      u_m3                   bf16_mul_1470                                                                           467     36.071     0.000       36.071 <none> (D)  
      u_ni                   bf16_fp32_add_1243                                                                      467     33.826     0.000       33.826 <none> (D)  
      u_nm                   bf16_mul_1466                                                                           406     32.076     0.000       32.076 <none> (D)  
      u_rs                   bf16_mul_1473                                                                           429     35.867     0.000       35.867 <none> (D)  
      u_t1                   bf16_fp32_add_1242                                                                      535     39.351     0.000       39.351 <none> (D)  
      u_t2                   bf16_fp32_add_1244                                                                      350     26.434     0.000       26.434 <none> (D)  
      u_tr                   bf16_mul_1471                                                                           309     29.029     0.000       29.029 <none> (D)  
      u_x2                   bf16_mul_1456                                                                           139     11.970     0.000       11.970 <none> (D)  
      u_x3                   bf16_mul_1457                                                                           288     26.988     0.000       26.988 <none> (D)  
    g_postproc[25].u_bias    bf16_fp32_add_1249                                                                     1097     86.853     0.000       86.853 <none> (D)  
    g_postproc[25].u_gelu    gelu_unit_25                                                                          11513    973.973     0.000      973.973 <none> (D)  
      u_171                  bf16_mul_1480                                                                           146     13.501     0.000       13.501 <none> (D)  
      u_1t                   bf16_fp32_add_1257                                                                      903     65.362     0.000       65.362 <none> (D)  
      u_26                   bf16_mul_1483                                                                           117      8.879     0.000        8.879 <none> (D)  
      u_2x                   bf16_mul_1482                                                                            49      3.076     0.000        3.076 <none> (D)  
      u_666                  bf16_mul_1481                                                                           123     10.935     0.000       10.935 <none> (D)  
      u_a0                   bf16_fp32_add_1255                                                                     1379     97.905     0.000       97.905 <none> (D)  
      u_a1                   bf16_fp32_add_1256                                                                     1059     74.358     0.000       74.358 <none> (D)  
      u_a2                   bf16_mul_1478                                                                           129     11.314     0.000       11.314 <none> (D)  
      u_a4                   bf16_mul_1479                                                                           129     11.314     0.000       11.314 <none> (D)  
      u_arg                  bf16_mul_1477                                                                           151     10.541     0.000       10.541 <none> (D)  
      u_ct                   bf16_mul_1476                                                                           168     13.195     0.000       13.195 <none> (D)  
      u_dn                   bf16_fp32_add_1254                                                                      563     42.719     0.000       42.719 <none> (D)  
      u_hx                   bf16_mul_1490                                                                            38      2.770     0.000        2.770 <none> (D)  
      u_in                   bf16_fp32_add_1250                                                                      428     34.336     0.000       34.336 <none> (D)  
      u_m0                   bf16_mul_1485                                                                           603     47.137     0.000       47.137 <none> (D)  
      u_m1                   bf16_mul_1486                                                                           603     45.971     0.000       45.971 <none> (D)  
      u_m2                   bf16_mul_1487                                                                           498     39.949     0.000       39.949 <none> (D)  
      u_m3                   bf16_mul_1488                                                                           467     36.100     0.000       36.100 <none> (D)  
      u_ni                   bf16_fp32_add_1252                                                                      467     33.869     0.000       33.869 <none> (D)  
      u_nm                   bf16_mul_1484                                                                           406     32.076     0.000       32.076 <none> (D)  
      u_rs                   bf16_mul_1491                                                                           443     36.581     0.000       36.581 <none> (D)  
      u_t1                   bf16_fp32_add_1251                                                                      534     39.337     0.000       39.337 <none> (D)  
      u_t2                   bf16_fp32_add_1253                                                                      351     26.361     0.000       26.361 <none> (D)  
      u_tr                   bf16_mul_1489                                                                           309     29.029     0.000       29.029 <none> (D)  
      u_x2                   bf16_mul_1474                                                                           139     11.970     0.000       11.970 <none> (D)  
      u_x3                   bf16_mul_1475                                                                           288     26.988     0.000       26.988 <none> (D)  
    g_postproc[26].u_bias    bf16_fp32_add_1258                                                                     1135     87.772     0.000       87.772 <none> (D)  
    g_postproc[26].u_gelu    gelu_unit_26                                                                          11406    965.517     0.000      965.517 <none> (D)  
      u_171                  bf16_mul_1498                                                                           146     13.501     0.000       13.501 <none> (D)  
      u_1t                   bf16_fp32_add_1266                                                                      883     64.414     0.000       64.414 <none> (D)  
      u_26                   bf16_mul_1501                                                                           115      8.865     0.000        8.865 <none> (D)  
      u_2x                   bf16_mul_1500                                                                            49      3.076     0.000        3.076 <none> (D)  
      u_666                  bf16_mul_1499                                                                           123     10.935     0.000       10.935 <none> (D)  
      u_a0                   bf16_fp32_add_1264                                                                     1375     96.330     0.000       96.330 <none> (D)  
      u_a1                   bf16_fp32_add_1265                                                                     1008     69.313     0.000       69.313 <none> (D)  
      u_a2                   bf16_mul_1496                                                                           129     11.314     0.000       11.314 <none> (D)  
      u_a4                   bf16_mul_1497                                                                           132     11.460     0.000       11.460 <none> (D)  
      u_arg                  bf16_mul_1495                                                                           143     10.162     0.000       10.162 <none> (D)  
      u_ct                   bf16_mul_1494                                                                           187     13.909     0.000       13.909 <none> (D)  
      u_dn                   bf16_fp32_add_1263                                                                      559     42.792     0.000       42.792 <none> (D)  
      u_hx                   bf16_mul_1508                                                                            38      2.770     0.000        2.770 <none> (D)  
      u_in                   bf16_fp32_add_1259                                                                      463     36.552     0.000       36.552 <none> (D)  
      u_m0                   bf16_mul_1503                                                                           626     49.018     0.000       49.018 <none> (D)  
      u_m1                   bf16_mul_1504                                                                           551     43.682     0.000       43.682 <none> (D)  
      u_m2                   bf16_mul_1505                                                                           480     38.768     0.000       38.768 <none> (D)  
      u_m3                   bf16_mul_1506                                                                           467     36.260     0.000       36.260 <none> (D)  
      u_ni                   bf16_fp32_add_1261                                                                      467     33.549     0.000       33.549 <none> (D)  
      u_nm                   bf16_mul_1502                                                                           398     31.551     0.000       31.551 <none> (D)  
      u_rs                   bf16_mul_1509                                                                           421     35.371     0.000       35.371 <none> (D)  
      u_t1                   bf16_fp32_add_1260                                                                      520     38.404     0.000       38.404 <none> (D)  
      u_t2                   bf16_fp32_add_1262                                                                      354     26.681     0.000       26.681 <none> (D)  
      u_tr                   bf16_mul_1507                                                                           309     29.029     0.000       29.029 <none> (D)  
      u_x2                   bf16_mul_1492                                                                           139     11.970     0.000       11.970 <none> (D)  
      u_x3                   bf16_mul_1493                                                                           286     26.929     0.000       26.929 <none> (D)  
    g_postproc[27].u_bias    bf16_fp32_add_1267                                                                     1093     85.993     0.000       85.993 <none> (D)  
    g_postproc[27].u_gelu    gelu_unit_27                                                                          11502    972.136     0.000      972.136 <none> (D)  
      u_171                  bf16_mul_1516                                                                           146     13.501     0.000       13.501 <none> (D)  
      u_1t                   bf16_fp32_add_1275                                                                      894     64.589     0.000       64.589 <none> (D)  
      u_26                   bf16_mul_1519                                                                           117      8.879     0.000        8.879 <none> (D)  
      u_2x                   bf16_mul_1518                                                                            49      3.076     0.000        3.076 <none> (D)  
      u_666                  bf16_mul_1517                                                                           123     10.935     0.000       10.935 <none> (D)  
      u_a0                   bf16_fp32_add_1273                                                                     1373     96.549     0.000       96.549 <none> (D)  
      u_a1                   bf16_fp32_add_1274                                                                     1059     74.329     0.000       74.329 <none> (D)  
      u_a2                   bf16_mul_1514                                                                           129     11.314     0.000       11.314 <none> (D)  
      u_a4                   bf16_mul_1515                                                                           129     11.314     0.000       11.314 <none> (D)  
      u_arg                  bf16_mul_1513                                                                           150     10.352     0.000       10.352 <none> (D)  
      u_ct                   bf16_mul_1512                                                                           191     14.230     0.000       14.230 <none> (D)  
      u_dn                   bf16_fp32_add_1272                                                                      563     42.719     0.000       42.719 <none> (D)  
      u_hx                   bf16_mul_1526                                                                            38      2.770     0.000        2.770 <none> (D)  
      u_in                   bf16_fp32_add_1268                                                                      459     36.654     0.000       36.654 <none> (D)  
      u_m0                   bf16_mul_1521                                                                           588     46.000     0.000       46.000 <none> (D)  
      u_m1                   bf16_mul_1522                                                                           588     46.117     0.000       46.117 <none> (D)  
      u_m2                   bf16_mul_1523                                                                           500     39.935     0.000       39.935 <none> (D)  
      u_m3                   bf16_mul_1524                                                                           467     36.071     0.000       36.071 <none> (D)  
      u_ni                   bf16_fp32_add_1270                                                                      466     33.869     0.000       33.869 <none> (D)  
      u_nm                   bf16_mul_1520                                                                           406     32.105     0.000       32.105 <none> (D)  
      u_rs                   bf16_mul_1527                                                                           430     35.459     0.000       35.459 <none> (D)  
      u_t1                   bf16_fp32_add_1269                                                                      535     39.235     0.000       39.235 <none> (D)  
      u_t2                   bf16_fp32_add_1271                                                                      351     26.331     0.000       26.331 <none> (D)  
      u_tr                   bf16_mul_1525                                                                           309     29.029     0.000       29.029 <none> (D)  
      u_x2                   bf16_mul_1510                                                                           139     11.970     0.000       11.970 <none> (D)  
      u_x3                   bf16_mul_1511                                                                           288     26.988     0.000       26.988 <none> (D)  
    g_postproc[28].u_bias    bf16_fp32_add_1276                                                                     1045     84.025     0.000       84.025 <none> (D)  
    g_postproc[28].u_gelu    gelu_unit_28                                                                          11030    940.614     0.000      940.614 <none> (D)  
      u_171                  bf16_mul_1534                                                                           146     13.501     0.000       13.501 <none> (D)  
      u_1t                   bf16_fp32_add_1284                                                                      574     41.976     0.000       41.976 <none> (D)  
      u_26                   bf16_mul_1537                                                                           117      8.879     0.000        8.879 <none> (D)  
      u_2x                   bf16_mul_1536                                                                            49      3.076     0.000        3.076 <none> (D)  
      u_666                  bf16_mul_1535                                                                           123     10.935     0.000       10.935 <none> (D)  
      u_a0                   bf16_fp32_add_1282                                                                     1305     93.210     0.000       93.210 <none> (D)  
      u_a1                   bf16_fp32_add_1283                                                                     1059     74.329     0.000       74.329 <none> (D)  
      u_a2                   bf16_mul_1532                                                                           129     11.314     0.000       11.314 <none> (D)  
      u_a4                   bf16_mul_1533                                                                           129     11.314     0.000       11.314 <none> (D)  
      u_arg                  bf16_mul_1531                                                                           150     10.381     0.000       10.381 <none> (D)  
      u_ct                   bf16_mul_1530                                                                           191     14.201     0.000       14.201 <none> (D)  
      u_dn                   bf16_fp32_add_1281                                                                      563     42.690     0.000       42.690 <none> (D)  
      u_hx                   bf16_mul_1544                                                                            38      2.770     0.000        2.770 <none> (D)  
      u_in                   bf16_fp32_add_1277                                                                      457     36.698     0.000       36.698 <none> (D)  
      u_m0                   bf16_mul_1539                                                                           597     46.977     0.000       46.977 <none> (D)  
      u_m1                   bf16_mul_1540                                                                           551     42.705     0.000       42.705 <none> (D)  
      u_m2                   bf16_mul_1541                                                                           500     39.935     0.000       39.935 <none> (D)  
      u_m3                   bf16_mul_1542                                                                           467     36.071     0.000       36.071 <none> (D)  
      u_ni                   bf16_fp32_add_1279                                                                      467     33.796     0.000       33.796 <none> (D)  
      u_nm                   bf16_mul_1538                                                                           406     32.105     0.000       32.105 <none> (D)  
      u_rs                   bf16_mul_1545                                                                           375     32.703     0.000       32.703 <none> (D)  
      u_t1                   bf16_fp32_add_1278                                                                      531     39.162     0.000       39.162 <none> (D)  
      u_t2                   bf16_fp32_add_1280                                                                      350     26.288     0.000       26.288 <none> (D)  
      u_tr                   bf16_mul_1543                                                                           309     29.029     0.000       29.029 <none> (D)  
      u_x2                   bf16_mul_1528                                                                           139     11.970     0.000       11.970 <none> (D)  
      u_x3                   bf16_mul_1529                                                                           288     26.988     0.000       26.988 <none> (D)  
    g_postproc[29].u_bias    bf16_fp32_add_1285                                                                     1082     86.153     0.000       86.153 <none> (D)  
    g_postproc[29].u_gelu    gelu_unit_29                                                                          11163    949.668     0.000      949.668 <none> (D)  
      u_171                  bf16_mul_1552                                                                           146     13.501     0.000       13.501 <none> (D)  
      u_1t                   bf16_fp32_add_1293                                                                      588     42.676     0.000       42.676 <none> (D)  
      u_26                   bf16_mul_1555                                                                           117      8.879     0.000        8.879 <none> (D)  
      u_2x                   bf16_mul_1554                                                                            49      3.076     0.000        3.076 <none> (D)  
      u_666                  bf16_mul_1553                                                                           123     10.935     0.000       10.935 <none> (D)  
      u_a0                   bf16_fp32_add_1291                                                                     1408     97.846     0.000       97.846 <none> (D)  
      u_a1                   bf16_fp32_add_1292                                                                     1058     74.227     0.000       74.227 <none> (D)  
      u_a2                   bf16_mul_1550                                                                           129     11.314     0.000       11.314 <none> (D)  
      u_a4                   bf16_mul_1551                                                                           129     11.314     0.000       11.314 <none> (D)  
      u_arg                  bf16_mul_1549                                                                           150     10.381     0.000       10.381 <none> (D)  
      u_ct                   bf16_mul_1548                                                                           191     14.230     0.000       14.230 <none> (D)  
      u_dn                   bf16_fp32_add_1290                                                                      563     42.924     0.000       42.924 <none> (D)  
      u_hx                   bf16_mul_1562                                                                            38      2.770     0.000        2.770 <none> (D)  
      u_in                   bf16_fp32_add_1286                                                                      459     36.567     0.000       36.567 <none> (D)  
      u_m0                   bf16_mul_1557                                                                           619     48.231     0.000       48.231 <none> (D)  
      u_m1                   bf16_mul_1558                                                                           563     44.659     0.000       44.659 <none> (D)  
      u_m2                   bf16_mul_1559                                                                           501     40.022     0.000       40.022 <none> (D)  
      u_m3                   bf16_mul_1560                                                                           467     36.086     0.000       36.086 <none> (D)  
      u_ni                   bf16_fp32_add_1288                                                                      466     33.796     0.000       33.796 <none> (D)  
      u_nm                   bf16_mul_1556                                                                           406     32.105     0.000       32.105 <none> (D)  
      u_rs                   bf16_mul_1563                                                                           350     32.295     0.000       32.295 <none> (D)  
      u_t1                   bf16_fp32_add_1287                                                                      535     39.439     0.000       39.439 <none> (D)  
      u_t2                   bf16_fp32_add_1289                                                                      351     26.259     0.000       26.259 <none> (D)  
      u_tr                   bf16_mul_1561                                                                           309     29.029     0.000       29.029 <none> (D)  
      u_x2                   bf16_mul_1546                                                                           139     11.970     0.000       11.970 <none> (D)  
      u_x3                   bf16_mul_1547                                                                           288     26.988     0.000       26.988 <none> (D)  
    g_postproc[2].u_bias     bf16_fp32_add_1042                                                                     1053     85.045     0.000       85.045 <none> (D)  
    g_postproc[2].u_gelu     gelu_unit_2                                                                           11533    973.273     0.000      973.273 <none> (D)  
      u_171                  bf16_mul_1066                                                                           146     13.501     0.000       13.501 <none> (D)  
      u_1t                   bf16_fp32_add_1050                                                                      917     65.975     0.000       65.975 <none> (D)  
      u_26                   bf16_mul_1069                                                                           115      8.865     0.000        8.865 <none> (D)  
      u_2x                   bf16_mul_1068                                                                            49      3.076     0.000        3.076 <none> (D)  
      u_666                  bf16_mul_1067                                                                           123     10.935     0.000       10.935 <none> (D)  
      u_a0                   bf16_fp32_add_1048                                                                     1356     94.508     0.000       94.508 <none> (D)  
      u_a1                   bf16_fp32_add_1049                                                                     1045     74.329     0.000       74.329 <none> (D)  
      u_a2                   bf16_mul_1064                                                                           129     11.314     0.000       11.314 <none> (D)  
      u_a4                   bf16_mul_1065                                                                           129     11.314     0.000       11.314 <none> (D)  
      u_arg                  bf16_mul_1063                                                                           143     10.162     0.000       10.162 <none> (D)  
      u_ct                   bf16_mul_1062                                                                           187     13.938     0.000       13.938 <none> (D)  
      u_dn                   bf16_fp32_add_1047                                                                      556     42.486     0.000       42.486 <none> (D)  
      u_hx                   bf16_mul_1076                                                                            38      2.770     0.000        2.770 <none> (D)  
      u_in                   bf16_fp32_add_1043                                                                      469     36.887     0.000       36.887 <none> (D)  
      u_m0                   bf16_mul_1071                                                                           628     49.368     0.000       49.368 <none> (D)  
      u_m1                   bf16_mul_1072                                                                           604     45.927     0.000       45.927 <none> (D)  
      u_m2                   bf16_mul_1073                                                                           476     37.762     0.000       37.762 <none> (D)  
      u_m3                   bf16_mul_1074                                                                           464     36.231     0.000       36.231 <none> (D)  
      u_ni                   bf16_fp32_add_1045                                                                      470     33.753     0.000       33.753 <none> (D)  
      u_nm                   bf16_mul_1070                                                                           404     32.091     0.000       32.091 <none> (D)  
      u_rs                   bf16_mul_1077                                                                           443     36.785     0.000       36.785 <none> (D)  
      u_t1                   bf16_fp32_add_1044                                                                      521     38.506     0.000       38.506 <none> (D)  
      u_t2                   bf16_fp32_add_1046                                                                      351     26.536     0.000       26.536 <none> (D)  
      u_tr                   bf16_mul_1075                                                                           309     29.029     0.000       29.029 <none> (D)  
      u_x2                   bf16_mul_1060                                                                           132     11.577     0.000       11.577 <none> (D)  
      u_x3                   bf16_mul_1061                                                                           292     27.235     0.000       27.235 <none> (D)  
    g_postproc[30].u_bias    bf16_fp32_add_1294                                                                     1106     86.693     0.000       86.693 <none> (D)  
    g_postproc[30].u_gelu    gelu_unit_30                                                                          11569    976.014     0.000      976.014 <none> (D)  
      u_171                  bf16_mul_1570                                                                           146     13.501     0.000       13.501 <none> (D)  
      u_1t                   bf16_fp32_add_1302                                                                      917     65.683     0.000       65.683 <none> (D)  
      u_26                   bf16_mul_1573                                                                           117      8.879     0.000        8.879 <none> (D)  
      u_2x                   bf16_mul_1572                                                                            49      3.076     0.000        3.076 <none> (D)  
      u_666                  bf16_mul_1571                                                                           123     10.935     0.000       10.935 <none> (D)  
      u_a0                   bf16_fp32_add_1300                                                                     1399     97.876     0.000       97.876 <none> (D)  
      u_a1                   bf16_fp32_add_1301                                                                     1059     74.358     0.000       74.358 <none> (D)  
      u_a2                   bf16_mul_1568                                                                           129     11.314     0.000       11.314 <none> (D)  
      u_a4                   bf16_mul_1569                                                                           129     11.314     0.000       11.314 <none> (D)  
      u_arg                  bf16_mul_1567                                                                           151     10.425     0.000       10.425 <none> (D)  
      u_ct                   bf16_mul_1566                                                                           191     14.172     0.000       14.172 <none> (D)  
      u_dn                   bf16_fp32_add_1299                                                                      563     42.763     0.000       42.763 <none> (D)  
      u_hx                   bf16_mul_1580                                                                            38      2.770     0.000        2.770 <none> (D)  
      u_in                   bf16_fp32_add_1295                                                                      457     36.698     0.000       36.698 <none> (D)  
      u_m0                   bf16_mul_1575                                                                           640     49.003     0.000       49.003 <none> (D)  
      u_m1                   bf16_mul_1576                                                                           544     43.711     0.000       43.711 <none> (D)  
      u_m2                   bf16_mul_1577                                                                           500     39.935     0.000       39.935 <none> (D)  
      u_m3                   bf16_mul_1578                                                                           467     36.071     0.000       36.071 <none> (D)  
      u_ni                   bf16_fp32_add_1297                                                                      466     33.840     0.000       33.840 <none> (D)  
      u_nm                   bf16_mul_1574                                                                           406     32.105     0.000       32.105 <none> (D)  
      u_rs                   bf16_mul_1581                                                                           438     36.027     0.000       36.027 <none> (D)  
      u_t1                   bf16_fp32_add_1296                                                                      533     39.308     0.000       39.308 <none> (D)  
      u_t2                   bf16_fp32_add_1298                                                                      351     26.434     0.000       26.434 <none> (D)  
      u_tr                   bf16_mul_1579                                                                           309     29.029     0.000       29.029 <none> (D)  
      u_x2                   bf16_mul_1564                                                                           139     11.970     0.000       11.970 <none> (D)  
      u_x3                   bf16_mul_1565                                                                           288     26.988     0.000       26.988 <none> (D)  
    g_postproc[31].u_bias    bf16_fp32_add_1032                                                                     1111     86.168     0.000       86.168 <none> (D)  
    g_postproc[31].u_gelu    gelu_unit_31                                                                          11436    967.733     0.000      967.733 <none> (D)  
      u_171                  bf16_mul_1588                                                                           146     13.501     0.000       13.501 <none> (D)  
      u_1t                   bf16_fp32_add_1311                                                                      889     64.429     0.000       64.429 <none> (D)  
      u_26                   bf16_mul_1591                                                                           117      8.879     0.000        8.879 <none> (D)  
      u_2x                   bf16_mul_1590                                                                            49      3.076     0.000        3.076 <none> (D)  
      u_666                  bf16_mul_1589                                                                           123     10.935     0.000       10.935 <none> (D)  
      u_a0                   bf16_fp32_add_1309                                                                     1363     94.974     0.000       94.974 <none> (D)  
      u_a1                   bf16_fp32_add_1310                                                                     1059     74.358     0.000       74.358 <none> (D)  
      u_a2                   bf16_mul_1586                                                                           129     11.314     0.000       11.314 <none> (D)  
      u_a4                   bf16_mul_1587                                                                           129     11.314     0.000       11.314 <none> (D)  
      u_arg                  bf16_mul_1585                                                                           150     10.366     0.000       10.366 <none> (D)  
      u_ct                   bf16_mul_1584                                                                           191     14.230     0.000       14.230 <none> (D)  
      u_dn                   bf16_fp32_add_1028                                                                      563     42.617     0.000       42.617 <none> (D)  
      u_hx                   bf16_mul_1598                                                                            38      2.770     0.000        2.770 <none> (D)  
      u_in                   bf16_fp32_add_1304                                                                      458     36.596     0.000       36.596 <none> (D)  
      u_m0                   bf16_mul_1593                                                                           579     46.044     0.000       46.044 <none> (D)  
      u_m1                   bf16_mul_1594                                                                           546     43.609     0.000       43.609 <none> (D)  
      u_m2                   bf16_mul_1595                                                                           500     39.935     0.000       39.935 <none> (D)  
      u_m3                   bf16_mul_1596                                                                           467     36.071     0.000       36.071 <none> (D)  
      u_ni                   bf16_fp32_add_1306                                                                      467     33.826     0.000       33.826 <none> (D)  
      u_nm                   bf16_mul_1592                                                                           406     32.076     0.000       32.076 <none> (D)  
      u_rs                   bf16_mul_1599                                                                           434     35.838     0.000       35.838 <none> (D)  
      u_t1                   bf16_fp32_add_1305                                                                      531     39.249     0.000       39.249 <none> (D)  
      u_t2                   bf16_fp32_add_1307                                                                      351     26.331     0.000       26.331 <none> (D)  
      u_tr                   bf16_mul_1597                                                                           309     29.029     0.000       29.029 <none> (D)  
      u_x2                   bf16_mul_1582                                                                           139     11.970     0.000       11.970 <none> (D)  
      u_x3                   bf16_mul_1583                                                                           288     26.988     0.000       26.988 <none> (D)  
    g_postproc[3].u_bias     bf16_fp32_add_1051                                                                     1049     83.806     0.000       83.806 <none> (D)  
    g_postproc[3].u_gelu     gelu_unit_3                                                                           11141    948.006     0.000      948.006 <none> (D)  
      u_171                  bf16_mul_1084                                                                           146     13.501     0.000       13.501 <none> (D)  
      u_1t                   bf16_fp32_add_1059                                                                      615     44.892     0.000       44.892 <none> (D)  
      u_26                   bf16_mul_1087                                                                           117      8.879     0.000        8.879 <none> (D)  
      u_2x                   bf16_mul_1086                                                                            49      3.076     0.000        3.076 <none> (D)  
      u_666                  bf16_mul_1085                                                                           123     10.935     0.000       10.935 <none> (D)  
      u_a0                   bf16_fp32_add_1057                                                                     1315     92.627     0.000       92.627 <none> (D)  
      u_a1                   bf16_fp32_add_1058                                                                     1057     74.227     0.000       74.227 <none> (D)  
      u_a2                   bf16_mul_1082                                                                           129     11.314     0.000       11.314 <none> (D)  
      u_a4                   bf16_mul_1083                                                                           129     11.314     0.000       11.314 <none> (D)  
      u_arg                  bf16_mul_1081                                                                           145     10.221     0.000       10.221 <none> (D)  
      u_ct                   bf16_mul_1080                                                                           188     14.070     0.000       14.070 <none> (D)  
      u_dn                   bf16_fp32_add_1056                                                                      562     42.442     0.000       42.442 <none> (D)  
      u_hx                   bf16_mul_1094                                                                            38      2.770     0.000        2.770 <none> (D)  
      u_in                   bf16_fp32_add_1052                                                                      469     36.683     0.000       36.683 <none> (D)  
      u_m0                   bf16_mul_1089                                                                           596     49.033     0.000       49.033 <none> (D)  
      u_m1                   bf16_mul_1090                                                                           580     45.810     0.000       45.810 <none> (D)  
      u_m2                   bf16_mul_1091                                                                           499     39.862     0.000       39.862 <none> (D)  
      u_m3                   bf16_mul_1092                                                                           467     35.867     0.000       35.867 <none> (D)  
      u_ni                   bf16_fp32_add_1054                                                                      444     32.222     0.000       32.222 <none> (D)  
      u_nm                   bf16_mul_1088                                                                           417     32.907     0.000       32.907 <none> (D)  
      u_rs                   bf16_mul_1095                                                                           408     33.928     0.000       33.928 <none> (D)  
      u_t1                   bf16_fp32_add_1053                                                                      525     38.622     0.000       38.622 <none> (D)  
      u_t2                   bf16_fp32_add_1055                                                                      349     26.361     0.000       26.361 <none> (D)  
      u_tr                   bf16_mul_1093                                                                           309     29.029     0.000       29.029 <none> (D)  
      u_x2                   bf16_mul_1078                                                                           138     11.912     0.000       11.912 <none> (D)  
      u_x3                   bf16_mul_1079                                                                           288     26.973     0.000       26.973 <none> (D)  
    g_postproc[4].u_bias     bf16_fp32_add_1060                                                                     1104     86.474     0.000       86.474 <none> (D)  
    g_postproc[4].u_gelu     gelu_unit_4                                                                           11034    941.766     0.000      941.766 <none> (D)  
      u_171                  bf16_mul_1102                                                                           146     13.501     0.000       13.501 <none> (D)  
      u_1t                   bf16_fp32_add_1068                                                                      613     44.294     0.000       44.294 <none> (D)  
      u_26                   bf16_mul_1105                                                                           119      8.894     0.000        8.894 <none> (D)  
      u_2x                   bf16_mul_1104                                                                            49      3.076     0.000        3.076 <none> (D)  
      u_666                  bf16_mul_1103                                                                           123     10.935     0.000       10.935 <none> (D)  
      u_a0                   bf16_fp32_add_1066                                                                     1264     90.090     0.000       90.090 <none> (D)  
      u_a1                   bf16_fp32_add_1067                                                                     1046     74.139     0.000       74.139 <none> (D)  
      u_a2                   bf16_mul_1100                                                                           129     11.314     0.000       11.314 <none> (D)  
      u_a4                   bf16_mul_1101                                                                           132     11.460     0.000       11.460 <none> (D)  
      u_arg                  bf16_mul_1099                                                                           146     10.352     0.000       10.352 <none> (D)  
      u_ct                   bf16_mul_1098                                                                           167     13.384     0.000       13.384 <none> (D)  
      u_dn                   bf16_fp32_add_1065                                                                      560     42.428     0.000       42.428 <none> (D)  
      u_hx                   bf16_mul_1112                                                                            38      2.770     0.000        2.770 <none> (D)  
      u_in                   bf16_fp32_add_1061                                                                      426     34.103     0.000       34.103 <none> (D)  
      u_m0                   bf16_mul_1107                                                                           581     48.245     0.000       48.245 <none> (D)  
      u_m1                   bf16_mul_1108                                                                           588     45.562     0.000       45.562 <none> (D)  
      u_m2                   bf16_mul_1109                                                                           488     38.258     0.000       38.258 <none> (D)  
      u_m3                   bf16_mul_1110                                                                           470     36.421     0.000       36.421 <none> (D)  
      u_ni                   bf16_fp32_add_1063                                                                      479     34.627     0.000       34.627 <none> (D)  
      u_nm                   bf16_mul_1106                                                                           412     32.543     0.000       32.543 <none> (D)  
      u_rs                   bf16_mul_1113                                                                           423     34.832     0.000       34.832 <none> (D)  
      u_t1                   bf16_fp32_add_1062                                                                      524     38.039     0.000       38.039 <none> (D)  
      u_t2                   bf16_fp32_add_1064                                                                      356     26.084     0.000       26.084 <none> (D)  
      u_tr                   bf16_mul_1111                                                                           309     29.029     0.000       29.029 <none> (D)  
      u_x2                   bf16_mul_1096                                                                           139     11.970     0.000       11.970 <none> (D)  
      u_x3                   bf16_mul_1097                                                                           287     26.988     0.000       26.988 <none> (D)  
    g_postproc[5].u_bias     bf16_fp32_add_1069                                                                     1069     86.051     0.000       86.051 <none> (D)  
    g_postproc[5].u_gelu     gelu_unit_5                                                                           11037    940.220     0.000      940.220 <none> (D)  
      u_171                  bf16_mul_1120                                                                           146     13.501     0.000       13.501 <none> (D)  
      u_1t                   bf16_fp32_add_1077                                                                      613     44.615     0.000       44.615 <none> (D)  
      u_26                   bf16_mul_1123                                                                           119      8.894     0.000        8.894 <none> (D)  
      u_2x                   bf16_mul_1122                                                                            49      3.076     0.000        3.076 <none> (D)  
      u_666                  bf16_mul_1121                                                                           123     10.935     0.000       10.935 <none> (D)  
      u_a0                   bf16_fp32_add_1075                                                                     1274     90.192     0.000       90.192 <none> (D)  
      u_a1                   bf16_fp32_add_1076                                                                     1046     74.154     0.000       74.154 <none> (D)  
      u_a2                   bf16_mul_1118                                                                           129     11.314     0.000       11.314 <none> (D)  
      u_a4                   bf16_mul_1119                                                                           132     11.460     0.000       11.460 <none> (D)  
      u_arg                  bf16_mul_1117                                                                           146     10.352     0.000       10.352 <none> (D)  
      u_ct                   bf16_mul_1116                                                                           167     13.384     0.000       13.384 <none> (D)  
      u_dn                   bf16_fp32_add_1074                                                                      562     42.413     0.000       42.413 <none> (D)  
      u_hx                   bf16_mul_1130                                                                            38      2.770     0.000        2.770 <none> (D)  
      u_in                   bf16_fp32_add_1070                                                                      426     34.103     0.000       34.103 <none> (D)  
      u_m0                   bf16_mul_1125                                                                           607     48.274     0.000       48.274 <none> (D)  
      u_m1                   bf16_mul_1126                                                                           594     45.767     0.000       45.767 <none> (D)  
      u_m2                   bf16_mul_1127                                                                           485     38.156     0.000       38.156 <none> (D)  
      u_m3                   bf16_mul_1128                                                                           465     36.144     0.000       36.144 <none> (D)  
      u_ni                   bf16_fp32_add_1072                                                                      479     34.569     0.000       34.569 <none> (D)  
      u_nm                   bf16_mul_1124                                                                           412     32.543     0.000       32.543 <none> (D)  
      u_rs                   bf16_mul_1131                                                                           400     33.432     0.000       33.432 <none> (D)  
      u_t1                   bf16_fp32_add_1071                                                                      523     38.039     0.000       38.039 <none> (D)  
      u_t2                   bf16_fp32_add_1073                                                                      356     26.098     0.000       26.098 <none> (D)  
      u_tr                   bf16_mul_1129                                                                           309     29.029     0.000       29.029 <none> (D)  
      u_x2                   bf16_mul_1114                                                                           138     11.854     0.000       11.854 <none> (D)  
      u_x3                   bf16_mul_1115                                                                           287     26.988     0.000       26.988 <none> (D)  
    g_postproc[6].u_bias     bf16_fp32_add_1078                                                                     1067     84.928     0.000       84.928 <none> (D)  
    g_postproc[6].u_gelu     gelu_unit_6                                                                           11463    971.699     0.000      971.699 <none> (D)  
      u_171                  bf16_mul_1138                                                                           146     13.501     0.000       13.501 <none> (D)  
      u_1t                   bf16_fp32_add_1086                                                                      904     65.246     0.000       65.246 <none> (D)  
      u_26                   bf16_mul_1141                                                                           117      8.879     0.000        8.879 <none> (D)  
      u_2x                   bf16_mul_1140                                                                            49      3.076     0.000        3.076 <none> (D)  
      u_666                  bf16_mul_1139                                                                           123     10.935     0.000       10.935 <none> (D)  
      u_a0                   bf16_fp32_add_1084                                                                     1395     98.692     0.000       98.692 <none> (D)  
      u_a1                   bf16_fp32_add_1085                                                                     1060     74.460     0.000       74.460 <none> (D)  
      u_a2                   bf16_mul_1136                                                                           129     11.314     0.000       11.314 <none> (D)  
      u_a4                   bf16_mul_1137                                                                           129     11.314     0.000       11.314 <none> (D)  
      u_arg                  bf16_mul_1135                                                                           151     10.541     0.000       10.541 <none> (D)  
      u_ct                   bf16_mul_1134                                                                           168     13.224     0.000       13.224 <none> (D)  
      u_dn                   bf16_fp32_add_1083                                                                      563     42.749     0.000       42.749 <none> (D)  
      u_hx                   bf16_mul_1148                                                                            38      2.770     0.000        2.770 <none> (D)  
      u_in                   bf16_fp32_add_1079                                                                      428     34.278     0.000       34.278 <none> (D)  
      u_m0                   bf16_mul_1143                                                                           601     47.225     0.000       47.225 <none> (D)  
      u_m1                   bf16_mul_1144                                                                           547     43.667     0.000       43.667 <none> (D)  
      u_m2                   bf16_mul_1145                                                                           498     39.949     0.000       39.949 <none> (D)  
      u_m3                   bf16_mul_1146                                                                           467     36.071     0.000       36.071 <none> (D)  
      u_ni                   bf16_fp32_add_1081                                                                      467     33.826     0.000       33.826 <none> (D)  
      u_nm                   bf16_mul_1142                                                                           406     32.076     0.000       32.076 <none> (D)  
      u_rs                   bf16_mul_1149                                                                           436     36.129     0.000       36.129 <none> (D)  
      u_t1                   bf16_fp32_add_1080                                                                      535     39.351     0.000       39.351 <none> (D)  
      u_t2                   bf16_fp32_add_1082                                                                      351     26.448     0.000       26.448 <none> (D)  
      u_tr                   bf16_mul_1147                                                                           309     29.029     0.000       29.029 <none> (D)  
      u_x2                   bf16_mul_1132                                                                           139     11.970     0.000       11.970 <none> (D)  
      u_x3                   bf16_mul_1133                                                                           288     26.988     0.000       26.988 <none> (D)  
    g_postproc[7].u_bias     bf16_fp32_add_1087                                                                     1100     87.028     0.000       87.028 <none> (D)  
    g_postproc[7].u_gelu     gelu_unit_7                                                                           11101    944.259     0.000      944.259 <none> (D)  
      u_171                  bf16_mul_1156                                                                           146     13.501     0.000       13.501 <none> (D)  
      u_1t                   bf16_fp32_add_1095                                                                      614     44.834     0.000       44.834 <none> (D)  
      u_26                   bf16_mul_1159                                                                           117      8.879     0.000        8.879 <none> (D)  
      u_2x                   bf16_mul_1158                                                                            49      3.076     0.000        3.076 <none> (D)  
      u_666                  bf16_mul_1157                                                                           123     10.935     0.000       10.935 <none> (D)  
      u_a0                   bf16_fp32_add_1093                                                                     1294     90.498     0.000       90.498 <none> (D)  
      u_a1                   bf16_fp32_add_1094                                                                     1055     74.023     0.000       74.023 <none> (D)  
      u_a2                   bf16_mul_1154                                                                           129     11.314     0.000       11.314 <none> (D)  
      u_a4                   bf16_mul_1155                                                                           129     11.314     0.000       11.314 <none> (D)  
      u_arg                  bf16_mul_1153                                                                           148     10.293     0.000       10.293 <none> (D)  
      u_ct                   bf16_mul_1152                                                                           187     13.924     0.000       13.924 <none> (D)  
      u_dn                   bf16_fp32_add_1092                                                                      562     42.617     0.000       42.617 <none> (D)  
      u_hx                   bf16_mul_1166                                                                            38      2.770     0.000        2.770 <none> (D)  
      u_in                   bf16_fp32_add_1088                                                                      462     36.654     0.000       36.654 <none> (D)  
      u_m0                   bf16_mul_1161                                                                           585     47.852     0.000       47.852 <none> (D)  
      u_m1                   bf16_mul_1162                                                                           578     45.446     0.000       45.446 <none> (D)  
      u_m2                   bf16_mul_1163                                                                           500     39.862     0.000       39.862 <none> (D)  
      u_m3                   bf16_mul_1164                                                                           466     35.867     0.000       35.867 <none> (D)  
      u_ni                   bf16_fp32_add_1090                                                                      445     32.149     0.000       32.149 <none> (D)  
      u_nm                   bf16_mul_1160                                                                           417     32.849     0.000       32.849 <none> (D)  
      u_rs                   bf16_mul_1167                                                                           403     33.694     0.000       33.694 <none> (D)  
      u_t1                   bf16_fp32_add_1089                                                                      525     38.622     0.000       38.622 <none> (D)  
      u_t2                   bf16_fp32_add_1091                                                                      349     26.259     0.000       26.259 <none> (D)  
      u_tr                   bf16_mul_1165                                                                           309     29.029     0.000       29.029 <none> (D)  
      u_x2                   bf16_mul_1150                                                                           139     11.970     0.000       11.970 <none> (D)  
      u_x3                   bf16_mul_1151                                                                           287     26.929     0.000       26.929 <none> (D)  
    g_postproc[8].u_bias     bf16_fp32_add_1096                                                                     1054     84.899     0.000       84.899 <none> (D)  
    g_postproc[8].u_gelu     gelu_unit_8                                                                           11065    940.804     0.000      940.804 <none> (D)  
      u_171                  bf16_mul_1174                                                                           146     13.501     0.000       13.501 <none> (D)  
      u_1t                   bf16_fp32_add_1104                                                                      616     44.731     0.000       44.731 <none> (D)  
      u_26                   bf16_mul_1177                                                                           117      8.879     0.000        8.879 <none> (D)  
      u_2x                   bf16_mul_1176                                                                            49      3.076     0.000        3.076 <none> (D)  
      u_666                  bf16_mul_1175                                                                           123     10.935     0.000       10.935 <none> (D)  
      u_a0                   bf16_fp32_add_1102                                                                     1298     89.988     0.000       89.988 <none> (D)  
      u_a1                   bf16_fp32_add_1103                                                                     1057     74.227     0.000       74.227 <none> (D)  
      u_a2                   bf16_mul_1172                                                                           129     11.314     0.000       11.314 <none> (D)  
      u_a4                   bf16_mul_1173                                                                           129     11.314     0.000       11.314 <none> (D)  
      u_arg                  bf16_mul_1171                                                                           145     10.221     0.000       10.221 <none> (D)  
      u_ct                   bf16_mul_1170                                                                           188     14.041     0.000       14.041 <none> (D)  
      u_dn                   bf16_fp32_add_1101                                                                      562     42.617     0.000       42.617 <none> (D)  
      u_hx                   bf16_mul_1184                                                                            38      2.770     0.000        2.770 <none> (D)  
      u_in                   bf16_fp32_add_1097                                                                      469     36.742     0.000       36.742 <none> (D)  
      u_m0                   bf16_mul_1179                                                                           567     47.050     0.000       47.050 <none> (D)  
      u_m1                   bf16_mul_1180                                                                           557     43.623     0.000       43.623 <none> (D)  
      u_m2                   bf16_mul_1181                                                                           499     39.862     0.000       39.862 <none> (D)  
      u_m3                   bf16_mul_1182                                                                           467     35.867     0.000       35.867 <none> (D)  
      u_ni                   bf16_fp32_add_1099                                                                      445     32.193     0.000       32.193 <none> (D)  
      u_nm                   bf16_mul_1178                                                                           417     32.849     0.000       32.849 <none> (D)  
      u_rs                   bf16_mul_1185                                                                           407     33.665     0.000       33.665 <none> (D)  
      u_t1                   bf16_fp32_add_1098                                                                      520     38.404     0.000       38.404 <none> (D)  
      u_t2                   bf16_fp32_add_1100                                                                      349     26.259     0.000       26.259 <none> (D)  
      u_tr                   bf16_mul_1183                                                                           309     29.029     0.000       29.029 <none> (D)  
      u_x2                   bf16_mul_1168                                                                           138     11.912     0.000       11.912 <none> (D)  
      u_x3                   bf16_mul_1169                                                                           292     27.250     0.000       27.250 <none> (D)  
    g_postproc[9].u_bias     bf16_fp32_add_1105                                                                     1183     91.038     0.000       91.038 <none> (D)  
    g_postproc[9].u_gelu     gelu_unit_9                                                                           11456    968.054     0.000      968.054 <none> (D)  
      u_171                  bf16_mul_1192                                                                           146     13.501     0.000       13.501 <none> (D)  
      u_1t                   bf16_fp32_add_1113                                                                      894     64.560     0.000       64.560 <none> (D)  
      u_26                   bf16_mul_1195                                                                           117      8.879     0.000        8.879 <none> (D)  
      u_2x                   bf16_mul_1194                                                                            49      3.076     0.000        3.076 <none> (D)  
      u_666                  bf16_mul_1193                                                                           123     10.935     0.000       10.935 <none> (D)  
      u_a0                   bf16_fp32_add_1111                                                                     1376     96.374     0.000       96.374 <none> (D)  
      u_a1                   bf16_fp32_add_1112                                                                     1059     74.358     0.000       74.358 <none> (D)  
      u_a2                   bf16_mul_1190                                                                           129     11.314     0.000       11.314 <none> (D)  
      u_a4                   bf16_mul_1191                                                                           129     11.314     0.000       11.314 <none> (D)  
      u_arg                  bf16_mul_1189                                                                           151     10.541     0.000       10.541 <none> (D)  
      u_ct                   bf16_mul_1188                                                                           168     13.195     0.000       13.195 <none> (D)  
      u_dn                   bf16_fp32_add_1110                                                                      563     42.719     0.000       42.719 <none> (D)  
      u_hx                   bf16_mul_1202                                                                            38      2.770     0.000        2.770 <none> (D)  
      u_in                   bf16_fp32_add_1106                                                                      428     34.336     0.000       34.336 <none> (D)  
      u_m0                   bf16_mul_1197                                                                           610     47.225     0.000       47.225 <none> (D)  
      u_m1                   bf16_mul_1198                                                                           566     43.536     0.000       43.536 <none> (D)  
      u_m2                   bf16_mul_1199                                                                           498     39.949     0.000       39.949 <none> (D)  
      u_m3                   bf16_mul_1200                                                                           467     36.100     0.000       36.100 <none> (D)  
      u_ni                   bf16_fp32_add_1108                                                                      467     33.826     0.000       33.826 <none> (D)  
      u_nm                   bf16_mul_1196                                                                           406     32.076     0.000       32.076 <none> (D)  
      u_rs                   bf16_mul_1203                                                                           432     35.750     0.000       35.750 <none> (D)  
      u_t1                   bf16_fp32_add_1107                                                                      531     39.235     0.000       39.235 <none> (D)  
      u_t2                   bf16_fp32_add_1109                                                                      351     26.361     0.000       26.361 <none> (D)  
      u_tr                   bf16_mul_1201                                                                           309     29.029     0.000       29.029 <none> (D)  
      u_x2                   bf16_mul_1186                                                                           139     11.970     0.000       11.970 <none> (D)  
      u_x3                   bf16_mul_1187                                                                           288     26.988     0.000       26.988 <none> (D)  
  u_stagger                  act_stagger_ROWS32_ACT_WIDTH16                                                        17636   4026.894     0.000     4026.894 <none> (D)  
  (D) = wireload is default in technology library
