============================================================
  Generated by:           Genus(TM) Synthesis Solution 23.10-p004_1
  Generated on:           May 30 2026  08:41:34 pm
  Module:                 sys_top
  Operating conditions:   PVT_0P7V_25C (balanced_tree)
  Wireload mode:          enclosed
  Area mode:              timing library
============================================================


Path 1: MET (0 ps) Late External Delay Assertion at pin m_axis_tdata[292]
          Group: clk
     Startpoint: (R) u_rb/total_cnt_reg[2]/CLK
          Clock: (R) clk
       Endpoint: (F) m_axis_tdata[292]
          Clock: (R) clk

                     Capture       Launch     
        Clock Edge:+    1650            0     
       Src Latency:+       0            0     
       Net Latency:+       0 (I)        0 (I) 
           Arrival:=    1650            0     
                                              
      Output Delay:-       0                  
       Uncertainty:-      50                  
     Required Time:=    1600                  
      Launch Clock:-       0                  
         Data Path:-    1600                  
             Slack:=       0                  

Exceptions/Constraints:
  output_delay              0              constraints.sdc_line_29_1290_1 

#-------------------------------------------------------------------------------------------------------------------------------------------------
#                      Timing Point                       Flags    Arc    Edge          Cell             Fanout Load Trans Delay Arrival Instance 
#                                                                                                               (fF)  (ps)  (ps)   (ps)  Location 
#-------------------------------------------------------------------------------------------------------------------------------------------------
  u_rb/total_cnt_reg[2]/CLK                               -       -       R     (arrival)                686256    -    10     0       0    (-,-) 
  u_rb/total_cnt_reg[2]/QN                                -       CLK->QN F     DFFASRHQNx1_ASAP7_75t_R       3  2.1    32    64      64    (-,-) 
  u_rb/g1049/Y                                            -       A->Y    F     BUFx6f_ASAP7_75t_R           13 15.9    23    34      98    (-,-) 
  u_accum_0/g564590/Y                                     -       A->Y    R     NOR2x1_ASAP7_75t_R            2  1.5    21    18     115    (-,-) 
  u_accum_0/g564570/Y                                     -       B->Y    R     AND2x2_ASAP7_75t_R            3  2.4    16    27     142    (-,-) 
  u_accum_0/g172/Y                                        -       A->Y    R     BUFx5_ASAP7_75t_R            16 17.3    36    37     179    (-,-) 
  u_accum_0/g806583/Y                                     -       A->Y    R     BUFx2_ASAP7_75t_R             3  4.0    22    32     212    (-,-) 
  u_accum_0/g71199/Y                                      -       A->Y    F     INVx3_ASAP7_75t_R             3  9.7    26    20     232    (-,-) 
  u_accum_0/g806580/Y                                     -       A->Y    R     INVx4_ASAP7_75t_R            38 17.0    42    28     260    (-,-) 
  u_accum_0/g797763/Y                                     -       B2->Y   F     AOI22xp33_ASAP7_75t_R         1  0.5    24    20     280    (-,-) 
  u_accum_0/g794393/Y                                     -       A->Y    R     NAND3xp33_ASAP7_75t_R         1  0.3    14    13     293    (-,-) 
  u_accum_0/g792501/Y                                     -       B->Y    F     NOR2xp33_ASAP7_75t_R          1  0.5    16    13     306    (-,-) 
  u_accum_0/g791437/Y                                     -       A->Y    R     NAND2xp5_ASAP7_75t_R          1  0.6    15    14     319    (-,-) 
  u_accum_0/g60387/Y                                      -       B2->Y   F     AOI22xp5_ASAP7_75t_R          1  0.3    22    10     330    (-,-) 
  u_accum_0/g57053/Y                                      -       A->Y    R     NAND2xp33_ASAP7_75t_R         1  0.3    18    17     346    (-,-) 
  u_accum_0/g55387/Y                                      -       B->Y    F     NOR2xp33_ASAP7_75t_R          1  0.5    17    15     361    (-,-) 
  u_accum_0/g54334__5526/Y                                -       B->Y    R     NAND2xp5_ASAP7_75t_R          1  0.4    13    11     372    (-,-) 
  g9607/Y                                                 -       B2->Y   R     AO22x1_ASAP7_75t_R            4  1.7    21    28     400    (-,-) 
  u_rb/g_postproc[9].u_bias/g2744/Y                       -       A2->Y   F     OAI22xp5_ASAP7_75t_R          1  0.5    17    14     414    (-,-) 
  u_rb/g_postproc[9].u_bias/g2708/Y                       -       B->Y    R     AOI21xp5_ASAP7_75t_R          2  1.0    28    19     433    (-,-) 
  u_rb/g_postproc[9].u_bias/g2706/Y                       -       B->Y    R     AND2x2_ASAP7_75t_R            3  1.5    12    26     459    (-,-) 
  u_rb/g_postproc[9].u_bias/g2687/Y                       -       A->Y    F     NAND3xp33_ASAP7_75t_R         1  0.5    18    13     472    (-,-) 
  u_rb/g_postproc[9].u_bias/g2680/Y                       -       A->Y    R     NAND2xp5_ASAP7_75t_R          1  0.6    15    14     486    (-,-) 
  u_rb/g_postproc[9].u_bias/g2678/Y                       -       A2->Y   F     OAI21xp5_ASAP7_75t_R          1  1.0    20    14     500    (-,-) 
  u_rb/g_postproc[9].u_bias/g2676/Y                       -       B->Y    F     AND2x4_ASAP7_75t_R            6  5.8    15    27     527    (-,-) 
  u_rb/g_postproc[9].u_bias/g2675/Y                       -       A->Y    R     INVx6_ASAP7_75t_R            18 11.2    20    15     542    (-,-) 
  u_rb/g_postproc[9].u_bias/g2666/Y                       -       A->Y    F     INVx2_ASAP7_75t_R             6  3.4    16    14     556    (-,-) 
  u_rb/g_postproc[9].u_bias/g2660/Y                       -       B->Y    R     NAND2xp5_ASAP7_75t_R          1  0.6    22    12     568    (-,-) 
  u_rb/g_postproc[9].u_bias/g2646/Y                       -       B->Y    R     OA21x2_ASAP7_75t_R            6  3.2    20    30     598    (-,-) 
  u_rb/g_postproc[9].u_bias/g2641/Y                       -       A->Y    F     INVx1_ASAP7_75t_R             4  1.9    17    15     613    (-,-) 
  u_rb/g_postproc[9].u_bias/g2619/Y                       -       B->Y    R     NAND2xp5_ASAP7_75t_R          2  0.9    20    15     627    (-,-) 
  u_rb/g_postproc[9].u_bias/g2603/Y                       -       A->Y    F     INVxp67_ASAP7_75t_R           1  0.5    11    10     638    (-,-) 
  u_rb/g_postproc[9].u_bias/g2588/Y                       -       B->Y    R     AOI21xp5_ASAP7_75t_R          2  1.1    27    18     656    (-,-) 
  u_rb/g_postproc[9].u_bias/g2587/Y                       -       A->Y    F     INVx1_ASAP7_75t_R             2  1.2    15    14     669    (-,-) 
  u_rb/g_postproc[9].u_bias/g4985/Y                       -       A->Y    R     MAJIxp5_ASAP7_75t_R           1  0.9    29    18     688    (-,-) 
  u_rb/g_postproc[9].u_bias/g784/Y                        -       B->Y    R     XNOR2xp5_ASAP7_75t_R          1  1.0    30    24     712    (-,-) 
  u_rb/g_postproc[9].u_bias/g781/Y                        -       A->Y    R     AND3x4_ASAP7_75t_R           24 12.2    35    44     756    (-,-) 
  u_rb/g_postproc[9].u_bias/g780/Y                        -       A->Y    R     AND2x2_ASAP7_75t_R            2  1.1    11    25     782    (-,-) 
  u_rb/g_postproc[9].u_bias/sub_75_43_Y_add_76_43_g1233/Y -       A->Y    F     INVx1_ASAP7_75t_R             1  0.5     7     7     789    (-,-) 
  u_rb/g_postproc[9].u_bias/sub_75_43_Y_add_76_43_g1230/Y -       A1->Y   R     OAI22xp5_ASAP7_75t_R          2  1.0    41    16     804    (-,-) 
  u_rb/g_postproc[9].u_bias/sub_75_43_Y_add_76_43_g1139/Y -       A->Y    F     MAJIxp5_ASAP7_75t_R           2  0.9    30    22     826    (-,-) 
  u_rb/g_postproc[9].u_bias/sub_75_43_Y_add_76_43_g1098/Y -       A2->Y   R     OAI21xp5_ASAP7_75t_R          2  0.8    25    20     846    (-,-) 
  u_rb/g_postproc[9].u_bias/sub_75_43_Y_add_76_43_g1092/Y -       A1->Y   F     AOI21xp5_ASAP7_75t_R          2  1.0    21    18     864    (-,-) 
  u_rb/g_postproc[9].u_bias/sub_75_43_Y_add_76_43_g1084/Y -       A2->Y   R     OAI21xp5_ASAP7_75t_R          2  1.0    25    20     883    (-,-) 
  u_rb/g_postproc[9].u_bias/sub_75_43_Y_add_76_43_g1079/Y -       A2->Y   R     AO21x1_ASAP7_75t_R            2  0.8    12    23     906    (-,-) 
  u_rb/g_postproc[9].u_bias/sub_75_43_Y_add_76_43_g1074/Y -       A1->Y   F     AOI21xp5_ASAP7_75t_R          2  0.9    17    13     919    (-,-) 
  u_rb/g_postproc[9].u_bias/sub_75_43_Y_add_76_43_g1071/Y -       A2->Y   R     OAI21xp5_ASAP7_75t_R          2  0.9    25    18     937    (-,-) 
  u_rb/g_postproc[9].u_bias/sub_75_43_Y_add_76_43_g1065/Y -       A1->Y   F     AOI21xp5_ASAP7_75t_R          2  0.6    18    15     952    (-,-) 
  u_rb/g_postproc[9].u_bias/sub_75_43_Y_add_76_43_g1060/Y -       B->Y    R     NOR2xp33_ASAP7_75t_R          2  0.8    27    19     971    (-,-) 
  u_rb/g_postproc[9].u_bias/sub_75_43_Y_add_76_43_g1059/Y -       A->Y    R     HB1xp67_ASAP7_75t_R           2  0.9    17    26     997    (-,-) 
  u_rb/g_postproc[9].u_bias/sub_75_43_Y_add_76_43_g1048/Y -       A1->Y   F     AOI21xp5_ASAP7_75t_R          2  1.0    20    15    1012    (-,-) 
  u_rb/g_postproc[9].u_bias/sub_75_43_Y_add_76_43_g1038/Y -       A1->Y   R     OAI21xp5_ASAP7_75t_R          1  1.0    30    18    1031    (-,-) 
  u_rb/g_postproc[9].u_bias/sub_75_43_Y_add_76_43_g1033/Y -       A->Y    R     XOR2xp5_ASAP7_75t_R           2  0.7    24    28    1059    (-,-) 
  u_rb/g_postproc[9].u_bias/fopt4950/Y                    -       A->Y    F     INVxp67_ASAP7_75t_R           2  1.1    17    15    1074    (-,-) 
  u_rb/g_postproc[9].u_bias/fopt4949/Y                    -       A->Y    R     INVx1_ASAP7_75t_R             6  2.9    29    20    1094    (-,-) 
  u_rb/g_postproc[9].u_bias/g483/Y                        -       A2->Y   F     OAI31xp33_ASAP7_75t_R         1  0.5    19    17    1111    (-,-) 
  u_rb/g_postproc[9].u_bias/g482/Y                        -       B1->Y   R     AOI221xp5_ASAP7_75t_R         1  0.6    32    21    1132    (-,-) 
  u_rb/g_postproc[9].u_bias/g481/Y                        -       A2->Y   F     OAI21xp5_ASAP7_75t_R          1  0.5    16    15    1147    (-,-) 
  u_rb/g_postproc[9].u_bias/g480/Y                        -       B->Y    F     AND2x2_ASAP7_75t_R            3  1.3    10    23    1170    (-,-) 
  u_rb/g_postproc[9].u_bias/g2575/Y                       -       B->Y    R     NAND2xp5_ASAP7_75t_R          3  1.9    31    18    1188    (-,-) 
  u_rb/g_postproc[9].u_bias/g2547/Y                       -       A1->Y   F     AOI21xp5_ASAP7_75t_R          2  0.9    21    18    1206    (-,-) 
  u_rb/g_postproc[9].u_bias/g2534/Y                       -       A2->Y   R     OAI21xp5_ASAP7_75t_R          2  1.4    32    23    1229    (-,-) 
  u_rb/g_postproc[9].u_bias/g2526/Y                       -       A2->Y   F     AOI21x1_ASAP7_75t_R           3  1.6    21    16    1245    (-,-) 
  u_rb/g_postproc[9].u_bias/g2523/Y                       -       B->Y    R     NAND2xp5_ASAP7_75t_R          1  0.6    19    14    1259    (-,-) 
  u_rb/g_postproc[9].u_bias/g2508/Y                       -       B->Y    F     O2A1O1Ixp33_ASAP7_75t_R       1  0.5    19    15    1274    (-,-) 
  u_rb/g_postproc[9].u_bias/g2496/Y                       -       C->Y    R     AOI321xp33_ASAP7_75t_R        3  1.6    60    38    1312    (-,-) 
  u_rb/g_postproc[9].u_bias/g2487/Y                       -       A->Y    R     AND3x1_ASAP7_75t_R            1  0.5    12    33    1345    (-,-) 
  u_rb/g_postproc[9].u_bias/g2482/Y                       -       C->Y    R     AND5x1_ASAP7_75t_R            1  0.8    18    40    1385    (-,-) 
  u_rb/g_postproc[9].u_bias/g2478/Y                       -       A1->Y   F     AOI211x1_ASAP7_75t_R          3  1.6    32    22    1408    (-,-) 
  u_rb/g_postproc[9].u_bias/fopt3/Y                       -       A->Y    R     INVx1_ASAP7_75t_R             2  1.4    21    18    1426    (-,-) 
  u_rb/g_postproc[9].u_bias/g2469/Y                       -       B->Y    F     NOR2x1_ASAP7_75t_R            1  1.2    19    14    1440    (-,-) 
  u_rb/g_postproc[9].u_bias/fopt/Y                        -       A->Y    F     BUFx6f_ASAP7_75t_R           23 13.7    20    28    1468    (-,-) 
  u_rb/g_postproc[9].u_bias/g2450/Y                       -       A2->Y   R     AOI22xp5_ASAP7_75t_R          1  0.5    27    17    1485    (-,-) 
  u_rb/g_postproc[9].u_bias/g2402/Y                       -       B->Y    F     NAND2xp5_ASAP7_75t_R          2  1.1    21    18    1502    (-,-) 
  u_rb/g37698/Y                                           -       B1->Y   F     AO222x2_ASAP7_75t_R           1  0.5    13    42    1545    (-,-) 
  u_rb/g37171/Y                                           -       C->Y    R     AOI221xp5_ASAP7_75t_R         1  1.0    44    26    1571    (-,-) 
  u_rb/g36895/Y                                           -       A->Y    F     NAND2x1_ASAP7_75t_R           1  5.0    37    29    1600    (-,-) 
  m_axis_tdata[292]                                       -       -       F     (port)                        -    -     -     0    1600    (-,-) 
#-------------------------------------------------------------------------------------------------------------------------------------------------



Path 2: MET (0 ps) Late External Delay Assertion at pin m_axis_tdata[293]
          Group: clk
     Startpoint: (R) u_rb/total_cnt_reg[2]/CLK
          Clock: (R) clk
       Endpoint: (F) m_axis_tdata[293]
          Clock: (R) clk

                     Capture       Launch     
        Clock Edge:+    1650            0     
       Src Latency:+       0            0     
       Net Latency:+       0 (I)        0 (I) 
           Arrival:=    1650            0     
                                              
      Output Delay:-       0                  
       Uncertainty:-      50                  
     Required Time:=    1600                  
      Launch Clock:-       0                  
         Data Path:-    1600                  
             Slack:=       0                  

Exceptions/Constraints:
  output_delay              0              constraints.sdc_line_29_1289_1 

#-------------------------------------------------------------------------------------------------------------------------------------------------
#                      Timing Point                       Flags    Arc    Edge          Cell             Fanout Load Trans Delay Arrival Instance 
#                                                                                                               (fF)  (ps)  (ps)   (ps)  Location 
#-------------------------------------------------------------------------------------------------------------------------------------------------
  u_rb/total_cnt_reg[2]/CLK                               -       -       R     (arrival)                686256    -    10     0       0    (-,-) 
  u_rb/total_cnt_reg[2]/QN                                -       CLK->QN F     DFFASRHQNx1_ASAP7_75t_R       3  2.1    32    64      64    (-,-) 
  u_rb/g1049/Y                                            -       A->Y    F     BUFx6f_ASAP7_75t_R           13 15.9    23    34      98    (-,-) 
  u_accum_0/g564590/Y                                     -       A->Y    R     NOR2x1_ASAP7_75t_R            2  1.5    21    18     115    (-,-) 
  u_accum_0/g564570/Y                                     -       B->Y    R     AND2x2_ASAP7_75t_R            3  2.4    16    27     142    (-,-) 
  u_accum_0/g172/Y                                        -       A->Y    R     BUFx5_ASAP7_75t_R            16 17.3    36    37     179    (-,-) 
  u_accum_0/g806583/Y                                     -       A->Y    R     BUFx2_ASAP7_75t_R             3  4.0    22    32     212    (-,-) 
  u_accum_0/g71199/Y                                      -       A->Y    F     INVx3_ASAP7_75t_R             3  9.7    26    20     232    (-,-) 
  u_accum_0/g806580/Y                                     -       A->Y    R     INVx4_ASAP7_75t_R            38 17.0    42    28     260    (-,-) 
  u_accum_0/g797763/Y                                     -       B2->Y   F     AOI22xp33_ASAP7_75t_R         1  0.5    24    20     280    (-,-) 
  u_accum_0/g794393/Y                                     -       A->Y    R     NAND3xp33_ASAP7_75t_R         1  0.3    14    13     293    (-,-) 
  u_accum_0/g792501/Y                                     -       B->Y    F     NOR2xp33_ASAP7_75t_R          1  0.5    16    13     306    (-,-) 
  u_accum_0/g791437/Y                                     -       A->Y    R     NAND2xp5_ASAP7_75t_R          1  0.6    15    14     319    (-,-) 
  u_accum_0/g60387/Y                                      -       B2->Y   F     AOI22xp5_ASAP7_75t_R          1  0.3    22    10     330    (-,-) 
  u_accum_0/g57053/Y                                      -       A->Y    R     NAND2xp33_ASAP7_75t_R         1  0.3    18    17     346    (-,-) 
  u_accum_0/g55387/Y                                      -       B->Y    F     NOR2xp33_ASAP7_75t_R          1  0.5    17    15     361    (-,-) 
  u_accum_0/g54334__5526/Y                                -       B->Y    R     NAND2xp5_ASAP7_75t_R          1  0.4    13    11     372    (-,-) 
  g9607/Y                                                 -       B2->Y   R     AO22x1_ASAP7_75t_R            4  1.7    21    28     400    (-,-) 
  u_rb/g_postproc[9].u_bias/g2744/Y                       -       A2->Y   F     OAI22xp5_ASAP7_75t_R          1  0.5    17    14     414    (-,-) 
  u_rb/g_postproc[9].u_bias/g2708/Y                       -       B->Y    R     AOI21xp5_ASAP7_75t_R          2  1.0    28    19     433    (-,-) 
  u_rb/g_postproc[9].u_bias/g2706/Y                       -       B->Y    R     AND2x2_ASAP7_75t_R            3  1.5    12    26     459    (-,-) 
  u_rb/g_postproc[9].u_bias/g2687/Y                       -       A->Y    F     NAND3xp33_ASAP7_75t_R         1  0.5    18    13     472    (-,-) 
  u_rb/g_postproc[9].u_bias/g2680/Y                       -       A->Y    R     NAND2xp5_ASAP7_75t_R          1  0.6    15    14     486    (-,-) 
  u_rb/g_postproc[9].u_bias/g2678/Y                       -       A2->Y   F     OAI21xp5_ASAP7_75t_R          1  1.0    20    14     500    (-,-) 
  u_rb/g_postproc[9].u_bias/g2676/Y                       -       B->Y    F     AND2x4_ASAP7_75t_R            6  5.8    15    27     527    (-,-) 
  u_rb/g_postproc[9].u_bias/g2675/Y                       -       A->Y    R     INVx6_ASAP7_75t_R            18 11.2    20    15     542    (-,-) 
  u_rb/g_postproc[9].u_bias/g2666/Y                       -       A->Y    F     INVx2_ASAP7_75t_R             6  3.4    16    14     556    (-,-) 
  u_rb/g_postproc[9].u_bias/g2660/Y                       -       B->Y    R     NAND2xp5_ASAP7_75t_R          1  0.6    22    12     568    (-,-) 
  u_rb/g_postproc[9].u_bias/g2646/Y                       -       B->Y    R     OA21x2_ASAP7_75t_R            6  3.2    20    30     598    (-,-) 
  u_rb/g_postproc[9].u_bias/g2641/Y                       -       A->Y    F     INVx1_ASAP7_75t_R             4  1.9    17    15     613    (-,-) 
  u_rb/g_postproc[9].u_bias/g2619/Y                       -       B->Y    R     NAND2xp5_ASAP7_75t_R          2  0.9    20    15     627    (-,-) 
  u_rb/g_postproc[9].u_bias/g2603/Y                       -       A->Y    F     INVxp67_ASAP7_75t_R           1  0.5    11    10     638    (-,-) 
  u_rb/g_postproc[9].u_bias/g2588/Y                       -       B->Y    R     AOI21xp5_ASAP7_75t_R          2  1.1    27    18     656    (-,-) 
  u_rb/g_postproc[9].u_bias/g2587/Y                       -       A->Y    F     INVx1_ASAP7_75t_R             2  1.2    15    14     669    (-,-) 
  u_rb/g_postproc[9].u_bias/g4985/Y                       -       A->Y    R     MAJIxp5_ASAP7_75t_R           1  0.9    29    18     688    (-,-) 
  u_rb/g_postproc[9].u_bias/g784/Y                        -       B->Y    R     XNOR2xp5_ASAP7_75t_R          1  1.0    30    24     712    (-,-) 
  u_rb/g_postproc[9].u_bias/g781/Y                        -       A->Y    R     AND3x4_ASAP7_75t_R           24 12.2    35    44     756    (-,-) 
  u_rb/g_postproc[9].u_bias/g780/Y                        -       A->Y    R     AND2x2_ASAP7_75t_R            2  1.1    11    25     782    (-,-) 
  u_rb/g_postproc[9].u_bias/sub_75_43_Y_add_76_43_g1233/Y -       A->Y    F     INVx1_ASAP7_75t_R             1  0.5     7     7     789    (-,-) 
  u_rb/g_postproc[9].u_bias/sub_75_43_Y_add_76_43_g1230/Y -       A1->Y   R     OAI22xp5_ASAP7_75t_R          2  1.0    41    16     804    (-,-) 
  u_rb/g_postproc[9].u_bias/sub_75_43_Y_add_76_43_g1139/Y -       A->Y    F     MAJIxp5_ASAP7_75t_R           2  0.9    30    22     826    (-,-) 
  u_rb/g_postproc[9].u_bias/sub_75_43_Y_add_76_43_g1098/Y -       A2->Y   R     OAI21xp5_ASAP7_75t_R          2  0.8    25    20     846    (-,-) 
  u_rb/g_postproc[9].u_bias/sub_75_43_Y_add_76_43_g1092/Y -       A1->Y   F     AOI21xp5_ASAP7_75t_R          2  1.0    21    18     864    (-,-) 
  u_rb/g_postproc[9].u_bias/sub_75_43_Y_add_76_43_g1084/Y -       A2->Y   R     OAI21xp5_ASAP7_75t_R          2  1.0    25    20     883    (-,-) 
  u_rb/g_postproc[9].u_bias/sub_75_43_Y_add_76_43_g1079/Y -       A2->Y   R     AO21x1_ASAP7_75t_R            2  0.8    12    23     906    (-,-) 
  u_rb/g_postproc[9].u_bias/sub_75_43_Y_add_76_43_g1074/Y -       A1->Y   F     AOI21xp5_ASAP7_75t_R          2  0.9    17    13     919    (-,-) 
  u_rb/g_postproc[9].u_bias/sub_75_43_Y_add_76_43_g1071/Y -       A2->Y   R     OAI21xp5_ASAP7_75t_R          2  0.9    25    18     937    (-,-) 
  u_rb/g_postproc[9].u_bias/sub_75_43_Y_add_76_43_g1065/Y -       A1->Y   F     AOI21xp5_ASAP7_75t_R          2  0.6    18    15     952    (-,-) 
  u_rb/g_postproc[9].u_bias/sub_75_43_Y_add_76_43_g1060/Y -       B->Y    R     NOR2xp33_ASAP7_75t_R          2  0.8    27    19     971    (-,-) 
  u_rb/g_postproc[9].u_bias/sub_75_43_Y_add_76_43_g1059/Y -       A->Y    R     HB1xp67_ASAP7_75t_R           2  0.9    17    26     997    (-,-) 
  u_rb/g_postproc[9].u_bias/sub_75_43_Y_add_76_43_g1048/Y -       A1->Y   F     AOI21xp5_ASAP7_75t_R          2  1.0    20    15    1012    (-,-) 
  u_rb/g_postproc[9].u_bias/sub_75_43_Y_add_76_43_g1038/Y -       A1->Y   R     OAI21xp5_ASAP7_75t_R          1  1.0    30    18    1031    (-,-) 
  u_rb/g_postproc[9].u_bias/sub_75_43_Y_add_76_43_g1033/Y -       A->Y    R     XOR2xp5_ASAP7_75t_R           2  0.7    24    28    1059    (-,-) 
  u_rb/g_postproc[9].u_bias/fopt4950/Y                    -       A->Y    F     INVxp67_ASAP7_75t_R           2  1.1    17    15    1074    (-,-) 
  u_rb/g_postproc[9].u_bias/fopt4949/Y                    -       A->Y    R     INVx1_ASAP7_75t_R             6  2.9    29    20    1094    (-,-) 
  u_rb/g_postproc[9].u_bias/g483/Y                        -       A2->Y   F     OAI31xp33_ASAP7_75t_R         1  0.5    19    17    1111    (-,-) 
  u_rb/g_postproc[9].u_bias/g482/Y                        -       B1->Y   R     AOI221xp5_ASAP7_75t_R         1  0.6    32    21    1132    (-,-) 
  u_rb/g_postproc[9].u_bias/g481/Y                        -       A2->Y   F     OAI21xp5_ASAP7_75t_R          1  0.5    16    15    1147    (-,-) 
  u_rb/g_postproc[9].u_bias/g480/Y                        -       B->Y    F     AND2x2_ASAP7_75t_R            3  1.3    10    23    1170    (-,-) 
  u_rb/g_postproc[9].u_bias/g2575/Y                       -       B->Y    R     NAND2xp5_ASAP7_75t_R          3  1.9    31    18    1188    (-,-) 
  u_rb/g_postproc[9].u_bias/g2547/Y                       -       A1->Y   F     AOI21xp5_ASAP7_75t_R          2  0.9    21    18    1206    (-,-) 
  u_rb/g_postproc[9].u_bias/g2534/Y                       -       A2->Y   R     OAI21xp5_ASAP7_75t_R          2  1.4    32    23    1229    (-,-) 
  u_rb/g_postproc[9].u_bias/g2526/Y                       -       A2->Y   F     AOI21x1_ASAP7_75t_R           3  1.6    21    16    1245    (-,-) 
  u_rb/g_postproc[9].u_bias/g2523/Y                       -       B->Y    R     NAND2xp5_ASAP7_75t_R          1  0.6    19    14    1259    (-,-) 
  u_rb/g_postproc[9].u_bias/g2508/Y                       -       B->Y    F     O2A1O1Ixp33_ASAP7_75t_R       1  0.5    19    15    1274    (-,-) 
  u_rb/g_postproc[9].u_bias/g2496/Y                       -       C->Y    R     AOI321xp33_ASAP7_75t_R        3  1.6    60    38    1312    (-,-) 
  u_rb/g_postproc[9].u_bias/g2487/Y                       -       A->Y    R     AND3x1_ASAP7_75t_R            1  0.5    12    33    1345    (-,-) 
  u_rb/g_postproc[9].u_bias/g2482/Y                       -       C->Y    R     AND5x1_ASAP7_75t_R            1  0.8    18    40    1385    (-,-) 
  u_rb/g_postproc[9].u_bias/g2478/Y                       -       A1->Y   F     AOI211x1_ASAP7_75t_R          3  1.6    32    22    1408    (-,-) 
  u_rb/g_postproc[9].u_bias/fopt3/Y                       -       A->Y    R     INVx1_ASAP7_75t_R             2  1.4    21    18    1426    (-,-) 
  u_rb/g_postproc[9].u_bias/g2469/Y                       -       B->Y    F     NOR2x1_ASAP7_75t_R            1  1.2    19    14    1440    (-,-) 
  u_rb/g_postproc[9].u_bias/fopt/Y                        -       A->Y    F     BUFx6f_ASAP7_75t_R           23 13.7    20    28    1468    (-,-) 
  u_rb/g_postproc[9].u_bias/g2449/Y                       -       A2->Y   R     AOI22xp5_ASAP7_75t_R          1  0.5    26    17    1485    (-,-) 
  u_rb/g_postproc[9].u_bias/g2406/Y                       -       B->Y    F     NAND2xp5_ASAP7_75t_R          2  1.1    21    17    1502    (-,-) 
  u_rb/g37697/Y                                           -       B1->Y   F     AO222x2_ASAP7_75t_R           1  0.5    14    42    1544    (-,-) 
  u_rb/g37170/Y                                           -       C->Y    R     AOI221xp5_ASAP7_75t_R         1  1.0    44    27    1571    (-,-) 
  u_rb/g228/Y                                             -       A->Y    F     NAND2x1_ASAP7_75t_R           1  5.0    37    29    1600    (-,-) 
  m_axis_tdata[293]                                       -       -       F     (port)                        -    -     -     0    1600    (-,-) 
#-------------------------------------------------------------------------------------------------------------------------------------------------



Path 3: MET (0 ps) Setup Check with Pin u_rb/g_postproc[7].u_gelu/r4_inner_reg[7]/CLK->D
          Group: clk
     Startpoint: (R) u_rb/g_postproc[7].u_gelu/r3_x_reg[0]/CLK
          Clock: (R) clk
       Endpoint: (F) u_rb/g_postproc[7].u_gelu/r4_inner_reg[7]/D
          Clock: (R) clk

                     Capture       Launch     
        Clock Edge:+    1650            0     
       Src Latency:+       0            0     
       Net Latency:+       0 (I)        0 (I) 
           Arrival:=    1650            0     
                                              
             Setup:-       5                  
       Uncertainty:-      50                  
     Required Time:=    1595                  
      Launch Clock:-       0                  
         Data Path:-    1595                  
             Slack:=       0                  

#------------------------------------------------------------------------------------------------------------------------------------------------------
#                        Timing Point                          Flags    Arc    Edge          Cell             Fanout Load Trans Delay Arrival Instance 
#                                                                                                                    (fF)  (ps)  (ps)   (ps)  Location 
#------------------------------------------------------------------------------------------------------------------------------------------------------
  u_rb/g_postproc[7].u_gelu/r3_x_reg[0]/CLK                    -       -       R     (arrival)                686256    -    10     0       0    (-,-) 
  u_rb/g_postproc[7].u_gelu/r3_x_reg[0]/QN                     -       CLK->QN R     DFFHQNx1_ASAP7_75t_R          5  2.2    31    58      58    (-,-) 
  u_rb/g_postproc[7].u_gelu/u_s4/g7144/Y                       -       B->Y    F     NAND2xp5_ASAP7_75t_R          2  0.9    20    17      74    (-,-) 
  u_rb/g_postproc[7].u_gelu/u_s4/g7111/Y                       -       A2->Y   R     AOI22xp5_ASAP7_75t_R          1  0.4    22    16      90    (-,-) 
  u_rb/g_postproc[7].u_gelu/u_s4/g7095/Y                       -       B->Y    F     OAI21xp33_ASAP7_75t_R         1  0.6    22    16     106    (-,-) 
  u_rb/g_postproc[7].u_gelu/u_s4/g7084/Y                       -       B->Y    R     OAI21xp5_ASAP7_75t_R          1  0.6    21    13     120    (-,-) 
  u_rb/g_postproc[7].u_gelu/u_s4/g7077/Y                       -       B->Y    F     O2A1O1Ixp33_ASAP7_75t_R       1  0.4    19    14     134    (-,-) 
  u_rb/g_postproc[7].u_gelu/u_s4/g7073/Y                       -       A2->Y   R     OAI31xp33_ASAP7_75t_R         1  0.5    25    19     153    (-,-) 
  u_rb/g_postproc[7].u_gelu/u_s4/g7072/Y                       -       A2->Y   F     A2O1A1Ixp33_ASAP7_75t_R       1  0.5    23    17     170    (-,-) 
  u_rb/g_postproc[7].u_gelu/u_s4/g7071/Y                       -       B->Y    R     NAND2xp5_ASAP7_75t_R          1  1.0    20    17     187    (-,-) 
  u_rb/g_postproc[7].u_gelu/u_s4/g7070/Y                       -       B->Y    R     AND2x4_ASAP7_75t_R           13  8.7    24    30     218    (-,-) 
  u_rb/g_postproc[7].u_gelu/u_s4/fopt17/Y                      -       A->Y    F     INVx5_ASAP7_75t_R            20 10.8    20    17     234    (-,-) 
  u_rb/g_postproc[7].u_gelu/u_s4/g7064/Y                       -       B2->Y   F     AO22x1_ASAP7_75t_R            4  2.0    20    34     268    (-,-) 
  u_rb/g_postproc[7].u_gelu/u_s4/g7033/Y                       -       A->Y    R     NAND2xp5_ASAP7_75t_R          2  0.8    18    16     284    (-,-) 
  u_rb/g_postproc[7].u_gelu/u_s4/g7018/Y                       -       A->Y    F     INVxp67_ASAP7_75t_R           1  0.3     8     8     293    (-,-) 
  u_rb/g_postproc[7].u_gelu/u_s4/g7013/Y                       -       B->Y    R     NOR2xp33_ASAP7_75t_R          1  0.9    30    18     310    (-,-) 
  u_rb/g_postproc[7].u_gelu/u_s4/g7439/Y                       -       B->Y    F     XNOR2x2_ASAP7_75t_R          25 13.6    52    63     374    (-,-) 
  u_rb/g_postproc[7].u_gelu/u_s4/srl_68_50_g2225/Y             -       A->Y    R     INVx2_ASAP7_75t_R            22 11.0    56    43     416    (-,-) 
  u_rb/g_postproc[7].u_gelu/u_s4/srl_68_50_g2179/Y             -       B1->Y   F     OAI22xp5_ASAP7_75t_R          2  1.2    33    24     441    (-,-) 
  u_rb/g_postproc[7].u_gelu/u_s4/srl_68_50_g2157/Y             -       A2->Y   R     AOI22xp5_ASAP7_75t_R          2  0.8    30    22     463    (-,-) 
  u_rb/g_postproc[7].u_gelu/u_s4/srl_68_50_g2132/Y             -       B->Y    F     NOR2xp33_ASAP7_75t_R          2  0.9    33    23     485    (-,-) 
  u_rb/g_postproc[7].u_gelu/u_s4/srl_68_50_g2105/Y             -       B2->Y   F     AO22x1_ASAP7_75t_R            1  0.5    11    31     517    (-,-) 
  u_rb/g_postproc[7].u_gelu/u_s4/g5546/Y                       -       B->Y    F     AND2x2_ASAP7_75t_R            1  1.0    10    20     537    (-,-) 
  u_rb/g_postproc[7].u_gelu/u_s4/sub_75_43_Y_add_76_43_g1183/Y -       A->Y    R     XNOR2xp5_ASAP7_75t_R          2  1.6    54    22     559    (-,-) 
  u_rb/g_postproc[7].u_gelu/u_s4/sub_75_43_Y_add_76_43_g1099/Y -       A->Y    F     MAJIxp5_ASAP7_75t_R           2  1.6    36    30     588    (-,-) 
  u_rb/g_postproc[7].u_gelu/u_s4/sub_75_43_Y_add_76_43_g1065/Y -       A2->Y   R     OAI21xp5_ASAP7_75t_R          2  1.4    35    28     616    (-,-) 
  u_rb/g_postproc[7].u_gelu/u_s4/sub_75_43_Y_add_76_43_g1061/Y -       A1->Y   F     AOI21xp5_ASAP7_75t_R          2  1.6    30    24     640    (-,-) 
  u_rb/g_postproc[7].u_gelu/u_s4/sub_75_43_Y_add_76_43_g1057/Y -       A2->Y   R     OAI21xp5_ASAP7_75t_R          2  1.4    34    26     666    (-,-) 
  u_rb/g_postproc[7].u_gelu/u_s4/sub_75_43_Y_add_76_43_g1056/Y -       B->Y    F     NAND2xp5_ASAP7_75t_R          2  1.1    23    19     685    (-,-) 
  u_rb/g_postproc[7].u_gelu/u_s4/sub_75_43_Y_add_76_43_g1053/Y -       A1->Y   R     OAI21xp5_ASAP7_75t_R          2  1.4    36    22     707    (-,-) 
  u_rb/g_postproc[7].u_gelu/u_s4/sub_75_43_Y_add_76_43_g1050/Y -       A1->Y   F     AOI21xp5_ASAP7_75t_R          2  1.5    29    24     731    (-,-) 
  u_rb/g_postproc[7].u_gelu/u_s4/sub_75_43_Y_add_76_43_g1048/Y -       A2->Y   F     OA21x2_ASAP7_75t_R            3  1.9    13    32     763    (-,-) 
  u_rb/g_postproc[7].u_gelu/u_s4/sub_75_43_Y_add_76_43_g1047/Y -       B->Y    R     NOR2xp33_ASAP7_75t_R          2  0.9    29    19     782    (-,-) 
  u_rb/g_postproc[7].u_gelu/u_s4/sub_75_43_Y_add_76_43_g1043/Y -       A2->Y   R     AO21x1_ASAP7_75t_R            2  1.4    17    26     808    (-,-) 
  u_rb/g_postproc[7].u_gelu/u_s4/sub_75_43_Y_add_76_43_g1039/Y -       B->Y    F     NAND2xp5_ASAP7_75t_R          2  1.1    19    15     823    (-,-) 
  u_rb/g_postproc[7].u_gelu/u_s4/sub_75_43_Y_add_76_43_g1038/Y -       A->Y    R     INVx1_ASAP7_75t_R             2  1.1    15    13     836    (-,-) 
  u_rb/g_postproc[7].u_gelu/u_s4/sub_75_43_Y_add_76_43_g1034/Y -       A2->Y   R     AO21x1_ASAP7_75t_R            2  1.4    17    23     859    (-,-) 
  u_rb/g_postproc[7].u_gelu/u_s4/sub_75_43_Y_add_76_43_g1031/Y -       B->Y    F     NAND2xp5_ASAP7_75t_R          2  1.0    18    14     874    (-,-) 
  u_rb/g_postproc[7].u_gelu/u_s4/g7472/Y                       -       A1->Y   R     A2O1A1Ixp33_ASAP7_75t_R       3  1.9    44    28     902    (-,-) 
  u_rb/g_postproc[7].u_gelu/u_s4/sub_75_43_Y_add_76_43_g1023/Y -       B->Y    F     NAND2xp5_ASAP7_75t_R          1  0.5    18    15     917    (-,-) 
  u_rb/g_postproc[7].u_gelu/u_s4/sub_75_43_Y_add_76_43_g1019/Y -       A2->Y   R     A2O1A1Ixp33_ASAP7_75t_R       2  1.4    37    25     942    (-,-) 
  u_rb/g_postproc[7].u_gelu/u_s4/sub_75_43_Y_add_76_43_g1017/Y -       A1->Y   F     AOI21xp5_ASAP7_75t_R          2  1.5    29    24     966    (-,-) 
  u_rb/g_postproc[7].u_gelu/u_s4/sub_75_43_Y_add_76_43_g1015/Y -       A2->Y   R     OAI21xp5_ASAP7_75t_R          2  1.3    32    24     991    (-,-) 
  u_rb/g_postproc[7].u_gelu/u_s4/sub_75_43_Y_add_76_43_g1013/Y -       A1->Y   F     AOI21xp5_ASAP7_75t_R          2  1.3    26    21    1012    (-,-) 
  u_rb/g_postproc[7].u_gelu/u_s4/sub_75_43_Y_add_76_43_g1012/Y -       A->Y    F     XNOR2xp5_ASAP7_75t_R          6  2.4    38    38    1050    (-,-) 
  u_rb/g_postproc[7].u_gelu/u_s4/g5377/Y                       -       B->Y    R     NOR2xp33_ASAP7_75t_R          3  1.6    50    36    1085    (-,-) 
  u_rb/g_postproc[7].u_gelu/u_s4/g3/Y                          -       B->Y    F     NAND2xp5_ASAP7_75t_R          1  1.0    25    21    1106    (-,-) 
  u_rb/g_postproc[7].u_gelu/u_s4/g7435/Y                       -       A->Y    R     NOR2x1_ASAP7_75t_R           19  8.4    78    45    1152    (-,-) 
  u_rb/g_postproc[7].u_gelu/u_s4/g7405/Y                       -       B->Y    F     NOR2xp33_ASAP7_75t_R          2  1.1    41    37    1189    (-,-) 
  u_rb/g_postproc[7].u_gelu/u_s4/g7401/Y                       -       A->Y    R     INVx1_ASAP7_75t_R             2  1.1    21    18    1207    (-,-) 
  u_rb/g_postproc[7].u_gelu/u_s4/g7376/Y                       -       B->Y    F     OAI21xp5_ASAP7_75t_R          1  0.5    17    13    1220    (-,-) 
  u_rb/g_postproc[7].u_gelu/u_s4/g7362/Y                       -       A2->Y   R     A2O1A1Ixp33_ASAP7_75t_R       1  0.5    26    18    1237    (-,-) 
  u_rb/g_postproc[7].u_gelu/u_s4/g7353/Y                       -       A1->Y   F     AOI21xp5_ASAP7_75t_R          5  2.7    40    28    1265    (-,-) 
  u_rb/g_postproc[7].u_gelu/u_s4/g7348/Y                       -       A->Y    R     INVx1_ASAP7_75t_R             4  1.9    27    23    1288    (-,-) 
  u_rb/g_postproc[7].u_gelu/u_s4/g7346/Y                       -       C->Y    F     O2A1O1Ixp33_ASAP7_75t_R       1  0.5    20    14    1302    (-,-) 
  u_rb/g_postproc[7].u_gelu/u_s4/g7341/Y                       -       C->Y    R     AOI221xp5_ASAP7_75t_R         3  1.5    56    34    1336    (-,-) 
  u_rb/g_postproc[7].u_gelu/u_s4/g7326/Y                       -       D->Y    F     NOR5xp2_ASAP7_75t_R           2  1.0    29    27    1364    (-,-) 
  u_rb/g_postproc[7].u_gelu/u_s4/g7320/Y                       -       B->Y    F     OR2x2_ASAP7_75t_R            10  4.7    22    37    1401    (-,-) 
  u_rb/g_postproc[7].u_gelu/u_s4/g7313/Y                       -       B->Y    R     NOR2xp33_ASAP7_75t_R         23  9.2   235   118    1519    (-,-) 
  u_rb/g_postproc[7].u_gelu/u_s4/g7301/Y                       -       A2->Y   F     AOI22xp33_ASAP7_75t_R         1  0.3    49    37    1556    (-,-) 
  u_rb/g_postproc[7].u_gelu/u_s4/g7260/Y                       -       B->Y    R     NAND2xp33_ASAP7_75t_R         1  0.5    29    25    1581    (-,-) 
  u_rb/g_postproc[7].u_gelu/g3400/Y                            -       B->Y    F     NAND2xp5_ASAP7_75t_R          1  0.6    17    14    1595    (-,-) 
  u_rb/g_postproc[7].u_gelu/r4_inner_reg[7]/D                  -       -       F     DFFHQNx1_ASAP7_75t_R          1    -     -     0    1595    (-,-) 
#------------------------------------------------------------------------------------------------------------------------------------------------------



Path 4: MET (0 ps) Setup Check with Pin u_rb/g_postproc[23].u_gelu/r4_inner_reg[7]/CLK->D
          Group: clk
     Startpoint: (R) u_rb/g_postproc[23].u_gelu/r3_x_reg[0]/CLK
          Clock: (R) clk
       Endpoint: (F) u_rb/g_postproc[23].u_gelu/r4_inner_reg[7]/D
          Clock: (R) clk

                     Capture       Launch     
        Clock Edge:+    1650            0     
       Src Latency:+       0            0     
       Net Latency:+       0 (I)        0 (I) 
           Arrival:=    1650            0     
                                              
             Setup:-       5                  
       Uncertainty:-      50                  
     Required Time:=    1595                  
      Launch Clock:-       0                  
         Data Path:-    1595                  
             Slack:=       0                  

#-------------------------------------------------------------------------------------------------------------------------------------------------------
#                         Timing Point                          Flags    Arc    Edge          Cell             Fanout Load Trans Delay Arrival Instance 
#                                                                                                                     (fF)  (ps)  (ps)   (ps)  Location 
#-------------------------------------------------------------------------------------------------------------------------------------------------------
  u_rb/g_postproc[23].u_gelu/r3_x_reg[0]/CLK                    -       -       R     (arrival)                686256    -    10     0       0    (-,-) 
  u_rb/g_postproc[23].u_gelu/r3_x_reg[0]/QN                     -       CLK->QN R     DFFHQNx1_ASAP7_75t_R          5  2.2    31    58      58    (-,-) 
  u_rb/g_postproc[23].u_gelu/u_s4/g7144/Y                       -       B->Y    F     NAND2xp5_ASAP7_75t_R          2  0.9    20    17      74    (-,-) 
  u_rb/g_postproc[23].u_gelu/u_s4/g7111/Y                       -       A2->Y   R     AOI22xp5_ASAP7_75t_R          1  0.4    22    16      90    (-,-) 
  u_rb/g_postproc[23].u_gelu/u_s4/g7095/Y                       -       B->Y    F     OAI21xp33_ASAP7_75t_R         1  0.6    22    16     106    (-,-) 
  u_rb/g_postproc[23].u_gelu/u_s4/g7084/Y                       -       B->Y    R     OAI21xp5_ASAP7_75t_R          1  0.6    21    13     120    (-,-) 
  u_rb/g_postproc[23].u_gelu/u_s4/g7077/Y                       -       B->Y    F     O2A1O1Ixp33_ASAP7_75t_R       1  0.4    19    14     134    (-,-) 
  u_rb/g_postproc[23].u_gelu/u_s4/g7073/Y                       -       A2->Y   R     OAI31xp33_ASAP7_75t_R         1  0.5    25    19     153    (-,-) 
  u_rb/g_postproc[23].u_gelu/u_s4/g7072/Y                       -       A2->Y   F     A2O1A1Ixp33_ASAP7_75t_R       1  0.5    23    17     170    (-,-) 
  u_rb/g_postproc[23].u_gelu/u_s4/g7071/Y                       -       B->Y    R     NAND2xp5_ASAP7_75t_R          1  1.0    20    17     187    (-,-) 
  u_rb/g_postproc[23].u_gelu/u_s4/g7070/Y                       -       B->Y    R     AND2x4_ASAP7_75t_R           13  8.7    24    30     218    (-,-) 
  u_rb/g_postproc[23].u_gelu/u_s4/fopt17/Y                      -       A->Y    F     INVx5_ASAP7_75t_R            20 10.8    20    17     234    (-,-) 
  u_rb/g_postproc[23].u_gelu/u_s4/g7064/Y                       -       B2->Y   F     AO22x1_ASAP7_75t_R            4  2.0    20    34     268    (-,-) 
  u_rb/g_postproc[23].u_gelu/u_s4/g7033/Y                       -       A->Y    R     NAND2xp5_ASAP7_75t_R          2  0.8    18    16     284    (-,-) 
  u_rb/g_postproc[23].u_gelu/u_s4/g7018/Y                       -       A->Y    F     INVxp67_ASAP7_75t_R           1  0.3     8     8     293    (-,-) 
  u_rb/g_postproc[23].u_gelu/u_s4/g7013/Y                       -       B->Y    R     NOR2xp33_ASAP7_75t_R          1  0.9    30    18     310    (-,-) 
  u_rb/g_postproc[23].u_gelu/u_s4/g7439/Y                       -       B->Y    F     XNOR2x2_ASAP7_75t_R          25 13.6    52    63     374    (-,-) 
  u_rb/g_postproc[23].u_gelu/u_s4/srl_68_50_g2225/Y             -       A->Y    R     INVx2_ASAP7_75t_R            22 11.0    56    43     416    (-,-) 
  u_rb/g_postproc[23].u_gelu/u_s4/srl_68_50_g2179/Y             -       B1->Y   F     OAI22xp5_ASAP7_75t_R          2  1.2    33    24     441    (-,-) 
  u_rb/g_postproc[23].u_gelu/u_s4/srl_68_50_g2157/Y             -       A2->Y   R     AOI22xp5_ASAP7_75t_R          2  0.8    30    22     463    (-,-) 
  u_rb/g_postproc[23].u_gelu/u_s4/srl_68_50_g2132/Y             -       B->Y    F     NOR2xp33_ASAP7_75t_R          2  0.9    33    23     485    (-,-) 
  u_rb/g_postproc[23].u_gelu/u_s4/srl_68_50_g2105/Y             -       B2->Y   F     AO22x1_ASAP7_75t_R            1  0.5    11    31     517    (-,-) 
  u_rb/g_postproc[23].u_gelu/u_s4/g5546/Y                       -       B->Y    F     AND2x2_ASAP7_75t_R            1  1.0    10    20     537    (-,-) 
  u_rb/g_postproc[23].u_gelu/u_s4/sub_75_43_Y_add_76_43_g1183/Y -       A->Y    R     XNOR2xp5_ASAP7_75t_R          2  1.6    54    22     559    (-,-) 
  u_rb/g_postproc[23].u_gelu/u_s4/sub_75_43_Y_add_76_43_g1099/Y -       A->Y    F     MAJIxp5_ASAP7_75t_R           2  1.6    36    30     588    (-,-) 
  u_rb/g_postproc[23].u_gelu/u_s4/sub_75_43_Y_add_76_43_g1065/Y -       A2->Y   R     OAI21xp5_ASAP7_75t_R          2  1.4    35    28     616    (-,-) 
  u_rb/g_postproc[23].u_gelu/u_s4/sub_75_43_Y_add_76_43_g1061/Y -       A1->Y   F     AOI21xp5_ASAP7_75t_R          2  1.6    30    24     640    (-,-) 
  u_rb/g_postproc[23].u_gelu/u_s4/sub_75_43_Y_add_76_43_g1057/Y -       A2->Y   R     OAI21xp5_ASAP7_75t_R          2  1.4    34    26     666    (-,-) 
  u_rb/g_postproc[23].u_gelu/u_s4/sub_75_43_Y_add_76_43_g1056/Y -       B->Y    F     NAND2xp5_ASAP7_75t_R          2  1.1    23    19     685    (-,-) 
  u_rb/g_postproc[23].u_gelu/u_s4/sub_75_43_Y_add_76_43_g1053/Y -       A1->Y   R     OAI21xp5_ASAP7_75t_R          2  1.4    36    22     707    (-,-) 
  u_rb/g_postproc[23].u_gelu/u_s4/sub_75_43_Y_add_76_43_g1050/Y -       A1->Y   F     AOI21xp5_ASAP7_75t_R          2  1.5    29    24     731    (-,-) 
  u_rb/g_postproc[23].u_gelu/u_s4/sub_75_43_Y_add_76_43_g1048/Y -       A2->Y   F     OA21x2_ASAP7_75t_R            3  1.9    13    32     763    (-,-) 
  u_rb/g_postproc[23].u_gelu/u_s4/sub_75_43_Y_add_76_43_g1047/Y -       B->Y    R     NOR2xp33_ASAP7_75t_R          2  0.9    29    19     782    (-,-) 
  u_rb/g_postproc[23].u_gelu/u_s4/sub_75_43_Y_add_76_43_g1043/Y -       A2->Y   R     AO21x1_ASAP7_75t_R            2  1.4    17    26     808    (-,-) 
  u_rb/g_postproc[23].u_gelu/u_s4/sub_75_43_Y_add_76_43_g1039/Y -       B->Y    F     NAND2xp5_ASAP7_75t_R          2  1.1    19    15     823    (-,-) 
  u_rb/g_postproc[23].u_gelu/u_s4/sub_75_43_Y_add_76_43_g1038/Y -       A->Y    R     INVx1_ASAP7_75t_R             2  1.1    15    13     836    (-,-) 
  u_rb/g_postproc[23].u_gelu/u_s4/sub_75_43_Y_add_76_43_g1034/Y -       A2->Y   R     AO21x1_ASAP7_75t_R            2  1.4    17    23     859    (-,-) 
  u_rb/g_postproc[23].u_gelu/u_s4/sub_75_43_Y_add_76_43_g1031/Y -       B->Y    F     NAND2xp5_ASAP7_75t_R          2  1.0    18    14     874    (-,-) 
  u_rb/g_postproc[23].u_gelu/u_s4/g7472/Y                       -       A1->Y   R     A2O1A1Ixp33_ASAP7_75t_R       3  1.9    44    28     902    (-,-) 
  u_rb/g_postproc[23].u_gelu/u_s4/sub_75_43_Y_add_76_43_g1023/Y -       B->Y    F     NAND2xp5_ASAP7_75t_R          1  0.5    18    15     917    (-,-) 
  u_rb/g_postproc[23].u_gelu/u_s4/sub_75_43_Y_add_76_43_g1019/Y -       A2->Y   R     A2O1A1Ixp33_ASAP7_75t_R       2  1.4    37    25     942    (-,-) 
  u_rb/g_postproc[23].u_gelu/u_s4/sub_75_43_Y_add_76_43_g1017/Y -       A1->Y   F     AOI21xp5_ASAP7_75t_R          2  1.5    29    24     966    (-,-) 
  u_rb/g_postproc[23].u_gelu/u_s4/sub_75_43_Y_add_76_43_g1015/Y -       A2->Y   R     OAI21xp5_ASAP7_75t_R          2  1.3    32    24     991    (-,-) 
  u_rb/g_postproc[23].u_gelu/u_s4/sub_75_43_Y_add_76_43_g1013/Y -       A1->Y   F     AOI21xp5_ASAP7_75t_R          2  1.3    26    21    1012    (-,-) 
  u_rb/g_postproc[23].u_gelu/u_s4/sub_75_43_Y_add_76_43_g1012/Y -       A->Y    F     XNOR2xp5_ASAP7_75t_R          6  2.4    38    38    1050    (-,-) 
  u_rb/g_postproc[23].u_gelu/u_s4/g5377/Y                       -       B->Y    R     NOR2xp33_ASAP7_75t_R          3  1.6    50    36    1085    (-,-) 
  u_rb/g_postproc[23].u_gelu/u_s4/g3/Y                          -       B->Y    F     NAND2xp5_ASAP7_75t_R          1  1.0    25    21    1106    (-,-) 
  u_rb/g_postproc[23].u_gelu/u_s4/g7435/Y                       -       A->Y    R     NOR2x1_ASAP7_75t_R           19  8.4    78    45    1152    (-,-) 
  u_rb/g_postproc[23].u_gelu/u_s4/g7405/Y                       -       B->Y    F     NOR2xp33_ASAP7_75t_R          2  1.1    41    37    1189    (-,-) 
  u_rb/g_postproc[23].u_gelu/u_s4/g7401/Y                       -       A->Y    R     INVx1_ASAP7_75t_R             2  1.1    21    18    1207    (-,-) 
  u_rb/g_postproc[23].u_gelu/u_s4/g7376/Y                       -       B->Y    F     OAI21xp5_ASAP7_75t_R          1  0.5    17    13    1220    (-,-) 
  u_rb/g_postproc[23].u_gelu/u_s4/g7362/Y                       -       A2->Y   R     A2O1A1Ixp33_ASAP7_75t_R       1  0.5    26    18    1237    (-,-) 
  u_rb/g_postproc[23].u_gelu/u_s4/g7353/Y                       -       A1->Y   F     AOI21xp5_ASAP7_75t_R          5  2.7    40    28    1265    (-,-) 
  u_rb/g_postproc[23].u_gelu/u_s4/g7348/Y                       -       A->Y    R     INVx1_ASAP7_75t_R             4  1.9    27    23    1288    (-,-) 
  u_rb/g_postproc[23].u_gelu/u_s4/g7346/Y                       -       C->Y    F     O2A1O1Ixp33_ASAP7_75t_R       1  0.5    20    14    1302    (-,-) 
  u_rb/g_postproc[23].u_gelu/u_s4/g7341/Y                       -       C->Y    R     AOI221xp5_ASAP7_75t_R         3  1.5    56    34    1336    (-,-) 
  u_rb/g_postproc[23].u_gelu/u_s4/g7326/Y                       -       D->Y    F     NOR5xp2_ASAP7_75t_R           2  1.0    29    27    1364    (-,-) 
  u_rb/g_postproc[23].u_gelu/u_s4/g7320/Y                       -       B->Y    F     OR2x2_ASAP7_75t_R            10  4.7    22    37    1401    (-,-) 
  u_rb/g_postproc[23].u_gelu/u_s4/g7313/Y                       -       B->Y    R     NOR2xp33_ASAP7_75t_R         23  9.2   235   118    1519    (-,-) 
  u_rb/g_postproc[23].u_gelu/u_s4/g7301/Y                       -       A2->Y   F     AOI22xp33_ASAP7_75t_R         1  0.3    49    37    1556    (-,-) 
  u_rb/g_postproc[23].u_gelu/u_s4/g7260/Y                       -       B->Y    R     NAND2xp33_ASAP7_75t_R         1  0.5    29    25    1581    (-,-) 
  u_rb/g_postproc[23].u_gelu/g3400/Y                            -       B->Y    F     NAND2xp5_ASAP7_75t_R          1  0.6    17    14    1595    (-,-) 
  u_rb/g_postproc[23].u_gelu/r4_inner_reg[7]/D                  -       -       F     DFFHQNx1_ASAP7_75t_R          1    -     -     0    1595    (-,-) 
#-------------------------------------------------------------------------------------------------------------------------------------------------------



Path 5: MET (0 ps) Setup Check with Pin u_rb/g_postproc[12].u_gelu/r16_err1_reg[5]/CLK->D
          Group: clk
     Startpoint: (R) u_rb/g_postproc[12].u_gelu/r15_xy1_reg[23]/CLK
          Clock: (R) clk
       Endpoint: (R) u_rb/g_postproc[12].u_gelu/r16_err1_reg[5]/D
          Clock: (R) clk

                     Capture       Launch     
        Clock Edge:+    1650            0     
       Src Latency:+       0            0     
       Net Latency:+       0 (I)        0 (I) 
           Arrival:=    1650            0     
                                              
             Setup:-      12                  
       Uncertainty:-      50                  
     Required Time:=    1588                  
      Launch Clock:-       0                  
         Data Path:-    1588                  
             Slack:=       0                  

#------------------------------------------------------------------------------------------------------------------------------------------------------
#                         Timing Point                          Flags    Arc    Edge          Cell            Fanout Load Trans Delay Arrival Instance 
#                                                                                                                    (fF)  (ps)  (ps)   (ps)  Location 
#------------------------------------------------------------------------------------------------------------------------------------------------------
  u_rb/g_postproc[12].u_gelu/r15_xy1_reg[23]/CLK                -       -       R     (arrival)               686256    -    10     0       0    (-,-) 
  u_rb/g_postproc[12].u_gelu/r15_xy1_reg[23]/QN                 -       CLK->QN F     DFFHQNx1_ASAP7_75t_R        28 13.8   104   101     101    (-,-) 
  u_rb/g_postproc[12].u_gelu/u_s16/g3346/Y                      -       A->Y    R     NAND2xp5_ASAP7_75t_R         2  1.5    47    42     143    (-,-) 
  u_rb/g_postproc[12].u_gelu/u_s16/g3334/Y                      -       A->Y    F     INVx1_ASAP7_75t_R            1  0.5    14    12     155    (-,-) 
  u_rb/g_postproc[12].u_gelu/u_s16/g3321/Y                      -       B->Y    R     AOI21xp5_ASAP7_75t_R         2  1.5    36    22     177    (-,-) 
  u_rb/g_postproc[12].u_gelu/u_s16/g3320/Y                      -       A->Y    F     INVx1_ASAP7_75t_R            1  0.5    12    11     189    (-,-) 
  u_rb/g_postproc[12].u_gelu/u_s16/g3318/Y                      -       B->Y    R     AOI21xp5_ASAP7_75t_R         2  1.5    36    21     210    (-,-) 
  u_rb/g_postproc[12].u_gelu/u_s16/g3316/Y                      -       B->Y    F     OAI21xp5_ASAP7_75t_R         2  1.4    26    21     231    (-,-) 
  u_rb/g_postproc[12].u_gelu/u_s16/g3547/Y                      -       B->Y    R     AOI21xp5_ASAP7_75t_R         2  1.0    28    22     253    (-,-) 
  u_rb/g_postproc[12].u_gelu/u_s16/g3545/Y                      -       A1->Y   F     OAI221xp5_ASAP7_75t_R        1  0.5    25    17     270    (-,-) 
  u_rb/g_postproc[12].u_gelu/u_s16/g3544/Y                      -       B->Y    R     AOI21xp5_ASAP7_75t_R        24 12.8   221   113     383    (-,-) 
  u_rb/g_postproc[12].u_gelu/u_s16/g3542/Y                      -       A->Y    R     AND2x2_ASAP7_75t_R           1  1.0    15    42     425    (-,-) 
  u_rb/g_postproc[12].u_gelu/u_s16/sub_75_43_Y_add_76_43_g818/Y -       B->Y    R     XOR2xp5_ASAP7_75t_R          2  1.5    48    30     456    (-,-) 
  u_rb/g_postproc[12].u_gelu/u_s16/sub_75_43_Y_add_76_43_g814/Y -       A->Y    F     MAJIxp5_ASAP7_75t_R          2  1.6    48    28     484    (-,-) 
  u_rb/g_postproc[12].u_gelu/u_s16/sub_75_43_Y_add_76_43_g802/Y -       A->Y    R     INVx1_ASAP7_75t_R            1  0.6    18    16     500    (-,-) 
  u_rb/g_postproc[12].u_gelu/u_s16/sub_75_43_Y_add_76_43_g789/Y -       A->Y    F     MAJIxp5_ASAP7_75t_R          2  1.6    33    20     520    (-,-) 
  u_rb/g_postproc[12].u_gelu/u_s16/sub_75_43_Y_add_76_43_g786/Y -       A->Y    R     MAJIxp5_ASAP7_75t_R          2  1.4    39    28     548    (-,-) 
  u_rb/g_postproc[12].u_gelu/u_s16/sub_75_43_Y_add_76_43_g783/Y -       A->Y    F     MAJIxp5_ASAP7_75t_R          2  1.6    32    26     575    (-,-) 
  u_rb/g_postproc[12].u_gelu/u_s16/sub_75_43_Y_add_76_43_g781/Y -       A->Y    R     MAJIxp5_ASAP7_75t_R          2  1.6    42    30     605    (-,-) 
  u_rb/g_postproc[12].u_gelu/u_s16/sub_75_43_Y_add_76_43_g778/Y -       A->Y    F     MAJIxp5_ASAP7_75t_R          2  1.6    33    27     632    (-,-) 
  u_rb/g_postproc[12].u_gelu/u_s16/sub_75_43_Y_add_76_43_g776/Y -       A->Y    R     MAJIxp5_ASAP7_75t_R          2  1.6    42    30     662    (-,-) 
  u_rb/g_postproc[12].u_gelu/u_s16/sub_75_43_Y_add_76_43_g773/Y -       A->Y    F     MAJIxp5_ASAP7_75t_R          2  1.6    33    27     689    (-,-) 
  u_rb/g_postproc[12].u_gelu/u_s16/sub_75_43_Y_add_76_43_g771/Y -       A->Y    R     MAJIxp5_ASAP7_75t_R          2  1.6    42    30     719    (-,-) 
  u_rb/g_postproc[12].u_gelu/u_s16/sub_75_43_Y_add_76_43_g768/Y -       A->Y    F     MAJIxp5_ASAP7_75t_R          2  1.6    33    27     746    (-,-) 
  u_rb/g_postproc[12].u_gelu/u_s16/sub_75_43_Y_add_76_43_g766/Y -       A->Y    R     MAJIxp5_ASAP7_75t_R          2  1.4    39    28     774    (-,-) 
  u_rb/g_postproc[12].u_gelu/u_s16/sub_75_43_Y_add_76_43_g763/Y -       A->Y    F     MAJIxp5_ASAP7_75t_R          2  1.6    32    26     801    (-,-) 
  u_rb/g_postproc[12].u_gelu/u_s16/sub_75_43_Y_add_76_43_g761/Y -       A->Y    R     MAJIxp5_ASAP7_75t_R          2  1.6    42    30     830    (-,-) 
  u_rb/g_postproc[12].u_gelu/u_s16/sub_75_43_Y_add_76_43_g758/Y -       A->Y    F     MAJIxp5_ASAP7_75t_R          2  1.6    33    27     858    (-,-) 
  u_rb/g_postproc[12].u_gelu/u_s16/sub_75_43_Y_add_76_43_g756/Y -       A->Y    R     MAJIxp5_ASAP7_75t_R          2  1.5    40    29     887    (-,-) 
  u_rb/g_postproc[12].u_gelu/u_s16/sub_75_43_Y_add_76_43_g753/Y -       A->Y    F     MAJIxp5_ASAP7_75t_R          2  1.6    33    27     914    (-,-) 
  u_rb/g_postproc[12].u_gelu/u_s16/sub_75_43_Y_add_76_43_g751/Y -       A->Y    R     MAJIxp5_ASAP7_75t_R          2  1.6    42    30     944    (-,-) 
  u_rb/g_postproc[12].u_gelu/u_s16/sub_75_43_Y_add_76_43_g748/Y -       A->Y    F     MAJIxp5_ASAP7_75t_R          2  2.1    38    30     974    (-,-) 
  u_rb/g_postproc[12].u_gelu/u_s16/sub_75_43_Y_add_76_43_g746/Y -       A->Y    R     MAJIxp5_ASAP7_75t_R          2  1.6    44    32    1006    (-,-) 
  u_rb/g_postproc[12].u_gelu/u_s16/sub_75_43_Y_add_76_43_g743/Y -       A->Y    F     MAJIxp5_ASAP7_75t_R          2  1.6    34    28    1033    (-,-) 
  u_rb/g_postproc[12].u_gelu/u_s16/sub_75_43_Y_add_76_43_g741/Y -       A->Y    R     MAJIxp5_ASAP7_75t_R          2  1.6    42    30    1064    (-,-) 
  u_rb/g_postproc[12].u_gelu/u_s16/sub_75_43_Y_add_76_43_g738/Y -       A->Y    F     MAJIxp5_ASAP7_75t_R          2  1.5    32    26    1090    (-,-) 
  u_rb/g_postproc[12].u_gelu/u_s16/sub_75_43_Y_add_76_43_g736/Y -       A2->Y   R     OAI21xp5_ASAP7_75t_R         2  1.0    28    23    1113    (-,-) 
  u_rb/g_postproc[12].u_gelu/u_s16/sub_75_43_Y_add_76_43_g733/Y -       B->Y    R     OR2x2_ASAP7_75t_R            2  1.5    12    25    1138    (-,-) 
  u_rb/g_postproc[12].u_gelu/u_s16/sub_75_43_Y_add_76_43_g732/Y -       B->Y    F     NAND2xp5_ASAP7_75t_R         6  2.4    33    21    1159    (-,-) 
  u_rb/g_postproc[12].u_gelu/u_s16/g3593/Y                      -       C->Y    R     O2A1O1Ixp5_ASAP7_75t_R      24 13.5   233   121    1280    (-,-) 
  u_rb/g_postproc[12].u_gelu/u_s16/sll_92_31_g2147/Y            -       A->Y    F     INVx1_ASAP7_75t_R           21 12.5   131   111    1391    (-,-) 
  u_rb/g_postproc[12].u_gelu/u_s16/sll_92_31_g2142/Y            -       A2->Y   R     AOI22xp5_ASAP7_75t_R         2  0.8    51    35    1426    (-,-) 
  u_rb/g_postproc[12].u_gelu/u_s16/sll_92_31_g2117/Y            -       B->Y    F     NOR2xp33_ASAP7_75t_R         2  1.1    79    31    1456    (-,-) 
  u_rb/g_postproc[12].u_gelu/u_s16/sll_92_31_g2080/Y            -       B2->Y   R     AOI22xp5_ASAP7_75t_R         2  0.8    37    32    1488    (-,-) 
  u_rb/g_postproc[12].u_gelu/u_s16/sll_92_31_g2055/Y            -       B->Y    F     NOR2xp33_ASAP7_75t_R         2  0.9    29    25    1513    (-,-) 
  u_rb/g_postproc[12].u_gelu/u_s16/sll_92_31_g2054/Y            -       A->Y    R     INVxp67_ASAP7_75t_R          1  0.3    13    12    1525    (-,-) 
  u_rb/g_postproc[12].u_gelu/u_s16/sll_92_31_g2037/Y            -       B->Y    F     NOR2xp33_ASAP7_75t_R         1  0.5    20    13    1538    (-,-) 
  u_rb/g_postproc[12].u_gelu/u_s16/g5049/Y                      -       A->Y    R     NAND2xp5_ASAP7_75t_R         1  0.5    41    14    1552    (-,-) 
  u_rb/g_postproc[12].u_gelu/u_s16/g5015/Y                      -       B->Y    F     OAI211xp5_ASAP7_75t_R        1  0.5    30    20    1572    (-,-) 
  u_rb/g_postproc[12].u_gelu/g2579/Y                            -       B->Y    R     NAND2xp5_ASAP7_75t_R         1  0.6    21    16    1588    (-,-) 
  u_rb/g_postproc[12].u_gelu/r16_err1_reg[5]/D                  -       -       R     DFFHQNx1_ASAP7_75t_R         1    -     -     0    1588    (-,-) 
#------------------------------------------------------------------------------------------------------------------------------------------------------



Path 6: MET (0 ps) Setup Check with Pin u_rb/g_postproc[12].u_gelu/r13_err0_reg[5]/CLK->D
          Group: clk
     Startpoint: (R) u_rb/g_postproc[12].u_gelu/r12_xy0_reg[23]/CLK
          Clock: (R) clk
       Endpoint: (R) u_rb/g_postproc[12].u_gelu/r13_err0_reg[5]/D
          Clock: (R) clk

                     Capture       Launch     
        Clock Edge:+    1650            0     
       Src Latency:+       0            0     
       Net Latency:+       0 (I)        0 (I) 
           Arrival:=    1650            0     
                                              
             Setup:-      12                  
       Uncertainty:-      50                  
     Required Time:=    1588                  
      Launch Clock:-       0                  
         Data Path:-    1588                  
             Slack:=       0                  

#------------------------------------------------------------------------------------------------------------------------------------------------------
#                         Timing Point                          Flags    Arc    Edge          Cell            Fanout Load Trans Delay Arrival Instance 
#                                                                                                                    (fF)  (ps)  (ps)   (ps)  Location 
#------------------------------------------------------------------------------------------------------------------------------------------------------
  u_rb/g_postproc[12].u_gelu/r12_xy0_reg[23]/CLK                -       -       R     (arrival)               686256    -    10     0       0    (-,-) 
  u_rb/g_postproc[12].u_gelu/r12_xy0_reg[23]/QN                 -       CLK->QN F     DFFHQNx1_ASAP7_75t_R        28 13.8   104   101     101    (-,-) 
  u_rb/g_postproc[12].u_gelu/u_s13/g3346/Y                      -       A->Y    R     NAND2xp5_ASAP7_75t_R         2  1.5    47    42     143    (-,-) 
  u_rb/g_postproc[12].u_gelu/u_s13/g3334/Y                      -       A->Y    F     INVx1_ASAP7_75t_R            1  0.5    14    12     155    (-,-) 
  u_rb/g_postproc[12].u_gelu/u_s13/g3321/Y                      -       B->Y    R     AOI21xp5_ASAP7_75t_R         2  1.5    36    22     177    (-,-) 
  u_rb/g_postproc[12].u_gelu/u_s13/g3320/Y                      -       A->Y    F     INVx1_ASAP7_75t_R            1  0.5    12    11     189    (-,-) 
  u_rb/g_postproc[12].u_gelu/u_s13/g3318/Y                      -       B->Y    R     AOI21xp5_ASAP7_75t_R         2  1.5    36    21     210    (-,-) 
  u_rb/g_postproc[12].u_gelu/u_s13/g3316/Y                      -       B->Y    F     OAI21xp5_ASAP7_75t_R         2  1.4    26    21     231    (-,-) 
  u_rb/g_postproc[12].u_gelu/u_s13/g3547/Y                      -       B->Y    R     AOI21xp5_ASAP7_75t_R         2  1.0    28    22     253    (-,-) 
  u_rb/g_postproc[12].u_gelu/u_s13/g3545/Y                      -       A1->Y   F     OAI221xp5_ASAP7_75t_R        1  0.5    25    17     270    (-,-) 
  u_rb/g_postproc[12].u_gelu/u_s13/g3544/Y                      -       B->Y    R     AOI21xp5_ASAP7_75t_R        24 12.8   221   113     383    (-,-) 
  u_rb/g_postproc[12].u_gelu/u_s13/g3542/Y                      -       A->Y    R     AND2x2_ASAP7_75t_R           1  1.0    15    42     425    (-,-) 
  u_rb/g_postproc[12].u_gelu/u_s13/sub_75_43_Y_add_76_43_g818/Y -       B->Y    R     XOR2xp5_ASAP7_75t_R          2  1.5    48    30     456    (-,-) 
  u_rb/g_postproc[12].u_gelu/u_s13/sub_75_43_Y_add_76_43_g814/Y -       A->Y    F     MAJIxp5_ASAP7_75t_R          2  1.6    48    28     484    (-,-) 
  u_rb/g_postproc[12].u_gelu/u_s13/sub_75_43_Y_add_76_43_g802/Y -       A->Y    R     INVx1_ASAP7_75t_R            1  0.6    18    16     500    (-,-) 
  u_rb/g_postproc[12].u_gelu/u_s13/sub_75_43_Y_add_76_43_g789/Y -       A->Y    F     MAJIxp5_ASAP7_75t_R          2  1.6    33    20     520    (-,-) 
  u_rb/g_postproc[12].u_gelu/u_s13/sub_75_43_Y_add_76_43_g786/Y -       A->Y    R     MAJIxp5_ASAP7_75t_R          2  1.4    39    28     548    (-,-) 
  u_rb/g_postproc[12].u_gelu/u_s13/sub_75_43_Y_add_76_43_g783/Y -       A->Y    F     MAJIxp5_ASAP7_75t_R          2  1.6    32    26     575    (-,-) 
  u_rb/g_postproc[12].u_gelu/u_s13/sub_75_43_Y_add_76_43_g781/Y -       A->Y    R     MAJIxp5_ASAP7_75t_R          2  1.6    42    30     605    (-,-) 
  u_rb/g_postproc[12].u_gelu/u_s13/sub_75_43_Y_add_76_43_g778/Y -       A->Y    F     MAJIxp5_ASAP7_75t_R          2  1.6    33    27     632    (-,-) 
  u_rb/g_postproc[12].u_gelu/u_s13/sub_75_43_Y_add_76_43_g776/Y -       A->Y    R     MAJIxp5_ASAP7_75t_R          2  1.6    42    30     662    (-,-) 
  u_rb/g_postproc[12].u_gelu/u_s13/sub_75_43_Y_add_76_43_g773/Y -       A->Y    F     MAJIxp5_ASAP7_75t_R          2  1.6    33    27     689    (-,-) 
  u_rb/g_postproc[12].u_gelu/u_s13/sub_75_43_Y_add_76_43_g771/Y -       A->Y    R     MAJIxp5_ASAP7_75t_R          2  1.6    42    30     719    (-,-) 
  u_rb/g_postproc[12].u_gelu/u_s13/sub_75_43_Y_add_76_43_g768/Y -       A->Y    F     MAJIxp5_ASAP7_75t_R          2  1.6    33    27     746    (-,-) 
  u_rb/g_postproc[12].u_gelu/u_s13/sub_75_43_Y_add_76_43_g766/Y -       A->Y    R     MAJIxp5_ASAP7_75t_R          2  1.4    39    28     774    (-,-) 
  u_rb/g_postproc[12].u_gelu/u_s13/sub_75_43_Y_add_76_43_g763/Y -       A->Y    F     MAJIxp5_ASAP7_75t_R          2  1.6    32    26     801    (-,-) 
  u_rb/g_postproc[12].u_gelu/u_s13/sub_75_43_Y_add_76_43_g761/Y -       A->Y    R     MAJIxp5_ASAP7_75t_R          2  1.6    42    30     830    (-,-) 
  u_rb/g_postproc[12].u_gelu/u_s13/sub_75_43_Y_add_76_43_g758/Y -       A->Y    F     MAJIxp5_ASAP7_75t_R          2  1.6    33    27     858    (-,-) 
  u_rb/g_postproc[12].u_gelu/u_s13/sub_75_43_Y_add_76_43_g756/Y -       A->Y    R     MAJIxp5_ASAP7_75t_R          2  1.5    40    29     887    (-,-) 
  u_rb/g_postproc[12].u_gelu/u_s13/sub_75_43_Y_add_76_43_g753/Y -       A->Y    F     MAJIxp5_ASAP7_75t_R          2  1.6    33    27     914    (-,-) 
  u_rb/g_postproc[12].u_gelu/u_s13/sub_75_43_Y_add_76_43_g751/Y -       A->Y    R     MAJIxp5_ASAP7_75t_R          2  1.6    42    30     944    (-,-) 
  u_rb/g_postproc[12].u_gelu/u_s13/sub_75_43_Y_add_76_43_g748/Y -       A->Y    F     MAJIxp5_ASAP7_75t_R          2  2.1    38    30     974    (-,-) 
  u_rb/g_postproc[12].u_gelu/u_s13/sub_75_43_Y_add_76_43_g746/Y -       A->Y    R     MAJIxp5_ASAP7_75t_R          2  1.6    44    32    1006    (-,-) 
  u_rb/g_postproc[12].u_gelu/u_s13/sub_75_43_Y_add_76_43_g743/Y -       A->Y    F     MAJIxp5_ASAP7_75t_R          2  1.6    34    28    1033    (-,-) 
  u_rb/g_postproc[12].u_gelu/u_s13/sub_75_43_Y_add_76_43_g741/Y -       A->Y    R     MAJIxp5_ASAP7_75t_R          2  1.6    42    30    1064    (-,-) 
  u_rb/g_postproc[12].u_gelu/u_s13/sub_75_43_Y_add_76_43_g738/Y -       A->Y    F     MAJIxp5_ASAP7_75t_R          2  1.5    32    26    1090    (-,-) 
  u_rb/g_postproc[12].u_gelu/u_s13/sub_75_43_Y_add_76_43_g736/Y -       A2->Y   R     OAI21xp5_ASAP7_75t_R         2  1.0    28    23    1113    (-,-) 
  u_rb/g_postproc[12].u_gelu/u_s13/sub_75_43_Y_add_76_43_g733/Y -       B->Y    R     OR2x2_ASAP7_75t_R            2  1.5    12    25    1138    (-,-) 
  u_rb/g_postproc[12].u_gelu/u_s13/sub_75_43_Y_add_76_43_g732/Y -       B->Y    F     NAND2xp5_ASAP7_75t_R         6  2.4    33    21    1159    (-,-) 
  u_rb/g_postproc[12].u_gelu/u_s13/g3593/Y                      -       C->Y    R     O2A1O1Ixp5_ASAP7_75t_R      24 13.5   233   121    1280    (-,-) 
  u_rb/g_postproc[12].u_gelu/u_s13/sll_92_31_g2147/Y            -       A->Y    F     INVx1_ASAP7_75t_R           21 12.5   131   111    1391    (-,-) 
  u_rb/g_postproc[12].u_gelu/u_s13/sll_92_31_g2142/Y            -       A2->Y   R     AOI22xp5_ASAP7_75t_R         2  0.8    51    35    1426    (-,-) 
  u_rb/g_postproc[12].u_gelu/u_s13/sll_92_31_g2117/Y            -       B->Y    F     NOR2xp33_ASAP7_75t_R         2  1.1    79    31    1456    (-,-) 
  u_rb/g_postproc[12].u_gelu/u_s13/sll_92_31_g2080/Y            -       B2->Y   R     AOI22xp5_ASAP7_75t_R         2  0.8    37    32    1488    (-,-) 
  u_rb/g_postproc[12].u_gelu/u_s13/sll_92_31_g2055/Y            -       B->Y    F     NOR2xp33_ASAP7_75t_R         2  0.9    29    25    1513    (-,-) 
  u_rb/g_postproc[12].u_gelu/u_s13/sll_92_31_g2054/Y            -       A->Y    R     INVxp67_ASAP7_75t_R          1  0.3    13    12    1525    (-,-) 
  u_rb/g_postproc[12].u_gelu/u_s13/sll_92_31_g2037/Y            -       B->Y    F     NOR2xp33_ASAP7_75t_R         1  0.5    20    13    1538    (-,-) 
  u_rb/g_postproc[12].u_gelu/u_s13/g5049/Y                      -       A->Y    R     NAND2xp5_ASAP7_75t_R         1  0.5    41    14    1552    (-,-) 
  u_rb/g_postproc[12].u_gelu/u_s13/g5015/Y                      -       B->Y    F     OAI211xp5_ASAP7_75t_R        1  0.5    30    20    1572    (-,-) 
  u_rb/g_postproc[12].u_gelu/g2447/Y                            -       B->Y    R     NAND2xp5_ASAP7_75t_R         1  0.6    21    16    1588    (-,-) 
  u_rb/g_postproc[12].u_gelu/r13_err0_reg[5]/D                  -       -       R     DFFHQNx1_ASAP7_75t_R         1    -     -     0    1588    (-,-) 
#------------------------------------------------------------------------------------------------------------------------------------------------------



Path 7: MET (0 ps) Setup Check with Pin u_rb/g_postproc[12].u_gelu/r9_tnum_reg[20]/CLK->D
          Group: clk
     Startpoint: (R) u_rb/g_postproc[12].u_gelu/r8_a171_reg[28]/CLK
          Clock: (R) clk
       Endpoint: (F) u_rb/g_postproc[12].u_gelu/r9_tnum_reg[20]/D
          Clock: (R) clk

                     Capture       Launch     
        Clock Edge:+    1650            0     
       Src Latency:+       0            0     
       Net Latency:+       0 (I)        0 (I) 
           Arrival:=    1650            0     
                                              
             Setup:-       5                  
       Uncertainty:-      50                  
     Required Time:=    1595                  
      Launch Clock:-       0                  
         Data Path:-    1595                  
             Slack:=       0                  

#---------------------------------------------------------------------------------------------------------------------------------------------------------
#                          Timing Point                           Flags    Arc    Edge          Cell             Fanout Load Trans Delay Arrival Instance 
#                                                                                                                       (fF)  (ps)  (ps)   (ps)  Location 
#---------------------------------------------------------------------------------------------------------------------------------------------------------
  u_rb/g_postproc[12].u_gelu/r8_a171_reg[28]/CLK                  -       -       R     (arrival)                686256    -    10     0       0    (-,-) 
  u_rb/g_postproc[12].u_gelu/r8_a171_reg[28]/QN                   -       CLK->QN R     DFFHQNx1_ASAP7_75t_R          6  2.8    36    61      61    (-,-) 
  u_rb/g_postproc[12].u_gelu/u_s9_tn/g3722/Y                      -       A->Y    F     NOR2xp33_ASAP7_75t_R          1  0.5    22    21      82    (-,-) 
  u_rb/g_postproc[12].u_gelu/u_s9_tn/g3720/Y                      -       B->Y    R     NAND2xp5_ASAP7_75t_R          2  0.9    18    16      98    (-,-) 
  u_rb/g_postproc[12].u_gelu/u_s9_tn/g3714/Y                      -       B->Y    F     NOR2xp33_ASAP7_75t_R          2  0.9    24    19     117    (-,-) 
  u_rb/g_postproc[12].u_gelu/u_s9_tn/g3710/Y                      -       B->Y    R     NAND2xp5_ASAP7_75t_R          2  1.0    20    18     135    (-,-) 
  u_rb/g_postproc[12].u_gelu/u_s9_tn/g3707/Y                      -       A2->Y   F     OAI211xp5_ASAP7_75t_R         1  1.0    30    20     154    (-,-) 
  u_rb/g_postproc[12].u_gelu/u_s9_tn/g3705/Y                      -       B->Y    F     OR2x6_ASAP7_75t_R            28 14.6    25    42     196    (-,-) 
  u_rb/g_postproc[12].u_gelu/u_s9_tn/g3662/Y                      -       A->Y    R     INVx3_ASAP7_75t_R            28 14.0    45    30     226    (-,-) 
  u_rb/g_postproc[12].u_gelu/u_s9_tn/g3700/Y                      -       B->Y    F     NAND2xp5_ASAP7_75t_R          4  3.0    46    35     261    (-,-) 
  u_rb/g_postproc[12].u_gelu/u_s9_tn/g3672/Y                      -       B->Y    R     OAI21xp5_ASAP7_75t_R          2  1.4    44    24     285    (-,-) 
  u_rb/g_postproc[12].u_gelu/u_s9_tn/g3670/Y                      -       B->Y    F     XNOR2x2_ASAP7_75t_R          21 10.6    42    61     346    (-,-) 
  u_rb/g_postproc[12].u_gelu/u_s9_tn/srl_68_50_g2232/Y            -       A->Y    R     INVx1_ASAP7_75t_R            24 11.5   104    63     409    (-,-) 
  u_rb/g_postproc[12].u_gelu/u_s9_tn/srl_68_50_g2153/Y            -       A1->Y   F     AOI22xp5_ASAP7_75t_R          2  0.8    32    26     435    (-,-) 
  u_rb/g_postproc[12].u_gelu/u_s9_tn/srl_68_50_g2141/Y            -       B->Y    R     NOR2xp33_ASAP7_75t_R          2  1.0    36    26     461    (-,-) 
  u_rb/g_postproc[12].u_gelu/u_s9_tn/srl_68_50_g2112/Y            -       B2->Y   R     AO22x1_ASAP7_75t_R            1  0.5    12    28     489    (-,-) 
  u_rb/g_postproc[12].u_gelu/u_s9_tn/g3630/Y                      -       A->Y    R     AND2x2_ASAP7_75t_R            1  0.9    11    20     509    (-,-) 
  u_rb/g_postproc[12].u_gelu/u_s9_tn/sub_75_43_Y_add_76_43_g836/Y -       B->Y    R     XNOR2xp5_ASAP7_75t_R          2  1.6    44    22     531    (-,-) 
  u_rb/g_postproc[12].u_gelu/u_s9_tn/sub_75_43_Y_add_76_43_g818/Y -       A->Y    F     MAJIxp5_ASAP7_75t_R           2  1.6    34    28     559    (-,-) 
  u_rb/g_postproc[12].u_gelu/u_s9_tn/sub_75_43_Y_add_76_43_g794/Y -       A->Y    R     MAJIxp5_ASAP7_75t_R           2  1.0    32    25     584    (-,-) 
  u_rb/g_postproc[12].u_gelu/u_s9_tn/sub_75_43_Y_add_76_43_g790/Y -       A->Y    F     MAJIxp5_ASAP7_75t_R           2  1.5    31    24     608    (-,-) 
  u_rb/g_postproc[12].u_gelu/u_s9_tn/sub_75_43_Y_add_76_43_g788/Y -       A->Y    R     MAJIxp5_ASAP7_75t_R           2  1.0    31    24     632    (-,-) 
  u_rb/g_postproc[12].u_gelu/u_s9_tn/sub_75_43_Y_add_76_43_g785/Y -       A->Y    F     MAJIxp5_ASAP7_75t_R           2  1.6    32    24     656    (-,-) 
  u_rb/g_postproc[12].u_gelu/u_s9_tn/sub_75_43_Y_add_76_43_g783/Y -       A->Y    R     MAJIxp5_ASAP7_75t_R           2  1.4    38    28     684    (-,-) 
  u_rb/g_postproc[12].u_gelu/u_s9_tn/sub_75_43_Y_add_76_43_g780/Y -       A->Y    F     MAJIxp5_ASAP7_75t_R           2  1.6    32    26     710    (-,-) 
  u_rb/g_postproc[12].u_gelu/u_s9_tn/sub_75_43_Y_add_76_43_g778/Y -       A->Y    R     MAJIxp5_ASAP7_75t_R           2  1.4    38    28     738    (-,-) 
  u_rb/g_postproc[12].u_gelu/u_s9_tn/sub_75_43_Y_add_76_43_g775/Y -       A->Y    F     MAJIxp5_ASAP7_75t_R           2  1.5    31    26     764    (-,-) 
  u_rb/g_postproc[12].u_gelu/u_s9_tn/sub_75_43_Y_add_76_43_g772/Y -       A2->Y   R     OAI21xp5_ASAP7_75t_R          2  1.4    34    26     790    (-,-) 
  u_rb/g_postproc[12].u_gelu/u_s9_tn/sub_75_43_Y_add_76_43_g769/Y -       A->Y    F     MAJIxp5_ASAP7_75t_R           2  1.5    30    24     814    (-,-) 
  u_rb/g_postproc[12].u_gelu/u_s9_tn/sub_75_43_Y_add_76_43_g766/Y -       A2->Y   R     OAI21xp5_ASAP7_75t_R          2  1.6    37    27     842    (-,-) 
  u_rb/g_postproc[12].u_gelu/u_s9_tn/sub_75_43_Y_add_76_43_g763/Y -       A->Y    F     MAJIxp5_ASAP7_75t_R           2  1.6    32    26     868    (-,-) 
  u_rb/g_postproc[12].u_gelu/u_s9_tn/sub_75_43_Y_add_76_43_g760/Y -       A2->Y   R     OAI21xp5_ASAP7_75t_R          2  1.4    34    26     894    (-,-) 
  u_rb/g_postproc[12].u_gelu/u_s9_tn/sub_75_43_Y_add_76_43_g757/Y -       A->Y    F     MAJIxp5_ASAP7_75t_R           2  1.6    32    25     919    (-,-) 
  u_rb/g_postproc[12].u_gelu/u_s9_tn/sub_75_43_Y_add_76_43_g754/Y -       A2->Y   R     OAI21xp5_ASAP7_75t_R          2  1.6    37    28     947    (-,-) 
  u_rb/g_postproc[12].u_gelu/u_s9_tn/sub_75_43_Y_add_76_43_g751/Y -       A->Y    F     MAJIxp5_ASAP7_75t_R           2  1.6    32    26     972    (-,-) 
  u_rb/g_postproc[12].u_gelu/u_s9_tn/sub_75_43_Y_add_76_43_g748/Y -       A2->Y   R     OAI21xp5_ASAP7_75t_R          2  1.6    37    28    1000    (-,-) 
  u_rb/g_postproc[12].u_gelu/u_s9_tn/sub_75_43_Y_add_76_43_g745/Y -       A->Y    F     MAJIxp5_ASAP7_75t_R           2  1.6    32    26    1026    (-,-) 
  u_rb/g_postproc[12].u_gelu/u_s9_tn/sub_75_43_Y_add_76_43_g742/Y -       A2->Y   R     OAI21xp5_ASAP7_75t_R          2  1.6    37    28    1054    (-,-) 
  u_rb/g_postproc[12].u_gelu/u_s9_tn/sub_75_43_Y_add_76_43_g739/Y -       A->Y    F     MAJIxp5_ASAP7_75t_R           2  1.6    32    26    1080    (-,-) 
  u_rb/g_postproc[12].u_gelu/u_s9_tn/sub_75_43_Y_add_76_43_g737/Y -       A2->Y   F     OA21x2_ASAP7_75t_R            2  1.6    12    32    1113    (-,-) 
  u_rb/g_postproc[12].u_gelu/u_s9_tn/sub_75_43_Y_add_76_43_g735/Y -       A2->Y   F     OA21x2_ASAP7_75t_R            2  1.5    12    26    1139    (-,-) 
  u_rb/g_postproc[12].u_gelu/u_s9_tn/sub_75_43_Y_add_76_43_g732/Y -       A->Y    F     XNOR2xp5_ASAP7_75t_R          5  2.4    38    33    1172    (-,-) 
  u_rb/g_postproc[12].u_gelu/u_s9_tn/g3733/Y                      -       C->Y    R     O2A1O1Ixp33_ASAP7_75t_R      26 11.6   299   153    1325    (-,-) 
  u_rb/g_postproc[12].u_gelu/u_s9_tn/sll_92_31_g1223/Y            -       A->Y    F     INVx1_ASAP7_75t_R            22  9.7   127   108    1433    (-,-) 
  u_rb/g_postproc[12].u_gelu/u_s9_tn/sll_92_31_g1161/Y            -       B1->Y   R     OAI22xp33_ASAP7_75t_R         2  0.8    54    42    1475    (-,-) 
  u_rb/g_postproc[12].u_gelu/u_s9_tn/g5140/Y                      -       A->Y    F     INVxp33_ASAP7_75t_R           1  0.6    25    23    1498    (-,-) 
  u_rb/g_postproc[12].u_gelu/u_s9_tn/g5162/Y                      -       A2->Y   R     OAI21xp5_ASAP7_75t_R          2  1.0    34    21    1518    (-,-) 
  u_rb/g_postproc[12].u_gelu/u_s9_tn/g5201/Y                      -       A2->Y   F     AOI21xp33_ASAP7_75t_R         1  0.6    27    17    1536    (-,-) 
  u_rb/g_postproc[12].u_gelu/u_s9_tn/g5200/Y                      -       B->Y    R     OAI21xp5_ASAP7_75t_R          1  0.5    26    14    1550    (-,-) 
  u_rb/g_postproc[12].u_gelu/u_s9_tn/g4937/Y                      -       A2->Y   F     AOI21xp5_ASAP7_75t_R          1  0.3    31    11    1561    (-,-) 
  u_rb/g_postproc[12].u_gelu/u_s9_tn/g4914/Y                      -       B->Y    R     NAND2xp33_ASAP7_75t_R         1  0.5    26    20    1581    (-,-) 
  u_rb/g_postproc[12].u_gelu/g2277/Y                              -       B->Y    F     NAND2xp5_ASAP7_75t_R          1  0.6    17    13    1595    (-,-) 
  u_rb/g_postproc[12].u_gelu/r9_tnum_reg[20]/D                    -       -       F     DFFHQNx1_ASAP7_75t_R          1    -     -     0    1595    (-,-) 
#---------------------------------------------------------------------------------------------------------------------------------------------------------



Path 8: MET (0 ps) Setup Check with Pin u_rb/g_postproc[12].u_gelu/r4_inner_reg[21]/CLK->D
          Group: clk
     Startpoint: (R) u_rb/g_postproc[12].u_gelu/r3_x_reg[29]/CLK
          Clock: (R) clk
       Endpoint: (F) u_rb/g_postproc[12].u_gelu/r4_inner_reg[21]/D
          Clock: (R) clk

                     Capture       Launch     
        Clock Edge:+    1650            0     
       Src Latency:+       0            0     
       Net Latency:+       0 (I)        0 (I) 
           Arrival:=    1650            0     
                                              
             Setup:-       5                  
       Uncertainty:-      50                  
     Required Time:=    1595                  
      Launch Clock:-       0                  
         Data Path:-    1595                  
             Slack:=       0                  

#-------------------------------------------------------------------------------------------------------------------------------------------------------
#                         Timing Point                          Flags    Arc    Edge          Cell             Fanout Load Trans Delay Arrival Instance 
#                                                                                                                     (fF)  (ps)  (ps)   (ps)  Location 
#-------------------------------------------------------------------------------------------------------------------------------------------------------
  u_rb/g_postproc[12].u_gelu/r3_x_reg[29]/CLK                   -       -       R     (arrival)                686256    -    10     0       0    (-,-) 
  u_rb/g_postproc[12].u_gelu/r3_x_reg[29]/QN                    -       CLK->QN F     DFFHQNx1_ASAP7_75t_R          8  3.6    40    64      64    (-,-) 
  u_rb/g_postproc[12].u_gelu/u_s4/g7232/Y                       -       A->Y    R     INVxp67_ASAP7_75t_R           1  0.3    15    14      78    (-,-) 
  u_rb/g_postproc[12].u_gelu/u_s4/g7141/Y                       -       B->Y    F     NOR2xp33_ASAP7_75t_R          2  0.9    30    18      95    (-,-) 
  u_rb/g_postproc[12].u_gelu/u_s4/g7512/Y                       -       B->Y    R     AOI21xp33_ASAP7_75t_R         1  0.5    25    21     117    (-,-) 
  u_rb/g_postproc[12].u_gelu/u_s4/g7511/Y                       -       A->Y    F     NAND2xp5_ASAP7_75t_R          2  1.1    21    16     132    (-,-) 
  u_rb/g_postproc[12].u_gelu/u_s4/g7510/Y                       -       B->Y    F     AO21x1_ASAP7_75t_R            1  0.5     9    24     156    (-,-) 
  u_rb/g_postproc[12].u_gelu/u_s4/g7509/Y                       -       A->Y    R     NOR3xp33_ASAP7_75t_R          2  1.0    37    21     178    (-,-) 
  u_rb/g_postproc[12].u_gelu/u_s4/g7072/Y                       -       B->Y    F     NAND3xp33_ASAP7_75t_R         1  1.0    29    23     200    (-,-) 
  u_rb/g_postproc[12].u_gelu/u_s4/g7071/Y                       -       A->Y    F     AND2x4_ASAP7_75t_R           20 12.5    26    37     237    (-,-) 
  u_rb/g_postproc[12].u_gelu/u_s4/g7070/Y                       -       A->Y    R     INVx4_ASAP7_75t_R            20 10.7    29    22     259    (-,-) 
  u_rb/g_postproc[12].u_gelu/u_s4/g7067/Y                       -       B2->Y   F     AOI22xp5_ASAP7_75t_R          5  2.3    39    27     286    (-,-) 
  u_rb/g_postproc[12].u_gelu/u_s4/g7062/Y                       -       A->Y    R     INVx1_ASAP7_75t_R             5  2.1    28    24     310    (-,-) 
  u_rb/g_postproc[12].u_gelu/u_s4/g7018/Y                       -       A->Y    R     AND2x2_ASAP7_75t_R            1  0.5     8    22     332    (-,-) 
  u_rb/g_postproc[12].u_gelu/u_s4/g7010/Y                       -       B->Y    R     OR2x4_ASAP7_75t_R            24 14.4    38    39     371    (-,-) 
  u_rb/g_postproc[12].u_gelu/u_s4/srl_68_50_g2226/Y             -       A->Y    F     INVx2_ASAP7_75t_R            23 13.1    49    37     408    (-,-) 
  u_rb/g_postproc[12].u_gelu/u_s4/srl_68_50_g2206/Y             -       A2->Y   R     AOI22xp5_ASAP7_75t_R          2  1.1    32    28     435    (-,-) 
  u_rb/g_postproc[12].u_gelu/u_s4/srl_68_50_g2179/Y             -       A2->Y   F     OAI22xp5_ASAP7_75t_R          2  1.2    33    22     457    (-,-) 
  u_rb/g_postproc[12].u_gelu/u_s4/srl_68_50_g2157/Y             -       A2->Y   R     AOI22xp5_ASAP7_75t_R          2  0.8    30    22     479    (-,-) 
  u_rb/g_postproc[12].u_gelu/u_s4/srl_68_50_g2132/Y             -       B->Y    F     NOR2xp33_ASAP7_75t_R          2  0.9    33    23     501    (-,-) 
  u_rb/g_postproc[12].u_gelu/u_s4/srl_68_50_g2105/Y             -       B2->Y   F     AO22x1_ASAP7_75t_R            1  0.5    11    31     533    (-,-) 
  u_rb/g_postproc[12].u_gelu/u_s4/g5546/Y                       -       B->Y    F     AND2x2_ASAP7_75t_R            1  1.0    10    20     553    (-,-) 
  u_rb/g_postproc[12].u_gelu/u_s4/sub_75_43_Y_add_76_43_g1182/Y -       B->Y    F     XNOR2xp5_ASAP7_75t_R          2  1.5    54    26     579    (-,-) 
  u_rb/g_postproc[12].u_gelu/u_s4/sub_75_43_Y_add_76_43_g1096/Y -       A->Y    F     MAJx2_ASAP7_75t_R             2  1.5    14    40     619    (-,-) 
  u_rb/g_postproc[12].u_gelu/u_s4/sub_75_43_Y_add_76_43_g1063/Y -       A1->Y   R     AOI21xp5_ASAP7_75t_R          2  1.5    32    21     640    (-,-) 
  u_rb/g_postproc[12].u_gelu/u_s4/sub_75_43_Y_add_76_43_g1059/Y -       A2->Y   R     OA21x2_ASAP7_75t_R            2  1.4    13    28     668    (-,-) 
  u_rb/g_postproc[12].u_gelu/u_s4/sub_75_43_Y_add_76_43_g1055/Y -       A1->Y   F     OAI21xp5_ASAP7_75t_R          3  2.0    35    20     688    (-,-) 
  u_rb/g_postproc[12].u_gelu/u_s4/sub_75_43_Y_add_76_43_g1052/Y -       A2->Y   F     AO21x1_ASAP7_75t_R            2  1.5    15    30     718    (-,-) 
  u_rb/g_postproc[12].u_gelu/u_s4/sub_75_43_Y_add_76_43_g1048/Y -       A1->Y   R     AOI21xp5_ASAP7_75t_R          2  1.6    34    22     741    (-,-) 
  u_rb/g_postproc[12].u_gelu/u_s4/sub_75_43_Y_add_76_43_g1046/Y -       A2->Y   R     OA21x2_ASAP7_75t_R            3  2.0    15    30     771    (-,-) 
  u_rb/g_postproc[12].u_gelu/u_s4/sub_75_43_Y_add_76_43_g1045/Y -       A->Y    F     NOR3xp33_ASAP7_75t_R          2  0.9    23    13     784    (-,-) 
  u_rb/g_postproc[12].u_gelu/u_s4/sub_75_43_Y_add_76_43_g1041/Y -       A2->Y   F     AO21x1_ASAP7_75t_R            2  1.5    15    27     811    (-,-) 
  u_rb/g_postproc[12].u_gelu/u_s4/sub_75_43_Y_add_76_43_g1037/Y -       B->Y    R     NAND2xp5_ASAP7_75t_R          3  1.7    28    19     830    (-,-) 
  u_rb/g_postproc[12].u_gelu/u_s4/sub_75_43_Y_add_76_43_g1036/Y -       A->Y    F     INVx1_ASAP7_75t_R             1  0.5    10    10     840    (-,-) 
  u_rb/g_postproc[12].u_gelu/u_s4/sub_75_43_Y_add_76_43_g1032/Y -       A1->Y   R     AOI21xp5_ASAP7_75t_R          3  2.0    42    24     864    (-,-) 
  u_rb/g_postproc[12].u_gelu/u_s4/sub_75_43_Y_add_76_43_g1025/Y -       A1->Y   F     OAI321xp33_ASAP7_75t_R        3  1.8    49    32     896    (-,-) 
  u_rb/g_postproc[12].u_gelu/u_s4/sub_75_43_Y_add_76_43_g1022/Y -       B->Y    R     NAND2xp33_ASAP7_75t_R         1  0.5    28    25     921    (-,-) 
  u_rb/g_postproc[12].u_gelu/u_s4/sub_75_43_Y_add_76_43_g1018/Y -       A2->Y   F     A2O1A1Ixp33_ASAP7_75t_R       2  1.5    39    26     948    (-,-) 
  u_rb/g_postproc[12].u_gelu/u_s4/sub_75_43_Y_add_76_43_g1016/Y -       A1->Y   R     AOI21xp5_ASAP7_75t_R          2  1.5    35    27     975    (-,-) 
  u_rb/g_postproc[12].u_gelu/u_s4/sub_75_43_Y_add_76_43_g1014/Y -       A2->Y   F     OAI21xp5_ASAP7_75t_R          2  1.5    30    23     998    (-,-) 
  u_rb/g_postproc[12].u_gelu/u_s4/sub_75_43_Y_add_76_43_g1013/Y -       B->Y    F     XNOR2xp5_ASAP7_75t_R          5  2.2    35    36    1034    (-,-) 
  u_rb/g_postproc[12].u_gelu/u_s4/g5393/Y                       -       A->Y    R     INVxp67_ASAP7_75t_R           2  1.1    24    20    1054    (-,-) 
  u_rb/g_postproc[12].u_gelu/u_s4/g5377/Y                       -       A->Y    F     NAND2xp5_ASAP7_75t_R          1  0.3    14    10    1064    (-,-) 
  u_rb/g_postproc[12].u_gelu/u_s4/g5376/Y                       -       A->Y    R     NOR2xp33_ASAP7_75t_R          3  1.5    44    26    1091    (-,-) 
  u_rb/g_postproc[12].u_gelu/u_s4/g5360/Y                       -       B->Y    R     AND2x2_ASAP7_75t_R           22 10.6    51    50    1140    (-,-) 
  u_rb/g_postproc[12].u_gelu/u_s4/g7428/Y                       -       B->Y    F     NOR2xp33_ASAP7_75t_R          2  0.9    31    28    1168    (-,-) 
  u_rb/g_postproc[12].u_gelu/u_s4/g7422/Y                       -       A->Y    R     INVx1_ASAP7_75t_R             2  0.9    17    15    1183    (-,-) 
  u_rb/g_postproc[12].u_gelu/u_s4/g7401/Y                       -       B->Y    F     NAND2xp5_ASAP7_75t_R          1  0.5    13    11    1194    (-,-) 
  u_rb/g_postproc[12].u_gelu/u_s4/g7388/Y                       -       A2->Y   R     A2O1A1Ixp33_ASAP7_75t_R       1  0.5    25    16    1211    (-,-) 
  u_rb/g_postproc[12].u_gelu/u_s4/g7377/Y                       -       A1->Y   F     AOI21xp5_ASAP7_75t_R          1  0.6    17    15    1226    (-,-) 
  u_rb/g_postproc[12].u_gelu/u_s4/g7368/Y                       -       A1->Y   R     OAI21xp5_ASAP7_75t_R          5  2.6    50    30    1256    (-,-) 
  u_rb/g_postproc[12].u_gelu/u_s4/g7364/Y                       -       A->Y    F     INVx1_ASAP7_75t_R             4  2.1    25    23    1279    (-,-) 
  u_rb/g_postproc[12].u_gelu/u_s4/g7360/Y                       -       B2->Y   R     AOI321xp33_ASAP7_75t_R        3  1.3    53    34    1313    (-,-) 
  u_rb/g_postproc[12].u_gelu/u_s4/g7345/Y                       -       B->Y    F     NOR2xp33_ASAP7_75t_R          1  0.5    25    22    1336    (-,-) 
  u_rb/g_postproc[12].u_gelu/u_s4/g7342/Y                       -       B->Y    R     NAND3xp33_ASAP7_75t_R         1  0.5    19    16    1352    (-,-) 
  u_rb/g_postproc[12].u_gelu/u_s4/g7336/Y                       -       A->Y    F     NOR3xp33_ASAP7_75t_R          2  1.0    21    15    1366    (-,-) 
  u_rb/g_postproc[12].u_gelu/u_s4/g7330/Y                       -       B->Y    F     OR2x2_ASAP7_75t_R            10  4.7    22    34    1401    (-,-) 
  u_rb/g_postproc[12].u_gelu/u_s4/g7323/Y                       -       B->Y    R     NOR2xp33_ASAP7_75t_R         23  9.2   235   118    1519    (-,-) 
  u_rb/g_postproc[12].u_gelu/u_s4/g7300/Y                       -       A2->Y   F     AOI22xp33_ASAP7_75t_R         1  0.3    49    37    1556    (-,-) 
  u_rb/g_postproc[12].u_gelu/u_s4/g7198/Y                       -       B->Y    R     NAND2xp33_ASAP7_75t_R         1  0.5    29    25    1581    (-,-) 
  u_rb/g_postproc[12].u_gelu/g3404/Y                            -       B->Y    F     NAND2xp5_ASAP7_75t_R          1  0.6    17    14    1595    (-,-) 
  u_rb/g_postproc[12].u_gelu/r4_inner_reg[21]/D                 -       -       F     DFFHQNx1_ASAP7_75t_R          1    -     -     0    1595    (-,-) 
#-------------------------------------------------------------------------------------------------------------------------------------------------------



Path 9: MET (0 ps) Setup Check with Pin u_rb/g_postproc[12].u_gelu/r4_inner_reg[20]/CLK->D
          Group: clk
     Startpoint: (R) u_rb/g_postproc[12].u_gelu/r3_x_reg[29]/CLK
          Clock: (R) clk
       Endpoint: (F) u_rb/g_postproc[12].u_gelu/r4_inner_reg[20]/D
          Clock: (R) clk

                     Capture       Launch     
        Clock Edge:+    1650            0     
       Src Latency:+       0            0     
       Net Latency:+       0 (I)        0 (I) 
           Arrival:=    1650            0     
                                              
             Setup:-       5                  
       Uncertainty:-      50                  
     Required Time:=    1595                  
      Launch Clock:-       0                  
         Data Path:-    1595                  
             Slack:=       0                  

#-------------------------------------------------------------------------------------------------------------------------------------------------------
#                         Timing Point                          Flags    Arc    Edge          Cell             Fanout Load Trans Delay Arrival Instance 
#                                                                                                                     (fF)  (ps)  (ps)   (ps)  Location 
#-------------------------------------------------------------------------------------------------------------------------------------------------------
  u_rb/g_postproc[12].u_gelu/r3_x_reg[29]/CLK                   -       -       R     (arrival)                686256    -    10     0       0    (-,-) 
  u_rb/g_postproc[12].u_gelu/r3_x_reg[29]/QN                    -       CLK->QN F     DFFHQNx1_ASAP7_75t_R          8  3.6    40    64      64    (-,-) 
  u_rb/g_postproc[12].u_gelu/u_s4/g7232/Y                       -       A->Y    R     INVxp67_ASAP7_75t_R           1  0.3    15    14      78    (-,-) 
  u_rb/g_postproc[12].u_gelu/u_s4/g7141/Y                       -       B->Y    F     NOR2xp33_ASAP7_75t_R          2  0.9    30    18      95    (-,-) 
  u_rb/g_postproc[12].u_gelu/u_s4/g7512/Y                       -       B->Y    R     AOI21xp33_ASAP7_75t_R         1  0.5    25    21     117    (-,-) 
  u_rb/g_postproc[12].u_gelu/u_s4/g7511/Y                       -       A->Y    F     NAND2xp5_ASAP7_75t_R          2  1.1    21    16     132    (-,-) 
  u_rb/g_postproc[12].u_gelu/u_s4/g7510/Y                       -       B->Y    F     AO21x1_ASAP7_75t_R            1  0.5     9    24     156    (-,-) 
  u_rb/g_postproc[12].u_gelu/u_s4/g7509/Y                       -       A->Y    R     NOR3xp33_ASAP7_75t_R          2  1.0    37    21     178    (-,-) 
  u_rb/g_postproc[12].u_gelu/u_s4/g7072/Y                       -       B->Y    F     NAND3xp33_ASAP7_75t_R         1  1.0    29    23     200    (-,-) 
  u_rb/g_postproc[12].u_gelu/u_s4/g7071/Y                       -       A->Y    F     AND2x4_ASAP7_75t_R           20 12.5    26    37     237    (-,-) 
  u_rb/g_postproc[12].u_gelu/u_s4/g7070/Y                       -       A->Y    R     INVx4_ASAP7_75t_R            20 10.7    29    22     259    (-,-) 
  u_rb/g_postproc[12].u_gelu/u_s4/g7067/Y                       -       B2->Y   F     AOI22xp5_ASAP7_75t_R          5  2.3    39    27     286    (-,-) 
  u_rb/g_postproc[12].u_gelu/u_s4/g7062/Y                       -       A->Y    R     INVx1_ASAP7_75t_R             5  2.1    28    24     310    (-,-) 
  u_rb/g_postproc[12].u_gelu/u_s4/g7018/Y                       -       A->Y    R     AND2x2_ASAP7_75t_R            1  0.5     8    22     332    (-,-) 
  u_rb/g_postproc[12].u_gelu/u_s4/g7010/Y                       -       B->Y    R     OR2x4_ASAP7_75t_R            24 14.4    38    39     371    (-,-) 
  u_rb/g_postproc[12].u_gelu/u_s4/srl_68_50_g2226/Y             -       A->Y    F     INVx2_ASAP7_75t_R            23 13.1    49    37     408    (-,-) 
  u_rb/g_postproc[12].u_gelu/u_s4/srl_68_50_g2206/Y             -       A2->Y   R     AOI22xp5_ASAP7_75t_R          2  1.1    32    28     435    (-,-) 
  u_rb/g_postproc[12].u_gelu/u_s4/srl_68_50_g2179/Y             -       A2->Y   F     OAI22xp5_ASAP7_75t_R          2  1.2    33    22     457    (-,-) 
  u_rb/g_postproc[12].u_gelu/u_s4/srl_68_50_g2157/Y             -       A2->Y   R     AOI22xp5_ASAP7_75t_R          2  0.8    30    22     479    (-,-) 
  u_rb/g_postproc[12].u_gelu/u_s4/srl_68_50_g2132/Y             -       B->Y    F     NOR2xp33_ASAP7_75t_R          2  0.9    33    23     501    (-,-) 
  u_rb/g_postproc[12].u_gelu/u_s4/srl_68_50_g2105/Y             -       B2->Y   F     AO22x1_ASAP7_75t_R            1  0.5    11    31     533    (-,-) 
  u_rb/g_postproc[12].u_gelu/u_s4/g5546/Y                       -       B->Y    F     AND2x2_ASAP7_75t_R            1  1.0    10    20     553    (-,-) 
  u_rb/g_postproc[12].u_gelu/u_s4/sub_75_43_Y_add_76_43_g1182/Y -       B->Y    F     XNOR2xp5_ASAP7_75t_R          2  1.5    54    26     579    (-,-) 
  u_rb/g_postproc[12].u_gelu/u_s4/sub_75_43_Y_add_76_43_g1096/Y -       A->Y    F     MAJx2_ASAP7_75t_R             2  1.5    14    40     619    (-,-) 
  u_rb/g_postproc[12].u_gelu/u_s4/sub_75_43_Y_add_76_43_g1063/Y -       A1->Y   R     AOI21xp5_ASAP7_75t_R          2  1.5    32    21     640    (-,-) 
  u_rb/g_postproc[12].u_gelu/u_s4/sub_75_43_Y_add_76_43_g1059/Y -       A2->Y   R     OA21x2_ASAP7_75t_R            2  1.4    13    28     668    (-,-) 
  u_rb/g_postproc[12].u_gelu/u_s4/sub_75_43_Y_add_76_43_g1055/Y -       A1->Y   F     OAI21xp5_ASAP7_75t_R          3  2.0    35    20     688    (-,-) 
  u_rb/g_postproc[12].u_gelu/u_s4/sub_75_43_Y_add_76_43_g1052/Y -       A2->Y   F     AO21x1_ASAP7_75t_R            2  1.5    15    30     718    (-,-) 
  u_rb/g_postproc[12].u_gelu/u_s4/sub_75_43_Y_add_76_43_g1048/Y -       A1->Y   R     AOI21xp5_ASAP7_75t_R          2  1.6    34    22     741    (-,-) 
  u_rb/g_postproc[12].u_gelu/u_s4/sub_75_43_Y_add_76_43_g1046/Y -       A2->Y   R     OA21x2_ASAP7_75t_R            3  2.0    15    30     771    (-,-) 
  u_rb/g_postproc[12].u_gelu/u_s4/sub_75_43_Y_add_76_43_g1045/Y -       A->Y    F     NOR3xp33_ASAP7_75t_R          2  0.9    23    13     784    (-,-) 
  u_rb/g_postproc[12].u_gelu/u_s4/sub_75_43_Y_add_76_43_g1041/Y -       A2->Y   F     AO21x1_ASAP7_75t_R            2  1.5    15    27     811    (-,-) 
  u_rb/g_postproc[12].u_gelu/u_s4/sub_75_43_Y_add_76_43_g1037/Y -       B->Y    R     NAND2xp5_ASAP7_75t_R          3  1.7    28    19     830    (-,-) 
  u_rb/g_postproc[12].u_gelu/u_s4/sub_75_43_Y_add_76_43_g1036/Y -       A->Y    F     INVx1_ASAP7_75t_R             1  0.5    10    10     840    (-,-) 
  u_rb/g_postproc[12].u_gelu/u_s4/sub_75_43_Y_add_76_43_g1032/Y -       A1->Y   R     AOI21xp5_ASAP7_75t_R          3  2.0    42    24     864    (-,-) 
  u_rb/g_postproc[12].u_gelu/u_s4/sub_75_43_Y_add_76_43_g1025/Y -       A1->Y   F     OAI321xp33_ASAP7_75t_R        3  1.8    49    32     896    (-,-) 
  u_rb/g_postproc[12].u_gelu/u_s4/sub_75_43_Y_add_76_43_g1022/Y -       B->Y    R     NAND2xp33_ASAP7_75t_R         1  0.5    28    25     921    (-,-) 
  u_rb/g_postproc[12].u_gelu/u_s4/sub_75_43_Y_add_76_43_g1018/Y -       A2->Y   F     A2O1A1Ixp33_ASAP7_75t_R       2  1.5    39    26     948    (-,-) 
  u_rb/g_postproc[12].u_gelu/u_s4/sub_75_43_Y_add_76_43_g1016/Y -       A1->Y   R     AOI21xp5_ASAP7_75t_R          2  1.5    35    27     975    (-,-) 
  u_rb/g_postproc[12].u_gelu/u_s4/sub_75_43_Y_add_76_43_g1014/Y -       A2->Y   F     OAI21xp5_ASAP7_75t_R          2  1.5    30    23     998    (-,-) 
  u_rb/g_postproc[12].u_gelu/u_s4/sub_75_43_Y_add_76_43_g1013/Y -       B->Y    F     XNOR2xp5_ASAP7_75t_R          5  2.2    35    36    1034    (-,-) 
  u_rb/g_postproc[12].u_gelu/u_s4/g5393/Y                       -       A->Y    R     INVxp67_ASAP7_75t_R           2  1.1    24    20    1054    (-,-) 
  u_rb/g_postproc[12].u_gelu/u_s4/g5377/Y                       -       A->Y    F     NAND2xp5_ASAP7_75t_R          1  0.3    14    10    1064    (-,-) 
  u_rb/g_postproc[12].u_gelu/u_s4/g5376/Y                       -       A->Y    R     NOR2xp33_ASAP7_75t_R          3  1.5    44    26    1091    (-,-) 
  u_rb/g_postproc[12].u_gelu/u_s4/g5360/Y                       -       B->Y    R     AND2x2_ASAP7_75t_R           22 10.6    51    50    1140    (-,-) 
  u_rb/g_postproc[12].u_gelu/u_s4/g7428/Y                       -       B->Y    F     NOR2xp33_ASAP7_75t_R          2  0.9    31    28    1168    (-,-) 
  u_rb/g_postproc[12].u_gelu/u_s4/g7422/Y                       -       A->Y    R     INVx1_ASAP7_75t_R             2  0.9    17    15    1183    (-,-) 
  u_rb/g_postproc[12].u_gelu/u_s4/g7401/Y                       -       B->Y    F     NAND2xp5_ASAP7_75t_R          1  0.5    13    11    1194    (-,-) 
  u_rb/g_postproc[12].u_gelu/u_s4/g7388/Y                       -       A2->Y   R     A2O1A1Ixp33_ASAP7_75t_R       1  0.5    25    16    1211    (-,-) 
  u_rb/g_postproc[12].u_gelu/u_s4/g7377/Y                       -       A1->Y   F     AOI21xp5_ASAP7_75t_R          1  0.6    17    15    1226    (-,-) 
  u_rb/g_postproc[12].u_gelu/u_s4/g7368/Y                       -       A1->Y   R     OAI21xp5_ASAP7_75t_R          5  2.6    50    30    1256    (-,-) 
  u_rb/g_postproc[12].u_gelu/u_s4/g7364/Y                       -       A->Y    F     INVx1_ASAP7_75t_R             4  2.1    25    23    1279    (-,-) 
  u_rb/g_postproc[12].u_gelu/u_s4/g7360/Y                       -       B2->Y   R     AOI321xp33_ASAP7_75t_R        3  1.3    53    34    1313    (-,-) 
  u_rb/g_postproc[12].u_gelu/u_s4/g7345/Y                       -       B->Y    F     NOR2xp33_ASAP7_75t_R          1  0.5    25    22    1336    (-,-) 
  u_rb/g_postproc[12].u_gelu/u_s4/g7342/Y                       -       B->Y    R     NAND3xp33_ASAP7_75t_R         1  0.5    19    16    1352    (-,-) 
  u_rb/g_postproc[12].u_gelu/u_s4/g7336/Y                       -       A->Y    F     NOR3xp33_ASAP7_75t_R          2  1.0    21    15    1366    (-,-) 
  u_rb/g_postproc[12].u_gelu/u_s4/g7330/Y                       -       B->Y    F     OR2x2_ASAP7_75t_R            10  4.7    22    34    1401    (-,-) 
  u_rb/g_postproc[12].u_gelu/u_s4/g7323/Y                       -       B->Y    R     NOR2xp33_ASAP7_75t_R         23  9.2   235   118    1519    (-,-) 
  u_rb/g_postproc[12].u_gelu/u_s4/g7301/Y                       -       A2->Y   F     AOI22xp33_ASAP7_75t_R         1  0.3    49    37    1556    (-,-) 
  u_rb/g_postproc[12].u_gelu/u_s4/g7199/Y                       -       B->Y    R     NAND2xp33_ASAP7_75t_R         1  0.5    29    25    1581    (-,-) 
  u_rb/g_postproc[12].u_gelu/g3403/Y                            -       B->Y    F     NAND2xp5_ASAP7_75t_R          1  0.6    17    14    1595    (-,-) 
  u_rb/g_postproc[12].u_gelu/r4_inner_reg[20]/D                 -       -       F     DFFHQNx1_ASAP7_75t_R          1    -     -     0    1595    (-,-) 
#-------------------------------------------------------------------------------------------------------------------------------------------------------



Path 10: MET (0 ps) Setup Check with Pin u_rb/g_postproc[12].u_gelu/r4_inner_reg[18]/CLK->D
          Group: clk
     Startpoint: (R) u_rb/g_postproc[12].u_gelu/r3_x_reg[29]/CLK
          Clock: (R) clk
       Endpoint: (F) u_rb/g_postproc[12].u_gelu/r4_inner_reg[18]/D
          Clock: (R) clk

                     Capture       Launch     
        Clock Edge:+    1650            0     
       Src Latency:+       0            0     
       Net Latency:+       0 (I)        0 (I) 
           Arrival:=    1650            0     
                                              
             Setup:-       5                  
       Uncertainty:-      50                  
     Required Time:=    1595                  
      Launch Clock:-       0                  
         Data Path:-    1595                  
             Slack:=       0                  

#-------------------------------------------------------------------------------------------------------------------------------------------------------
#                         Timing Point                          Flags    Arc    Edge          Cell             Fanout Load Trans Delay Arrival Instance 
#                                                                                                                     (fF)  (ps)  (ps)   (ps)  Location 
#-------------------------------------------------------------------------------------------------------------------------------------------------------
  u_rb/g_postproc[12].u_gelu/r3_x_reg[29]/CLK                   -       -       R     (arrival)                686256    -    10     0       0    (-,-) 
  u_rb/g_postproc[12].u_gelu/r3_x_reg[29]/QN                    -       CLK->QN F     DFFHQNx1_ASAP7_75t_R          8  3.6    40    64      64    (-,-) 
  u_rb/g_postproc[12].u_gelu/u_s4/g7232/Y                       -       A->Y    R     INVxp67_ASAP7_75t_R           1  0.3    15    14      78    (-,-) 
  u_rb/g_postproc[12].u_gelu/u_s4/g7141/Y                       -       B->Y    F     NOR2xp33_ASAP7_75t_R          2  0.9    30    18      95    (-,-) 
  u_rb/g_postproc[12].u_gelu/u_s4/g7512/Y                       -       B->Y    R     AOI21xp33_ASAP7_75t_R         1  0.5    25    21     117    (-,-) 
  u_rb/g_postproc[12].u_gelu/u_s4/g7511/Y                       -       A->Y    F     NAND2xp5_ASAP7_75t_R          2  1.1    21    16     132    (-,-) 
  u_rb/g_postproc[12].u_gelu/u_s4/g7510/Y                       -       B->Y    F     AO21x1_ASAP7_75t_R            1  0.5     9    24     156    (-,-) 
  u_rb/g_postproc[12].u_gelu/u_s4/g7509/Y                       -       A->Y    R     NOR3xp33_ASAP7_75t_R          2  1.0    37    21     178    (-,-) 
  u_rb/g_postproc[12].u_gelu/u_s4/g7072/Y                       -       B->Y    F     NAND3xp33_ASAP7_75t_R         1  1.0    29    23     200    (-,-) 
  u_rb/g_postproc[12].u_gelu/u_s4/g7071/Y                       -       A->Y    F     AND2x4_ASAP7_75t_R           20 12.5    26    37     237    (-,-) 
  u_rb/g_postproc[12].u_gelu/u_s4/g7070/Y                       -       A->Y    R     INVx4_ASAP7_75t_R            20 10.7    29    22     259    (-,-) 
  u_rb/g_postproc[12].u_gelu/u_s4/g7067/Y                       -       B2->Y   F     AOI22xp5_ASAP7_75t_R          5  2.3    39    27     286    (-,-) 
  u_rb/g_postproc[12].u_gelu/u_s4/g7062/Y                       -       A->Y    R     INVx1_ASAP7_75t_R             5  2.1    28    24     310    (-,-) 
  u_rb/g_postproc[12].u_gelu/u_s4/g7018/Y                       -       A->Y    R     AND2x2_ASAP7_75t_R            1  0.5     8    22     332    (-,-) 
  u_rb/g_postproc[12].u_gelu/u_s4/g7010/Y                       -       B->Y    R     OR2x4_ASAP7_75t_R            24 14.4    38    39     371    (-,-) 
  u_rb/g_postproc[12].u_gelu/u_s4/srl_68_50_g2226/Y             -       A->Y    F     INVx2_ASAP7_75t_R            23 13.1    49    37     408    (-,-) 
  u_rb/g_postproc[12].u_gelu/u_s4/srl_68_50_g2206/Y             -       A2->Y   R     AOI22xp5_ASAP7_75t_R          2  1.1    32    28     435    (-,-) 
  u_rb/g_postproc[12].u_gelu/u_s4/srl_68_50_g2179/Y             -       A2->Y   F     OAI22xp5_ASAP7_75t_R          2  1.2    33    22     457    (-,-) 
  u_rb/g_postproc[12].u_gelu/u_s4/srl_68_50_g2157/Y             -       A2->Y   R     AOI22xp5_ASAP7_75t_R          2  0.8    30    22     479    (-,-) 
  u_rb/g_postproc[12].u_gelu/u_s4/srl_68_50_g2132/Y             -       B->Y    F     NOR2xp33_ASAP7_75t_R          2  0.9    33    23     501    (-,-) 
  u_rb/g_postproc[12].u_gelu/u_s4/srl_68_50_g2105/Y             -       B2->Y   F     AO22x1_ASAP7_75t_R            1  0.5    11    31     533    (-,-) 
  u_rb/g_postproc[12].u_gelu/u_s4/g5546/Y                       -       B->Y    F     AND2x2_ASAP7_75t_R            1  1.0    10    20     553    (-,-) 
  u_rb/g_postproc[12].u_gelu/u_s4/sub_75_43_Y_add_76_43_g1182/Y -       B->Y    F     XNOR2xp5_ASAP7_75t_R          2  1.5    54    26     579    (-,-) 
  u_rb/g_postproc[12].u_gelu/u_s4/sub_75_43_Y_add_76_43_g1096/Y -       A->Y    F     MAJx2_ASAP7_75t_R             2  1.5    14    40     619    (-,-) 
  u_rb/g_postproc[12].u_gelu/u_s4/sub_75_43_Y_add_76_43_g1063/Y -       A1->Y   R     AOI21xp5_ASAP7_75t_R          2  1.5    32    21     640    (-,-) 
  u_rb/g_postproc[12].u_gelu/u_s4/sub_75_43_Y_add_76_43_g1059/Y -       A2->Y   R     OA21x2_ASAP7_75t_R            2  1.4    13    28     668    (-,-) 
  u_rb/g_postproc[12].u_gelu/u_s4/sub_75_43_Y_add_76_43_g1055/Y -       A1->Y   F     OAI21xp5_ASAP7_75t_R          3  2.0    35    20     688    (-,-) 
  u_rb/g_postproc[12].u_gelu/u_s4/sub_75_43_Y_add_76_43_g1052/Y -       A2->Y   F     AO21x1_ASAP7_75t_R            2  1.5    15    30     718    (-,-) 
  u_rb/g_postproc[12].u_gelu/u_s4/sub_75_43_Y_add_76_43_g1048/Y -       A1->Y   R     AOI21xp5_ASAP7_75t_R          2  1.6    34    22     741    (-,-) 
  u_rb/g_postproc[12].u_gelu/u_s4/sub_75_43_Y_add_76_43_g1046/Y -       A2->Y   R     OA21x2_ASAP7_75t_R            3  2.0    15    30     771    (-,-) 
  u_rb/g_postproc[12].u_gelu/u_s4/sub_75_43_Y_add_76_43_g1045/Y -       A->Y    F     NOR3xp33_ASAP7_75t_R          2  0.9    23    13     784    (-,-) 
  u_rb/g_postproc[12].u_gelu/u_s4/sub_75_43_Y_add_76_43_g1041/Y -       A2->Y   F     AO21x1_ASAP7_75t_R            2  1.5    15    27     811    (-,-) 
  u_rb/g_postproc[12].u_gelu/u_s4/sub_75_43_Y_add_76_43_g1037/Y -       B->Y    R     NAND2xp5_ASAP7_75t_R          3  1.7    28    19     830    (-,-) 
  u_rb/g_postproc[12].u_gelu/u_s4/sub_75_43_Y_add_76_43_g1036/Y -       A->Y    F     INVx1_ASAP7_75t_R             1  0.5    10    10     840    (-,-) 
  u_rb/g_postproc[12].u_gelu/u_s4/sub_75_43_Y_add_76_43_g1032/Y -       A1->Y   R     AOI21xp5_ASAP7_75t_R          3  2.0    42    24     864    (-,-) 
  u_rb/g_postproc[12].u_gelu/u_s4/sub_75_43_Y_add_76_43_g1025/Y -       A1->Y   F     OAI321xp33_ASAP7_75t_R        3  1.8    49    32     896    (-,-) 
  u_rb/g_postproc[12].u_gelu/u_s4/sub_75_43_Y_add_76_43_g1022/Y -       B->Y    R     NAND2xp33_ASAP7_75t_R         1  0.5    28    25     921    (-,-) 
  u_rb/g_postproc[12].u_gelu/u_s4/sub_75_43_Y_add_76_43_g1018/Y -       A2->Y   F     A2O1A1Ixp33_ASAP7_75t_R       2  1.5    39    26     948    (-,-) 
  u_rb/g_postproc[12].u_gelu/u_s4/sub_75_43_Y_add_76_43_g1016/Y -       A1->Y   R     AOI21xp5_ASAP7_75t_R          2  1.5    35    27     975    (-,-) 
  u_rb/g_postproc[12].u_gelu/u_s4/sub_75_43_Y_add_76_43_g1014/Y -       A2->Y   F     OAI21xp5_ASAP7_75t_R          2  1.5    30    23     998    (-,-) 
  u_rb/g_postproc[12].u_gelu/u_s4/sub_75_43_Y_add_76_43_g1013/Y -       B->Y    F     XNOR2xp5_ASAP7_75t_R          5  2.2    35    36    1034    (-,-) 
  u_rb/g_postproc[12].u_gelu/u_s4/g5393/Y                       -       A->Y    R     INVxp67_ASAP7_75t_R           2  1.1    24    20    1054    (-,-) 
  u_rb/g_postproc[12].u_gelu/u_s4/g5377/Y                       -       A->Y    F     NAND2xp5_ASAP7_75t_R          1  0.3    14    10    1064    (-,-) 
  u_rb/g_postproc[12].u_gelu/u_s4/g5376/Y                       -       A->Y    R     NOR2xp33_ASAP7_75t_R          3  1.5    44    26    1091    (-,-) 
  u_rb/g_postproc[12].u_gelu/u_s4/g5360/Y                       -       B->Y    R     AND2x2_ASAP7_75t_R           22 10.6    51    50    1140    (-,-) 
  u_rb/g_postproc[12].u_gelu/u_s4/g7428/Y                       -       B->Y    F     NOR2xp33_ASAP7_75t_R          2  0.9    31    28    1168    (-,-) 
  u_rb/g_postproc[12].u_gelu/u_s4/g7422/Y                       -       A->Y    R     INVx1_ASAP7_75t_R             2  0.9    17    15    1183    (-,-) 
  u_rb/g_postproc[12].u_gelu/u_s4/g7401/Y                       -       B->Y    F     NAND2xp5_ASAP7_75t_R          1  0.5    13    11    1194    (-,-) 
  u_rb/g_postproc[12].u_gelu/u_s4/g7388/Y                       -       A2->Y   R     A2O1A1Ixp33_ASAP7_75t_R       1  0.5    25    16    1211    (-,-) 
  u_rb/g_postproc[12].u_gelu/u_s4/g7377/Y                       -       A1->Y   F     AOI21xp5_ASAP7_75t_R          1  0.6    17    15    1226    (-,-) 
  u_rb/g_postproc[12].u_gelu/u_s4/g7368/Y                       -       A1->Y   R     OAI21xp5_ASAP7_75t_R          5  2.6    50    30    1256    (-,-) 
  u_rb/g_postproc[12].u_gelu/u_s4/g7364/Y                       -       A->Y    F     INVx1_ASAP7_75t_R             4  2.1    25    23    1279    (-,-) 
  u_rb/g_postproc[12].u_gelu/u_s4/g7360/Y                       -       B2->Y   R     AOI321xp33_ASAP7_75t_R        3  1.3    53    34    1313    (-,-) 
  u_rb/g_postproc[12].u_gelu/u_s4/g7345/Y                       -       B->Y    F     NOR2xp33_ASAP7_75t_R          1  0.5    25    22    1336    (-,-) 
  u_rb/g_postproc[12].u_gelu/u_s4/g7342/Y                       -       B->Y    R     NAND3xp33_ASAP7_75t_R         1  0.5    19    16    1352    (-,-) 
  u_rb/g_postproc[12].u_gelu/u_s4/g7336/Y                       -       A->Y    F     NOR3xp33_ASAP7_75t_R          2  1.0    21    15    1366    (-,-) 
  u_rb/g_postproc[12].u_gelu/u_s4/g7330/Y                       -       B->Y    F     OR2x2_ASAP7_75t_R            10  4.7    22    34    1401    (-,-) 
  u_rb/g_postproc[12].u_gelu/u_s4/g7323/Y                       -       B->Y    R     NOR2xp33_ASAP7_75t_R         23  9.2   235   118    1519    (-,-) 
  u_rb/g_postproc[12].u_gelu/u_s4/g7302/Y                       -       A2->Y   F     AOI22xp33_ASAP7_75t_R         1  0.3    49    37    1556    (-,-) 
  u_rb/g_postproc[12].u_gelu/u_s4/g7206/Y                       -       B->Y    R     NAND2xp33_ASAP7_75t_R         1  0.5    29    25    1581    (-,-) 
  u_rb/g_postproc[12].u_gelu/g3400/Y                            -       B->Y    F     NAND2xp5_ASAP7_75t_R          1  0.6    17    14    1595    (-,-) 
  u_rb/g_postproc[12].u_gelu/r4_inner_reg[18]/D                 -       -       F     DFFHQNx1_ASAP7_75t_R          1    -     -     0    1595    (-,-) 
#-------------------------------------------------------------------------------------------------------------------------------------------------------

